<?xml version="1.0" encoding="UTF-8"?>
<osm version="0.6" generator="Overpass API 0.7.62.5 1bd436f1">
<note>The data included in this document is from www.openstreetmap.org. The data is made available under ODbL.</note>
<meta osm_base="2025-03-29T20:07:45Z"/>

  <node id="15445736" lat="-33.9061988" lon="151.2024361">
    <tag k="fare_gates" v="yes"/>
    <tag k="location" v="underground"/>
    <tag k="name" v="Green Square"/>
    <tag k="network" v="Sydney Trains"/>
    <tag k="network:wikidata" v="Q7660181"/>
    <tag k="operator" v="Sydney Trains"/>
    <tag k="platforms" v="2"/>
    <tag k="public_transport" v="station"/>
    <tag k="railway" v="station"/>
    <tag k="ref" v="201710"/>
    <tag k="train" v="yes"/>
    <tag k="wheelchair" v="yes"/>
    <tag k="wikidata" v="Q5603235"/>
    <tag k="wikipedia" v="en:Green Square railway station"/>
  </node>
  <node id="15445737" lat="-33.9042276" lon="151.2052496"/>
  <node id="18319534" lat="-33.9063695" lon="151.1992961"/>
  <node id="18449038" lat="-33.9026986" lon="151.2055429">
    <tag k="highway" v="traffic_signals"/>
  </node>
  <node id="18449044" lat="-33.9026528" lon="151.2049783"/>
  <node id="18449053" lat="-33.9024339" lon="151.2033471">
    <tag k="crossing" v="zebra"/>
    <tag k="crossing:island" v="no"/>
    <tag k="highway" v="crossing"/>
    <tag k="ramp" v="yes"/>
    <tag k="tactile_paving" v="no"/>
  </node>
  <node id="18454055" lat="-33.9034712" lon="151.2021162"/>
  <node id="18454399" lat="-33.9023991" lon="151.2014170">
    <tag k="amenity" v="pub"/>
    <tag k="name" v="Glenroy Hotel"/>
    <tag k="outdoor_seating" v="yes"/>
  </node>
  <node id="250421656" lat="-33.9058355" lon="151.2014349"/>
  <node id="671952469" lat="-33.9046932" lon="151.2043872">
    <tag k="bicycle" v="yes"/>
    <tag k="button_operated" v="yes"/>
    <tag k="crossing" v="traffic_signals"/>
    <tag k="traffic_signals:sound" v="yes"/>
  </node>
  <node id="673985901" lat="-33.9041500" lon="151.2008210"/>
  <node id="673985905" lat="-33.9044594" lon="151.2002108"/>
  <node id="673985908" lat="-33.9046709" lon="151.1998057"/>
  <node id="673985911" lat="-33.9049625" lon="151.1992133"/>
  <node id="673985950" lat="-33.9064506" lon="151.2029824"/>
  <node id="673987442" lat="-33.9065509" lon="151.1989689"/>
  <node id="673987443" lat="-33.9063394" lon="151.1992438"/>
  <node id="673987444" lat="-33.9062637" lon="151.1995027"/>
  <node id="673987445" lat="-33.9061346" lon="151.2000565"/>
  <node id="673987446" lat="-33.9059309" lon="151.2008424"/>
  <node id="772506322" lat="-33.9062611" lon="151.2019453"/>
  <node id="772506327" lat="-33.9061699" lon="151.2015791"/>
  <node id="772506339" lat="-33.9033301" lon="151.2018934"/>
  <node id="772506341" lat="-33.9036306" lon="151.2013417"/>
  <node id="772506343" lat="-33.9033894" lon="151.2017208"/>
  <node id="772506344" lat="-33.9025554" lon="151.2013067"/>
  <node id="772506346" lat="-33.9058861" lon="151.2019818"/>
  <node id="772506351" lat="-33.9033672" lon="151.2015644"/>
  <node id="772506353" lat="-33.9030206" lon="151.2017540"/>
  <node id="772506355" lat="-33.9025010" lon="151.2015160"/>
  <node id="772506360" lat="-33.9034791" lon="151.2011699"/>
  <node id="772506570" lat="-33.9059289" lon="151.2014491"/>
  <node id="772506580" lat="-33.9082294" lon="151.2027525">
    <tag k="bench" v="yes"/>
    <tag k="bin" v="no"/>
    <tag k="bus" v="yes"/>
    <tag k="covered" v="no"/>
    <tag k="highway" v="bus_stop"/>
    <tag k="name" v="Botany Rd after Johnson St"/>
    <tag k="network" v="Transport Buses"/>
    <tag k="network:wikidata" v="Q5001345"/>
    <tag k="public_transport" v="platform"/>
    <tag k="ref" v="201512"/>
    <tag k="shelter" v="yes"/>
  </node>
  <node id="772506587" lat="-33.9035610" lon="151.2009393"/>
  <node id="772506589" lat="-33.9030733" lon="151.2017755"/>
  <node id="772506593" lat="-33.9031906" lon="151.2007678"/>
  <node id="772506595" lat="-33.9060569" lon="151.2020452"/>
  <node id="772506607" lat="-33.9028236" lon="151.2006374"/>
  <node id="772506609" lat="-33.9030852" lon="151.2015670"/>
  <node id="772506611" lat="-33.9034925" lon="151.2016976"/>
  <node id="772506614" lat="-33.9038453" lon="151.2013493"/>
  <node id="772506620" lat="-33.9031309" lon="151.2009984"/>
  <node id="772506621" lat="-33.9027721" lon="151.2008743"/>
  <node id="772506623" lat="-33.9034651" lon="151.2012819"/>
  <node id="772506629" lat="-33.9039428" lon="151.2011198"/>
  <node id="772506631" lat="-33.9031290" lon="151.2016189"/>
  <node id="772506632" lat="-33.9058371" lon="151.2017950"/>
  <node id="772607486" lat="-33.9034408" lon="151.2028143"/>
  <node id="772607490" lat="-33.9037910" lon="151.2024570"/>
  <node id="772607504" lat="-33.9064214" lon="151.1994175">
    <tag k="entrance" v="service"/>
  </node>
  <node id="772607507" lat="-33.9031296" lon="151.2023730"/>
  <node id="772607511" lat="-33.9070826" lon="151.1995873"/>
  <node id="772607515" lat="-33.9077403" lon="151.2006702"/>
  <node id="772607521" lat="-33.9044930" lon="151.2027459"/>
  <node id="772607522" lat="-33.9031943" lon="151.2021880"/>
  <node id="772607524" lat="-33.9029822" lon="151.2020803"/>
  <node id="772607526" lat="-33.9037088" lon="151.2028581"/>
  <node id="772608710" lat="-33.9060114" lon="151.1994002"/>
  <node id="772608712" lat="-33.9044796" lon="151.2005321"/>
  <node id="772608713" lat="-33.9027482" lon="151.2012237">
    <tag k="access" v="private"/>
    <tag k="sport" v="swimming"/>
  </node>
  <node id="772608716" lat="-33.9048918" lon="151.2006845"/>
  <node id="772608717" lat="-33.9064904" lon="151.1988795"/>
  <node id="772608719" lat="-33.9062345" lon="151.1994865"/>
  <node id="772608720" lat="-33.9045737" lon="151.2002999"/>
  <node id="772608721" lat="-33.9060263" lon="151.1995117"/>
  <node id="772608723" lat="-33.9061940" lon="151.1996387"/>
  <node id="772608724" lat="-33.9060385" lon="151.2001659"/>
  <node id="772608727" lat="-33.9054842" lon="151.2004191"/>
  <node id="772608734" lat="-33.9056979" lon="151.2000673"/>
  <node id="772608735" lat="-33.9059558" lon="151.2005806"/>
  <node id="772608737" lat="-33.9059650" lon="151.1986971"/>
  <node id="772608739" lat="-33.9056152" lon="151.2004681"/>
  <node id="772608741" lat="-33.9033951" lon="151.2031790"/>
  <node id="772608744" lat="-33.9049578" lon="151.2004265"/>
  <node id="772612919" lat="-33.9050301" lon="151.1989492"/>
  <node id="772612924" lat="-33.9041485" lon="151.1990082"/>
  <node id="772612935" lat="-33.9048164" lon="151.1992818"/>
  <node id="775902449" lat="-33.9032668" lon="151.1996121"/>
  <node id="775902454" lat="-33.9052500" lon="151.2029253"/>
  <node id="775902456" lat="-33.9023938" lon="151.2025216"/>
  <node id="775902458" lat="-33.9019624" lon="151.2026453"/>
  <node id="775902460" lat="-33.9054399" lon="151.2026343"/>
  <node id="775902464" lat="-33.9046033" lon="151.2032313"/>
  <node id="775902469" lat="-33.9024257" lon="151.2042018"/>
  <node id="775902471" lat="-33.9036899" lon="151.1995965"/>
  <node id="775902477" lat="-33.9035849" lon="151.1995638"/>
  <node id="775902486" lat="-33.9022041" lon="151.2022649"/>
  <node id="775902492" lat="-33.9034918" lon="151.2026672"/>
  <node id="775902494" lat="-33.9049384" lon="151.2037399"/>
  <node id="775902501" lat="-33.9023622" lon="151.2031091"/>
  <node id="775902504" lat="-33.9051952" lon="151.2032698"/>
  <node id="775902507" lat="-33.9048460" lon="151.2036726"/>
  <node id="775902509" lat="-33.9023809" lon="151.2027311"/>
  <node id="775902510" lat="-33.9048111" lon="151.2030818"/>
  <node id="775902511" lat="-33.9045043" lon="151.2037742"/>
  <node id="775902518" lat="-33.9053631" lon="151.2025437"/>
  <node id="775902522" lat="-33.9026772" lon="151.2019054"/>
  <node id="775902523" lat="-33.9031740" lon="151.2025058"/>
  <node id="775902525" lat="-33.9053372" lon="151.2026569"/>
  <node id="775902526" lat="-33.9050720" lon="151.2018533"/>
  <node id="775902528" lat="-33.9022602" lon="151.2030727"/>
  <node id="775902529" lat="-33.9023032" lon="151.2028903"/>
  <node id="775902531" lat="-33.9051049" lon="151.2029575"/>
  <node id="775902534" lat="-33.9037269" lon="151.1994347"/>
  <node id="775902536" lat="-33.9023216" lon="151.2032963"/>
  <node id="775902540" lat="-33.9023525" lon="151.2036539"/>
  <node id="775902551" lat="-33.9045958" lon="151.2043365"/>
  <node id="775902562" lat="-33.9048764" lon="151.2028677"/>
  <node id="775902565" lat="-33.9025311" lon="151.2025392"/>
  <node id="775902566" lat="-33.9051293" lon="151.2020897"/>
  <node id="775902567" lat="-33.9050470" lon="151.2024355"/>
  <node id="775902573" lat="-33.9023364" lon="151.2017334"/>
  <node id="775902574" lat="-33.9044341" lon="151.2030318"/>
  <node id="775902575" lat="-33.9023028" lon="151.2036357"/>
  <node id="775902576" lat="-33.9055638" lon="151.2020300"/>
  <node id="775902583" lat="-33.9050202" lon="151.2020513"/>
  <node id="775902591" lat="-33.9046182" lon="151.2030945"/>
  <node id="775902595" lat="-33.9046361" lon="151.2030235"/>
  <node id="775902597" lat="-33.9041092" lon="151.2039511"/>
  <node id="775902602" lat="-33.9021578" lon="151.2024771"/>
  <node id="775902606" lat="-33.9046489" lon="151.2035102"/>
  <node id="775902607" lat="-33.9019855" lon="151.2024474"/>
  <node id="775902611" lat="-33.9048325" lon="151.2031758"/>
  <node id="775902631" lat="-33.9047718" lon="151.2032863"/>
  <node id="775902632" lat="-33.9035474" lon="151.1997129"/>
  <node id="775904048" lat="-33.9027454" lon="151.2029065"/>
  <node id="775904111" lat="-33.9029152" lon="151.2044692"/>
  <node id="775904118" lat="-33.9026408" lon="151.2028639"/>
  <node id="775904161" lat="-33.9029801" lon="151.2049251"/>
  <node id="775904162" lat="-33.9026984" lon="151.2045167"/>
  <node id="775904200" lat="-33.9027537" lon="151.2049680"/>
  <node id="775904277" lat="-33.9057133" lon="151.1994718"/>
  <node id="775904278" lat="-33.9052438" lon="151.1997485"/>
  <node id="775904279" lat="-33.9052349" lon="151.1994642"/>
  <node id="775904280" lat="-33.9061214" lon="151.2005761"/>
  <node id="775904281" lat="-33.9048431" lon="151.2001723"/>
  <node id="775904282" lat="-33.9069801" lon="151.1990733"/>
  <node id="775904283" lat="-33.9052571" lon="151.1996251"/>
  <node id="775904284" lat="-33.9062115" lon="151.2002151"/>
  <node id="775904285" lat="-33.9051948" lon="151.1996144"/>
  <node id="775904286" lat="-33.9053595" lon="151.1993676"/>
  <node id="775904287" lat="-33.9057780" lon="151.1995232"/>
  <node id="775904288" lat="-33.9072283" lon="151.1993425"/>
  <node id="775904289" lat="-33.9057246" lon="151.1999363"/>
  <node id="775904290" lat="-33.9052037" lon="151.1998451"/>
  <node id="775904291" lat="-33.9053373" lon="151.1995018"/>
  <node id="775904292" lat="-33.9068659" lon="151.2004522"/>
  <node id="775904293" lat="-33.9049455" lon="151.1997700"/>
  <node id="775904294" lat="-33.9053350" lon="151.1993320"/>
  <node id="775904295" lat="-33.9063479" lon="151.1996928"/>
  <node id="775904296" lat="-33.9054151" lon="151.1990745"/>
  <node id="775904297" lat="-33.9067759" lon="151.2008132"/>
  <node id="775904298" lat="-33.9066522" lon="151.1995069"/>
  <node id="775904299" lat="-33.9069826" lon="151.1999387"/>
  <node id="775904300" lat="-33.9057802" lon="151.1992033"/>
  <node id="775913756" lat="-33.9062706" lon="151.2023143"/>
  <node id="775913757" lat="-33.9061656" lon="151.2024248"/>
  <node id="775913758" lat="-33.9062614" lon="151.2025578"/>
  <node id="775913759" lat="-33.9063667" lon="151.2024320"/>
  <node id="775914094" lat="-33.9067034" lon="151.2022965"/>
  <node id="775914095" lat="-33.9071440" lon="151.2007151"/>
  <node id="775914096" lat="-33.9072417" lon="151.2013642"/>
  <node id="775914097" lat="-33.9065967" lon="151.2028505"/>
  <node id="775914099" lat="-33.9082453" lon="151.2016927"/>
  <node id="775914105" lat="-33.9081587" lon="151.2007973"/>
  <node id="775914106" lat="-33.9065502" lon="151.2023119"/>
  <node id="775914107" lat="-33.9063368" lon="151.2015348"/>
  <node id="775914108" lat="-33.9078388" lon="151.2017752"/>
  <node id="775914110" lat="-33.9071257" lon="151.2008492"/>
  <node id="775914112" lat="-33.9067296" lon="151.2015243"/>
  <node id="775914113" lat="-33.9083035" lon="151.2007688"/>
  <node id="775914114" lat="-33.9066774" lon="151.2014169"/>
  <node id="775914119" lat="-33.9069590" lon="151.2023161"/>
  <node id="775914120" lat="-33.9070163" lon="151.2015595"/>
  <node id="775914124" lat="-33.9071004" lon="151.1996305"/>
  <node id="775914126" lat="-33.9069823" lon="151.2012582"/>
  <node id="775914127" lat="-33.9081045" lon="151.2002998"/>
  <node id="775914131" lat="-33.9078660" lon="151.2010785"/>
  <node id="775914133" lat="-33.9063558" lon="151.2016047"/>
  <node id="775914135" lat="-33.9071483" lon="151.2021219"/>
  <node id="775914136" lat="-33.9063574" lon="151.2010997"/>
  <node id="775914137" lat="-33.9065276" lon="151.2015489"/>
  <node id="775914139" lat="-33.9070619" lon="151.2021668"/>
  <node id="775914140" lat="-33.9069998" lon="151.2027903"/>
  <node id="775914142" lat="-33.9071509" lon="151.2021603"/>
  <node id="775914143" lat="-33.9072380" lon="151.2010351"/>
  <node id="775914144" lat="-33.9082498" lon="151.2026763"/>
  <node id="775914145" lat="-33.9077084" lon="151.1996312"/>
  <node id="775914146" lat="-33.9072971" lon="151.2020532"/>
  <node id="775914147" lat="-33.9083826" lon="151.2006150"/>
  <node id="775914148" lat="-33.9063751" lon="151.2027518"/>
  <node id="775914149" lat="-33.9080887" lon="151.2023479"/>
  <node id="775914150" lat="-33.9063220" lon="151.2027516"/>
  <node id="775914151" lat="-33.9065205" lon="151.2015376"/>
  <node id="775914154" lat="-33.9082025" lon="151.2023247"/>
  <node id="775914156" lat="-33.9080156" lon="151.2017416"/>
  <node id="775914157" lat="-33.9075581" lon="151.2003699"/>
  <node id="775914159" lat="-33.9060453" lon="151.2009975"/>
  <node id="775914161" lat="-33.9082879" lon="151.2006305"/>
  <node id="775914163" lat="-33.9078088" lon="151.2015214"/>
  <node id="775914165" lat="-33.9063749" lon="151.2028709"/>
  <node id="775914166" lat="-33.9084834" lon="151.2013920"/>
  <node id="775914169" lat="-33.9083722" lon="151.2016676"/>
  <node id="775914172" lat="-33.9063217" lon="151.2028707"/>
  <node id="775914173" lat="-33.9077499" lon="151.2011066"/>
  <node id="775914175" lat="-33.9069532" lon="151.2022679"/>
  <node id="775914179" lat="-33.9083386" lon="151.2014211"/>
  <node id="775914180" lat="-33.9067508" lon="151.2028225"/>
  <node id="775914182" lat="-33.9081874" lon="151.2010081"/>
  <node id="775914187" lat="-33.9084256" lon="151.2009641"/>
  <node id="775914188" lat="-33.9079249" lon="151.2015021"/>
  <node id="778908585" lat="-33.9048694" lon="151.2024926"/>
  <node id="778908588" lat="-33.9049736" lon="151.2015382"/>
  <node id="778908589" lat="-33.9047477" lon="151.2016406"/>
  <node id="778908590" lat="-33.9047095" lon="151.2017602"/>
  <node id="778908591" lat="-33.9049232" lon="151.2017012"/>
  <node id="778908595" lat="-33.9044821" lon="151.2023634"/>
  <node id="778908596" lat="-33.9048515" lon="151.2025656"/>
  <node id="778908600" lat="-33.9045852" lon="151.2020901"/>
  <node id="778908601" lat="-33.9044467" lon="151.2024543"/>
  <node id="780682784" lat="-33.9091283" lon="151.2028834"/>
  <node id="780682787" lat="-33.9091360" lon="151.2029149"/>
  <node id="780682789" lat="-33.9090432" lon="151.2029088"/>
  <node id="780682793" lat="-33.9090865" lon="151.2026100"/>
  <node id="780682795" lat="-33.9090605" lon="151.2024886"/>
  <node id="780682800" lat="-33.9090832" lon="151.2031777"/>
  <node id="780685932" lat="-33.9090754" lon="151.2022349"/>
  <node id="879442242" lat="-33.9059291" lon="151.2010748"/>
  <node id="879442268" lat="-33.9056747" lon="151.2009938">
    <tag k="barrier" v="gate"/>
  </node>
  <node id="879442273" lat="-33.9054236" lon="151.2009140"/>
  <node id="1146792445" lat="-33.9041783" lon="151.2050430">
    <tag k="crossing" v="traffic_signals"/>
    <tag k="crossing:island" v="no"/>
    <tag k="highway" v="crossing"/>
    <tag k="source" v="nearmap"/>
    <tag k="tactile_paving" v="no"/>
  </node>
  <node id="1146792447" lat="-33.9039528" lon="151.2052189"/>
  <node id="1572445675" lat="-33.9025531" lon="151.2035345"/>
  <node id="1572445676" lat="-33.9024839" lon="151.2034724"/>
  <node id="1572445677" lat="-33.9031729" lon="151.2036755"/>
  <node id="1572445678" lat="-33.9033863" lon="151.2036450"/>
  <node id="1572445679" lat="-33.9035700" lon="151.2036999"/>
  <node id="1572445680" lat="-33.9041150" lon="151.2036139"/>
  <node id="1572445681" lat="-33.9044827" lon="151.2035270"/>
  <node id="1572445682" lat="-33.9040678" lon="151.2036668"/>
  <node id="1572445683" lat="-33.9049493" lon="151.2033579"/>
  <node id="1572445684" lat="-33.9044289" lon="151.2035866"/>
  <node id="1572445685" lat="-33.9055766" lon="151.2029908"/>
  <node id="1572445686" lat="-33.9051817" lon="151.2032925"/>
  <node id="1572445687" lat="-33.9058184" lon="151.2027888"/>
  <node id="1572445688" lat="-33.9054611" lon="151.2030457"/>
  <node id="1572445689" lat="-33.9058314" lon="151.2028368"/>
  <node id="1572445690" lat="-33.9055154" lon="151.2031081"/>
  <node id="1572445691" lat="-33.9060176" lon="151.2025885"/>
  <node id="1572445692" lat="-33.9060602" lon="151.2025654"/>
  <node id="1572445693" lat="-33.9060520" lon="151.2026381"/>
  <node id="1572445694" lat="-33.9061084" lon="151.2025969"/>
  <node id="1572445695" lat="-33.9063221" lon="151.2022461"/>
  <node id="1572445696" lat="-33.9062948" lon="151.2023041"/>
  <node id="1572445697" lat="-33.9063705" lon="151.2022833"/>
  <node id="1572445698" lat="-33.9064256" lon="151.2022165"/>
  <node id="1572445699" lat="-33.9065358" lon="151.2019529"/>
  <node id="1572445700" lat="-33.9065313" lon="151.2019982"/>
  <node id="1572445701" lat="-33.9064903" lon="151.2021192"/>
  <node id="1572445702" lat="-33.9065666" lon="151.2020358"/>
  <node id="1572445703" lat="-33.9066144" lon="151.2018413"/>
  <node id="1572445704" lat="-33.9067333" lon="151.2016914"/>
  <node id="1572445705" lat="-33.9067823" lon="151.2016652"/>
  <node id="1572445706" lat="-33.9066582" lon="151.2019111"/>
  <node id="1572445708" lat="-33.9070459" lon="151.2011186"/>
  <node id="1572445709" lat="-33.9069461" lon="151.2012570"/>
  <node id="1572445710" lat="-33.9072088" lon="151.2006808"/>
  <node id="1572445711" lat="-33.9071371" lon="151.2007764"/>
  <node id="1572445713" lat="-33.9072918" lon="151.2002392"/>
  <node id="1572445714" lat="-33.9073306" lon="151.2002456"/>
  <node id="1572445715" lat="-33.9074074" lon="151.1997472"/>
  <node id="1572445716" lat="-33.9074839" lon="151.1996007"/>
  <node id="1686736443" lat="-33.9078067" lon="151.2010937"/>
  <node id="1686736448" lat="-33.9078632" lon="151.2015114"/>
  <node id="1823375318" lat="-33.9055800" lon="151.2068560"/>
  <node id="1823375328" lat="-33.9043684" lon="151.2048739"/>
  <node id="1823375332" lat="-33.9072203" lon="151.2064098"/>
  <node id="1823375334" lat="-33.9057333" lon="151.2064649"/>
  <node id="1823375339" lat="-33.9058009" lon="151.2065317"/>
  <node id="1823375374" lat="-33.9057397" lon="151.2064193"/>
  <node id="1823375407" lat="-33.9091249" lon="151.2031998"/>
  <node id="1823375414" lat="-33.9091166" lon="151.2032230"/>
  <node id="1823375422" lat="-33.9042463" lon="151.2049867">
    <tag k="highway" v="traffic_signals"/>
    <tag k="traffic_signals" v="signal"/>
    <tag k="traffic_signals:direction" v="forward"/>
  </node>
  <node id="1823375432" lat="-33.9057832" lon="151.2063790"/>
  <node id="1823375435" lat="-33.9072941" lon="151.2064242"/>
  <node id="1823375436" lat="-33.9058489" lon="151.2064999"/>
  <node id="1823375451" lat="-33.9062234" lon="151.2056704"/>
  <node id="1823375454" lat="-33.9073766" lon="151.2064183"/>
  <node id="1823375458" lat="-33.9071324" lon="151.2063679"/>
  <node id="1823375468" lat="-33.9067039" lon="151.2060492"/>
  <node id="1823375472" lat="-33.9045641" lon="151.2054938"/>
  <node id="1823375481" lat="-33.9053565" lon="151.2072636"/>
  <node id="1823375513" lat="-33.9057647" lon="151.2065214"/>
  <node id="1823375517" lat="-33.9058366" lon="151.2063938"/>
  <node id="1823375550" lat="-33.9058611" lon="151.2064556"/>
  <node id="1823375551" lat="-33.9045312" lon="151.2046928"/>
  <node id="1823375553" lat="-33.9060133" lon="151.2060711"/>
  <node id="1829424116" lat="-33.9033712" lon="151.2021670"/>
  <node id="1829424117" lat="-33.9027704" lon="151.2018463">
    <tag k="direction" v="forward"/>
    <tag k="highway" v="stop"/>
  </node>
  <node id="1836724591" lat="-33.9042365" lon="151.2024867"/>
  <node id="1836724598" lat="-33.9046430" lon="151.2040536"/>
  <node id="1836724599" lat="-33.9047290" lon="151.2041214"/>
  <node id="1836724601" lat="-33.9048030" lon="151.2026669"/>
  <node id="1836724608" lat="-33.9053021" lon="151.2027773"/>
  <node id="1836724609" lat="-33.9056595" lon="151.2028695">
    <tag k="button_operated" v="yes"/>
    <tag k="crossing" v="traffic_signals"/>
    <tag k="crossing:island" v="no"/>
    <tag k="highway" v="crossing"/>
    <tag k="source" v="survey"/>
    <tag k="tactile_paving" v="no"/>
    <tag k="traffic_signals:sound" v="yes"/>
    <tag k="traffic_signals:vibration" v="yes"/>
  </node>
  <node id="1836724612" lat="-33.9080775" lon="151.2028490"/>
  <node id="1837594585" lat="-33.9028614" lon="151.2019228"/>
  <node id="1837594591" lat="-33.9055117" lon="151.2028311"/>
  <node id="1837594617" lat="-33.9027890" lon="151.2017733"/>
  <node id="1837594626" lat="-33.9024469" lon="151.2035302"/>
  <node id="1844755200" lat="-33.9060941" lon="151.2021624"/>
  <node id="1844755205" lat="-33.9083659" lon="151.2002646"/>
  <node id="1844755230" lat="-33.9055569" lon="151.2026104">
    <tag k="highway" v="traffic_signals"/>
    <tag k="traffic_signals" v="traffic_lights"/>
    <tag k="traffic_signals:direction" v="forward"/>
  </node>
  <node id="1844755233" lat="-33.9055306" lon="151.2015901"/>
  <node id="1844755236" lat="-33.9057107" lon="151.2015623"/>
  <node id="1844755237" lat="-33.9055489" lon="151.2016887"/>
  <node id="1844755240" lat="-33.9057774" lon="151.2020095">
    <tag k="highway" v="traffic_signals"/>
    <tag k="traffic_signals" v="signal"/>
    <tag k="traffic_signals:direction" v="backward"/>
  </node>
  <node id="1844755251" lat="-33.9063873" lon="151.2019785"/>
  <node id="1844755265" lat="-33.9057457" lon="151.2017644">
    <tag k="button_operated" v="yes"/>
    <tag k="crossing" v="traffic_signals"/>
    <tag k="crossing:island" v="no"/>
    <tag k="highway" v="crossing"/>
    <tag k="tactile_paving" v="no"/>
    <tag k="traffic_signals:sound" v="yes"/>
    <tag k="traffic_signals:vibration" v="yes"/>
  </node>
  <node id="1844755273" lat="-33.9062139" lon="151.2021221">
    <tag k="highway" v="traffic_signals"/>
    <tag k="traffic_signals:direction" v="forward"/>
  </node>
  <node id="1844755274" lat="-33.9059723" lon="151.2021439">
    <tag k="highway" v="traffic_signals"/>
    <tag k="traffic_signals" v="signal"/>
    <tag k="traffic_signals:direction" v="forward"/>
  </node>
  <node id="1844755276" lat="-33.9056965" lon="151.2026057">
    <tag k="highway" v="traffic_signals"/>
    <tag k="traffic_signals" v="signal"/>
    <tag k="traffic_signals:direction" v="forward"/>
  </node>
  <node id="1844755287" lat="-33.9040904" lon="151.2010988"/>
  <node id="1844755310" lat="-33.9060111" lon="151.2022999">
    <tag k="button_operated" v="yes"/>
    <tag k="crossing" v="traffic_signals"/>
    <tag k="crossing:island" v="yes"/>
    <tag k="highway" v="crossing"/>
    <tag k="tactile_paving" v="no"/>
    <tag k="traffic_signals:sound" v="yes"/>
    <tag k="traffic_signals:vibration" v="yes"/>
  </node>
  <node id="1844755314" lat="-33.9052428" lon="151.2014773"/>
  <node id="1844755316" lat="-33.9046337" lon="151.2000595"/>
  <node id="1844755317" lat="-33.9054498" lon="151.2015663"/>
  <node id="1844755327" lat="-33.9069177" lon="151.2015186"/>
  <node id="1844755330" lat="-33.9054497" lon="151.2015993"/>
  <node id="1844755334" lat="-33.9057128" lon="151.2019026"/>
  <node id="1844755349" lat="-33.9073362" lon="151.2011592"/>
  <node id="1844755351" lat="-33.9050255" lon="151.1992763"/>
  <node id="1845672321" lat="-33.9047755" lon="151.2050999"/>
  <node id="1845672322" lat="-33.9049856" lon="151.2047199"/>
  <node id="1845672326" lat="-33.9067658" lon="151.2066611"/>
  <node id="1845672332" lat="-33.9084815" lon="151.2009612"/>
  <node id="1845672333" lat="-33.9085384" lon="151.2014189"/>
  <node id="1845672334" lat="-33.9085981" lon="151.2018993"/>
  <node id="1845672335" lat="-33.9086558" lon="151.2023637"/>
  <node id="1845672336" lat="-33.9087209" lon="151.2028221"/>
  <node id="1851019010" lat="-33.9036570" lon="151.2024610">
    <tag k="amenity" v="bank"/>
    <tag k="brand" v="Westpac"/>
    <tag k="brand:wikidata" v="Q2031726"/>
    <tag k="brand:wikipedia" v="en:Westpac"/>
    <tag k="name" v="Westpac"/>
  </node>
  <node id="1851019013" lat="-33.9027053" lon="151.2054263">
    <tag k="button_operated" v="yes"/>
    <tag k="crossing" v="traffic_signals"/>
    <tag k="crossing:island" v="no"/>
    <tag k="highway" v="crossing"/>
    <tag k="tactile_paving" v="no"/>
    <tag k="traffic_signals:sound" v="yes"/>
    <tag k="traffic_signals:vibration" v="yes"/>
  </node>
  <node id="1855423927" lat="-33.9022582" lon="151.2015277"/>
  <node id="1855423930" lat="-33.9024296" lon="151.2009027">
    <tag k="access" v="private"/>
    <tag k="barrier" v="gate"/>
  </node>
  <node id="1855423932" lat="-33.9034346" lon="151.2002628"/>
  <node id="1862478055" lat="-33.9068498" lon="151.2010256"/>
  <node id="1862478056" lat="-33.9070510" lon="151.1996630"/>
  <node id="1862478057" lat="-33.9070675" lon="151.1996693"/>
  <node id="1862478058" lat="-33.9070825" lon="151.1996416"/>
  <node id="1862478073" lat="-33.9084206" lon="151.2005404"/>
  <node id="1941652400" lat="-33.9025747" lon="151.2050750"/>
  <node id="1941652401" lat="-33.9026050" lon="151.2054542"/>
  <node id="1941652403" lat="-33.9032229" lon="151.2054082">
    <tag k="note" v="Speed cameras used in this area"/>
    <tag k="traffic_sign" v="AU:NSW:G6-253"/>
  </node>
  <node id="1941652407" lat="-33.9036337" lon="151.2053017"/>
  <node id="1941652415" lat="-33.9038015" lon="151.2052581"/>
  <node id="1941652424" lat="-33.9041177" lon="151.2051917">
    <tag k="highway" v="traffic_signals"/>
    <tag k="traffic_signals" v="signal"/>
    <tag k="traffic_signals:direction" v="backward"/>
  </node>
  <node id="1941652425" lat="-33.9042586" lon="151.2060808"/>
  <node id="1941652426" lat="-33.9042641" lon="151.2060571"/>
  <node id="1941652427" lat="-33.9042644" lon="151.2061033"/>
  <node id="1941652428" lat="-33.9043654" lon="151.2061360"/>
  <node id="1941652430" lat="-33.9044093" lon="151.2057924"/>
  <node id="1941652439" lat="-33.9050637" lon="151.2063622"/>
  <node id="1941652440" lat="-33.9050915" lon="151.2071689"/>
  <node id="1941652445" lat="-33.9051951" lon="151.2064047"/>
  <node id="1941652446" lat="-33.9052148" lon="151.2065740"/>
  <node id="1941652447" lat="-33.9052192" lon="151.2064299"/>
  <node id="1941652448" lat="-33.9052256" lon="151.2064704"/>
  <node id="1941652449" lat="-33.9053511" lon="151.2066715"/>
  <node id="1941652453" lat="-33.9055205" lon="151.2068082">
    <tag k="direction" v="forward"/>
    <tag k="highway" v="give_way"/>
  </node>
  <node id="2041297203" lat="-33.9023732" lon="151.2034890">
    <tag k="direction" v="forward"/>
    <tag k="highway" v="stop"/>
  </node>
  <node id="2041297302" lat="-33.9025981" lon="151.2049862"/>
  <node id="2041297304" lat="-33.9034002" lon="151.2020840">
    <tag k="button_operated" v="yes"/>
    <tag k="crossing" v="traffic_signals"/>
    <tag k="crossing:island" v="no"/>
    <tag k="highway" v="crossing"/>
    <tag k="tactile_paving" v="no"/>
    <tag k="traffic_signals:sound" v="yes"/>
    <tag k="traffic_signals:vibration" v="yes"/>
  </node>
  <node id="2355667322" lat="-33.9039995" lon="151.2010607">
    <tag k="bicycle" v="yes"/>
    <tag k="button_operated" v="yes"/>
    <tag k="crossing" v="traffic_signals"/>
    <tag k="highway" v="traffic_signals"/>
    <tag k="traffic_signals:direction" v="forward"/>
    <tag k="traffic_signals:sound" v="yes"/>
  </node>
  <node id="2390154109" lat="-33.9063730" lon="151.2000817">
    <tag k="addr:housenumber" v="26"/>
    <tag k="addr:street" v="Bourke Road"/>
  </node>
  <node id="2407834268" lat="-33.9084337" lon="151.2004673"/>
  <node id="2407834271" lat="-33.9083742" lon="151.2003228"/>
  <node id="2679574465" lat="-33.9024537" lon="151.2036135"/>
  <node id="2679574466" lat="-33.9034719" lon="151.2040466"/>
  <node id="2679574467" lat="-33.9041641" lon="151.2041968"/>
  <node id="2679574468" lat="-33.9045391" lon="151.2044387"/>
  <node id="2679574469" lat="-33.9047353" lon="151.2045337"/>
  <node id="2679574470" lat="-33.9059598" lon="151.2060254"/>
  <node id="2679574471" lat="-33.9064378" lon="151.2052806"/>
  <node id="2830871816" lat="-33.9023202" lon="151.2033859"/>
  <node id="2830871817" lat="-33.9023758" lon="151.2033621"/>
  <node id="2830871818" lat="-33.9024330" lon="151.2033818">
    <tag k="crossing" v="uncontrolled"/>
    <tag k="crossing:markings" v="dashes"/>
    <tag k="highway" v="crossing"/>
  </node>
  <node id="2830871823" lat="-33.9031461" lon="151.2038063"/>
  <node id="2830871824" lat="-33.9035099" lon="151.2039815"/>
  <node id="2830871825" lat="-33.9035996" lon="151.2040044"/>
  <node id="2830871827" lat="-33.9041355" lon="151.2041190"/>
  <node id="2830871828" lat="-33.9042738" lon="151.2041525"/>
  <node id="2830871830" lat="-33.9043402" lon="151.2042012"/>
  <node id="2830871831" lat="-33.9046473" lon="151.2043520"/>
  <node id="2830871834" lat="-33.9027849" lon="151.2055193">
    <tag k="bicycle" v="designated"/>
    <tag k="button_operated" v="yes"/>
    <tag k="crossing" v="traffic_signals"/>
    <tag k="crossing:island" v="no"/>
    <tag k="highway" v="crossing"/>
    <tag k="tactile_paving" v="no"/>
    <tag k="traffic_signals:sound" v="yes"/>
    <tag k="traffic_signals:vibration" v="yes"/>
  </node>
  <node id="2830871835" lat="-33.9027640" lon="151.2053424"/>
  <node id="2830871836" lat="-33.9025459" lon="151.2037391"/>
  <node id="2830871837" lat="-33.9025765" lon="151.2035968">
    <tag k="bicycle" v="designated"/>
    <tag k="crossing" v="unmarked"/>
    <tag k="crossing:island" v="no"/>
    <tag k="crossing:markings" v="no"/>
    <tag k="highway" v="crossing"/>
    <tag k="tactile_paving" v="no"/>
  </node>
  <node id="2830871838" lat="-33.9025932" lon="151.2035190"/>
  <node id="2830871839" lat="-33.9024935" lon="151.2033108"/>
  <node id="2830871840" lat="-33.9028175" lon="151.2019339"/>
  <node id="2859287515" lat="-33.9024957" lon="151.2034034"/>
  <node id="2859287516" lat="-33.9025235" lon="151.2034730"/>
  <node id="2859287517" lat="-33.9025558" lon="151.2035024"/>
  <node id="3056659036" lat="-33.9087762" lon="151.2028900">
    <tag k="bench" v="yes"/>
    <tag k="bus" v="yes"/>
    <tag k="covered" v="no"/>
    <tag k="highway" v="bus_stop"/>
    <tag k="public_transport" v="platform"/>
    <tag k="shelter" v="yes"/>
  </node>
  <node id="3056659833" lat="-33.9064426" lon="151.2029023">
    <tag k="bench" v="yes"/>
    <tag k="bin" v="yes"/>
    <tag k="bus" v="yes"/>
    <tag k="covered" v="no"/>
    <tag k="highway" v="bus_stop"/>
    <tag k="lit" v="yes"/>
    <tag k="name" v="Green Square Station, Botany Rd, Stand A"/>
    <tag k="network" v="Transport Buses"/>
    <tag k="network:wikidata" v="Q5001345"/>
    <tag k="public_transport" v="platform"/>
    <tag k="ref" v="201511"/>
    <tag k="shelter" v="yes"/>
    <tag k="tactile_paving" v="no"/>
  </node>
  <node id="3125298587" lat="-33.9055674" lon="151.2015201"/>
  <node id="3125298588" lat="-33.9056879" lon="151.2015063"/>
  <node id="3125298589" lat="-33.9058414" lon="151.2011120"/>
  <node id="3125298590" lat="-33.9042242" lon="151.2010516"/>
  <node id="3125298591" lat="-33.9057620" lon="151.2013964"/>
  <node id="3227434120" lat="-33.9024349" lon="151.2034541"/>
  <node id="3227434123" lat="-33.9024301" lon="151.2034144">
    <tag k="direction" v="forward"/>
    <tag k="highway" v="give_way"/>
  </node>
  <node id="3318197262" lat="-33.9036404" lon="151.2021207">
    <tag k="bench" v="yes"/>
    <tag k="bin" v="no"/>
    <tag k="bus" v="yes"/>
    <tag k="covered" v="no"/>
    <tag k="highway" v="bus_stop"/>
    <tag k="lit" v="yes"/>
    <tag k="name" v="Botany Rd at Mandible St"/>
    <tag k="network" v="Transport Buses"/>
    <tag k="network:wikidata" v="Q5001345"/>
    <tag k="public_transport" v="platform"/>
    <tag k="ref" v="201526"/>
    <tag k="tactile_paving" v="yes"/>
  </node>
  <node id="3318197561" lat="-33.9041308" lon="151.2025255">
    <tag k="bus" v="yes"/>
    <tag k="covered" v="no"/>
    <tag k="highway" v="bus_stop"/>
    <tag k="name" v="Yudi Gunyi School, Botany Rd"/>
    <tag k="network" v="Transport Buses"/>
    <tag k="network:wikidata" v="Q5001345"/>
    <tag k="public_transport" v="platform"/>
    <tag k="ref" v="201714"/>
    <tag k="wheelchair" v="yes"/>
  </node>
  <node id="3390218358" lat="-33.9027585" lon="151.2049961"/>
  <node id="3390218359" lat="-33.9028120" lon="151.2053475"/>
  <node id="3390218361" lat="-33.9031473" lon="151.2052598"/>
  <node id="3390218362" lat="-33.9026908" lon="151.2045027"/>
  <node id="3390218363" lat="-33.9032478" lon="151.2041344"/>
  <node id="3390218364" lat="-33.9026407" lon="151.2041106"/>
  <node id="3390218365" lat="-33.9030926" lon="151.2044076"/>
  <node id="3390218366" lat="-33.9030818" lon="151.2049175"/>
  <node id="3391731449" lat="-33.9034853" lon="151.2002097"/>
  <node id="3391731450" lat="-33.9040492" lon="151.1991026"/>
  <node id="3391731455" lat="-33.9040908" lon="151.1990210"/>
  <node id="3391731456" lat="-33.9033132" lon="151.2006359"/>
  <node id="3420655052" lat="-33.9058574" lon="151.2010502">
    <tag k="crossing" v="unmarked"/>
    <tag k="crossing:markings" v="no"/>
    <tag k="highway" v="crossing"/>
    <tag k="tactile_paving" v="no"/>
  </node>
  <node id="3863564801" lat="-33.9088343" lon="151.2027948"/>
  <node id="3924251542" lat="-33.9052735" lon="151.2031862"/>
  <node id="3924251543" lat="-33.9047295" lon="151.2034973"/>
  <node id="3924251544" lat="-33.9066301" lon="151.2019229"/>
  <node id="3924251545" lat="-33.9053998" lon="151.2031498"/>
  <node id="3956861990" lat="-33.9051477" lon="151.2035701"/>
  <node id="3956861993" lat="-33.9058493" lon="151.2041094"/>
  <node id="3956861995" lat="-33.9067713" lon="151.2059678"/>
  <node id="3956861996" lat="-33.9069385" lon="151.2049909"/>
  <node id="3956861997" lat="-33.9068952" lon="151.2057094"/>
  <node id="3956861998" lat="-33.9086235" lon="151.2029538"/>
  <node id="3956861999" lat="-33.9070581" lon="151.2061900"/>
  <node id="3956862000" lat="-33.9090319" lon="151.2028766"/>
  <node id="3956862003" lat="-33.9083275" lon="151.2029823"/>
  <node id="3956879738" lat="-33.9047744" lon="151.2056594">
    <tag k="traffic_calming" v="table"/>
  </node>
  <node id="3956879740" lat="-33.9050659" lon="151.2072359"/>
  <node id="3956879741" lat="-33.9051760" lon="151.2059756">
    <tag k="traffic_calming" v="table"/>
  </node>
  <node id="3956879742" lat="-33.9052085" lon="151.2043166"/>
  <node id="3956879743" lat="-33.9055805" lon="151.2051650">
    <tag k="direction" v="both"/>
    <tag k="maxspeed:advisory" v="25"/>
    <tag k="surface" v="paved"/>
    <tag k="traffic_calming" v="table;island"/>
  </node>
  <node id="3956879744" lat="-33.9060831" lon="151.2055602">
    <tag k="direction" v="both"/>
    <tag k="surface" v="paved"/>
    <tag k="traffic_calming" v="table"/>
  </node>
  <node id="3956879746" lat="-33.9062901" lon="151.2068501">
    <tag k="traffic_calming" v="table"/>
  </node>
  <node id="3956879747" lat="-33.9063718" lon="151.2057896">
    <tag k="traffic_calming" v="table"/>
  </node>
  <node id="3956879750" lat="-33.9068599" lon="151.2056179">
    <tag k="noexit" v="yes"/>
  </node>
  <node id="4064559637" lat="-33.9049871" lon="151.2046391"/>
  <node id="4064559639" lat="-33.9047676" lon="151.2044446"/>
  <node id="4118634332" lat="-33.9028367" lon="151.2019253"/>
  <node id="4118634333" lat="-33.9034311" lon="151.2019959"/>
  <node id="4118634334" lat="-33.9037005" lon="151.2016289"/>
  <node id="4160323394" lat="-33.9026259" lon="151.2039470"/>
  <node id="4160323395" lat="-33.9026873" lon="151.2037837"/>
  <node id="4160323396" lat="-33.9026885" lon="151.2039932"/>
  <node id="4160323397" lat="-33.9027653" lon="151.2038638"/>
  <node id="4160323398" lat="-33.9027793" lon="151.2038330"/>
  <node id="4160323399" lat="-33.9028893" lon="151.2039270"/>
  <node id="4160323401" lat="-33.9031757" lon="151.2040964"/>
  <node id="4160323402" lat="-33.9031821" lon="151.2040795"/>
  <node id="4160611003" lat="-33.9029057" lon="151.2020872">
    <tag k="name" v="Trend Lighting"/>
    <tag k="shop" v="lighting"/>
  </node>
  <node id="4160611072" lat="-33.9021810" lon="151.2041452"/>
  <node id="4160611087" lat="-33.9021891" lon="151.2022142"/>
  <node id="4160611088" lat="-33.9023390" lon="151.2015660"/>
  <node id="4160614289" lat="-33.9023541" lon="151.2048548"/>
  <node id="4160614290" lat="-33.9023601" lon="151.2047855"/>
  <node id="4160614291" lat="-33.9024402" lon="151.2049066"/>
  <node id="4160614292" lat="-33.9024149" lon="151.2042155"/>
  <node id="4160614293" lat="-33.9024444" lon="151.2048822"/>
  <node id="4160614294" lat="-33.9024575" lon="151.2032358"/>
  <node id="4160614295" lat="-33.9024756" lon="151.2045365"/>
  <node id="4160614297" lat="-33.9025039" lon="151.2039450"/>
  <node id="4160614298" lat="-33.9025330" lon="151.2049462"/>
  <node id="4160614299" lat="-33.9025456" lon="151.2045549"/>
  <node id="4160614301" lat="-33.9025659" lon="151.2049411"/>
  <node id="4160614302" lat="-33.9025811" lon="151.2048080"/>
  <node id="4160614303" lat="-33.9025912" lon="151.2049168"/>
  <node id="4160614304" lat="-33.9026005" lon="151.2048080"/>
  <node id="4160614305" lat="-33.9026029" lon="151.2025797">
    <tag k="check_date" v="2022-10-21"/>
    <tag k="traffic_calming" v="table"/>
  </node>
  <node id="4160614306" lat="-33.9026055" lon="151.2048791"/>
  <node id="4160614307" lat="-33.9035707" lon="151.2034941"/>
  <node id="4228147697" lat="-33.9039659" lon="151.2000150"/>
  <node id="4228147698" lat="-33.9042072" lon="151.2000941"/>
  <node id="4228147699" lat="-33.9041659" lon="151.2001735"/>
  <node id="4228147700" lat="-33.9043857" lon="151.2002592"/>
  <node id="4228147701" lat="-33.9041866" lon="151.2006657"/>
  <node id="4228147702" lat="-33.9038634" lon="151.2005442"/>
  <node id="4228147703" lat="-33.9039784" lon="151.2000878"/>
  <node id="4228147704" lat="-33.9039448" lon="151.2000769"/>
  <node id="4228966312" lat="-33.9041444" lon="151.2003358"/>
  <node id="4228966313" lat="-33.9043158" lon="151.2004018"/>
  <node id="4228966314" lat="-33.9038904" lon="151.2005544"/>
  <node id="4228966315" lat="-33.9039041" lon="151.2005107"/>
  <node id="4228966316" lat="-33.9038746" lon="151.2004998"/>
  <node id="4228966317" lat="-33.9038998" lon="151.2003999"/>
  <node id="4228966318" lat="-33.9039358" lon="151.2004081"/>
  <node id="4228966319" lat="-33.9039492" lon="151.2003378"/>
  <node id="4228966320" lat="-33.9039176" lon="151.2003290"/>
  <node id="4228966321" lat="-33.9039349" lon="151.2002603"/>
  <node id="4228966322" lat="-33.9041825" lon="151.2001800"/>
  <node id="4228966323" lat="-33.9044532" lon="151.2004195"/>
  <node id="4228966324" lat="-33.9043772" lon="151.2003971">
    <tag k="crossing" v="uncontrolled"/>
    <tag k="crossing:markings" v="dashes"/>
    <tag k="highway" v="crossing"/>
  </node>
  <node id="4228966325" lat="-33.9043259" lon="151.2003813"/>
  <node id="4228966326" lat="-33.9041878" lon="151.2002976"/>
  <node id="4228966327" lat="-33.9043536" lon="151.2006181"/>
  <node id="4228966328" lat="-33.9042781" lon="151.2005935">
    <tag k="crossing" v="uncontrolled"/>
    <tag k="crossing:markings" v="dashes"/>
    <tag k="highway" v="crossing"/>
  </node>
  <node id="4228966329" lat="-33.9042314" lon="151.2005743">
    <tag k="entrance" v="main"/>
  </node>
  <node id="4229710560" lat="-33.9035946" lon="151.2064029"/>
  <node id="4229710568" lat="-33.9036373" lon="151.2063245"/>
  <node id="4232915633" lat="-33.9024935" lon="151.2048389">
    <tag k="amenity" v="drinking_water"/>
    <tag k="check_date" v="2022-10-17"/>
    <tag k="fountain" v="bubbler"/>
    <tag k="operator" v="City of Sydney"/>
  </node>
  <node id="4337878249" lat="-33.9036529" lon="151.2064588">
    <tag k="crossing" v="unmarked"/>
    <tag k="crossing:island" v="yes"/>
    <tag k="crossing:markings" v="no"/>
    <tag k="highway" v="crossing"/>
    <tag k="kerb" v="flush"/>
    <tag k="tactile_paving" v="yes"/>
  </node>
  <node id="4337878250" lat="-33.9036991" lon="151.2063655"/>
  <node id="4337878251" lat="-33.9042937" lon="151.2053004">
    <tag k="button_operated" v="yes"/>
    <tag k="crossing" v="traffic_signals"/>
    <tag k="crossing:island" v="no"/>
    <tag k="highway" v="crossing"/>
    <tag k="kerb" v="lowered"/>
    <tag k="tactile_paving" v="no"/>
    <tag k="traffic_signals:sound" v="yes"/>
    <tag k="traffic_signals:vibration" v="yes"/>
  </node>
  <node id="4386530144" lat="-33.9035984" lon="151.1998347"/>
  <node id="4386530145" lat="-33.9038040" lon="151.1994276"/>
  <node id="4386530147" lat="-33.9037169" lon="151.1999207"/>
  <node id="4386530148" lat="-33.9038266" lon="151.2000298"/>
  <node id="4386530149" lat="-33.9037569" lon="151.2003992"/>
  <node id="4386530150" lat="-33.9036893" lon="151.1996547"/>
  <node id="4386530151" lat="-33.9038007" lon="151.1996980"/>
  <node id="4386530152" lat="-33.9038622" lon="151.1997209"/>
  <node id="4386530153" lat="-33.9039058" lon="151.1996889"/>
  <node id="4386530154" lat="-33.9046026" lon="151.1999427">
    <tag k="crossing" v="uncontrolled"/>
    <tag k="crossing:markings" v="dashes"/>
    <tag k="highway" v="crossing"/>
  </node>
  <node id="4386530155" lat="-33.9046712" lon="151.1999846"/>
  <node id="4585475264" lat="-33.9090976" lon="151.2032666"/>
  <node id="4585475265" lat="-33.9086223" lon="151.2032881"/>
  <node id="4585475267" lat="-33.9084216" lon="151.2039558"/>
  <node id="4585475268" lat="-33.9085049" lon="151.2045868"/>
  <node id="4585475275" lat="-33.9065058" lon="151.2051499"/>
  <node id="4585475276" lat="-33.9066911" lon="151.2048041"/>
  <node id="4585475277" lat="-33.9055993" lon="151.2046078"/>
  <node id="4585475278" lat="-33.9056633" lon="151.2044819"/>
  <node id="4585475279" lat="-33.9057992" lon="151.2042351"/>
  <node id="4585475280" lat="-33.9058885" lon="151.2040315">
    <tag k="crossing" v="unmarked"/>
    <tag k="crossing:markings" v="no"/>
    <tag k="highway" v="crossing"/>
  </node>
  <node id="5078042260" lat="-33.9025876" lon="151.2045119">
    <tag k="traffic_calming" v="table"/>
  </node>
  <node id="5078042261" lat="-33.9026786" lon="151.2036470"/>
  <node id="5078042262" lat="-33.9021125" lon="151.2033900"/>
  <node id="5078042263" lat="-33.9027506" lon="151.2019274"/>
  <node id="5108942879" lat="-33.9058584" lon="151.2064323"/>
  <node id="5108942880" lat="-33.9058193" lon="151.2065270"/>
  <node id="5108942881" lat="-33.9057336" lon="151.2064415"/>
  <node id="5108942882" lat="-33.9058203" lon="151.2063825"/>
  <node id="5108942883" lat="-33.9058357" lon="151.2065160"/>
  <node id="5108942884" lat="-33.9057388" lon="151.2064873"/>
  <node id="5108942885" lat="-33.9058019" lon="151.2063774"/>
  <node id="5108942886" lat="-33.9058578" lon="151.2064789"/>
  <node id="5108942887" lat="-33.9057822" lon="151.2065298"/>
  <node id="5108942888" lat="-33.9057656" lon="151.2063870"/>
  <node id="5114365184" lat="-33.9021152" lon="151.2034159"/>
  <node id="5114365185" lat="-33.9029325" lon="151.2035837"/>
  <node id="5114365186" lat="-33.9028825" lon="151.2036191"/>
  <node id="5114365187" lat="-33.9037624" lon="151.2036482"/>
  <node id="5114365188" lat="-33.9047186" lon="151.2034503"/>
  <node id="5114365189" lat="-33.9049595" lon="151.2033996"/>
  <node id="5114365190" lat="-33.9069224" lon="151.2013932"/>
  <node id="5125745318" lat="-33.9057340" lon="151.2065770">
    <tag k="crossing:island" v="yes"/>
    <tag k="traffic_calming" v="island"/>
  </node>
  <node id="5125745319" lat="-33.9058937" lon="151.2065349">
    <tag k="crossing:island" v="yes"/>
    <tag k="traffic_calming" v="island"/>
  </node>
  <node id="5125745320" lat="-33.9058555" lon="151.2063593">
    <tag k="crossing:island" v="yes"/>
    <tag k="traffic_calming" v="island"/>
  </node>
  <node id="5125745321" lat="-33.9057107" lon="151.2063965">
    <tag k="crossing:island" v="yes"/>
    <tag k="traffic_calming" v="island"/>
  </node>
  <node id="5173811885" lat="-33.9023054" lon="151.2011081"/>
  <node id="5173811888" lat="-33.9022332" lon="151.2017057"/>
  <node id="5173811890" lat="-33.9023456" lon="151.2009435"/>
  <node id="5173811897" lat="-33.9021959" lon="151.2018723"/>
  <node id="5173811912" lat="-33.9022131" lon="151.2013504"/>
  <node id="5173811915" lat="-33.9034311" lon="151.2002378"/>
  <node id="5173811916" lat="-33.9022729" lon="151.2011590"/>
  <node id="5173811917" lat="-33.9035580" lon="151.1999508"/>
  <node id="5300552684" lat="-33.9050741" lon="151.2039361"/>
  <node id="5300552685" lat="-33.9050819" lon="151.2039106"/>
  <node id="5300552686" lat="-33.9050928" lon="151.2038847"/>
  <node id="5300552687" lat="-33.9051074" lon="151.2038541"/>
  <node id="5300552688" lat="-33.9051258" lon="151.2038292"/>
  <node id="5300552689" lat="-33.9051431" lon="151.2038145"/>
  <node id="5300552690" lat="-33.9051649" lon="151.2038010"/>
  <node id="5300552691" lat="-33.9051855" lon="151.2037941"/>
  <node id="5300552692" lat="-33.9052079" lon="151.2037924"/>
  <node id="5300552693" lat="-33.9052320" lon="151.2037969"/>
  <node id="5300552694" lat="-33.9052523" lon="151.2038062"/>
  <node id="5300552695" lat="-33.9052708" lon="151.2038196"/>
  <node id="5300552696" lat="-33.9052878" lon="151.2038406"/>
  <node id="5300552697" lat="-33.9052994" lon="151.2038601"/>
  <node id="5300552698" lat="-33.9053080" lon="151.2038845"/>
  <node id="5300552699" lat="-33.9053158" lon="151.2039134"/>
  <node id="5300552700" lat="-33.9053193" lon="151.2039446"/>
  <node id="5300552701" lat="-33.9053196" lon="151.2039678"/>
  <node id="5300552702" lat="-33.9053182" lon="151.2039894"/>
  <node id="5300552703" lat="-33.9053157" lon="151.2040118"/>
  <node id="5300552704" lat="-33.9053122" lon="151.2040352"/>
  <node id="5300552705" lat="-33.9053060" lon="151.2040565"/>
  <node id="5300552706" lat="-33.9052990" lon="151.2040777"/>
  <node id="5300552707" lat="-33.9052895" lon="151.2041016"/>
  <node id="5300552708" lat="-33.9052777" lon="151.2041226"/>
  <node id="5300552709" lat="-33.9052650" lon="151.2041433"/>
  <node id="5300552710" lat="-33.9052510" lon="151.2041612"/>
  <node id="5300552711" lat="-33.9052343" lon="151.2041727"/>
  <node id="5300552712" lat="-33.9052171" lon="151.2041817"/>
  <node id="5300552713" lat="-33.9051947" lon="151.2041881"/>
  <node id="5300552714" lat="-33.9051741" lon="151.2041904"/>
  <node id="5300552715" lat="-33.9051510" lon="151.2041860"/>
  <node id="5300552716" lat="-33.9051279" lon="151.2041760"/>
  <node id="5300552717" lat="-33.9051114" lon="151.2041621"/>
  <node id="5300552718" lat="-33.9050933" lon="151.2041419"/>
  <node id="5300552719" lat="-33.9050785" lon="151.2041191"/>
  <node id="5300552921" lat="-33.9050629" lon="151.2040661"/>
  <node id="5300552922" lat="-33.9050612" lon="151.2040355"/>
  <node id="5300552923" lat="-33.9050604" lon="151.2040109"/>
  <node id="5300552924" lat="-33.9050641" lon="151.2039819"/>
  <node id="5300552925" lat="-33.9050670" lon="151.2039618"/>
  <node id="5300552926" lat="-33.9054191" lon="151.2038858"/>
  <node id="5300552928" lat="-33.9049677" lon="151.2040822"/>
  <node id="5300552933" lat="-33.9054650" lon="151.2039725"/>
  <node id="5300552934" lat="-33.9057575" lon="151.2042029"/>
  <node id="5300552935" lat="-33.9055926" lon="151.2045069"/>
  <node id="5300552936" lat="-33.9053000" lon="151.2042765"/>
  <node id="5300552945" lat="-33.9048185" lon="151.2044242"/>
  <node id="5300552946" lat="-33.9048112" lon="151.2044027"/>
  <node id="5300552947" lat="-33.9048090" lon="151.2043839"/>
  <node id="5300552948" lat="-33.9048112" lon="151.2043598"/>
  <node id="5300565545" lat="-33.9055467" lon="151.2030847"/>
  <node id="5300565546" lat="-33.9053642" lon="151.2034120"/>
  <node id="5300565547" lat="-33.9053519" lon="151.2034576"/>
  <node id="5300565548" lat="-33.9053463" lon="151.2035059"/>
  <node id="5300565549" lat="-33.9053508" lon="151.2035528"/>
  <node id="5300565550" lat="-33.9053686" lon="151.2035890"/>
  <node id="5300565551" lat="-33.9053909" lon="151.2036185"/>
  <node id="5300565552" lat="-33.9057537" lon="151.2039109"/>
  <node id="5300565553" lat="-33.9057960" lon="151.2039296"/>
  <node id="5300565554" lat="-33.9058272" lon="151.2039350"/>
  <node id="5300565555" lat="-33.9058606" lon="151.2039270"/>
  <node id="5300565556" lat="-33.9058851" lon="151.2039028"/>
  <node id="5300565557" lat="-33.9061255" lon="151.2034361"/>
  <node id="5300565558" lat="-33.9061311" lon="151.2033878"/>
  <node id="5300565559" lat="-33.9061233" lon="151.2033355"/>
  <node id="5300565560" lat="-33.9060899" lon="151.2032189"/>
  <node id="5300565561" lat="-33.9060598" lon="151.2031719">
    <tag k="entrance" v="yes"/>
    <tag k="wheelchair" v="yes"/>
  </node>
  <node id="5300565562" lat="-33.9060253" lon="151.2031464"/>
  <node id="5300565563" lat="-33.9059697" lon="151.2031303"/>
  <node id="5300565564" lat="-33.9058146" lon="151.2030897"/>
  <node id="5300565565" lat="-33.9056062" lon="151.2030371"/>
  <node id="5300565566" lat="-33.9055929" lon="151.2030412"/>
  <node id="5300565567" lat="-33.9055740" lon="151.2030532"/>
  <node id="5300565568" lat="-33.9055595" lon="151.2030666"/>
  <node id="5302627601" lat="-33.9052015" lon="151.2037275"/>
  <node id="5335753728" lat="-33.9066062" lon="151.2048347"/>
  <node id="5335753729" lat="-33.9062311" lon="151.2045257"/>
  <node id="5335753730" lat="-33.9060766" lon="151.2047963"/>
  <node id="5351813406" lat="-33.9062967" lon="151.2013505"/>
  <node id="5598162244" lat="-33.9053692" lon="151.2018494"/>
  <node id="5598162245" lat="-33.9052635" lon="151.2019188"/>
  <node id="5598162246" lat="-33.9055066" lon="151.2018969"/>
  <node id="5598162247" lat="-33.9054750" lon="151.2023699"/>
  <node id="5598162248" lat="-33.9053874" lon="151.2026699"/>
  <node id="5598162249" lat="-33.9054999" lon="151.2023782"/>
  <node id="5598410049" lat="-33.9019809" lon="151.2027719"/>
  <node id="5598410050" lat="-33.9019523" lon="151.2027937"/>
  <node id="5598410056" lat="-33.9026234" lon="151.2006466">
    <tag k="amenity" v="place_of_worship"/>
    <tag k="check_date" v="2024-03-22"/>
    <tag k="name" v="Yiu Ming Temple"/>
    <tag k="religion" v="buddhist"/>
    <tag k="wikidata" v="Q58205011"/>
  </node>
  <node id="5598410057" lat="-33.9025669" lon="151.2005885"/>
  <node id="5598410058" lat="-33.9025474" lon="151.2006666"/>
  <node id="5598410059" lat="-33.9026855" lon="151.2007167"/>
  <node id="5598410060" lat="-33.9027050" lon="151.2006386"/>
  <node id="5598410061" lat="-33.9024102" lon="151.2012022"/>
  <node id="5598410062" lat="-33.9023471" lon="151.2014295"/>
  <node id="5598410063" lat="-33.9023564" lon="151.2014498"/>
  <node id="5598410064" lat="-33.9025679" lon="151.2012585"/>
  <node id="5598410065" lat="-33.9023978" lon="151.2012470"/>
  <node id="5598410066" lat="-33.9024483" lon="151.2012644"/>
  <node id="5598410067" lat="-33.9024390" lon="151.2012998"/>
  <node id="5598410068" lat="-33.9024646" lon="151.2013090"/>
  <node id="5598410069" lat="-33.9024418" lon="151.2013942"/>
  <node id="5598410070" lat="-33.9024570" lon="151.2013994"/>
  <node id="5598410071" lat="-33.9024341" lon="151.2014854"/>
  <node id="5598410072" lat="-33.9024849" lon="151.2009214"/>
  <node id="5598410073" lat="-33.9026398" lon="151.2009756"/>
  <node id="5598410074" lat="-33.9031608" lon="151.2016081"/>
  <node id="5598410075" lat="-33.9031538" lon="151.2016314"/>
  <node id="5598410076" lat="-33.9033800" lon="151.2017481"/>
  <node id="5598410077" lat="-33.9034795" lon="151.2017954"/>
  <node id="5598410078" lat="-33.9034297" lon="151.2019412"/>
  <node id="5598410079" lat="-33.9035980" lon="151.2013239"/>
  <node id="5598410080" lat="-33.9035917" lon="151.2013414"/>
  <node id="5598410081" lat="-33.9035274" lon="151.2015957"/>
  <node id="5598410082" lat="-33.9035411" lon="151.2016021"/>
  <node id="5598410083" lat="-33.9036595" lon="151.2016657"/>
  <node id="5598410084" lat="-33.9039485" lon="151.2011670"/>
  <node id="5598410085" lat="-33.9033237" lon="151.2008259"/>
  <node id="5598410086" lat="-33.9026621" lon="151.2011551"/>
  <node id="5598410087" lat="-33.9026488" lon="151.2012094"/>
  <node id="5598410088" lat="-33.9028682" lon="151.2012874"/>
  <node id="5598410089" lat="-33.9028815" lon="151.2012331"/>
  <node id="5598410090" lat="-33.9028183" lon="151.2006619"/>
  <node id="5598410091" lat="-33.9025400" lon="151.2006967"/>
  <node id="5598410092" lat="-33.9024868" lon="151.2009060"/>
  <node id="5598410093" lat="-33.9025811" lon="151.2009409"/>
  <node id="5598410094" lat="-33.9025783" lon="151.2009541"/>
  <node id="5598410095" lat="-33.9027351" lon="151.2010106"/>
  <node id="5598410096" lat="-33.9027915" lon="151.2007849"/>
  <node id="5598410097" lat="-33.9028764" lon="151.2006712"/>
  <node id="5598410098" lat="-33.9028646" lon="151.2007253"/>
  <node id="5598410099" lat="-33.9029276" lon="151.2007474"/>
  <node id="5598410100" lat="-33.9029236" lon="151.2007637"/>
  <node id="5598410101" lat="-33.9028997" lon="151.2007560"/>
  <node id="5598410102" lat="-33.9028718" lon="151.2008703"/>
  <node id="5598410103" lat="-33.9030950" lon="151.2009510"/>
  <node id="5598410104" lat="-33.9031325" lon="151.2007993"/>
  <node id="5598410105" lat="-33.9029651" lon="151.2007387"/>
  <node id="5598410106" lat="-33.9029730" lon="151.2007051"/>
  <node id="5598410107" lat="-33.9031793" lon="151.2009699"/>
  <node id="5598410108" lat="-33.9034609" lon="151.2011084"/>
  <node id="5598410109" lat="-33.9035103" lon="151.2009638"/>
  <node id="5598410110" lat="-33.9032269" lon="151.2008274"/>
  <node id="5598410111" lat="-33.9035758" lon="151.2009966"/>
  <node id="5598410112" lat="-33.9035299" lon="151.2011453"/>
  <node id="5598410113" lat="-33.9038396" lon="151.2012960"/>
  <node id="5598410114" lat="-33.9038541" lon="151.2012919"/>
  <node id="5598410115" lat="-33.9038958" lon="151.2012088"/>
  <node id="5598410116" lat="-33.9038924" lon="151.2011873"/>
  <node id="5598410117" lat="-33.9038805" lon="151.2011422"/>
  <node id="5598410118" lat="-33.9025287" lon="151.2033193"/>
  <node id="5598410119" lat="-33.9025475" lon="151.2034373"/>
  <node id="5598410120" lat="-33.9026539" lon="151.2034929"/>
  <node id="5598410121" lat="-33.9026793" lon="151.2033738"/>
  <node id="5598410122" lat="-33.9026530" lon="151.2033602"/>
  <node id="5598410123" lat="-33.9027302" lon="151.2030448"/>
  <node id="5598410124" lat="-33.9027528" lon="151.2030516"/>
  <node id="5598410125" lat="-33.9027650" lon="151.2029994"/>
  <node id="5598410126" lat="-33.9027500" lon="151.2029915"/>
  <node id="5598410127" lat="-33.9027674" lon="151.2029164"/>
  <node id="5598410128" lat="-33.9028771" lon="151.2030028"/>
  <node id="5598410129" lat="-33.9027547" lon="151.2035496"/>
  <node id="5598410130" lat="-33.9029006" lon="151.2036154"/>
  <node id="5598410131" lat="-33.9030258" lon="151.2030720"/>
  <node id="5598410132" lat="-33.9029818" lon="151.2032633"/>
  <node id="5598410133" lat="-33.9029291" lon="151.2034918"/>
  <node id="5598410134" lat="-33.9029554" lon="151.2032539"/>
  <node id="5598410135" lat="-33.9029008" lon="151.2034818"/>
  <node id="5598410136" lat="-33.9027820" lon="151.2034274"/>
  <node id="5598410137" lat="-33.9031257" lon="151.2031299"/>
  <node id="5598410138" lat="-33.9030023" lon="151.2036721"/>
  <node id="5598410139" lat="-33.9031304" lon="151.2037368"/>
  <node id="5598410140" lat="-33.9031695" lon="151.2036213"/>
  <node id="5598410141" lat="-33.9031474" lon="151.2036085"/>
  <node id="5598410142" lat="-33.9032082" lon="151.2033537"/>
  <node id="5598410143" lat="-33.9032342" lon="151.2033621"/>
  <node id="5598410144" lat="-33.9032723" lon="151.2032052"/>
  <node id="5598410145" lat="-33.9033747" lon="151.2032560"/>
  <node id="5598410146" lat="-33.9032484" lon="151.2037980"/>
  <node id="5598410147" lat="-33.9033767" lon="151.2038646"/>
  <node id="5598410148" lat="-33.9034186" lon="151.2037487"/>
  <node id="5598410149" lat="-33.9033945" lon="151.2037337"/>
  <node id="5598410150" lat="-33.9034552" lon="151.2034830"/>
  <node id="5598410151" lat="-33.9034811" lon="151.2034912"/>
  <node id="5598410152" lat="-33.9034955" lon="151.2034361"/>
  <node id="5598410153" lat="-33.9034689" lon="151.2034254"/>
  <node id="5598410154" lat="-33.9034743" lon="151.2033991"/>
  <node id="5598410155" lat="-33.9035023" lon="151.2034073"/>
  <node id="5598410156" lat="-33.9035201" lon="151.2033317"/>
  <node id="5598410157" lat="-33.9032761" lon="151.2036789"/>
  <node id="5598410158" lat="-33.9030183" lon="151.2036017"/>
  <node id="5598410159" lat="-33.9029160" lon="151.2035485"/>
  <node id="5598410160" lat="-33.9034858" lon="151.2039177"/>
  <node id="5598410161" lat="-33.9037979" lon="151.2039838"/>
  <node id="5598410162" lat="-33.9038295" lon="151.2037743"/>
  <node id="5598410163" lat="-33.9037121" lon="151.2037472"/>
  <node id="5598410164" lat="-33.9037096" lon="151.2037622"/>
  <node id="5598410165" lat="-33.9035449" lon="151.2037261"/>
  <node id="5598410166" lat="-33.9035424" lon="151.2037412"/>
  <node id="5598410167" lat="-33.9034724" lon="151.2037251"/>
  <node id="5598410168" lat="-33.9034768" lon="151.2036919"/>
  <node id="5598410169" lat="-33.9034449" lon="151.2036761"/>
  <node id="5598410170" lat="-33.9038567" lon="151.2039422"/>
  <node id="5598410171" lat="-33.9039656" lon="151.2040275"/>
  <node id="5598410172" lat="-33.9040358" lon="151.2038974"/>
  <node id="5598410173" lat="-33.9040213" lon="151.2038861"/>
  <node id="5598410174" lat="-33.9040620" lon="151.2038107"/>
  <node id="5598410175" lat="-33.9040717" lon="151.2038183"/>
  <node id="5598410176" lat="-33.9041314" lon="151.2037077"/>
  <node id="5598410177" lat="-33.9041001" lon="151.2036832"/>
  <node id="5598410178" lat="-33.9040955" lon="151.2036919"/>
  <node id="5598410179" lat="-33.9040492" lon="151.2036556"/>
  <node id="5598410180" lat="-33.9040294" lon="151.2036922"/>
  <node id="5598410181" lat="-33.9040188" lon="151.2036838"/>
  <node id="5598410182" lat="-33.9039731" lon="151.2037685"/>
  <node id="5598410183" lat="-33.9039571" lon="151.2037560"/>
  <node id="5598410184" lat="-33.9036148" lon="151.2032869"/>
  <node id="5598410185" lat="-33.9035045" lon="151.2028431"/>
  <node id="5598410186" lat="-33.9035204" lon="151.2027962"/>
  <node id="5598410187" lat="-33.9030086" lon="151.2029958"/>
  <node id="5598410188" lat="-33.9026775" lon="151.2027078"/>
  <node id="5598410189" lat="-33.9029175" lon="151.2022654"/>
  <node id="5598410190" lat="-33.9028604" lon="151.2020206"/>
  <node id="5598410191" lat="-33.9028120" lon="151.2021953"/>
  <node id="5598410192" lat="-33.9029260" lon="151.2022412"/>
  <node id="5598410193" lat="-33.9027604" lon="151.2024092"/>
  <node id="5598410194" lat="-33.9028804" lon="151.2024715"/>
  <node id="5598410195" lat="-33.9029095" lon="151.2023831"/>
  <node id="5598410196" lat="-33.9028537" lon="151.2023550"/>
  <node id="5598410197" lat="-33.9028843" lon="151.2022245"/>
  <node id="5598410198" lat="-33.9027831" lon="151.2027433"/>
  <node id="5598410199" lat="-33.9027675" lon="151.2024129"/>
  <node id="5598410200" lat="-33.9027604" lon="151.2024404"/>
  <node id="5598410201" lat="-33.9027420" lon="151.2024353"/>
  <node id="5598410202" lat="-33.9027078" lon="151.2025920"/>
  <node id="5598410203" lat="-33.9028070" lon="151.2026271"/>
  <node id="5598410204" lat="-33.9028463" lon="151.2024538"/>
  <node id="5598410205" lat="-33.9029304" lon="151.2024936"/>
  <node id="5598410206" lat="-33.9028270" lon="151.2029414"/>
  <node id="5598410207" lat="-33.9029287" lon="151.2029836"/>
  <node id="5598410208" lat="-33.9030404" lon="151.2025518"/>
  <node id="5598410209" lat="-33.9023753" lon="151.2038248"/>
  <node id="5598410210" lat="-33.9023834" lon="151.2038851"/>
  <node id="5598410211" lat="-33.9024002" lon="151.2040110"/>
  <node id="5598410212" lat="-33.9024067" lon="151.2040592"/>
  <node id="5598410213" lat="-33.9023796" lon="151.2040511"/>
  <node id="5598410214" lat="-33.9023899" lon="151.2040074"/>
  <node id="5598410215" lat="-33.9023611" lon="151.2038279"/>
  <node id="5598410216" lat="-33.9023575" lon="151.2038447"/>
  <node id="5598410217" lat="-33.9023754" lon="151.2038514"/>
  <node id="5598410218" lat="-33.9023703" lon="151.2038809"/>
  <node id="5598410219" lat="-33.9022432" lon="151.2036134"/>
  <node id="5598410220" lat="-33.9021913" lon="151.2038366"/>
  <node id="5598410294" lat="-33.9022736" lon="151.2041831"/>
  <node id="5598410295" lat="-33.9023132" lon="151.2045319"/>
  <node id="5598410296" lat="-33.9022899" lon="151.2043239"/>
  <node id="5598410297" lat="-33.9023085" lon="151.2043213"/>
  <node id="5598410298" lat="-33.9023318" lon="151.2044967"/>
  <node id="5598410299" lat="-33.9046179" lon="151.2043314"/>
  <node id="5598410300" lat="-33.9042242" lon="151.2037505"/>
  <node id="5598410301" lat="-33.9048083" lon="151.2031690"/>
  <node id="5598410302" lat="-33.9051551" lon="151.2032421"/>
  <node id="5598410303" lat="-33.9051338" lon="151.2028996"/>
  <node id="5598410304" lat="-33.9052845" lon="151.2029460"/>
  <node id="5598410305" lat="-33.9053025" lon="151.2029767"/>
  <node id="5598410306" lat="-33.9053122" lon="151.2030192"/>
  <node id="5598410307" lat="-33.9053047" lon="151.2030653"/>
  <node id="5598410308" lat="-33.9052635" lon="151.2031430"/>
  <node id="5598410309" lat="-33.9051750" lon="151.2030785"/>
  <node id="5598410310" lat="-33.9051283" lon="151.2031664"/>
  <node id="5598410311" lat="-33.9050249" lon="151.2031216"/>
  <node id="5598410312" lat="-33.9050734" lon="151.2031542"/>
  <node id="5598410313" lat="-33.9049819" lon="151.2032065"/>
  <node id="5598410314" lat="-33.9046322" lon="151.2030989"/>
  <node id="5598410315" lat="-33.9042811" lon="151.2037033"/>
  <node id="5598410316" lat="-33.9041874" lon="151.2026470"/>
  <node id="5598410317" lat="-33.9038637" lon="151.2031263"/>
  <node id="5598410318" lat="-33.9039110" lon="151.2028982"/>
  <node id="5598410319" lat="-33.9039339" lon="151.2029051"/>
  <node id="5598410320" lat="-33.9039505" lon="151.2028249"/>
  <node id="5598410321" lat="-33.9041688" lon="151.2028906"/>
  <node id="5598410322" lat="-33.9041507" lon="151.2029781"/>
  <node id="5598410323" lat="-33.9041736" lon="151.2029850"/>
  <node id="5598410324" lat="-33.9041272" lon="151.2032087"/>
  <node id="5598410325" lat="-33.9040445" lon="151.2031838"/>
  <node id="5598410326" lat="-33.9040402" lon="151.2032046"/>
  <node id="5598410327" lat="-33.9039415" lon="151.2031749"/>
  <node id="5598410328" lat="-33.9039464" lon="151.2031512"/>
  <node id="5598447435" lat="-33.9046289" lon="151.2025125"/>
  <node id="5598447436" lat="-33.9050972" lon="151.2015798"/>
  <node id="5598447437" lat="-33.9042916" lon="151.2023998"/>
  <node id="5598447438" lat="-33.9046558" lon="151.2014216"/>
  <node id="5598447439" lat="-33.9044327" lon="151.2020143"/>
  <node id="5598447440" lat="-33.9040774" lon="151.2023045"/>
  <node id="5598447441" lat="-33.9041992" lon="151.2019875"/>
  <node id="5598447442" lat="-33.9044062" lon="151.2020872"/>
  <node id="5598447443" lat="-33.9041938" lon="151.2016111"/>
  <node id="5598447444" lat="-33.9041616" lon="151.2017112"/>
  <node id="5598447445" lat="-33.9043266" lon="151.2017807"/>
  <node id="5598447446" lat="-33.9043427" lon="151.2017419"/>
  <node id="5598447447" lat="-33.9037872" lon="151.2021610"/>
  <node id="5598447448" lat="-33.9038624" lon="151.2019608"/>
  <node id="5598447449" lat="-33.9041430" lon="151.2021134"/>
  <node id="5598447450" lat="-33.9035736" lon="151.2020566"/>
  <node id="5598447451" lat="-33.9037440" lon="151.2017816"/>
  <node id="5598447452" lat="-33.9038954" lon="151.2018540"/>
  <node id="5598447453" lat="-33.9038494" lon="151.2018303"/>
  <node id="5598447454" lat="-33.9038837" lon="151.2017308"/>
  <node id="5598447455" lat="-33.9039182" lon="151.2017453"/>
  <node id="5598447456" lat="-33.9039272" lon="151.2017209"/>
  <node id="5598447457" lat="-33.9039542" lon="151.2017326"/>
  <node id="5598447458" lat="-33.9039587" lon="151.2017209"/>
  <node id="5598447459" lat="-33.9039182" lon="151.2017001"/>
  <node id="5598447460" lat="-33.9040218" lon="151.2014082"/>
  <node id="5598447461" lat="-33.9040375" lon="151.2014154"/>
  <node id="5598447462" lat="-33.9040420" lon="151.2014055"/>
  <node id="5598447463" lat="-33.9041508" lon="151.2014597"/>
  <node id="5598447464" lat="-33.9041328" lon="151.2015121"/>
  <node id="5598447465" lat="-33.9041455" lon="151.2015175"/>
  <node id="5598447466" lat="-33.9040630" lon="151.2017688"/>
  <node id="5598447467" lat="-33.9040270" lon="151.2017507"/>
  <node id="5598447468" lat="-33.9040195" lon="151.2017733"/>
  <node id="5598447469" lat="-33.9040045" lon="151.2017670"/>
  <node id="5598447470" lat="-33.9039985" lon="151.2017859"/>
  <node id="5598447471" lat="-33.9040338" lon="151.2018031"/>
  <node id="5598447472" lat="-33.9039975" lon="151.2019029"/>
  <node id="5598447473" lat="-33.9041296" lon="151.2012003"/>
  <node id="5598447474" lat="-33.9041178" lon="151.2012200"/>
  <node id="5598447475" lat="-33.9041094" lon="151.2012129"/>
  <node id="5598447476" lat="-33.9040644" lon="151.2012851"/>
  <node id="5598447477" lat="-33.9040736" lon="151.2012929"/>
  <node id="5598447478" lat="-33.9040651" lon="151.2013055"/>
  <node id="5598447479" lat="-33.9041256" lon="151.2013604"/>
  <node id="5598447480" lat="-33.9042123" lon="151.2013918"/>
  <node id="5598447481" lat="-33.9042018" lon="151.2014389"/>
  <node id="5598447482" lat="-33.9045847" lon="151.2015730"/>
  <node id="5598447483" lat="-33.9046453" lon="151.2014035"/>
  <node id="5598447484" lat="-33.9042461" lon="151.2012615"/>
  <node id="5598447485" lat="-33.9042357" lon="151.2013023"/>
  <node id="5598447486" lat="-33.9041758" lon="151.2012804"/>
  <node id="5598447487" lat="-33.9041888" lon="151.2012215"/>
  <node id="5598447488" lat="-33.9044248" lon="151.2020361"/>
  <node id="5598447489" lat="-33.9043956" lon="151.2020210"/>
  <node id="5598447490" lat="-33.9045027" lon="151.2017060"/>
  <node id="5598447491" lat="-33.9044408" lon="151.2016456"/>
  <node id="5598447492" lat="-33.9043336" lon="151.2019594"/>
  <node id="5598447493" lat="-33.9043150" lon="151.2019511"/>
  <node id="5598447494" lat="-33.9043199" lon="151.2019345"/>
  <node id="5598447495" lat="-33.9041145" lon="151.2018374"/>
  <node id="5598447496" lat="-33.9040987" lon="151.2018883"/>
  <node id="5598447497" lat="-33.9040859" lon="151.2018824"/>
  <node id="5598447498" lat="-33.9040722" lon="151.2019286"/>
  <node id="5598447499" lat="-33.9057606" lon="151.2021388"/>
  <node id="5598447500" lat="-33.9057456" lon="151.2021581"/>
  <node id="5598447501" lat="-33.9056545" lon="151.2025122"/>
  <node id="5598447502" lat="-33.9056667" lon="151.2025190"/>
  <node id="5598447503" lat="-33.9058902" lon="151.2022893"/>
  <node id="5598447504" lat="-33.9058733" lon="151.2022112"/>
  <node id="5598447505" lat="-33.9058699" lon="151.2020918"/>
  <node id="5598447506" lat="-33.9060332" lon="151.2021579"/>
  <node id="5598447507" lat="-33.9061772" lon="151.2024394"/>
  <node id="5598447508" lat="-33.9061648" lon="151.2024526"/>
  <node id="5598447509" lat="-33.9062026" lon="151.2024901"/>
  <node id="5598447510" lat="-33.9062515" lon="151.2025446"/>
  <node id="5598447511" lat="-33.9062268" lon="151.2025712"/>
  <node id="5598447512" lat="-33.9061934" lon="151.2025005"/>
  <node id="5598447513" lat="-33.9062050" lon="151.2025426"/>
  <node id="5598447514" lat="-33.9061549" lon="151.2025953"/>
  <node id="5598447515" lat="-33.9062535" lon="151.2027291"/>
  <node id="5598447516" lat="-33.9063087" lon="151.2026703"/>
  <node id="5598448126" lat="-33.9063750" lon="151.2027902"/>
  <node id="5598448129" lat="-33.9071780" lon="151.2020667"/>
  <node id="5598448130" lat="-33.9071814" lon="151.2021185"/>
  <node id="5598448140" lat="-33.9062607" lon="151.2023014"/>
  <node id="5598448141" lat="-33.9062325" lon="151.2022702"/>
  <node id="5598448142" lat="-33.9061922" lon="151.2022659"/>
  <node id="5598448143" lat="-33.9057349" lon="151.2026595"/>
  <node id="5598448144" lat="-33.9057187" lon="151.2026886"/>
  <node id="5598448145" lat="-33.9057010" lon="151.2027181"/>
  <node id="5598448146" lat="-33.9056987" lon="151.2027505"/>
  <node id="5598448147" lat="-33.9057071" lon="151.2027736"/>
  <node id="5598448148" lat="-33.9057224" lon="151.2027893"/>
  <node id="5598448149" lat="-33.9061266" lon="151.2028896"/>
  <node id="5598448150" lat="-33.9062206" lon="151.2029067"/>
  <node id="5598448151" lat="-33.9063203" lon="151.2029155"/>
  <node id="5598448152" lat="-33.9063205" lon="151.2028943"/>
  <node id="5598448155" lat="-33.9062015" lon="151.2025463"/>
  <node id="5598448156" lat="-33.9061789" lon="151.2025169"/>
  <node id="5598448159" lat="-33.9042193" lon="151.2043058"/>
  <node id="5598448160" lat="-33.9040835" lon="151.2045613"/>
  <node id="5598448161" lat="-33.9043357" lon="151.2047561"/>
  <node id="5598448162" lat="-33.9044741" lon="151.2045738"/>
  <node id="5598448163" lat="-33.9044702" lon="151.2044928"/>
  <node id="5598448164" lat="-33.9038378" lon="151.2042232"/>
  <node id="5598448165" lat="-33.9037692" lon="151.2046720"/>
  <node id="5598448166" lat="-33.9038481" lon="151.2051379"/>
  <node id="5598448167" lat="-33.9039865" lon="151.2050989"/>
  <node id="5598448168" lat="-33.9039555" lon="151.2049119"/>
  <node id="5598448169" lat="-33.9040589" lon="151.2047312"/>
  <node id="5598448170" lat="-33.9039787" lon="151.2047187"/>
  <node id="5598448171" lat="-33.9040111" lon="151.2045208"/>
  <node id="5598448172" lat="-33.9040955" lon="151.2045388"/>
  <node id="5598448173" lat="-33.9034329" lon="151.2041297"/>
  <node id="5598448174" lat="-33.9033036" lon="151.2043790"/>
  <node id="5598448175" lat="-33.9033295" lon="151.2043993"/>
  <node id="5598448176" lat="-33.9036205" lon="151.2043182"/>
  <node id="5598448177" lat="-33.9036890" lon="151.2043354"/>
  <node id="5598448178" lat="-33.9037136" lon="151.2041936"/>
  <node id="5598448179" lat="-33.9037991" lon="151.2044765"/>
  <node id="5598448180" lat="-33.9036696" lon="151.2044491"/>
  <node id="5598448181" lat="-33.9035791" lon="151.2043728"/>
  <node id="5598448182" lat="-33.9032635" lon="151.2044538"/>
  <node id="5598448183" lat="-33.9032467" lon="151.2044881"/>
  <node id="5598448184" lat="-33.9033075" lon="151.2048574"/>
  <node id="5598448185" lat="-33.9037238" lon="151.2047476"/>
  <node id="5598448186" lat="-33.9036864" lon="151.2045302"/>
  <node id="5598448187" lat="-33.9033967" lon="151.2046081"/>
  <node id="5598448188" lat="-33.9033903" lon="151.2045629"/>
  <node id="5598448189" lat="-33.9036063" lon="151.2045068"/>
  <node id="5598448190" lat="-33.9037931" lon="151.2044996"/>
  <node id="5598448191" lat="-33.9038229" lon="151.2049888"/>
  <node id="5598448192" lat="-33.9037679" lon="151.2050039"/>
  <node id="5598448193" lat="-33.9036905" lon="151.2047571"/>
  <node id="5598448194" lat="-33.9037628" lon="151.2051597"/>
  <node id="5598448195" lat="-33.9035002" lon="151.2052267"/>
  <node id="5598448196" lat="-33.9034575" lon="151.2049899"/>
  <node id="5598448197" lat="-33.9032467" lon="151.2050460"/>
  <node id="5598448198" lat="-33.9032790" lon="151.2052252"/>
  <node id="5598448199" lat="-33.9027713" lon="151.2050804"/>
  <node id="5598448200" lat="-33.9027875" lon="151.2051865"/>
  <node id="5598448201" lat="-33.9029605" lon="151.2050322"/>
  <node id="5598448202" lat="-33.9029658" lon="151.2050766"/>
  <node id="5598448203" lat="-33.9030112" lon="151.2051253"/>
  <node id="5598448204" lat="-33.9030014" lon="151.2050667"/>
  <node id="5663203836" lat="-33.9027583" lon="151.2018990">
    <tag k="crossing" v="unmarked"/>
    <tag k="crossing:markings" v="no"/>
    <tag k="highway" v="crossing"/>
    <tag k="tactile_paving" v="no"/>
  </node>
  <node id="5663203837" lat="-33.9027909" lon="151.2054534"/>
  <node id="5663203840" lat="-33.9046450" lon="151.2044830">
    <tag k="highway" v="traffic_signals"/>
  </node>
  <node id="5663203841" lat="-33.9048782" lon="151.2046379">
    <tag k="direction" v="both"/>
    <tag k="surface" v="asphalt"/>
    <tag k="traffic_calming" v="bump"/>
  </node>
  <node id="5663203842" lat="-33.9058977" lon="151.2008677"/>
  <node id="5663203845" lat="-33.9041992" lon="151.2041299"/>
  <node id="5663268541" lat="-33.9076574" lon="151.2028407">
    <tag k="highway" v="traffic_signals"/>
    <tag k="traffic_signals" v="signal"/>
    <tag k="traffic_signals:direction" v="forward"/>
  </node>
  <node id="5663268542" lat="-33.9072645" lon="151.2028719"/>
  <node id="5663268543" lat="-33.9062199" lon="151.2029967"/>
  <node id="5663268544" lat="-33.9060502" lon="151.2029631"/>
  <node id="5663268545" lat="-33.9054537" lon="151.2029958">
    <tag k="highway" v="traffic_signals"/>
    <tag k="traffic_signals" v="signal"/>
    <tag k="traffic_signals:direction" v="forward"/>
  </node>
  <node id="5663268546" lat="-33.9060747" lon="151.2023531"/>
  <node id="5663268547" lat="-33.9058198" lon="151.2020512"/>
  <node id="5663268548" lat="-33.9055549" lon="151.2018862"/>
  <node id="5663268549" lat="-33.9056182" lon="151.2017742">
    <tag k="button_operated" v="yes"/>
    <tag k="crossing" v="traffic_signals"/>
    <tag k="crossing:island" v="yes"/>
    <tag k="highway" v="crossing"/>
    <tag k="tactile_paving" v="no"/>
    <tag k="traffic_signals:sound" v="yes"/>
    <tag k="traffic_signals:vibration" v="yes"/>
  </node>
  <node id="5663268550" lat="-33.9056784" lon="151.2016609"/>
  <node id="5663268551" lat="-33.9056708" lon="151.2015830">
    <tag k="crossing" v="zebra"/>
    <tag k="crossing:markings" v="yes"/>
    <tag k="highway" v="crossing"/>
    <tag k="source" v="lpi_imagery"/>
    <tag k="tactile_paving" v="no"/>
  </node>
  <node id="5663268552" lat="-33.9057135" lon="151.2014893"/>
  <node id="5663268553" lat="-33.9057363" lon="151.2014658"/>
  <node id="5663268554" lat="-33.9056684" lon="151.2015201"/>
  <node id="5796006229" lat="-33.9062962" lon="151.2046662">
    <tag k="addr:housenumber" v="20-26"/>
    <tag k="addr:postcode" v="2017"/>
    <tag k="addr:state" v="NSW"/>
    <tag k="addr:street" v="Ebsworth Street"/>
    <tag k="addr:suburb" v="Zetland"/>
    <tag k="brand" v="Woolworths Metro"/>
    <tag k="brand:wikidata" v="Q111772555"/>
    <tag k="brand:wikipedia" v="en:Woolworths Supermarkets"/>
    <tag k="check_date:opening_hours" v="2022-10-16"/>
    <tag k="name" v="Woolworths Metro"/>
    <tag k="opening_hours" v="Mo-Sa 06:00-23:00; Su 07:00-23:00"/>
    <tag k="operator" v="Woolworths Group"/>
    <tag k="operator:wikidata" v="Q607272"/>
    <tag k="shop" v="supermarket"/>
    <tag k="source" v="local knowledge"/>
    <tag k="website" v="https://www.woolworths.com.au/Shop/StoreLocator/NSW-Zetland-1638"/>
  </node>
  <node id="5796006230" lat="-33.9060305" lon="151.2063847">
    <tag k="addr:housenumber" v="781-785"/>
    <tag k="addr:postcode" v="2017"/>
    <tag k="addr:state" v="NSW"/>
    <tag k="addr:street" v="Elizabeth Street"/>
    <tag k="addr:suburb" v="Zetland"/>
    <tag k="amenity" v="restaurant"/>
    <tag k="check_date" v="2023-11-10"/>
    <tag k="cuisine" v="italian"/>
    <tag k="level" v="0"/>
    <tag k="name" v="Cicco Zetland"/>
    <tag k="opening_hours" v="Mo-Sa 07:00-15:00, Su 08:00-15:00"/>
    <tag k="outdoor_seating" v="yes"/>
    <tag k="source" v="local knowledge"/>
    <tag k="website" v="https://www.cafevite.com.au/"/>
    <tag k="wheelchair" v="yes"/>
  </node>
  <node id="5796144449" lat="-33.9059752" lon="151.2063407"/>
  <node id="5796144450" lat="-33.9059920" lon="151.2064269"/>
  <node id="5796144451" lat="-33.9060608" lon="151.2064833"/>
  <node id="5796144452" lat="-33.9061863" lon="151.2062492"/>
  <node id="5796144453" lat="-33.9060738" lon="151.2061603"/>
  <node id="5796144454" lat="-33.9043426" lon="151.2051798"/>
  <node id="5796144455" lat="-33.9043522" lon="151.2052321"/>
  <node id="5796144456" lat="-33.9045076" lon="151.2053525"/>
  <node id="5796144457" lat="-33.9045901" lon="151.2051944"/>
  <node id="5796144458" lat="-33.9044946" lon="151.2051212"/>
  <node id="5796144459" lat="-33.9045016" lon="151.2051097"/>
  <node id="5796144460" lat="-33.9044112" lon="151.2050427"/>
  <node id="5796144461" lat="-33.9043921" lon="151.2051976">
    <tag k="addr:housenumber" v="936"/>
    <tag k="addr:postcode" v="2017"/>
    <tag k="addr:state" v="NSW"/>
    <tag k="addr:street" v="Bourke Street"/>
    <tag k="addr:suburb" v="Zetland"/>
    <tag k="amenity" v="pub"/>
    <tag k="brewery" v="yes;`"/>
    <tag k="name" v="Zetland Hotel"/>
    <tag k="phone" v="+61 2 9698 3195"/>
    <tag k="source" v="local knowledge"/>
    <tag k="website" v="https://zetlandhotel.com.au"/>
  </node>
  <node id="5796144462" lat="-33.9047754" lon="151.2051607"/>
  <node id="5796144463" lat="-33.9048036" lon="151.2051536"/>
  <node id="5796144464" lat="-33.9048605" lon="151.2051996"/>
  <node id="5796144465" lat="-33.9047322" lon="151.2054300"/>
  <node id="5796144466" lat="-33.9046787" lon="151.2053883"/>
  <node id="5796144467" lat="-33.9046727" lon="151.2053551"/>
  <node id="5796144468" lat="-33.9047910" lon="151.2051742">
    <tag k="addr:housenumber" v="2"/>
    <tag k="addr:postcode" v="2017"/>
    <tag k="addr:state" v="NSW"/>
    <tag k="addr:street" v="Portman Street"/>
    <tag k="addr:suburb" v="Zetland"/>
    <tag k="amenity" v="cafe"/>
    <tag k="name" v="Cafe Portman"/>
    <tag k="opening_hours" v="Mo-Su 07:00-15:00"/>
    <tag k="outdoor_seating" v="yes"/>
    <tag k="phone" v="+61 2 9698 0973"/>
    <tag k="source" v="local knowledge"/>
    <tag k="website" v="https://www.cafeportman.com"/>
  </node>
  <node id="5809738694" lat="-33.9066255" lon="151.2039211"/>
  <node id="5809738695" lat="-33.9066420" lon="151.2038087"/>
  <node id="5809738696" lat="-33.9067336" lon="151.2038283"/>
  <node id="5809738697" lat="-33.9067170" lon="151.2039406"/>
  <node id="5809738698" lat="-33.9062572" lon="151.2031804"/>
  <node id="5809738699" lat="-33.9065341" lon="151.2031520"/>
  <node id="5809738700" lat="-33.9066576" lon="151.2036175"/>
  <node id="5809738701" lat="-33.9069501" lon="151.2042147"/>
  <node id="5809738702" lat="-33.9068424" lon="151.2042825"/>
  <node id="5809738703" lat="-33.9067012" lon="151.2041032"/>
  <node id="5809738704" lat="-33.9063799" lon="151.2035890"/>
  <node id="5809738705" lat="-33.9061206" lon="151.2031700"/>
  <node id="5809738708" lat="-33.9070840" lon="151.2048290"/>
  <node id="5809738709" lat="-33.9072903" lon="151.2046882"/>
  <node id="5809738710" lat="-33.9071362" lon="151.2041495"/>
  <node id="5809738711" lat="-33.9067136" lon="151.2031274"/>
  <node id="5809738712" lat="-33.9062853" lon="151.2031653"/>
  <node id="5809738713" lat="-33.9064523" lon="151.2051059"/>
  <node id="5809738714" lat="-33.9060296" lon="151.2047576"/>
  <node id="5809738715" lat="-33.9057104" lon="151.2044946"/>
  <node id="5809738716" lat="-33.9058643" lon="151.2042235"/>
  <node id="5809738717" lat="-33.9061843" lon="151.2044871"/>
  <node id="5874667121" lat="-33.9077911" lon="151.2028400"/>
  <node id="5874667126" lat="-33.9078751" lon="151.2028448">
    <tag k="crossing" v="traffic_signals"/>
    <tag k="crossing:island" v="no"/>
    <tag k="highway" v="crossing"/>
  </node>
  <node id="5874667128" lat="-33.9081107" lon="151.2046905">
    <tag k="crossing" v="traffic_signals"/>
    <tag k="crossing:island" v="no"/>
    <tag k="crossing:markings" v="no"/>
    <tag k="crossing:signals" v="yes"/>
    <tag k="highway" v="crossing"/>
  </node>
  <node id="5874667131" lat="-33.9080211" lon="151.2046943"/>
  <node id="5874667132" lat="-33.9071882" lon="151.2048926">
    <tag k="highway" v="traffic_signals"/>
    <tag k="ref" v="4652"/>
  </node>
  <node id="5874667133" lat="-33.9067912" lon="151.2048930">
    <tag k="crossing" v="unmarked"/>
    <tag k="crossing:markings" v="no"/>
    <tag k="highway" v="crossing"/>
  </node>
  <node id="5874667134" lat="-33.9068256" lon="151.2048225"/>
  <node id="5874667135" lat="-33.9069506" lon="151.2049259"/>
  <node id="5874667136" lat="-33.9070124" lon="151.2049061"/>
  <node id="5874667137" lat="-33.9080572" lon="151.2045600">
    <tag k="crossing" v="traffic_signals"/>
    <tag k="crossing:island" v="no"/>
    <tag k="crossing:markings" v="dashes"/>
    <tag k="crossing:signals" v="yes"/>
    <tag k="highway" v="crossing"/>
  </node>
  <node id="5874667138" lat="-33.9070319" lon="151.2049853">
    <tag k="crossing" v="traffic_signals"/>
    <tag k="crossing:island" v="no"/>
    <tag k="highway" v="crossing"/>
    <tag k="ref" v="4652"/>
    <tag k="tactile_paving" v="no"/>
    <tag k="traffic_signals:sound" v="yes"/>
  </node>
  <node id="5874667139" lat="-33.9070969" lon="151.2051659"/>
  <node id="5874667140" lat="-33.9072422" lon="151.2047502"/>
  <node id="5874667141" lat="-33.9072737" lon="151.2048357">
    <tag k="button_operated" v="yes"/>
    <tag k="crossing" v="traffic_signals"/>
    <tag k="crossing:island" v="no"/>
    <tag k="highway" v="crossing"/>
    <tag k="ref" v="4652"/>
    <tag k="tactile_paving" v="no"/>
    <tag k="traffic_signals:sound" v="yes"/>
    <tag k="traffic_signals:vibration" v="yes"/>
  </node>
  <node id="5874667142" lat="-33.9073368" lon="151.2050113"/>
  <node id="5874667143" lat="-33.9071544" lon="151.2051013"/>
  <node id="5874667144" lat="-33.9067552" lon="151.2049591"/>
  <node id="5874667145" lat="-33.9069671" lon="151.2051021"/>
  <node id="5874667146" lat="-33.9070573" lon="151.2050757"/>
  <node id="5874667147" lat="-33.9071307" lon="151.2050393">
    <tag k="crossing" v="traffic_signals"/>
    <tag k="highway" v="crossing"/>
    <tag k="ref" v="4652"/>
    <tag k="tactile_paving" v="no"/>
  </node>
  <node id="5874667148" lat="-33.9073132" lon="151.2049270"/>
  <node id="5874667149" lat="-33.9080831" lon="151.2048338">
    <tag k="crossing" v="traffic_signals"/>
    <tag k="crossing:island" v="no"/>
    <tag k="crossing:markings" v="dashes"/>
    <tag k="crossing:signals" v="yes"/>
    <tag k="highway" v="crossing"/>
  </node>
  <node id="5874667150" lat="-33.9081278" lon="151.2048251"/>
  <node id="5874667151" lat="-33.9080936" lon="151.2045646"/>
  <node id="5874667152" lat="-33.9066732" lon="151.2048376"/>
  <node id="5874667154" lat="-33.9061915" lon="151.2026895">
    <tag k="access" v="private"/>
    <tag k="amenity" v="bicycle_parking"/>
    <tag k="bicycle_parking" v="shed"/>
    <tag k="covered" v="yes"/>
  </node>
  <node id="5982120486" lat="-33.9031593" lon="151.2017274">
    <tag k="amenity" v="cafe"/>
    <tag k="name" v="Textbook"/>
    <tag k="website" v="https://www.textbookpatisserie.com.au/"/>
  </node>
  <node id="6021496453" lat="-33.9059550" lon="151.2041967">
    <tag k="crossing" v="zebra"/>
    <tag k="crossing:island" v="no"/>
    <tag k="highway" v="crossing"/>
    <tag k="traffic_calming" v="table"/>
  </node>
  <node id="6021496454" lat="-33.9065778" lon="151.2047106">
    <tag k="crossing" v="marked"/>
    <tag k="crossing:island" v="no"/>
    <tag k="crossing:markings" v="yes"/>
    <tag k="highway" v="crossing"/>
    <tag k="tactile_paving" v="yes"/>
    <tag k="traffic_calming" v="table"/>
  </node>
  <node id="6021496455" lat="-33.9060323" lon="151.2037461"/>
  <node id="6021496456" lat="-33.9061859" lon="151.2034528">
    <tag k="maxspeed" v="10"/>
    <tag k="traffic_sign" v="maxspeed"/>
    <tag k="traffic_sign:2" v="AU:R4-4"/>
    <tag k="traffic_sign:2:direction" v="forward"/>
    <tag k="traffic_sign:3" v="AU:R2-10"/>
    <tag k="traffic_sign:3:direction" v="forward"/>
    <tag k="traffic_sign:4" v="AU:R5-65"/>
    <tag k="traffic_sign:4:direction" v="forward"/>
    <tag k="traffic_sign:direction" v="forward"/>
  </node>
  <node id="6021496457" lat="-33.9062151" lon="151.2034190"/>
  <node id="6021496458" lat="-33.9062693" lon="151.2034415"/>
  <node id="6021803415" lat="-33.9081375" lon="151.2048972"/>
  <node id="6021876117" lat="-33.9052073" lon="151.2042672"/>
  <node id="6021876120" lat="-33.9049384" lon="151.2041281"/>
  <node id="6021876121" lat="-33.9048760" lon="151.2040552"/>
  <node id="6021876123" lat="-33.9052269" lon="151.2043159"/>
  <node id="6021876124" lat="-33.9052679" lon="151.2042475"/>
  <node id="6021876125" lat="-33.9054974" lon="151.2038385"/>
  <node id="6021919063" lat="-33.9052303" lon="151.2036332">
    <tag k="crossing" v="marked"/>
    <tag k="crossing:island" v="no"/>
    <tag k="crossing:markings" v="yes"/>
    <tag k="highway" v="crossing"/>
    <tag k="tactile_paving" v="yes"/>
    <tag k="traffic_calming" v="table"/>
  </node>
  <node id="6059640389" lat="-33.9070537" lon="151.2021682"/>
  <node id="6059640391" lat="-33.9068960" lon="151.2016940"/>
  <node id="6059640397" lat="-33.9070115" lon="151.2016178"/>
  <node id="6059640398" lat="-33.9036540" lon="151.2054708">
    <tag k="brand" v="Ferrari;Maserati"/>
    <tag k="check_date" v="2025-01-15"/>
    <tag k="name" v="Ferrari Maserati Sydney"/>
    <tag k="shop" v="car"/>
  </node>
  <node id="6059640400" lat="-33.9069347" lon="151.2021470"/>
  <node id="6067710086" lat="-33.9023232" lon="151.2036806">
    <tag k="amenity" v="cafe"/>
    <tag k="contact:instagram" v="https://www.instagram.com/cuppaflower/"/>
    <tag k="contact:phone" v="+61 2 8319 4116"/>
    <tag k="name" v="Cuppa Flower"/>
    <tag k="name:en" v="Cuppa Flower"/>
    <tag k="opening_hours" v="Mo-Fr 07:00-15:00; Sa-Su 08:00-15:00"/>
  </node>
  <node id="6067728086" lat="-33.9024097" lon="151.2046304">
    <tag k="addr:housenumber" v="25-33"/>
    <tag k="addr:postcode" v="2017"/>
    <tag k="addr:state" v="NSW"/>
    <tag k="addr:street" v="Allen Street"/>
    <tag k="addr:suburb" v="Waterloo"/>
    <tag k="addr:unit" v="SHOP 4&amp;5"/>
    <tag k="amenity" v="cafe"/>
    <tag k="cuisine" v="coffee_shop;asian"/>
    <tag k="diet:gluten_free" v="yes"/>
    <tag k="diet:vegan" v="yes"/>
    <tag k="diet:vegetarian" v="yes"/>
    <tag k="name" v="Social Hideout"/>
    <tag k="opening_hours" v="Mo-Fr 07:15-15:00; Sa-Su 08:00-15:00"/>
    <tag k="phone" v="+61 2 8068 4482"/>
    <tag k="website" v="https://www.socialhideout.com.au/waterloo"/>
  </node>
  <node id="6089300937" lat="-33.9081271" lon="151.2045694"/>
  <node id="6089300938" lat="-33.9079179" lon="151.2028483">
    <tag k="crossing" v="traffic_signals"/>
    <tag k="crossing:island" v="no"/>
    <tag k="crossing:markings" v="dashes"/>
    <tag k="highway" v="crossing"/>
    <tag k="tactile_paving" v="no"/>
  </node>
  <node id="6089300939" lat="-33.9068634" lon="151.2049561"/>
  <node id="6089300940" lat="-33.9070047" lon="151.2049951"/>
  <node id="6089300941" lat="-33.9073931" lon="151.2047812"/>
  <node id="6089300942" lat="-33.9079418" lon="151.2045810"/>
  <node id="6089300943" lat="-33.9073164" lon="151.2047056"/>
  <node id="6089300945" lat="-33.9077293" lon="151.2030192"/>
  <node id="6089300946" lat="-33.9079474" lon="151.2045453"/>
  <node id="6089300947" lat="-33.9079611" lon="151.2048016"/>
  <node id="6089300951" lat="-33.9079836" lon="151.2048531"/>
  <node id="6089300953" lat="-33.9074107" lon="151.2048722"/>
  <node id="6089300956" lat="-33.9070793" lon="151.2050743"/>
  <node id="6089300957" lat="-33.9058271" lon="151.2041849">
    <tag k="highway" v="crossing"/>
    <tag k="kerb" v="lowered"/>
  </node>
  <node id="6089300959" lat="-33.9069093" lon="151.2050929"/>
  <node id="6089300960" lat="-33.9083904" lon="151.2046951"/>
  <node id="6089300966" lat="-33.9062396" lon="151.2034850"/>
  <node id="6089300967" lat="-33.9059504" lon="151.2040152"/>
  <node id="6089300970" lat="-33.9063046" lon="151.2036604"/>
  <node id="6306151016" lat="-33.9025479" lon="151.2033531">
    <tag k="addr:housenumber" v="356-368"/>
    <tag k="addr:postcode" v="2017"/>
    <tag k="addr:state" v="NSW"/>
    <tag k="addr:street" v="George Street"/>
    <tag k="addr:suburb" v="Waterloo"/>
    <tag k="addr:unit" v="Shop 2"/>
    <tag k="email" v="info@happywheels.com.au"/>
    <tag k="name" v="happy wheels"/>
    <tag k="opening_hours" v="Mo,Tu,We,Fr 08:00-18:00; Th 08:00-19:00; Sa 10:00-16:00"/>
    <tag k="operator" v="Stew (Computa) Campbell"/>
    <tag k="phone" v="+61 2 8385 9997"/>
    <tag k="service:bicycle:Bicycle_Sales_and_Service" v="yes"/>
    <tag k="service:bicycle:accessories" v="yes"/>
    <tag k="service:bicycle:rental" v="yes"/>
    <tag k="service:bicycle:repair" v="yes"/>
    <tag k="service:bicycle:wheels" v="yes"/>
    <tag k="shop" v="bicycle"/>
    <tag k="website" v="https://happywheels.com.au/"/>
  </node>
  <node id="6336703197" lat="-33.9063285" lon="151.2008221">
    <tag k="barrier" v="gate"/>
  </node>
  <node id="6336703198" lat="-33.9062678" lon="151.2010346"/>
  <node id="6336703199" lat="-33.9063427" lon="151.2007625"/>
  <node id="6336703200" lat="-33.9067052" lon="151.2012975"/>
  <node id="6336703201" lat="-33.9066652" lon="151.2011734"/>
  <node id="6336703202" lat="-33.9066368" lon="151.2013505"/>
  <node id="6336703203" lat="-33.9065316" lon="151.2014236"/>
  <node id="6336703204" lat="-33.9064270" lon="151.2014933"/>
  <node id="6336703205" lat="-33.9063925" lon="151.2013820"/>
  <node id="6336703206" lat="-33.9063925" lon="151.2013042"/>
  <node id="6336703207" lat="-33.9064236" lon="151.2011419"/>
  <node id="6336703208" lat="-33.9064698" lon="151.2010266"/>
  <node id="6336703209" lat="-33.9065427" lon="151.2009072"/>
  <node id="6336703210" lat="-33.9064403" lon="151.2007999"/>
  <node id="6336703211" lat="-33.9060351" lon="151.2006485"/>
  <node id="6353688185" lat="-33.9033123" lon="151.2058418"/>
  <node id="6353688186" lat="-33.9034198" lon="151.2058219"/>
  <node id="6353688187" lat="-33.9034882" lon="151.2058090"/>
  <node id="6353688188" lat="-33.9035031" lon="151.2058296"/>
  <node id="6353688189" lat="-33.9035245" lon="151.2058450"/>
  <node id="6353688190" lat="-33.9036782" lon="151.2059582"/>
  <node id="6353688191" lat="-33.9037061" lon="151.2059029"/>
  <node id="6353688192" lat="-33.9037290" lon="151.2059181"/>
  <node id="6353688193" lat="-33.9038066" lon="151.2057679"/>
  <node id="6353688194" lat="-33.9038286" lon="151.2057852"/>
  <node id="6353688195" lat="-33.9039466" lon="151.2055621"/>
  <node id="6353688196" lat="-33.9039727" lon="151.2054703"/>
  <node id="6353688197" lat="-33.9039392" lon="151.2053828"/>
  <node id="6353688198" lat="-33.9038760" lon="151.2053477"/>
  <node id="6353688199" lat="-33.9038376" lon="151.2053501"/>
  <node id="6353688200" lat="-33.9032564" lon="151.2055342"/>
  <node id="6401946767" lat="-33.9090253" lon="151.2018898"/>
  <node id="6401946772" lat="-33.9090326" lon="151.2020875"/>
  <node id="6401946773" lat="-33.9089874" lon="151.2019033"/>
  <node id="6401946774" lat="-33.9089933" lon="151.2021030"/>
  <node id="6401946775" lat="-33.9089483" lon="151.2019178"/>
  <node id="6401946776" lat="-33.9090161" lon="151.2022055"/>
  <node id="6401946777" lat="-33.9089374" lon="151.2022330"/>
  <node id="6401946778" lat="-33.9088737" lon="151.2019609"/>
  <node id="6401946779" lat="-33.9088996" lon="151.2019514"/>
  <node id="6401946780" lat="-33.9088949" lon="151.2019362"/>
  <node id="6401946781" lat="-33.9088642" lon="151.2019373"/>
  <node id="6401946782" lat="-33.9089135" lon="151.2021309"/>
  <node id="6401946783" lat="-33.9088786" lon="151.2021458"/>
  <node id="6401946784" lat="-33.9088274" lon="151.2019507"/>
  <node id="6401947085" lat="-33.9088374" lon="151.2021579"/>
  <node id="6401947086" lat="-33.9087890" lon="151.2019648"/>
  <node id="6401947087" lat="-33.9088362" lon="151.2021529"/>
  <node id="6401947088" lat="-33.9087990" lon="151.2021686"/>
  <node id="6401947089" lat="-33.9087484" lon="151.2019809"/>
  <node id="6401947090" lat="-33.9086610" lon="151.2020151"/>
  <node id="6401947091" lat="-33.9087858" lon="151.2021194"/>
  <node id="6401947092" lat="-33.9086855" lon="151.2021525"/>
  <node id="6401947093" lat="-33.9086699" lon="151.2020922"/>
  <node id="6401947094" lat="-33.9086805" lon="151.2020882"/>
  <node id="6401947095" lat="-33.9088052" lon="151.2022089"/>
  <node id="6401947096" lat="-33.9086983" lon="151.2022397"/>
  <node id="6401947097" lat="-33.9086788" lon="151.2021559"/>
  <node id="6402024638" lat="-33.9081331" lon="151.2026793"/>
  <node id="6402024639" lat="-33.9086581" lon="151.2027053"/>
  <node id="6402024640" lat="-33.9081368" lon="151.2027096"/>
  <node id="6402024641" lat="-33.9079982" lon="151.2017449"/>
  <node id="6410536671" lat="-33.9088174" lon="151.2011741"/>
  <node id="6410536673" lat="-33.9087974" lon="151.2011378"/>
  <node id="6410536674" lat="-33.9087946" lon="151.2011197"/>
  <node id="6410536675" lat="-33.9087718" lon="151.2011224"/>
  <node id="6410536676" lat="-33.9087540" lon="151.2009957"/>
  <node id="6410536677" lat="-33.9087473" lon="151.2010138"/>
  <node id="6410536678" lat="-33.9087568" lon="151.2010621"/>
  <node id="6410536679" lat="-33.9087740" lon="151.2012103"/>
  <node id="6410536680" lat="-33.9087073" lon="151.2012223"/>
  <node id="6410536681" lat="-33.9087034" lon="151.2011801"/>
  <node id="6410536682" lat="-33.9086978" lon="151.2011794"/>
  <node id="6410536683" lat="-33.9086789" lon="151.2010279"/>
  <node id="6410536684" lat="-33.9086666" lon="151.2010252"/>
  <node id="6410536885" lat="-33.9086778" lon="151.2010775"/>
  <node id="6410536886" lat="-33.9086889" lon="151.2011855"/>
  <node id="6410536887" lat="-33.9086288" lon="151.2012009"/>
  <node id="6410536888" lat="-33.9085971" lon="151.2010386"/>
  <node id="6410536889" lat="-33.9085887" lon="151.2010366"/>
  <node id="6410536890" lat="-33.9086115" lon="151.2011345"/>
  <node id="6410536891" lat="-33.9086349" lon="151.2012451"/>
  <node id="6410536892" lat="-33.9086004" lon="151.2012585"/>
  <node id="6410536893" lat="-33.9085904" lon="151.2012210"/>
  <node id="6410536894" lat="-33.9085653" lon="151.2012264"/>
  <node id="6410536895" lat="-33.9085442" lon="151.2010513"/>
  <node id="6410536920" lat="-33.9089187" lon="151.2016837"/>
  <node id="6410536921" lat="-33.9088413" lon="151.2013645"/>
  <node id="6410536922" lat="-33.9088374" lon="151.2013672"/>
  <node id="6410536923" lat="-33.9089081" lon="151.2016555"/>
  <node id="6410536924" lat="-33.9088324" lon="151.2016810"/>
  <node id="6410536925" lat="-33.9087601" lon="151.2013933"/>
  <node id="6410536926" lat="-33.9087556" lon="151.2013953"/>
  <node id="6410536927" lat="-33.9088252" lon="151.2016783"/>
  <node id="6410536928" lat="-33.9087500" lon="151.2017051"/>
  <node id="6410536929" lat="-33.9086833" lon="151.2014222"/>
  <node id="6410536930" lat="-33.9086708" lon="151.2014240"/>
  <node id="6410536931" lat="-33.9087465" lon="151.2017365"/>
  <node id="6410536932" lat="-33.9086407" lon="151.2017714"/>
  <node id="6410536933" lat="-33.9085940" lon="151.2014549"/>
  <node id="6410537012" lat="-33.9084764" lon="151.2005711"/>
  <node id="6410537013" lat="-33.9085102" lon="151.2008413"/>
  <node id="6471970969" lat="-33.9064592" lon="151.2036993">
    <tag k="amenity" v="bicycle_parking"/>
    <tag k="bicycle_parking" v="stands"/>
    <tag k="capacity" v="3"/>
    <tag k="covered" v="no"/>
  </node>
  <node id="6560219240" lat="-33.9066484" lon="151.2018960">
    <tag k="exit:carriages" v="no|no|no|stairs|stairs;lift|no|no|no"/>
    <tag k="local_ref" v="2"/>
    <tag k="name" v="Green Square"/>
    <tag k="public_transport" v="stop_position"/>
    <tag k="railway" v="stop"/>
    <tag k="ref" v="2015112"/>
    <tag k="side" v="left"/>
    <tag k="train" v="yes"/>
    <tag k="wheelchair" v="yes"/>
  </node>
  <node id="6560219241" lat="-33.9059285" lon="151.2026871">
    <tag k="exit:carriages" v="no|no|no|stairs;lift|stairs|no|no|no"/>
    <tag k="local_ref" v="1"/>
    <tag k="name" v="Green Square"/>
    <tag k="public_transport" v="stop_position"/>
    <tag k="railway" v="stop"/>
    <tag k="ref" v="2015111"/>
    <tag k="side" v="left"/>
    <tag k="train" v="yes"/>
    <tag k="wheelchair" v="yes"/>
  </node>
  <node id="6560219242" lat="-33.9061714" lon="151.2024456"/>
  <node id="6586189653" lat="-33.9041490" lon="151.2067355">
    <tag k="traffic_calming" v="hump"/>
  </node>
  <node id="6586189654" lat="-33.9035829" lon="151.2064243"/>
  <node id="6586189656" lat="-33.9037456" lon="151.2065250"/>
  <node id="6586189657" lat="-33.9042190" lon="151.2067677"/>
  <node id="6586189658" lat="-33.9042321" lon="151.2068182"/>
  <node id="6636474618" lat="-33.9058263" lon="151.2035921">
    <tag k="amenity" v="bicycle_parking"/>
    <tag k="capacity:beds" v="12"/>
  </node>
  <node id="6636489503" lat="-33.9057023" lon="151.2033238">
    <tag k="amenity" v="bicycle_parking"/>
    <tag k="bicycle_parking" v="stands"/>
    <tag k="capacity" v="6"/>
    <tag k="covered" v="yes"/>
  </node>
  <node id="6636495815" lat="-33.9058217" lon="151.2032843">
    <tag k="amenity" v="bicycle_parking"/>
    <tag k="bicycle_parking" v="stands"/>
    <tag k="capacity" v="6"/>
    <tag k="covered" v="yes"/>
  </node>
  <node id="6636512226" lat="-33.9059550" lon="151.2033011">
    <tag k="amenity" v="bicycle_parking"/>
    <tag k="bicycle_parking" v="stands"/>
    <tag k="capacity" v="4"/>
    <tag k="covered" v="yes"/>
  </node>
  <node id="6636523357" lat="-33.9058908" lon="151.2032854">
    <tag k="amenity" v="bicycle_parking"/>
    <tag k="bicycle_parking" v="stands"/>
    <tag k="capacity" v="4"/>
    <tag k="covered" v="yes"/>
  </node>
  <node id="6649535993" lat="-33.9029398" lon="151.2003379"/>
  <node id="6649903936" lat="-33.9034252" lon="151.2000268"/>
  <node id="6649903938" lat="-33.9040620" lon="151.1994721"/>
  <node id="6649903956" lat="-33.9024442" lon="151.2007454"/>
  <node id="6649903958" lat="-33.9029923" lon="151.2004736"/>
  <node id="6649903959" lat="-33.9035945" lon="151.2000815"/>
  <node id="6649903960" lat="-33.9044475" lon="151.1990471"/>
  <node id="6649903963" lat="-33.9039846" lon="151.1997484"/>
  <node id="6649903964" lat="-33.9045590" lon="151.1991359"/>
  <node id="6763101953" lat="-33.9049599" lon="151.2045967">
    <tag k="amenity" v="bicycle_parking"/>
    <tag k="bicycle_parking" v="stands"/>
    <tag k="capacity" v="8"/>
    <tag k="covered" v="no"/>
    <tag k="fee" v="no"/>
  </node>
  <node id="6763101954" lat="-33.9048183" lon="151.2044525">
    <tag k="amenity" v="bicycle_parking"/>
    <tag k="bicycle_parking" v="stands"/>
    <tag k="capacity" v="8"/>
    <tag k="covered" v="no"/>
  </node>
  <node id="6763101955" lat="-33.9049579" lon="151.2041162"/>
  <node id="6763101956" lat="-33.9051223" lon="151.2042144">
    <tag k="amenity" v="bicycle_parking"/>
    <tag k="bicycle_parking" v="stands"/>
    <tag k="capacity" v="6"/>
    <tag k="covered" v="no"/>
  </node>
  <node id="6763101957" lat="-33.9051719" lon="151.2042514">
    <tag k="amenity" v="waste_basket"/>
  </node>
  <node id="6763101958" lat="-33.9051918" lon="151.2042611">
    <tag k="amenity" v="bicycle_parking"/>
    <tag k="bicycle_parking" v="stands"/>
    <tag k="capacity" v="8"/>
    <tag k="covered" v="no"/>
  </node>
  <node id="6763101959" lat="-33.9051882" lon="151.2043383">
    <tag k="maxspeed" v="10"/>
    <tag k="traffic_sign" v="maxspeed"/>
    <tag k="traffic_sign:2" v="AU:R4-4"/>
    <tag k="traffic_sign:2:direction" v="forward"/>
    <tag k="traffic_sign:direction" v="forward"/>
  </node>
  <node id="6763101960" lat="-33.9052579" lon="151.2043368"/>
  <node id="6763101961" lat="-33.9051774" lon="151.2042776"/>
  <node id="6763101962" lat="-33.9051265" lon="151.2038072"/>
  <node id="6763101963" lat="-33.9051739" lon="151.2037825"/>
  <node id="6763101964" lat="-33.9052403" lon="151.2037741"/>
  <node id="6763101965" lat="-33.9054425" lon="151.2039142"/>
  <node id="6763101966" lat="-33.9049902" lon="151.2045802"/>
  <node id="6763101967" lat="-33.9051566" lon="151.2043042"/>
  <node id="6763101968" lat="-33.9049464" lon="151.2041345"/>
  <node id="6763101969" lat="-33.9049746" lon="151.2040875"/>
  <node id="6763101970" lat="-33.9054225" lon="151.2039008"/>
  <node id="6763101971" lat="-33.9053274" lon="151.2038282"/>
  <node id="6763101972" lat="-33.9051930" lon="151.2036939"/>
  <node id="6763101973" lat="-33.9052771" lon="151.2035572"/>
  <node id="6763101974" lat="-33.9053411" lon="151.2036325">
    <tag k="amenity" v="bench"/>
    <tag k="backrest" v="yes"/>
  </node>
  <node id="6763101975" lat="-33.9053649" lon="151.2036509">
    <tag k="amenity" v="bench"/>
    <tag k="backrest" v="yes"/>
  </node>
  <node id="6763101976" lat="-33.9053900" lon="151.2036769">
    <tag k="amenity" v="bicycle_parking"/>
    <tag k="bicycle_parking" v="stands"/>
    <tag k="capacity" v="1"/>
    <tag k="covered" v="no"/>
  </node>
  <node id="6763101977" lat="-33.9053337" lon="151.2037816">
    <tag k="amenity" v="bicycle_parking"/>
    <tag k="bicycle_parking" v="stands"/>
    <tag k="capacity" v="1"/>
    <tag k="covered" v="no"/>
  </node>
  <node id="6763101978" lat="-33.9053494" lon="151.2037958">
    <tag k="amenity" v="bench"/>
    <tag k="backrest" v="yes"/>
  </node>
  <node id="6763101979" lat="-33.9053677" lon="151.2038127">
    <tag k="amenity" v="bench"/>
    <tag k="backrest" v="yes"/>
  </node>
  <node id="6763101980" lat="-33.9054389" lon="151.2038710">
    <tag k="access" v="yes"/>
    <tag k="amenity" v="bicycle_parking"/>
    <tag k="bicycle_parking" v="stands"/>
    <tag k="capacity" v="2"/>
    <tag k="covered" v="no"/>
    <tag k="fee" v="no"/>
  </node>
  <node id="6763101981" lat="-33.9052964" lon="151.2042383">
    <tag k="amenity" v="bicycle_parking"/>
    <tag k="bicycle_parking" v="stands"/>
    <tag k="capacity" v="16"/>
    <tag k="covered" v="no"/>
  </node>
  <node id="6763101982" lat="-33.9053261" lon="151.2041646"/>
  <node id="6763101983" lat="-33.9053061" lon="151.2042013"/>
  <node id="6763101984" lat="-33.9052718" lon="151.2042109"/>
  <node id="6763105485" lat="-33.9052086" lon="151.2042441"/>
  <node id="6763105486" lat="-33.9051380" lon="151.2042486"/>
  <node id="6763105487" lat="-33.9049858" lon="151.2040676"/>
  <node id="6763105488" lat="-33.9054884" lon="151.2039062">
    <tag k="amenity" v="waste_basket"/>
  </node>
  <node id="6763105489" lat="-33.9055060" lon="151.2039225">
    <tag k="amenity" v="vending_machine"/>
    <tag k="vending" v="parking_tickets"/>
  </node>
  <node id="6763105490" lat="-33.9055568" lon="151.2039622">
    <tag k="amenity" v="bicycle_parking"/>
    <tag k="bicycle_parking" v="stands"/>
    <tag k="capacity" v="1"/>
    <tag k="covered" v="no"/>
  </node>
  <node id="6763105491" lat="-33.9056729" lon="151.2040525">
    <tag k="amenity" v="bicycle_parking"/>
    <tag k="bicycle_parking" v="stands"/>
    <tag k="capacity" v="1"/>
    <tag k="covered" v="no"/>
  </node>
  <node id="6763105492" lat="-33.9056163" lon="151.2040081">
    <tag k="amenity" v="bench"/>
  </node>
  <node id="6763105493" lat="-33.9057560" lon="151.2041292"/>
  <node id="6763105494" lat="-33.9057927" lon="151.2040658">
    <tag k="crossing" v="unmarked"/>
    <tag k="crossing:island" v="no"/>
    <tag k="crossing:markings" v="no"/>
    <tag k="highway" v="crossing"/>
  </node>
  <node id="6763105495" lat="-33.9058342" lon="151.2040112"/>
  <node id="6763105496" lat="-33.9057879" lon="151.2039817">
    <tag k="amenity" v="waste_basket"/>
    <tag k="colour" v="grey"/>
    <tag k="material" v="metal"/>
  </node>
  <node id="6763105497" lat="-33.9059861" lon="151.2037068">
    <tag k="access" v="permissive"/>
    <tag k="amenity" v="parking_entrance"/>
    <tag k="parking" v="underground"/>
  </node>
  <node id="6763105498" lat="-33.9061672" lon="151.2035410">
    <tag k="amenity" v="bench"/>
    <tag k="backrest" v="yes"/>
  </node>
  <node id="6763105499" lat="-33.9061491" lon="151.2035780">
    <tag k="amenity" v="bench"/>
    <tag k="backrest" v="yes"/>
  </node>
  <node id="6763105500" lat="-33.9065588" lon="151.2038666">
    <tag k="amenity" v="bicycle_parking"/>
    <tag k="bicycle_parking" v="stands"/>
    <tag k="capacity" v="6"/>
    <tag k="covered" v="no"/>
  </node>
  <node id="6763105501" lat="-33.9065106" lon="151.2037892">
    <tag k="amenity" v="bicycle_parking"/>
    <tag k="bicycle_parking" v="stands"/>
    <tag k="capacity" v="3"/>
    <tag k="covered" v="no"/>
  </node>
  <node id="6763105502" lat="-33.9065971" lon="151.2039219">
    <tag k="amenity" v="bench"/>
  </node>
  <node id="6763105503" lat="-33.9067405" lon="151.2041477">
    <tag k="amenity" v="bicycle_parking"/>
    <tag k="bicycle_parking" v="stands"/>
    <tag k="capacity" v="6"/>
    <tag k="covered" v="no"/>
  </node>
  <node id="6763105504" lat="-33.9067819" lon="151.2042165">
    <tag k="amenity" v="bench"/>
    <tag k="backrest" v="yes"/>
  </node>
  <node id="6763105505" lat="-33.9068006" lon="151.2042462">
    <tag k="amenity" v="bicycle_parking"/>
    <tag k="bicycle_parking" v="stands"/>
    <tag k="capacity" v="6"/>
    <tag k="covered" v="no"/>
  </node>
  <node id="6763105506" lat="-33.9069293" lon="151.2045468">
    <tag k="amenity" v="bench"/>
    <tag k="backrest" v="yes"/>
  </node>
  <node id="6763105507" lat="-33.9070437" lon="151.2046989">
    <tag k="amenity" v="bench"/>
    <tag k="backrest" v="yes"/>
  </node>
  <node id="6763105508" lat="-33.9071462" lon="151.2048109"/>
  <node id="6763105509" lat="-33.9062083" lon="151.2034229"/>
  <node id="6763105510" lat="-33.9063522" lon="151.2035969"/>
  <node id="6763105511" lat="-33.9067150" lon="151.2049254"/>
  <node id="6763105512" lat="-33.9066819" lon="151.2049532"/>
  <node id="6763105513" lat="-33.9065353" lon="151.2052072">
    <tag k="noexit" v="yes"/>
  </node>
  <node id="6763105514" lat="-33.9066543" lon="151.2048729">
    <tag k="crossing" v="unmarked"/>
    <tag k="crossing:markings" v="no"/>
    <tag k="highway" v="crossing"/>
  </node>
  <node id="6763105515" lat="-33.9065418" lon="151.2047789"/>
  <node id="6763105516" lat="-33.9066146" lon="151.2046467"/>
  <node id="6763105517" lat="-33.9059211" lon="151.2042603"/>
  <node id="6763105518" lat="-33.9059957" lon="151.2041224"/>
  <node id="6763209656" lat="-33.9069622" lon="151.2044427"/>
  <node id="6763209657" lat="-33.9070837" lon="151.2043584"/>
  <node id="6763209658" lat="-33.9071393" lon="151.2045450"/>
  <node id="6763209659" lat="-33.9070646" lon="151.2045954"/>
  <node id="6763209660" lat="-33.9071795" lon="151.2045905">
    <tag k="amenity" v="bicycle_parking"/>
    <tag k="bicycle_parking" v="stands"/>
    <tag k="capacity" v="2"/>
    <tag k="covered" v="no"/>
  </node>
  <node id="6763209661" lat="-33.9071844" lon="151.2045994">
    <tag k="amenity" v="bench"/>
  </node>
  <node id="6763209662" lat="-33.9071717" lon="151.2045577">
    <tag k="amenity" v="drinking_water"/>
  </node>
  <node id="6763209663" lat="-33.9071573" lon="151.2045057">
    <tag k="amenity" v="bench"/>
  </node>
  <node id="6763209664" lat="-33.9068930" lon="151.2036740">
    <tag k="amenity" v="drinking_water"/>
    <tag k="fountain" v="bubbler"/>
    <tag k="wheelchair" v="yes"/>
  </node>
  <node id="6763209665" lat="-33.9062223" lon="151.2031678"/>
  <node id="6763209666" lat="-33.9062219" lon="151.2032081"/>
  <node id="6763209667" lat="-33.9063492" lon="151.2033431"/>
  <node id="6763209668" lat="-33.9064238" lon="151.2032561"/>
  <node id="6763209669" lat="-33.9065973" lon="151.2034723"/>
  <node id="6763209670" lat="-33.9065226" lon="151.2035593"/>
  <node id="6763209671" lat="-33.9063844" lon="151.2033020">
    <tag k="entrance" v="yes"/>
  </node>
  <node id="6763209672" lat="-33.9067927" lon="151.2040701">
    <tag k="entrance" v="yes"/>
    <tag k="level" v="-1"/>
  </node>
  <node id="6763209673" lat="-33.9068928" lon="151.2042513"/>
  <node id="6763209674" lat="-33.9068800" lon="151.2044098"/>
  <node id="6763209675" lat="-33.9066309" lon="151.2038844">
    <tag k="entrance" v="yes"/>
  </node>
  <node id="6763209676" lat="-33.9067219" lon="151.2039073">
    <tag k="entrance" v="yes"/>
  </node>
  <node id="6770787965" lat="-33.9043329" lon="151.2052286"/>
  <node id="6770787966" lat="-33.9046758" lon="151.2045992"/>
  <node id="6770787967" lat="-33.9047197" lon="151.2045253">
    <tag k="button_operated" v="yes"/>
    <tag k="crossing" v="traffic_signals"/>
    <tag k="highway" v="crossing"/>
    <tag k="kerb" v="lowered"/>
    <tag k="tactile_paving" v="no"/>
    <tag k="traffic_signals:sound" v="yes"/>
    <tag k="traffic_signals:vibration" v="yes"/>
  </node>
  <node id="6770787968" lat="-33.9044241" lon="151.2050523"/>
  <node id="6770787969" lat="-33.9043457" lon="151.2051964"/>
  <node id="6774203568" lat="-33.9087908" lon="151.2029040"/>
  <node id="6774203569" lat="-33.9085986" lon="151.2029457"/>
  <node id="6774203570" lat="-33.9083908" lon="151.2029655"/>
  <node id="6774203571" lat="-33.9079285" lon="151.2029720"/>
  <node id="6774203572" lat="-33.9078854" lon="151.2029664"/>
  <node id="7066424988" lat="-33.9052412" lon="151.2034019"/>
  <node id="7066424989" lat="-33.9045867" lon="151.2042226">
    <tag k="name" v="Wittner"/>
    <tag k="shop" v="shoes"/>
  </node>
  <node id="7066424990" lat="-33.9043798" lon="151.2045479">
    <tag k="name" v="Eclipse Handcrafted Furniture"/>
    <tag k="shop" v="furniture"/>
  </node>
  <node id="7066424991" lat="-33.9049223" lon="151.2046715">
    <tag k="direction" v="both"/>
    <tag k="traffic_calming" v="choker"/>
  </node>
  <node id="7066424992" lat="-33.9050253" lon="151.2046451">
    <tag k="maxspeed" v="10"/>
    <tag k="traffic_sign" v="maxspeed"/>
    <tag k="traffic_sign:2" v="AU:R4-4"/>
    <tag k="traffic_sign:2:direction" v="forward"/>
    <tag k="traffic_sign:3" v="AU:R2-10"/>
    <tag k="traffic_sign:3:direction" v="forward"/>
    <tag k="traffic_sign:direction" v="forward"/>
  </node>
  <node id="7066424993" lat="-33.9051011" lon="151.2045477">
    <tag k="power" v="pole"/>
  </node>
  <node id="7066424994" lat="-33.9052107" lon="151.2043516">
    <tag k="material" v="wood"/>
    <tag k="power" v="pole"/>
  </node>
  <node id="7066424996" lat="-33.9057557" lon="151.2047278">
    <tag k="maxspeed" v="10"/>
    <tag k="traffic_sign" v="maxspeed"/>
    <tag k="traffic_sign:2" v="AU:R4-4"/>
    <tag k="traffic_sign:2:direction" v="forward"/>
    <tag k="traffic_sign:direction" v="forward"/>
  </node>
  <node id="7066424997" lat="-33.9060243" lon="151.2049336">
    <tag k="maxspeed" v="10"/>
    <tag k="traffic_sign" v="maxspeed"/>
    <tag k="traffic_sign:2" v="AU:R4-4"/>
    <tag k="traffic_sign:2:direction" v="forward"/>
    <tag k="traffic_sign:direction" v="forward"/>
  </node>
  <node id="7066424998" lat="-33.9064720" lon="151.2053095">
    <tag k="maxspeed" v="10"/>
    <tag k="traffic_sign" v="maxspeed"/>
    <tag k="traffic_sign:2" v="AU:R4-4"/>
    <tag k="traffic_sign:2:direction" v="forward"/>
    <tag k="traffic_sign:3" v="AU:R5-65"/>
    <tag k="traffic_sign:3:direction" v="forward"/>
    <tag k="traffic_sign:direction" v="forward"/>
  </node>
  <node id="7066424999" lat="-33.9063559" lon="151.2053393">
    <tag k="man_made" v="street_cabinet"/>
  </node>
  <node id="7066425000" lat="-33.9063735" lon="151.2055061">
    <tag k="man_made" v="street_cabinet"/>
  </node>
  <node id="7066425001" lat="-33.9062615" lon="151.2056216">
    <tag k="direction" v="forward"/>
    <tag k="highway" v="give_way"/>
  </node>
  <node id="7066425002" lat="-33.9062756" lon="151.2055932">
    <tag k="traffic_sign" v="AU:R4-5"/>
    <tag k="traffic_sign:direction" v="forward"/>
  </node>
  <node id="7066425003" lat="-33.9061941" lon="151.2057262">
    <tag k="direction" v="backward"/>
    <tag k="highway" v="give_way"/>
  </node>
  <node id="7066425004" lat="-33.9049504" lon="151.2047835">
    <tag k="direction" v="backward"/>
    <tag k="highway" v="stop"/>
  </node>
  <node id="7066425005" lat="-33.9049680" lon="151.2047517">
    <tag k="traffic_sign" v="AU:R2-11"/>
    <tag k="traffic_sign:direction" v="forward"/>
  </node>
  <node id="7066425006" lat="-33.9046341" lon="151.2054467">
    <tag k="amenity" v="waste_basket"/>
  </node>
  <node id="7066425007" lat="-33.9046762" lon="151.2055077">
    <tag k="bench" v="yes"/>
    <tag k="bin" v="yes"/>
    <tag k="bus" v="yes"/>
    <tag k="highway" v="bus_stop"/>
    <tag k="lit" v="yes"/>
    <tag k="name" v="Elizabeth St before Bourke St"/>
    <tag k="network" v="Transport Buses"/>
    <tag k="network:wikidata" v="Q5001345"/>
    <tag k="public_transport" v="platform"/>
    <tag k="ref" v="201720"/>
    <tag k="shelter" v="yes"/>
    <tag k="tactile_paving" v="yes"/>
  </node>
  <node id="7066425008" lat="-33.9043606" lon="151.2053481">
    <tag k="maxspeed" v="40"/>
    <tag k="traffic_sign" v="maxspeed"/>
    <tag k="traffic_sign:direction" v="forward"/>
  </node>
  <node id="7066425009" lat="-33.9050460" lon="151.2038922">
    <tag k="man_made" v="street_cabinet"/>
  </node>
  <node id="7066425010" lat="-33.9053002" lon="151.2032877">
    <tag k="maxspeed" v="50"/>
    <tag k="traffic_sign" v="maxspeed"/>
    <tag k="traffic_sign:direction" v="forward"/>
  </node>
  <node id="7066425011" lat="-33.9055074" lon="151.2031216">
    <tag k="direction" v="240"/>
    <tag k="highway" v="speed_camera"/>
    <tag k="maxspeed" v="50"/>
  </node>
  <node id="7066425012" lat="-33.9071604" lon="151.2029727">
    <tag k="bench" v="yes"/>
    <tag k="bin" v="yes"/>
    <tag k="bus" v="yes"/>
    <tag k="departures_board" v="timetable"/>
    <tag k="highway" v="bus_stop"/>
    <tag k="local_ref" v="C"/>
    <tag k="name" v="Green Square Station, Botany Rd, Stand C"/>
    <tag k="network" v="Transport Buses"/>
    <tag k="network:wikidata" v="Q5001345"/>
    <tag k="public_transport" v="platform"/>
    <tag k="ref" v="201715"/>
    <tag k="shelter" v="no"/>
    <tag k="tactile_paving" v="yes"/>
    <tag k="wheelchair" v="yes"/>
  </node>
  <node id="7066425013" lat="-33.9079456" lon="151.2038654"/>
  <node id="7066425014" lat="-33.9079806" lon="151.2040998"/>
  <node id="7066425015" lat="-33.9077465" lon="151.2047329"/>
  <node id="7066425016" lat="-33.9067412" lon="151.2048486">
    <tag k="traffic_sign" v="AU:W6-2"/>
    <tag k="traffic_sign:direction" v="backward"/>
  </node>
  <node id="7066425017" lat="-33.9061172" lon="151.2043306">
    <tag k="traffic_sign" v="AU:W6-2"/>
    <tag k="traffic_sign:direction" v="backward"/>
  </node>
  <node id="7066425023" lat="-33.9081918" lon="151.2055329"/>
  <node id="7066425024" lat="-33.9080867" lon="151.2048725">
    <tag k="highway" v="traffic_signals"/>
    <tag k="traffic_signals" v="signal"/>
    <tag k="traffic_signals:direction" v="forward"/>
  </node>
  <node id="7066425025" lat="-33.9081638" lon="151.2053773">
    <tag k="crossing" v="unmarked"/>
    <tag k="crossing:island" v="yes"/>
    <tag k="crossing:markings" v="no"/>
    <tag k="highway" v="crossing"/>
  </node>
  <node id="7066425026" lat="-33.9064424" lon="151.2047716">
    <tag k="addr:housenumber" v="20-26"/>
    <tag k="addr:postcode" v="2017"/>
    <tag k="addr:state" v="NSW"/>
    <tag k="addr:street" v="Ebsworth Street"/>
    <tag k="addr:suburb" v="Zetland"/>
    <tag k="brand" v="BWS"/>
    <tag k="brand:wikidata" v="Q4836848"/>
    <tag k="brand:wikipedia" v="en:BWS (liquor retailer)"/>
    <tag k="name" v="BWS"/>
    <tag k="opening_hours" v="Mo-Sa 10:00-21:55; Su 10:00-20:00"/>
    <tag k="phone" v="+61 2 8399 5980"/>
    <tag k="shop" v="alcohol"/>
    <tag k="website" v="https://bws.com.au/storelocator/nsw-zetland-1619"/>
  </node>
  <node id="7066425027" lat="-33.9065568" lon="151.2039498">
    <tag k="access" v="yes"/>
    <tag k="amenity" v="drinking_water"/>
    <tag k="fee" v="no"/>
  </node>
  <node id="7066425028" lat="-33.9071223" lon="151.2047749">
    <tag k="traffic_sign" v="AU:R4-5;AU:R2-6"/>
    <tag k="traffic_sign:direction" v="forward"/>
  </node>
  <node id="7066425029" lat="-33.9071603" lon="151.2048400">
    <tag k="traffic_sign" v="AU:R2-14"/>
    <tag k="traffic_sign:direction" v="forward"/>
  </node>
  <node id="7118249581" lat="-33.9060206" lon="151.2026486">
    <tag k="fixme" v="node placement approximate"/>
    <tag k="name" v="Green Square"/>
    <tag k="railway" v="subway_entrance"/>
    <tag k="source" v="survey"/>
    <tag k="wheelchair" v="yes"/>
  </node>
  <node id="7118682240" lat="-33.9062454" lon="151.1993285"/>
  <node id="7118682241" lat="-33.9062673" lon="151.1992338"/>
  <node id="7118682242" lat="-33.9062512" lon="151.1992284"/>
  <node id="7118682243" lat="-33.9062375" lon="151.1992879"/>
  <node id="7118682244" lat="-33.9062098" lon="151.1992786"/>
  <node id="7118682245" lat="-33.9062140" lon="151.1992606"/>
  <node id="7118682246" lat="-33.9061932" lon="151.1992536"/>
  <node id="7118682247" lat="-33.9061967" lon="151.1992388"/>
  <node id="7118682248" lat="-33.9061794" lon="151.1992330"/>
  <node id="7118682249" lat="-33.9061863" lon="151.1992034"/>
  <node id="7118682250" lat="-33.9059250" lon="151.1991156"/>
  <node id="7118682251" lat="-33.9059024" lon="151.1992132"/>
  <node id="7118682252" lat="-33.9059859" lon="151.1994960"/>
  <node id="7118682253" lat="-33.9060113" lon="151.1995680"/>
  <node id="7118689921" lat="-33.9048227" lon="151.2010319"/>
  <node id="7118689930" lat="-33.9053966" lon="151.2012451"/>
  <node id="7118689931" lat="-33.9053607" lon="151.2013940"/>
  <node id="7118689932" lat="-33.9051668" lon="151.2013262"/>
  <node id="7118689933" lat="-33.9051777" lon="151.2012809"/>
  <node id="7118689934" lat="-33.9050112" lon="151.2012226"/>
  <node id="7118689935" lat="-33.9050000" lon="151.2012690"/>
  <node id="7118689936" lat="-33.9047838" lon="151.2011933"/>
  <node id="7118689937" lat="-33.9055210" lon="151.2002837"/>
  <node id="7118689938" lat="-33.9048740" lon="151.2000513"/>
  <node id="7118689939" lat="-33.9049225" lon="151.1998553"/>
  <node id="7118689940" lat="-33.9055695" lon="151.2000875"/>
  <node id="7157815977" lat="-33.9054283" lon="151.2003976"/>
  <node id="7157815978" lat="-33.9050035" lon="151.2002340"/>
  <node id="7157815979" lat="-33.9047778" lon="151.2011852"/>
  <node id="7157815980" lat="-33.9057906" lon="151.2012409"/>
  <node id="7157815981" lat="-33.9050431" lon="151.2010527"/>
  <node id="7157815982" lat="-33.9050306" lon="151.2011046"/>
  <node id="7157815983" lat="-33.9051632" lon="151.2009895"/>
  <node id="7157815984" lat="-33.9051261" lon="151.2011433"/>
  <node id="7157828985" lat="-33.9051089" lon="151.2010757"/>
  <node id="7157828986" lat="-33.9050952" lon="151.2011325"/>
  <node id="7157828987" lat="-33.9053081" lon="151.2010401"/>
  <node id="7157828988" lat="-33.9052694" lon="151.2012006"/>
  <node id="7157828989" lat="-33.9056653" lon="151.2014961"/>
  <node id="7157828990" lat="-33.9056067" lon="151.2014860"/>
  <node id="7157828991" lat="-33.9057448" lon="151.2013969"/>
  <node id="7157828992" lat="-33.9057101" lon="151.2014638"/>
  <node id="7169184015" lat="-33.9067987" lon="151.1991217"/>
  <node id="7169184016" lat="-33.9067747" lon="151.1991206"/>
  <node id="7169184017" lat="-33.9067585" lon="151.1991251"/>
  <node id="7169184018" lat="-33.9067674" lon="151.1991129"/>
  <node id="7169184019" lat="-33.9067847" lon="151.1991069"/>
  <node id="7169184020" lat="-33.9068469" lon="151.1992189"/>
  <node id="7169184021" lat="-33.9068086" lon="151.1991082"/>
  <node id="7169184022" lat="-33.9068226" lon="151.1991230"/>
  <node id="7169184023" lat="-33.9068323" lon="151.1991097"/>
  <node id="7169184024" lat="-33.9068930" lon="151.1991741"/>
  <node id="7169184025" lat="-33.9068648" lon="151.1992127"/>
  <node id="7169184026" lat="-33.9068573" lon="151.1992047"/>
  <node id="7169184027" lat="-33.9068224" lon="151.1992522"/>
  <node id="7169184028" lat="-33.9068327" lon="151.1992381"/>
  <node id="7169184029" lat="-33.9068033" lon="151.1992765"/>
  <node id="7169184030" lat="-33.9067018" lon="151.1991685"/>
  <node id="7169184031" lat="-33.9067407" lon="151.1991154"/>
  <node id="7169184032" lat="-33.9067880" lon="151.1991658"/>
  <node id="7169184033" lat="-33.9067778" lon="151.1991797"/>
  <node id="7169184034" lat="-33.9068292" lon="151.1992594"/>
  <node id="7169184035" lat="-33.9068212" lon="151.1992703"/>
  <node id="7169184036" lat="-33.9068137" lon="151.1992623"/>
  <node id="7169184037" lat="-33.9066775" lon="151.1992001"/>
  <node id="7169184038" lat="-33.9066960" lon="151.1991747"/>
  <node id="7169184039" lat="-33.9067435" lon="151.1992249"/>
  <node id="7169184040" lat="-33.9067336" lon="151.1992385"/>
  <node id="7169184041" lat="-33.9067948" lon="151.1993033"/>
  <node id="7169184042" lat="-33.9067862" lon="151.1993151"/>
  <node id="7169184043" lat="-33.9066712" lon="151.1993216"/>
  <node id="7169184044" lat="-33.9066995" lon="151.1992829"/>
  <node id="7169184045" lat="-33.9066850" lon="151.1993363"/>
  <node id="7169184046" lat="-33.9067133" lon="151.1992976"/>
  <node id="7169184047" lat="-33.9066608" lon="151.1993358"/>
  <node id="7169184048" lat="-33.9067094" lon="151.1992695"/>
  <node id="7169184049" lat="-33.9066620" lon="151.1992191"/>
  <node id="7169184050" lat="-33.9066135" lon="151.1992854"/>
  <node id="7169184051" lat="-33.9066645" lon="151.1993840"/>
  <node id="7169184052" lat="-33.9066899" lon="151.1994327"/>
  <node id="7169184053" lat="-33.9066988" lon="151.1994206"/>
  <node id="7169184054" lat="-33.9066739" lon="151.1993712"/>
  <node id="7169184055" lat="-33.9065861" lon="151.1993255"/>
  <node id="7169184056" lat="-33.9066059" lon="151.1992986"/>
  <node id="7169184057" lat="-33.9066238" lon="151.1993621"/>
  <node id="7169184058" lat="-33.9066126" lon="151.1993774"/>
  <node id="7169184059" lat="-33.9065725" lon="151.1993346"/>
  <node id="7169184060" lat="-33.9065822" lon="151.1993214"/>
  <node id="7169184061" lat="-33.9066847" lon="151.1994544"/>
  <node id="7169184062" lat="-33.9065767" lon="151.1993391"/>
  <node id="7169184063" lat="-33.9065678" lon="151.1993512"/>
  <node id="7169184064" lat="-33.9066757" lon="151.1994665"/>
  <node id="7169184065" lat="-33.9065813" lon="151.1994712"/>
  <node id="7169184066" lat="-33.9066359" lon="151.1994570"/>
  <node id="7169184067" lat="-33.9066708" lon="151.1994739"/>
  <node id="7169184068" lat="-33.9066626" lon="151.1994852"/>
  <node id="7169184069" lat="-33.9066088" lon="151.1994762"/>
  <node id="7169184070" lat="-33.9066162" lon="151.1994840"/>
  <node id="7169184071" lat="-33.9065991" lon="151.1994895"/>
  <node id="7169184072" lat="-33.9065629" lon="151.1993595"/>
  <node id="7169184073" lat="-33.9065147" lon="151.1994255"/>
  <node id="7169184074" lat="-33.9065711" lon="151.1994853"/>
  <node id="7169184075" lat="-33.9068121" lon="151.1990833"/>
  <node id="7169184076" lat="-33.9067809" lon="151.1990806"/>
  <node id="7169184077" lat="-33.9067564" lon="151.1990894"/>
  <node id="7169184078" lat="-33.9068388" lon="151.1990981"/>
  <node id="7169184079" lat="-33.9064743" lon="151.1994488"/>
  <node id="7169184080" lat="-33.9069062" lon="151.1991710"/>
  <node id="7169184081" lat="-33.9067309" lon="151.1991120"/>
  <node id="7169184082" lat="-33.9068462" lon="151.1993614"/>
  <node id="7169184083" lat="-33.9068251" lon="151.1993383"/>
  <node id="7169184084" lat="-33.9067100" lon="151.1994913"/>
  <node id="7169186085" lat="-33.9067311" lon="151.1995144"/>
  <node id="7169186086" lat="-33.9070132" lon="151.1991394"/>
  <node id="7169186087" lat="-33.9069921" lon="151.1991164"/>
  <node id="7169186088" lat="-33.9068714" lon="151.1992767"/>
  <node id="7169186089" lat="-33.9068925" lon="151.1992997"/>
  <node id="7169186090" lat="-33.9070375" lon="151.1991795"/>
  <node id="7169186091" lat="-33.9070164" lon="151.1991564"/>
  <node id="7169186092" lat="-33.9069018" lon="151.1993089"/>
  <node id="7169186093" lat="-33.9069229" lon="151.1993319"/>
  <node id="7169186094" lat="-33.9070735" lon="151.1992034"/>
  <node id="7169186095" lat="-33.9070524" lon="151.1991804"/>
  <node id="7169186096" lat="-33.9069318" lon="151.1993407"/>
  <node id="7169186097" lat="-33.9069529" lon="151.1993638"/>
  <node id="7169186098" lat="-33.9071039" lon="151.1992360"/>
  <node id="7169186099" lat="-33.9070828" lon="151.1992129"/>
  <node id="7169186100" lat="-33.9069622" lon="151.1993732"/>
  <node id="7169186101" lat="-33.9069833" lon="151.1993963"/>
  <node id="7169186102" lat="-33.9071336" lon="151.1992682"/>
  <node id="7169186103" lat="-33.9071125" lon="151.1992451"/>
  <node id="7169186104" lat="-33.9069919" lon="151.1994054"/>
  <node id="7169186105" lat="-33.9070130" lon="151.1994285"/>
  <node id="7169186106" lat="-33.9071637" lon="151.1993010"/>
  <node id="7169186107" lat="-33.9071426" lon="151.1992780"/>
  <node id="7169186108" lat="-33.9070220" lon="151.1994383"/>
  <node id="7169186109" lat="-33.9070431" lon="151.1994613"/>
  <node id="7169186110" lat="-33.9071928" lon="151.1993336"/>
  <node id="7169186111" lat="-33.9071717" lon="151.1993105"/>
  <node id="7169186112" lat="-33.9070510" lon="151.1994709"/>
  <node id="7169186113" lat="-33.9070721" lon="151.1994939"/>
  <node id="7169186114" lat="-33.9070025" lon="151.1996341"/>
  <node id="7169186115" lat="-33.9069916" lon="151.1996222"/>
  <node id="7169186116" lat="-33.9070396" lon="151.1995591"/>
  <node id="7169186117" lat="-33.9070615" lon="151.1995833"/>
  <node id="7169186118" lat="-33.9070258" lon="151.1996303"/>
  <node id="7169186119" lat="-33.9070147" lon="151.1996181"/>
  <node id="7169186120" lat="-33.9072107" lon="151.1993533"/>
  <node id="7169186121" lat="-33.9071999" lon="151.1993415"/>
  <node id="7169186122" lat="-33.9070793" lon="151.1995019"/>
  <node id="7169186123" lat="-33.9070901" lon="151.1995137"/>
  <node id="7169186124" lat="-33.9067504" lon="151.1995359"/>
  <node id="7169186125" lat="-33.9067395" lon="151.1995239"/>
  <node id="7169186126" lat="-33.9068801" lon="151.1993374"/>
  <node id="7169186127" lat="-33.9069021" lon="151.1993615"/>
  <node id="7169186128" lat="-33.9067682" lon="151.1995391"/>
  <node id="7169186129" lat="-33.9067571" lon="151.1995270"/>
  <node id="7169186130" lat="-33.9067929" lon="151.1995525"/>
  <node id="7169186131" lat="-33.9067820" lon="151.1995406"/>
  <node id="7169186132" lat="-33.9069108" lon="151.1993697"/>
  <node id="7169186133" lat="-33.9069328" lon="151.1993938"/>
  <node id="7169186134" lat="-33.9068108" lon="151.1995558"/>
  <node id="7169186135" lat="-33.9067997" lon="151.1995436"/>
  <node id="7169186136" lat="-33.9068353" lon="151.1995678"/>
  <node id="7169186137" lat="-33.9068244" lon="151.1995558"/>
  <node id="7169186138" lat="-33.9069404" lon="151.1994020"/>
  <node id="7169186139" lat="-33.9069624" lon="151.1994261"/>
  <node id="7169186140" lat="-33.9068531" lon="151.1995710"/>
  <node id="7169186141" lat="-33.9068420" lon="151.1995589"/>
  <node id="7169186142" lat="-33.9068776" lon="151.1995838"/>
  <node id="7169186143" lat="-33.9068667" lon="151.1995719"/>
  <node id="7169186144" lat="-33.9069703" lon="151.1994344"/>
  <node id="7169186145" lat="-33.9069923" lon="151.1994585"/>
  <node id="7169186146" lat="-33.9068954" lon="151.1995870"/>
  <node id="7169186147" lat="-33.9068843" lon="151.1995749"/>
  <node id="7169186148" lat="-33.9069202" lon="151.1996006"/>
  <node id="7169186149" lat="-33.9069093" lon="151.1995887"/>
  <node id="7169186150" lat="-33.9070008" lon="151.1994676"/>
  <node id="7169186151" lat="-33.9070227" lon="151.1994917"/>
  <node id="7169186152" lat="-33.9069380" lon="151.1996039"/>
  <node id="7169186153" lat="-33.9069269" lon="151.1995917"/>
  <node id="7169186154" lat="-33.9069507" lon="151.1996039"/>
  <node id="7169186155" lat="-33.9069682" lon="151.1996070"/>
  <node id="7169186156" lat="-33.9069615" lon="151.1996159"/>
  <node id="7169186157" lat="-33.9069793" lon="151.1996193"/>
  <node id="7169186158" lat="-33.9070519" lon="151.1995238"/>
  <node id="7169186159" lat="-33.9070300" lon="151.1994996"/>
  <node id="7169186160" lat="-33.9066076" lon="151.2000474"/>
  <node id="7169186161" lat="-33.9065810" lon="151.2000376"/>
  <node id="7169186162" lat="-33.9065736" lon="151.2000348"/>
  <node id="7169186163" lat="-33.9065470" lon="151.2000250"/>
  <node id="7169186164" lat="-33.9066115" lon="151.2000323"/>
  <node id="7169186165" lat="-33.9065849" lon="151.2000224"/>
  <node id="7169186166" lat="-33.9065775" lon="151.2000195"/>
  <node id="7169186167" lat="-33.9065509" lon="151.2000097"/>
  <node id="7169186168" lat="-33.9067598" lon="151.2001183"/>
  <node id="7169186169" lat="-33.9067632" lon="151.2001050"/>
  <node id="7169186170" lat="-33.9065095" lon="151.2000111"/>
  <node id="7169186171" lat="-33.9065061" lon="151.2000244"/>
  <node id="7169186172" lat="-33.9067656" lon="151.2000940"/>
  <node id="7169186173" lat="-33.9067689" lon="151.2000806"/>
  <node id="7169186174" lat="-33.9067342" lon="151.2000682"/>
  <node id="7169186175" lat="-33.9067309" lon="151.2000816"/>
  <node id="7169186176" lat="-33.9067213" lon="151.2000769"/>
  <node id="7169186177" lat="-33.9067246" lon="151.2000635"/>
  <node id="7169186178" lat="-33.9066899" lon="151.2000511"/>
  <node id="7169186179" lat="-33.9066866" lon="151.2000645"/>
  <node id="7169186180" lat="-33.9065397" lon="151.1999783"/>
  <node id="7169186181" lat="-33.9065363" lon="151.1999920"/>
  <node id="7169186182" lat="-33.9066756" lon="151.2000588"/>
  <node id="7169186183" lat="-33.9066824" lon="151.2000312"/>
  <node id="7169186184" lat="-33.9066575" lon="151.2000223"/>
  <node id="7169186185" lat="-33.9066507" lon="151.2000499"/>
  <node id="7169186186" lat="-33.9065792" lon="151.2000074"/>
  <node id="7169186187" lat="-33.9065860" lon="151.1999797"/>
  <node id="7169186188" lat="-33.9065611" lon="151.1999708"/>
  <node id="7169186189" lat="-33.9065543" lon="151.1999984"/>
  <node id="7169186190" lat="-33.9065474" lon="151.1999810"/>
  <node id="7169186191" lat="-33.9065508" lon="151.1999672"/>
  <node id="7169186192" lat="-33.9065259" lon="151.1999582"/>
  <node id="7169186193" lat="-33.9065191" lon="151.1999858"/>
  <node id="7169186194" lat="-33.9065060" lon="151.1999810"/>
  <node id="7169186195" lat="-33.9065128" lon="151.1999534"/>
  <node id="7169186196" lat="-33.9064879" lon="151.1999445"/>
  <node id="7169186197" lat="-33.9064811" lon="151.1999721"/>
  <node id="7169186198" lat="-33.9064711" lon="151.1999680"/>
  <node id="7169186199" lat="-33.9064779" lon="151.1999403"/>
  <node id="7169186200" lat="-33.9064530" lon="151.1999314"/>
  <node id="7169186201" lat="-33.9064461" lon="151.1999590"/>
  <node id="7169186202" lat="-33.9064352" lon="151.1999552"/>
  <node id="7169186203" lat="-33.9064420" lon="151.1999276"/>
  <node id="7169186204" lat="-33.9064171" lon="151.1999187"/>
  <node id="7169186205" lat="-33.9064103" lon="151.1999463"/>
  <node id="7169186206" lat="-33.9063969" lon="151.1999416"/>
  <node id="7169186207" lat="-33.9064037" lon="151.1999140"/>
  <node id="7169186208" lat="-33.9063788" lon="151.1999051"/>
  <node id="7169186209" lat="-33.9063720" lon="151.1999327"/>
  <node id="7169186210" lat="-33.9063632" lon="151.1999291"/>
  <node id="7169186211" lat="-33.9063701" lon="151.1999015"/>
  <node id="7169186212" lat="-33.9063451" lon="151.1998925"/>
  <node id="7169186213" lat="-33.9063383" lon="151.1999201"/>
  <node id="7169186214" lat="-33.9063508" lon="151.2001108"/>
  <node id="7169186215" lat="-33.9063546" lon="151.2000957"/>
  <node id="7169186216" lat="-33.9063389" lon="151.2000900"/>
  <node id="7169186217" lat="-33.9063351" lon="151.2001052"/>
  <node id="7169186218" lat="-33.9063953" lon="151.2001264"/>
  <node id="7169186219" lat="-33.9063991" lon="151.2001113"/>
  <node id="7169186220" lat="-33.9063654" lon="151.2000992"/>
  <node id="7169186221" lat="-33.9063616" lon="151.2001143"/>
  <node id="7169186222" lat="-33.9064372" lon="151.2001419"/>
  <node id="7169186223" lat="-33.9064410" lon="151.2001267"/>
  <node id="7169186224" lat="-33.9064072" lon="151.2001146"/>
  <node id="7169186225" lat="-33.9064035" lon="151.2001298"/>
  <node id="7169186226" lat="-33.9064867" lon="151.2001595"/>
  <node id="7169186227" lat="-33.9064905" lon="151.2001444"/>
  <node id="7169186228" lat="-33.9064568" lon="151.2001323"/>
  <node id="7169186229" lat="-33.9064530" lon="151.2001474"/>
  <node id="7169186230" lat="-33.9065785" lon="151.2001926"/>
  <node id="7169186231" lat="-33.9065823" lon="151.2001774"/>
  <node id="7169186232" lat="-33.9065135" lon="151.2001527"/>
  <node id="7169186233" lat="-33.9065097" lon="151.2001679"/>
  <node id="7169186234" lat="-33.9065862" lon="151.2001643"/>
  <node id="7169186235" lat="-33.9065899" lon="151.2001492"/>
  <node id="7169186236" lat="-33.9064774" lon="151.2001088"/>
  <node id="7169186237" lat="-33.9064736" lon="151.2001239"/>
  <node id="7169186238" lat="-33.9064666" lon="151.2001214"/>
  <node id="7169186239" lat="-33.9064704" lon="151.2001062"/>
  <node id="7169186240" lat="-33.9063413" lon="151.2000599"/>
  <node id="7169186241" lat="-33.9063375" lon="151.2000750"/>
  <node id="7169186242" lat="-33.9065934" lon="151.2001366"/>
  <node id="7169186243" lat="-33.9065971" lon="151.2001214"/>
  <node id="7169186244" lat="-33.9063530" lon="151.2000338"/>
  <node id="7169186245" lat="-33.9063492" lon="151.2000489"/>
  <node id="7169186246" lat="-33.9065617" lon="151.2001253"/>
  <node id="7181176539" lat="-33.9078857" lon="151.2030165">
    <tag k="crossing" v="traffic_signals"/>
    <tag k="crossing:island" v="no"/>
    <tag k="crossing:markings" v="dashes"/>
    <tag k="highway" v="crossing"/>
  </node>
  <node id="7181176540" lat="-33.9078413" lon="151.2030173">
    <tag k="crossing" v="traffic_signals"/>
    <tag k="crossing:island" v="no"/>
    <tag k="crossing:markings" v="dashes"/>
    <tag k="highway" v="crossing"/>
    <tag k="tactile_paving" v="no"/>
  </node>
  <node id="7297890720" lat="-33.9042170" lon="151.2061430"/>
  <node id="7297890721" lat="-33.9046024" lon="151.2062664"/>
  <node id="7297890722" lat="-33.9043055" lon="151.2067103"/>
  <node id="7297890723" lat="-33.9040305" lon="151.2066168"/>
  <node id="7297890724" lat="-33.9037049" lon="151.2064017"/>
  <node id="7297890725" lat="-33.9037361" lon="151.2063427"/>
  <node id="7297890726" lat="-33.9040605" lon="151.2064533"/>
  <node id="7368630063" lat="-33.9042700" lon="151.2066596">
    <tag k="amenity" v="drinking_water"/>
    <tag k="fountain" v="bubbler"/>
  </node>
  <node id="7370898127" lat="-33.9042165" lon="151.2010354"/>
  <node id="7402208279" lat="-33.9045083" lon="151.2025776"/>
  <node id="7539540725" lat="-33.9060751" lon="151.2023942"/>
  <node id="7674951479" lat="-33.9076082" lon="151.2063125"/>
  <node id="7678495470" lat="-33.9051755" lon="151.2036591"/>
  <node id="7678495471" lat="-33.9058069" lon="151.2041446"/>
  <node id="7678495472" lat="-33.9066513" lon="151.2048345"/>
  <node id="7678495473" lat="-33.9074949" lon="151.2062532"/>
  <node id="7678495475" lat="-33.9069961" lon="151.2063820"/>
  <node id="7678495476" lat="-33.9068296" lon="151.2066902"/>
  <node id="7678495477" lat="-33.9048035" lon="151.2050917"/>
  <node id="7678495478" lat="-33.9050441" lon="151.2046415"/>
  <node id="7678495479" lat="-33.9047499" lon="151.2043990"/>
  <node id="7680169675" lat="-33.9065986" lon="151.2018208"/>
  <node id="7680169676" lat="-33.9065384" lon="151.2019113"/>
  <node id="7680169677" lat="-33.9063107" lon="151.2022143"/>
  <node id="7680169678" lat="-33.9059662" lon="151.2025400"/>
  <node id="7680169679" lat="-33.9054476" lon="151.2030222"/>
  <node id="7680169680" lat="-33.9066744" lon="151.2019325"/>
  <node id="7680169681" lat="-33.9065788" lon="151.2020607"/>
  <node id="7680169682" lat="-33.9064295" lon="151.2022707"/>
  <node id="7680169683" lat="-33.9061656" lon="151.2026366"/>
  <node id="7680169684" lat="-33.9055265" lon="151.2031291"/>
  <node id="7694285058" lat="-33.9076550" lon="151.2008743"/>
  <node id="7735410192" lat="-33.9087560" lon="151.2035705"/>
  <node id="7865286234" lat="-33.9083812" lon="151.2034803"/>
  <node id="7865286235" lat="-33.9086529" lon="151.2034416"/>
  <node id="7865286236" lat="-33.9088140" lon="151.2045875"/>
  <node id="7865286237" lat="-33.9087308" lon="151.2045933"/>
  <node id="7865286238" lat="-33.9085947" lon="151.2045105"/>
  <node id="7865286239" lat="-33.9085789" lon="151.2043835"/>
  <node id="7865286240" lat="-33.9084917" lon="151.2039035"/>
  <node id="7865286241" lat="-33.9084800" lon="151.2038204"/>
  <node id="7865286242" lat="-33.9084967" lon="151.2038187"/>
  <node id="7865286243" lat="-33.9084758" lon="151.2036545"/>
  <node id="7865286244" lat="-33.9084657" lon="151.2036012"/>
  <node id="7865286245" lat="-33.9088111" lon="151.2034585"/>
  <node id="7865286246" lat="-33.9090420" lon="151.2034122"/>
  <node id="7865286247" lat="-33.9089784" lon="151.2037496"/>
  <node id="7865286251" lat="-33.9081819" lon="151.2048188"/>
  <node id="7865286252" lat="-33.9083667" lon="151.2048187"/>
  <node id="7865286253" lat="-33.9083740" lon="151.2048542"/>
  <node id="7865286254" lat="-33.9085508" lon="151.2048241"/>
  <node id="7865286255" lat="-33.9085674" lon="151.2050594"/>
  <node id="7865286256" lat="-33.9084248" lon="151.2050903"/>
  <node id="7865286257" lat="-33.9084530" lon="151.2052753"/>
  <node id="7865286258" lat="-33.9082502" lon="151.2053097"/>
  <node id="7865286259" lat="-33.9086217" lon="151.2048661"/>
  <node id="7865286263" lat="-33.9082620" lon="151.2054006"/>
  <node id="7865286266" lat="-33.9083024" lon="151.2056847"/>
  <node id="7865326326" lat="-33.9084222" lon="151.2047946"/>
  <node id="7865326327" lat="-33.9081687" lon="151.2047858"/>
  <node id="7877840817" lat="-33.9087265" lon="151.2048451"/>
  <node id="7888578522" lat="-33.9082172" lon="151.2054128"/>
  <node id="7888578523" lat="-33.9081616" lon="151.2049572"/>
  <node id="7888578524" lat="-33.9082033" lon="151.2053078"/>
  <node id="7888578525" lat="-33.9082037" lon="151.2052516"/>
  <node id="7888578526" lat="-33.9082336" lon="151.2054821"/>
  <node id="7888578527" lat="-33.9080598" lon="151.2053940"/>
  <node id="7888578528" lat="-33.9082073" lon="151.2053703"/>
  <node id="7888578529" lat="-33.9081625" lon="151.2048193"/>
  <node id="7888578531" lat="-33.9082370" lon="151.2053655"/>
  <node id="7888578532" lat="-33.9059232" lon="151.2031451"/>
  <node id="7888578534" lat="-33.9060391" lon="151.2031566">
    <tag k="railway" v="subway_entrance"/>
  </node>
  <node id="7888578535" lat="-33.9061100" lon="151.2031546"/>
  <node id="7888578537" lat="-33.9079288" lon="151.2048127"/>
  <node id="7888578538" lat="-33.9081025" lon="151.2059058"/>
  <node id="7888578539" lat="-33.9079500" lon="151.2030027"/>
  <node id="7888578540" lat="-33.9081533" lon="151.2045938"/>
  <node id="7888578541" lat="-33.9073301" lon="151.2049322"/>
  <node id="7888578542" lat="-33.9077666" lon="151.2060890"/>
  <node id="7888578543" lat="-33.9074139" lon="151.2048915"/>
  <node id="7895181244" lat="-33.9055708" lon="151.2030289"/>
  <node id="7895181245" lat="-33.9054721" lon="151.2029611">
    <tag k="button_operated" v="yes"/>
    <tag k="crossing" v="traffic_signals"/>
    <tag k="crossing:island" v="yes"/>
    <tag k="highway" v="crossing"/>
    <tag k="tactile_paving" v="incorrect"/>
    <tag k="traffic_signals:sound" v="yes"/>
    <tag k="traffic_signals:vibration" v="yes"/>
  </node>
  <node id="7895181246" lat="-33.9053812" lon="151.2029018"/>
  <node id="7895181247" lat="-33.9054037" lon="151.2028020">
    <tag k="button_operated" v="yes"/>
    <tag k="crossing" v="traffic_signals"/>
    <tag k="crossing:island" v="no"/>
    <tag k="highway" v="crossing"/>
    <tag k="tactile_paving" v="no"/>
    <tag k="traffic_signals:sound" v="yes"/>
    <tag k="traffic_signals:vibration" v="yes"/>
  </node>
  <node id="7895181248" lat="-33.9054305" lon="151.2026900"/>
  <node id="7895181249" lat="-33.9055587" lon="151.2022112"/>
  <node id="7895181250" lat="-33.9055916" lon="151.2020189"/>
  <node id="7895181251" lat="-33.9055775" lon="151.2019565"/>
  <node id="7899178513" lat="-33.9036810" lon="151.2064022"/>
  <node id="7899178514" lat="-33.9042562" lon="151.2067075"/>
  <node id="7899178515" lat="-33.9042762" lon="151.2067183"/>
  <node id="7899178516" lat="-33.9045837" lon="151.2062604"/>
  <node id="7899178517" lat="-33.9046025" lon="151.2062179"/>
  <node id="7899178518" lat="-33.9044216" lon="151.2065097"/>
  <node id="7899178519" lat="-33.9042788" lon="151.2068362"/>
  <node id="7905473533" lat="-33.9055880" lon="151.2029962"/>
  <node id="7905473534" lat="-33.9057931" lon="151.2030438"/>
  <node id="7905473535" lat="-33.9058245" lon="151.2030308"/>
  <node id="7905473536" lat="-33.9059727" lon="151.2030627"/>
  <node id="7905473537" lat="-33.9060443" lon="151.2031002"/>
  <node id="7905473538" lat="-33.9061829" lon="151.2031692"/>
  <node id="7905473539" lat="-33.9058177" lon="151.2030726"/>
  <node id="7905473540" lat="-33.9058993" lon="151.2030927"/>
  <node id="7905473541" lat="-33.9059823" lon="151.2031130"/>
  <node id="7905473542" lat="-33.9060240" lon="151.2031232"/>
  <node id="7905473543" lat="-33.9060607" lon="151.2031337"/>
  <node id="7905473544" lat="-33.9060967" lon="151.2031436"/>
  <node id="7905473545" lat="-33.9058971" lon="151.2031113">
    <tag k="entrance" v="yes"/>
  </node>
  <node id="7905473546" lat="-33.9058924" lon="151.2031437"/>
  <node id="7905473547" lat="-33.9058807" lon="151.2031416">
    <tag k="highway" v="elevator"/>
  </node>
  <node id="7905473548" lat="-33.9062185" lon="151.2033250"/>
  <node id="7996780850" lat="-33.9081687" lon="151.2046109"/>
  <node id="7996780851" lat="-33.9081440" lon="151.2046031"/>
  <node id="8049252438" lat="-33.9088032" lon="151.2038857">
    <tag k="crossing" v="marked"/>
    <tag k="crossing:markings" v="yes"/>
    <tag k="highway" v="crossing"/>
    <tag k="traffic_calming" v="table"/>
  </node>
  <node id="8049252440" lat="-33.9088563" lon="151.2038768"/>
  <node id="8049252441" lat="-33.9088069" lon="151.2035077"/>
  <node id="8049252442" lat="-33.9087380" lon="151.2034497"/>
  <node id="8049252443" lat="-33.9087332" lon="151.2034237"/>
  <node id="8049252444" lat="-33.9087274" lon="151.2034041"/>
  <node id="8049252445" lat="-33.9087195" lon="151.2033921"/>
  <node id="8049252446" lat="-33.9087057" lon="151.2033791"/>
  <node id="8049252447" lat="-33.9086818" lon="151.2033676">
    <tag k="crossing" v="unmarked"/>
    <tag k="crossing:markings" v="no"/>
    <tag k="highway" v="crossing"/>
  </node>
  <node id="8049252449" lat="-33.9088551" lon="151.2033818"/>
  <node id="8049252450" lat="-33.9089139" lon="151.2033555"/>
  <node id="8049252451" lat="-33.9089788" lon="151.2033482"/>
  <node id="8049252453" lat="-33.9090149" lon="151.2033805"/>
  <node id="8049252454" lat="-33.9090212" lon="151.2034165">
    <tag k="access" v="private"/>
    <tag k="amenity" v="parking_entrance"/>
  </node>
  <node id="8049252455" lat="-33.9086803" lon="151.2035141"/>
  <node id="8049252456" lat="-33.9087375" lon="151.2038995"/>
  <node id="8049252457" lat="-33.9088347" lon="151.2046210"/>
  <node id="8049252458" lat="-33.9087955" lon="151.2034123">
    <tag k="crossing" v="unmarked"/>
    <tag k="crossing:markings" v="no"/>
    <tag k="highway" v="crossing"/>
  </node>
  <node id="8049252459" lat="-33.9087874" lon="151.2033705"/>
  <node id="8049252460" lat="-33.9087722" lon="151.2033465"/>
  <node id="8049252461" lat="-33.9087466" lon="151.2033229"/>
  <node id="8049252462" lat="-33.9087149" lon="151.2033069"/>
  <node id="8049252463" lat="-33.9086839" lon="151.2032998"/>
  <node id="8049252464" lat="-33.9084382" lon="151.2039517"/>
  <node id="8083017107" lat="-33.9089685" lon="151.2036778"/>
  <node id="8083017108" lat="-33.9090757" lon="151.2036563"/>
  <node id="8083017114" lat="-33.9089963" lon="151.2033573"/>
  <node id="8083017115" lat="-33.9089449" lon="151.2033464"/>
  <node id="8083348786" lat="-33.9049243" lon="151.2069410"/>
  <node id="8083348790" lat="-33.9049056" lon="151.2069512"/>
  <node id="8083348791" lat="-33.9050085" lon="151.2071583"/>
  <node id="8083348792" lat="-33.9050151" lon="151.2069426"/>
  <node id="8083348793" lat="-33.9046625" lon="151.2066133"/>
  <node id="8083348794" lat="-33.9046297" lon="151.2065806"/>
  <node id="8083348795" lat="-33.9045912" lon="151.2066255"/>
  <node id="8083348803" lat="-33.9042746" lon="151.2069675"/>
  <node id="8083348804" lat="-33.9050363" lon="151.2070205"/>
  <node id="8083348805" lat="-33.9044449" lon="151.2065491"/>
  <node id="8083348806" lat="-33.9043266" lon="151.2067577"/>
  <node id="8083348808" lat="-33.9049667" lon="151.2068991"/>
  <node id="8083348809" lat="-33.9050571" lon="151.2069548"/>
  <node id="8083348810" lat="-33.9051161" lon="151.2066623"/>
  <node id="8083348811" lat="-33.9049918" lon="151.2066232"/>
  <node id="8083348812" lat="-33.9048095" lon="151.2063754"/>
  <node id="8083348813" lat="-33.9047742" lon="151.2065568"/>
  <node id="8083348815" lat="-33.9051451" lon="151.2064826"/>
  <node id="8083348816" lat="-33.9044854" lon="151.2065229"/>
  <node id="8083376317" lat="-33.9047534" lon="151.2064711"/>
  <node id="8083376318" lat="-33.9047789" lon="151.2063626"/>
  <node id="8083376319" lat="-33.9046195" lon="151.2063081"/>
  <node id="8090776490" lat="-33.9070069" lon="151.2064464"/>
  <node id="8090776491" lat="-33.9066834" lon="151.2070433"/>
  <node id="8090776494" lat="-33.9075738" lon="151.2064620"/>
  <node id="8090776495" lat="-33.9072560" lon="151.2066277"/>
  <node id="8090776496" lat="-33.9049347" lon="151.2048120"/>
  <node id="8117713082" lat="-33.9025594" lon="151.2036736"/>
  <node id="8117713083" lat="-33.9025810" lon="151.2037331"/>
  <node id="8117713085" lat="-33.9028223" lon="151.2054280"/>
  <node id="8117713086" lat="-33.9027771" lon="151.2054076"/>
  <node id="8117713087" lat="-33.9028016" lon="151.2053723"/>
  <node id="8117713088" lat="-33.9027444" lon="151.2056274"/>
  <node id="8117713089" lat="-33.9027767" lon="151.2056097"/>
  <node id="8117713090" lat="-33.9027521" lon="151.2054141"/>
  <node id="8117713091" lat="-33.9026264" lon="151.2054466"/>
  <node id="8117713094" lat="-33.9027418" lon="151.2056543"/>
  <node id="8151225607" lat="-33.9070269" lon="151.2050549"/>
  <node id="8151239292" lat="-33.9056992" lon="151.2048596"/>
  <node id="8151239293" lat="-33.9055829" lon="151.2047755"/>
  <node id="8151239294" lat="-33.9055599" lon="151.2047589"/>
  <node id="8151239295" lat="-33.9055666" lon="151.2047461"/>
  <node id="8151239296" lat="-33.9054736" lon="151.2046994"/>
  <node id="8151239297" lat="-33.9052897" lon="151.2045530"/>
  <node id="8151239298" lat="-33.9053053" lon="151.2045255"/>
  <node id="8151239299" lat="-33.9053114" lon="151.2044798"/>
  <node id="8151239300" lat="-33.9057801" lon="151.2049096"/>
  <node id="8151239301" lat="-33.9058614" lon="151.2049586"/>
  <node id="8151239302" lat="-33.9058135" lon="151.2049474"/>
  <node id="8151239303" lat="-33.9058164" lon="151.2050006"/>
  <node id="8151239304" lat="-33.9058459" lon="151.2049466"/>
  <node id="8151239305" lat="-33.9058521" lon="151.2049756"/>
  <node id="8151239306" lat="-33.9059411" lon="151.2050522"/>
  <node id="8151239307" lat="-33.9059431" lon="151.2050472"/>
  <node id="8151239308" lat="-33.9059542" lon="151.2050556"/>
  <node id="8151239309" lat="-33.9059280" lon="151.2050347"/>
  <node id="8151239310" lat="-33.9059702" lon="151.2050565"/>
  <node id="8151239311" lat="-33.9062776" lon="151.2052855"/>
  <node id="8151239312" lat="-33.9063148" lon="151.2053165"/>
  <node id="8151239313" lat="-33.9062738" lon="151.2052925"/>
  <node id="8151239314" lat="-33.9062354" lon="151.2052638"/>
  <node id="8151239315" lat="-33.9061465" lon="151.2052287"/>
  <node id="8151239316" lat="-33.9061084" lon="151.2051993"/>
  <node id="8151262717" lat="-33.9060962" lon="151.2051227"/>
  <node id="8151262718" lat="-33.9060604" lon="151.2050894"/>
  <node id="8151262719" lat="-33.9060385" lon="151.2051294"/>
  <node id="8151262720" lat="-33.9060014" lon="151.2050992"/>
  <node id="8151262721" lat="-33.9059635" lon="151.2050688"/>
  <node id="8151262722" lat="-33.9059247" lon="151.2050407"/>
  <node id="8151262723" lat="-33.9059594" lon="151.2050481"/>
  <node id="8151262724" lat="-33.9058902" lon="151.2050050"/>
  <node id="8151262725" lat="-33.9058796" lon="151.2050242"/>
  <node id="8151262726" lat="-33.9058439" lon="151.2049906"/>
  <node id="8151262727" lat="-33.9057941" lon="151.2049833"/>
  <node id="8151262728" lat="-33.9057758" lon="151.2049173"/>
  <node id="8151262729" lat="-33.9057420" lon="151.2048803"/>
  <node id="8151262730" lat="-33.9057326" lon="151.2048974"/>
  <node id="8151262731" lat="-33.9056940" lon="151.2048691"/>
  <node id="8151262732" lat="-33.9056608" lon="151.2048308"/>
  <node id="8151262733" lat="-33.9056426" lon="151.2048640"/>
  <node id="8151262734" lat="-33.9056052" lon="151.2048335"/>
  <node id="8151262735" lat="-33.9055682" lon="151.2048022"/>
  <node id="8151262736" lat="-33.9055125" lon="151.2047065"/>
  <node id="8151262737" lat="-33.9055509" lon="151.2047351"/>
  <node id="8151262738" lat="-33.9055007" lon="151.2047279"/>
  <node id="8151262739" lat="-33.9054706" lon="151.2047048"/>
  <node id="8151262740" lat="-33.9054455" lon="151.2046782"/>
  <node id="8151262741" lat="-33.9054350" lon="151.2046973"/>
  <node id="8151262742" lat="-33.9053897" lon="151.2046340"/>
  <node id="8151262743" lat="-33.9053528" lon="151.2046026"/>
  <node id="8151262744" lat="-33.9053150" lon="151.2045729"/>
  <node id="8151262745" lat="-33.9052926" lon="151.2045151"/>
  <node id="8151262746" lat="-33.9052732" lon="151.2044522"/>
  <node id="8151262747" lat="-33.9052605" lon="151.2044752"/>
  <node id="8151262748" lat="-33.9052235" lon="151.2044440"/>
  <node id="8151262749" lat="-33.9051866" lon="151.2044125"/>
  <node id="8151262750" lat="-33.9061664" lon="151.2054896"/>
  <node id="8151262751" lat="-33.9061285" lon="151.2054599"/>
  <node id="8151262752" lat="-33.9062784" lon="151.2051850"/>
  <node id="8151262753" lat="-33.9060906" lon="151.2054303"/>
  <node id="8151262754" lat="-33.9062406" lon="151.2051553"/>
  <node id="8151262755" lat="-33.9060526" lon="151.2054006"/>
  <node id="8151262756" lat="-33.9062028" lon="151.2051256"/>
  <node id="8151262757" lat="-33.9060147" lon="151.2053709"/>
  <node id="8151262758" lat="-33.9061649" lon="151.2050959"/>
  <node id="8151262759" lat="-33.9059768" lon="151.2053413"/>
  <node id="8151262760" lat="-33.9061271" lon="151.2050662"/>
  <node id="8151262761" lat="-33.9059389" lon="151.2053116"/>
  <node id="8151262762" lat="-33.9059009" lon="151.2052819"/>
  <node id="8151262763" lat="-33.9058630" lon="151.2052522"/>
  <node id="8151262764" lat="-33.9058251" lon="151.2052226"/>
  <node id="8151262765" lat="-33.9057871" lon="151.2051929"/>
  <node id="8151262766" lat="-33.9057492" lon="151.2051632"/>
  <node id="8151262767" lat="-33.9057113" lon="151.2051336"/>
  <node id="8151262768" lat="-33.9056734" lon="151.2051039"/>
  <node id="8151262769" lat="-33.9056354" lon="151.2050742"/>
  <node id="8151262770" lat="-33.9055975" lon="151.2050445"/>
  <node id="8151262771" lat="-33.9055596" lon="151.2050149"/>
  <node id="8151262772" lat="-33.9055217" lon="151.2049852"/>
  <node id="8151262773" lat="-33.9054837" lon="151.2049555"/>
  <node id="8151262774" lat="-33.9054458" lon="151.2049258"/>
  <node id="8151262775" lat="-33.9054079" lon="151.2048962"/>
  <node id="8151262776" lat="-33.9053777" lon="151.2048732"/>
  <node id="8151262777" lat="-33.9053498" lon="151.2048516"/>
  <node id="8151262778" lat="-33.9052941" lon="151.2048072"/>
  <node id="8151262779" lat="-33.9052562" lon="151.2047775"/>
  <node id="8151262780" lat="-33.9052182" lon="151.2047478"/>
  <node id="8151262781" lat="-33.9051803" lon="151.2047181"/>
  <node id="8151262782" lat="-33.9051424" lon="151.2046885"/>
  <node id="8151262783" lat="-33.9051045" lon="151.2046588"/>
  <node id="8151262784" lat="-33.9050665" lon="151.2046291"/>
  <node id="8151262785" lat="-33.9062043" lon="151.2055193"/>
  <node id="8151495878" lat="-33.9058948" lon="151.2057934"/>
  <node id="8151495879" lat="-33.9059923" lon="151.2056154"/>
  <node id="8151495880" lat="-33.9058691" lon="151.2057727"/>
  <node id="8151495881" lat="-33.9059680" lon="151.2055959"/>
  <node id="8151495882" lat="-33.9052766" lon="151.2054445"/>
  <node id="8151495883" lat="-33.9053573" lon="151.2053916"/>
  <node id="8151495884" lat="-33.9055014" lon="151.2056216"/>
  <node id="8151495885" lat="-33.9057458" lon="151.2057686"/>
  <node id="8151495886" lat="-33.9059965" lon="151.2059042"/>
  <node id="8151495887" lat="-33.9059598" lon="151.2058725"/>
  <node id="8151495888" lat="-33.9059256" lon="151.2058443"/>
  <node id="8151495889" lat="-33.9059360" lon="151.2058270"/>
  <node id="8151495890" lat="-33.9058463" lon="151.2057542"/>
  <node id="8151495891" lat="-33.9058208" lon="151.2057333"/>
  <node id="8151495892" lat="-33.9058116" lon="151.2057501"/>
  <node id="8151495893" lat="-33.9057731" lon="151.2057187"/>
  <node id="8151495894" lat="-33.9057075" lon="151.2057396"/>
  <node id="8151495895" lat="-33.9056692" lon="151.2057106"/>
  <node id="8151495896" lat="-33.9056972" lon="151.2056595"/>
  <node id="8151495897" lat="-33.9056587" lon="151.2056309"/>
  <node id="8151495898" lat="-33.9056005" lon="151.2054402"/>
  <node id="8151495899" lat="-33.9055214" lon="151.2055849"/>
  <node id="8151495900" lat="-33.9054844" lon="151.2055537"/>
  <node id="8151495901" lat="-33.9054906" lon="151.2055423"/>
  <node id="8151495902" lat="-33.9054528" lon="151.2055138"/>
  <node id="8151495903" lat="-33.9054802" lon="151.2054644"/>
  <node id="8151495904" lat="-33.9054024" lon="151.2054044"/>
  <node id="8151495905" lat="-33.9053980" lon="151.2054125"/>
  <node id="8151495906" lat="-33.9053610" lon="151.2053848"/>
  <node id="8151495907" lat="-33.9053219" lon="151.2053614"/>
  <node id="8151495908" lat="-33.9052287" lon="151.2052329"/>
  <node id="8151495909" lat="-33.9051913" lon="151.2052033"/>
  <node id="8151495910" lat="-33.9051505" lon="151.2051708"/>
  <node id="8151495911" lat="-33.9050645" lon="151.2051321"/>
  <node id="8151495912" lat="-33.9050288" lon="151.2051016"/>
  <node id="8151495913" lat="-33.9049895" lon="151.2050708"/>
  <node id="8151495914" lat="-33.9048373" lon="151.2050993"/>
  <node id="8151495915" lat="-33.9060681" lon="151.2056751"/>
  <node id="8151495916" lat="-33.9060347" lon="151.2056486"/>
  <node id="8151511417" lat="-33.9059444" lon="151.2055769"/>
  <node id="8151511418" lat="-33.9059177" lon="151.2055565"/>
  <node id="8151511419" lat="-33.9058787" lon="151.2055260"/>
  <node id="8151511420" lat="-33.9058408" lon="151.2054962"/>
  <node id="8151511421" lat="-33.9058029" lon="151.2054664"/>
  <node id="8151511422" lat="-33.9056149" lon="151.2057110"/>
  <node id="8151511423" lat="-33.9057650" lon="151.2054366"/>
  <node id="8151511424" lat="-33.9055770" lon="151.2056812"/>
  <node id="8151511425" lat="-33.9057271" lon="151.2054067"/>
  <node id="8151511426" lat="-33.9055392" lon="151.2056514"/>
  <node id="8151511427" lat="-33.9056892" lon="151.2053769"/>
  <node id="8151511428" lat="-33.9056514" lon="151.2053471"/>
  <node id="8151511429" lat="-33.9056135" lon="151.2053173"/>
  <node id="8151511430" lat="-33.9055767" lon="151.2052868"/>
  <node id="8151511431" lat="-33.9054993" lon="151.2052268"/>
  <node id="8151511432" lat="-33.9054631" lon="151.2051977"/>
  <node id="8151511433" lat="-33.9054263" lon="151.2051699"/>
  <node id="8151511434" lat="-33.9052359" lon="151.2054121"/>
  <node id="8151511435" lat="-33.9053856" lon="151.2051374"/>
  <node id="8151511436" lat="-33.9051998" lon="151.2053829"/>
  <node id="8151511437" lat="-33.9053494" lon="151.2051083"/>
  <node id="8151511438" lat="-33.9051625" lon="151.2053545"/>
  <node id="8151511439" lat="-33.9053121" lon="151.2050798"/>
  <node id="8151511440" lat="-33.9052748" lon="151.2050500"/>
  <node id="8151511441" lat="-33.9050840" lon="151.2052929"/>
  <node id="8151511442" lat="-33.9052335" lon="151.2050182"/>
  <node id="8151511443" lat="-33.9050478" lon="151.2052638"/>
  <node id="8151511444" lat="-33.9051973" lon="151.2049890"/>
  <node id="8151511445" lat="-33.9050095" lon="151.2052333"/>
  <node id="8151511446" lat="-33.9051589" lon="151.2049585"/>
  <node id="8151511447" lat="-33.9051221" lon="151.2049301"/>
  <node id="8151511448" lat="-33.9049332" lon="151.2051744"/>
  <node id="8151511449" lat="-33.9050826" lon="151.2048996"/>
  <node id="8151511450" lat="-33.9049054" lon="151.2051513"/>
  <node id="8151511451" lat="-33.9050547" lon="151.2048765"/>
  <node id="8151511452" lat="-33.9048770" lon="151.2051303"/>
  <node id="8151511453" lat="-33.9050263" lon="151.2048554"/>
  <node id="8151511454" lat="-33.9048503" lon="151.2051099"/>
  <node id="8151511455" lat="-33.9049995" lon="151.2048350"/>
  <node id="8151511456" lat="-33.9049694" lon="151.2048105"/>
  <node id="8151511457" lat="-33.9048261" lon="151.2050734"/>
  <node id="8151511458" lat="-33.9061060" lon="151.2057049"/>
  <node id="8151552687" lat="-33.9064532" lon="151.2071077"/>
  <node id="8151552689" lat="-33.9064249" lon="151.2070845"/>
  <node id="8151552691" lat="-33.9058323" lon="151.2069082"/>
  <node id="8151552692" lat="-33.9057866" lon="151.2068927"/>
  <node id="8151552693" lat="-33.9057390" lon="151.2068807"/>
  <node id="8151552694" lat="-33.9058778" lon="151.2069239"/>
  <node id="8151552695" lat="-33.9058401" lon="151.2068937"/>
  <node id="8151552696" lat="-33.9057936" lon="151.2068798"/>
  <node id="8151552697" lat="-33.9057486" lon="151.2068631"/>
  <node id="8151552698" lat="-33.9057019" lon="151.2068495"/>
  <node id="8151552699" lat="-33.9059049" lon="151.2069764"/>
  <node id="8151552700" lat="-33.9059689" lon="151.2068517"/>
  <node id="8151552701" lat="-33.9059026" lon="151.2070776"/>
  <node id="8151552702" lat="-33.9059422" lon="151.2070046"/>
  <node id="8151552703" lat="-33.9059326" lon="151.2068230"/>
  <node id="8151552704" lat="-33.9063598" lon="151.2070334"/>
  <node id="8151552706" lat="-33.9063218" lon="151.2070036"/>
  <node id="8151552708" lat="-33.9062839" lon="151.2069738"/>
  <node id="8151552710" lat="-33.9062459" lon="151.2069440"/>
  <node id="8151552711" lat="-33.9060922" lon="151.2072264"/>
  <node id="8151552712" lat="-33.9062080" lon="151.2069141"/>
  <node id="8151552713" lat="-33.9060543" lon="151.2071967"/>
  <node id="8151552714" lat="-33.9061700" lon="151.2068843"/>
  <node id="8151552715" lat="-33.9060164" lon="151.2071669"/>
  <node id="8151552716" lat="-33.9061321" lon="151.2068545"/>
  <node id="8151561617" lat="-33.9059784" lon="151.2071371"/>
  <node id="8151561618" lat="-33.9060941" lon="151.2068247"/>
  <node id="8151561619" lat="-33.9059405" lon="151.2071074"/>
  <node id="8151561620" lat="-33.9060561" lon="151.2067949"/>
  <node id="8151561621" lat="-33.9059802" lon="151.2067352"/>
  <node id="8151561622" lat="-33.9059423" lon="151.2067054"/>
  <node id="8151561623" lat="-33.9059043" lon="151.2066756"/>
  <node id="8151561624" lat="-33.9058664" lon="151.2066458"/>
  <node id="8151561625" lat="-33.9058284" lon="151.2066160"/>
  <node id="8151561626" lat="-33.9063977" lon="151.2070632"/>
  <node id="8151566986" lat="-33.9069858" lon="151.2065079"/>
  <node id="8151566987" lat="-33.9068762" lon="151.2067171"/>
  <node id="8151566988" lat="-33.9069255" lon="151.2067546"/>
  <node id="8151566989" lat="-33.9068794" lon="151.2068425"/>
  <node id="8151566990" lat="-33.9068330" lon="151.2068072"/>
  <node id="8151566991" lat="-33.9067206" lon="151.2070217"/>
  <node id="8151566993" lat="-33.9071877" lon="151.2066039"/>
  <node id="8151567001" lat="-33.9073497" lon="151.2065985"/>
  <node id="8151567002" lat="-33.9075642" lon="151.2064850"/>
  <node id="8152818834" lat="-33.9056460" lon="151.2069462"/>
  <node id="8152818835" lat="-33.9056911" lon="151.2069810"/>
  <node id="8152818836" lat="-33.9055348" lon="151.2072629"/>
  <node id="8152818837" lat="-33.9054915" lon="151.2072275"/>
  <node id="8152818838" lat="-33.9058350" lon="151.2066325"/>
  <node id="8152818839" lat="-33.9056224" lon="151.2069202"/>
  <node id="8152818840" lat="-33.9056944" lon="151.2069745"/>
  <node id="8152818846" lat="-33.9045382" lon="151.2056043"/>
  <node id="8152818847" lat="-33.9042643" lon="151.2060761"/>
  <node id="8152818848" lat="-33.9052300" lon="151.2063923"/>
  <node id="8152818849" lat="-33.9052673" lon="151.2064557"/>
  <node id="8152818850" lat="-33.9053502" lon="151.2071554"/>
  <node id="8152818851" lat="-33.9055179" lon="151.2068378"/>
  <node id="8152818852" lat="-33.9051547" lon="151.2070018"/>
  <node id="8153013231" lat="-33.9062108" lon="151.2055205"/>
  <node id="8153013232" lat="-33.9063241" lon="151.2053080"/>
  <node id="8153013233" lat="-33.9063815" lon="151.2053525"/>
  <node id="8153013234" lat="-33.9062682" lon="151.2055649"/>
  <node id="8153013235" lat="-33.9064169" lon="151.2053853"/>
  <node id="8153013236" lat="-33.9064727" lon="151.2054302"/>
  <node id="8153013237" lat="-33.9063609" lon="151.2056334"/>
  <node id="8153013238" lat="-33.9063067" lon="151.2055913"/>
  <node id="8153017064" lat="-33.9047899" lon="151.2058191"/>
  <node id="8153017065" lat="-33.9051323" lon="151.2060808"/>
  <node id="8153017066" lat="-33.9050947" lon="151.2060498"/>
  <node id="8153017067" lat="-33.9050588" lon="151.2060233"/>
  <node id="8153017068" lat="-33.9050186" lon="151.2059958"/>
  <node id="8153017069" lat="-33.9049805" lon="151.2059649"/>
  <node id="8153017070" lat="-33.9049415" lon="151.2059368"/>
  <node id="8153017071" lat="-33.9049031" lon="151.2059081"/>
  <node id="8153017072" lat="-33.9048648" lon="151.2058794"/>
  <node id="8153017073" lat="-33.9048303" lon="151.2058500"/>
  <node id="8153017074" lat="-33.9047862" lon="151.2058261"/>
  <node id="8153017075" lat="-33.9047606" lon="151.2058051"/>
  <node id="8153017076" lat="-33.9047311" lon="151.2057821"/>
  <node id="8153017077" lat="-33.9047041" lon="151.2057590"/>
  <node id="8153017078" lat="-33.9046748" lon="151.2057369"/>
  <node id="8153017079" lat="-33.9045019" lon="151.2058541"/>
  <node id="8153017080" lat="-33.9046120" lon="151.2056505"/>
  <node id="8153017081" lat="-33.9042794" lon="151.2060686"/>
  <node id="8153017082" lat="-33.9044357" lon="151.2058729"/>
  <node id="8153017083" lat="-33.9043999" lon="151.2058460"/>
  <node id="8153017084" lat="-33.9054514" lon="151.2066427"/>
  <node id="8153017085" lat="-33.9055019" lon="151.2066817"/>
  <node id="8153017086" lat="-33.9054585" lon="151.2066296"/>
  <node id="8153017087" lat="-33.9053888" lon="151.2065767"/>
  <node id="8153017088" lat="-33.9054004" lon="151.2065167"/>
  <node id="8153017089" lat="-33.9054146" lon="151.2064896"/>
  <node id="8153017090" lat="-33.9053501" lon="151.2064567"/>
  <node id="8153017091" lat="-33.9053600" lon="151.2066295"/>
  <node id="8153017092" lat="-33.9053996" lon="151.2065856"/>
  <node id="8153017093" lat="-33.9054263" lon="151.2065363"/>
  <node id="8153017094" lat="-33.9054405" lon="151.2065099"/>
  <node id="8153017095" lat="-33.9052879" lon="151.2065731"/>
  <node id="8153017096" lat="-33.9053199" lon="151.2064330"/>
  <node id="8153017097" lat="-33.9052842" lon="151.2064051"/>
  <node id="8153017098" lat="-33.9053084" lon="151.2063604"/>
  <node id="8153017099" lat="-33.9052695" lon="151.2063311"/>
  <node id="8153017100" lat="-33.9052355" lon="151.2063042"/>
  <node id="8153017101" lat="-33.9052013" lon="151.2063673"/>
  <node id="8153017102" lat="-33.9051622" lon="151.2063392"/>
  <node id="8153017103" lat="-33.9050137" lon="151.2062999"/>
  <node id="8153017104" lat="-33.9050379" lon="151.2062552"/>
  <node id="8153017105" lat="-33.9049995" lon="151.2062257"/>
  <node id="8153017106" lat="-33.9051587" lon="151.2063457"/>
  <node id="8153017107" lat="-33.9051054" lon="151.2063288"/>
  <node id="8153017108" lat="-33.9049934" lon="151.2062370"/>
  <node id="8153017109" lat="-33.9051407" lon="151.2060653"/>
  <node id="8153017110" lat="-33.9052156" lon="151.2061253"/>
  <node id="8153017111" lat="-33.9052594" lon="151.2061596"/>
  <node id="8153017112" lat="-33.9052977" lon="151.2061893"/>
  <node id="8153017113" lat="-33.9053321" lon="151.2062156"/>
  <node id="8153017114" lat="-33.9053703" lon="151.2062459"/>
  <node id="8153017115" lat="-33.9054058" lon="151.2062742"/>
  <node id="8153017116" lat="-33.9054641" lon="151.2063193"/>
  <node id="8153020517" lat="-33.9053154" lon="151.2065942"/>
  <node id="8153020518" lat="-33.9055196" lon="151.2063637"/>
  <node id="8153020519" lat="-33.9055780" lon="151.2064088"/>
  <node id="8153020520" lat="-33.9056285" lon="151.2064478"/>
  <node id="8153020521" lat="-33.9054803" lon="151.2067218"/>
  <node id="8153020522" lat="-33.9049473" lon="151.2062293"/>
  <node id="8153020523" lat="-33.9048785" lon="151.2061534"/>
  <node id="8153020524" lat="-33.9047312" lon="151.2061119"/>
  <node id="8153020525" lat="-33.9047195" lon="151.2061154"/>
  <node id="8153020526" lat="-33.9047062" lon="151.2061121"/>
  <node id="8153020527" lat="-33.9044635" lon="151.2061272"/>
  <node id="8153020528" lat="-33.9044630" lon="151.2058224"/>
  <node id="8153020529" lat="-33.9049576" lon="151.2062101"/>
  <node id="8153020530" lat="-33.9049079" lon="151.2062001"/>
  <node id="8153020531" lat="-33.9049309" lon="151.2061577"/>
  <node id="8153020532" lat="-33.9048919" lon="151.2061285"/>
  <node id="8153020533" lat="-33.9048405" lon="151.2061234"/>
  <node id="8153020534" lat="-33.9048502" lon="151.2061055"/>
  <node id="8153020535" lat="-33.9048126" lon="151.2060751"/>
  <node id="8153020536" lat="-33.9047423" lon="151.2061057"/>
  <node id="8153020537" lat="-33.9046928" lon="151.2061041"/>
  <node id="8153020538" lat="-33.9046981" lon="151.2060944"/>
  <node id="8153020539" lat="-33.9046581" lon="151.2060627"/>
  <node id="8153020540" lat="-33.9046905" lon="151.2060027"/>
  <node id="8153020541" lat="-33.9046647" lon="151.2059822"/>
  <node id="8153020542" lat="-33.9046566" lon="151.2059973"/>
  <node id="8153020543" lat="-33.9046270" lon="151.2059743"/>
  <node id="8153020544" lat="-33.9046007" lon="151.2060229"/>
  <node id="8153020545" lat="-33.9045739" lon="151.2059996"/>
  <node id="8153020546" lat="-33.9045596" lon="151.2060260"/>
  <node id="8153020547" lat="-33.9045317" lon="151.2060012"/>
  <node id="8153020548" lat="-33.9047365" lon="151.2062158"/>
  <node id="8153020549" lat="-33.9046906" lon="151.2062012"/>
  <node id="8153020550" lat="-33.9044281" lon="151.2061178"/>
  <node id="8153020551" lat="-33.9043224" lon="151.2060821"/>
  <node id="8153020552" lat="-33.9056723" lon="151.2064822"/>
  <node id="8153020553" lat="-33.9055243" lon="151.2067558"/>
  <node id="8153020554" lat="-33.9045728" lon="151.2056195"/>
  <node id="8153020555" lat="-33.9046460" lon="151.2057149"/>
  <node id="8153020556" lat="-33.9045375" lon="151.2055917"/>
  <node id="8153427717" lat="-33.9064510" lon="151.2061525"/>
  <node id="8153427718" lat="-33.9064129" lon="151.2061235"/>
  <node id="8153427719" lat="-33.9064645" lon="151.2062263"/>
  <node id="8153427720" lat="-33.9064272" lon="151.2061957"/>
  <node id="8153427721" lat="-33.9068387" lon="151.2065479"/>
  <node id="8153427722" lat="-33.9067837" lon="151.2065494"/>
  <node id="8153427723" lat="-33.9067432" lon="151.2065246"/>
  <node id="8153427724" lat="-33.9067050" lon="151.2064957"/>
  <node id="8153427725" lat="-33.9066753" lon="151.2064495"/>
  <node id="8153427726" lat="-33.9065409" lon="151.2063152"/>
  <node id="8153427727" lat="-33.9062324" lon="151.2060606"/>
  <node id="8153427728" lat="-33.9061961" lon="151.2060310"/>
  <node id="8153427729" lat="-33.9062061" lon="151.2060129"/>
  <node id="8153427730" lat="-33.9061734" lon="151.2059877"/>
  <node id="8153427731" lat="-33.9062375" lon="151.2060501"/>
  <node id="8153427732" lat="-33.9062754" lon="151.2060805"/>
  <node id="8153427733" lat="-33.9063126" lon="151.2061105"/>
  <node id="8153427734" lat="-33.9063500" lon="151.2061407"/>
  <node id="8153427735" lat="-33.9063859" lon="151.2061725"/>
  <node id="8153427736" lat="-33.9065334" lon="151.2061994"/>
  <node id="8153427737" lat="-33.9064957" lon="151.2061697"/>
  <node id="8153427738" lat="-33.9064915" lon="151.2062754"/>
  <node id="8153427739" lat="-33.9068881" lon="151.2065565"/>
  <node id="8153427740" lat="-33.9068509" lon="151.2065257"/>
  <node id="8153427741" lat="-33.9068015" lon="151.2065173"/>
  <node id="8153427742" lat="-33.9067466" lon="151.2065185"/>
  <node id="8153427743" lat="-33.9067129" lon="151.2064815"/>
  <node id="8153427744" lat="-33.9066945" lon="151.2064148"/>
  <node id="8153427745" lat="-33.9066546" lon="151.2063841"/>
  <node id="8153427746" lat="-33.9066199" lon="151.2063558"/>
  <node id="8153427747" lat="-33.9065852" lon="151.2063288"/>
  <node id="8153427748" lat="-33.9065495" lon="151.2062997"/>
  <node id="8153427749" lat="-33.9069423" lon="151.2063607"/>
  <node id="8153427750" lat="-33.9069045" lon="151.2063310"/>
  <node id="8153427751" lat="-33.9068667" lon="151.2063014"/>
  <node id="8153427752" lat="-33.9068289" lon="151.2062718"/>
  <node id="8153427753" lat="-33.9067900" lon="151.2062421"/>
  <node id="8153427754" lat="-33.9067505" lon="151.2062105"/>
  <node id="8153427755" lat="-33.9067154" lon="151.2061828"/>
  <node id="8153427756" lat="-33.9066810" lon="151.2061552"/>
  <node id="8153427757" lat="-33.9066448" lon="151.2061269"/>
  <node id="8153427758" lat="-33.9065953" lon="151.2060872"/>
  <node id="8153427759" lat="-33.9065575" lon="151.2060575"/>
  <node id="8153427760" lat="-33.9065197" lon="151.2060279"/>
  <node id="8153427761" lat="-33.9064819" lon="151.2059982"/>
  <node id="8153427762" lat="-33.9064441" lon="151.2059699"/>
  <node id="8153427763" lat="-33.9064062" lon="151.2059403"/>
  <node id="8153427764" lat="-33.9063690" lon="151.2059100"/>
  <node id="8153427765" lat="-33.9063312" lon="151.2058810"/>
  <node id="8153427766" lat="-33.9062945" lon="151.2058520"/>
  <node id="8153427767" lat="-33.9069801" lon="151.2063903"/>
  <node id="8153427768" lat="-33.9062617" lon="151.2058271"/>
  <node id="8153427769" lat="-33.9067525" lon="151.2056889"/>
  <node id="8153427770" lat="-33.9067653" lon="151.2056668"/>
  <node id="8153427771" lat="-33.9067963" lon="151.2056984"/>
  <node id="8153427772" lat="-33.9066584" lon="151.2055467"/>
  <node id="8153427773" lat="-33.9065519" lon="151.2054848"/>
  <node id="8153427774" lat="-33.9065512" lon="151.2053903"/>
  <node id="8153427775" lat="-33.9065151" lon="151.2054564"/>
  <node id="8153427776" lat="-33.9068385" lon="151.2057308"/>
  <node id="8153427777" lat="-33.9067856" lon="151.2057168"/>
  <node id="8153427778" lat="-33.9067510" lon="151.2056548"/>
  <node id="8153427779" lat="-33.9066901" lon="151.2056093"/>
  <node id="8153427780" lat="-33.9066524" lon="151.2055578"/>
  <node id="8153427781" lat="-33.9066996" lon="151.2055916"/>
  <node id="8153427782" lat="-33.9066124" lon="151.2055093"/>
  <node id="8153427783" lat="-33.9065899" lon="151.2055511"/>
  <node id="8153427784" lat="-33.9065386" lon="151.2055093"/>
  <node id="8153427785" lat="-33.9066603" lon="151.2057105"/>
  <node id="8153427786" lat="-33.9066443" lon="151.2056957"/>
  <node id="8153427787" lat="-33.9064009" lon="151.2056653"/>
  <node id="8153427788" lat="-33.9064381" lon="151.2056946"/>
  <node id="8153427789" lat="-33.9064903" lon="151.2057359"/>
  <node id="8153427790" lat="-33.9065375" lon="151.2057725"/>
  <node id="8153427791" lat="-33.9066009" lon="151.2058218"/>
  <node id="8153427792" lat="-33.9066442" lon="151.2058571"/>
  <node id="8153427793" lat="-33.9066881" lon="151.2058917"/>
  <node id="8153427794" lat="-33.9067319" lon="151.2059270"/>
  <node id="8153427795" lat="-33.9065115" lon="151.2053597"/>
  <node id="8153562554" lat="-33.9059895" lon="151.2072165"/>
  <node id="8153562555" lat="-33.9059498" lon="151.2071847"/>
  <node id="8153562556" lat="-33.9059128" lon="151.2071556"/>
  <node id="8153562557" lat="-33.9058759" lon="151.2071265"/>
  <node id="8153562558" lat="-33.9058389" lon="151.2070974"/>
  <node id="8153562559" lat="-33.9058020" lon="151.2070683"/>
  <node id="8153562561" lat="-33.9057650" lon="151.2070392"/>
  <node id="8153562563" lat="-33.9057281" lon="151.2070101"/>
  <node id="8153576214" lat="-33.9066462" lon="151.2065942"/>
  <node id="8153576215" lat="-33.9063575" lon="151.2067378"/>
  <node id="8153576216" lat="-33.9064944" lon="151.2068768"/>
  <node id="8153581738" lat="-33.9051108" lon="151.2072433"/>
  <node id="8153581741" lat="-33.9053184" lon="151.2071420"/>
  <node id="8153581742" lat="-33.9051531" lon="151.2070173"/>
  <node id="8153581743" lat="-33.9054041" lon="151.2069452"/>
  <node id="8153581744" lat="-33.9052015" lon="151.2069992"/>
  <node id="8153581745" lat="-33.9052104" lon="151.2070072"/>
  <node id="8153581746" lat="-33.9051981" lon="151.2070274"/>
  <node id="8153581747" lat="-33.9052855" lon="151.2070931"/>
  <node id="8153581748" lat="-33.9053440" lon="151.2069851"/>
  <node id="8153581749" lat="-33.9052582" lon="151.2069160"/>
  <node id="8153581750" lat="-33.9052438" lon="151.2069402"/>
  <node id="8153581751" lat="-33.9052371" lon="151.2069335"/>
  <node id="8153581752" lat="-33.9052210" lon="151.2069643"/>
  <node id="8153581753" lat="-33.9053150" lon="151.2070394"/>
  <node id="8153581754" lat="-33.9052723" lon="151.2068456"/>
  <node id="8153581755" lat="-33.9052499" lon="151.2068899"/>
  <node id="8153581756" lat="-33.9053771" lon="151.2069932"/>
  <node id="8153581757" lat="-33.9052549" lon="151.2068322"/>
  <node id="8153581758" lat="-33.9053985" lon="151.2069402"/>
  <node id="8153581759" lat="-33.9053228" lon="151.2067558"/>
  <node id="8153581760" lat="-33.9053078" lon="151.2067846"/>
  <node id="8153581761" lat="-33.9052855" lon="151.2067679"/>
  <node id="8153581762" lat="-33.9052777" lon="151.2067846"/>
  <node id="8153581763" lat="-33.9054230" lon="151.2068966"/>
  <node id="8153581764" lat="-33.9054475" lon="151.2068503"/>
  <node id="8153582017" lat="-33.9065177" lon="151.2068336"/>
  <node id="8153582018" lat="-33.9061631" lon="151.2062920"/>
  <node id="8153582019" lat="-33.9062020" lon="151.2063214"/>
  <node id="8153582020" lat="-33.9062773" lon="151.2063812"/>
  <node id="8153582021" lat="-33.9062406" lon="151.2063513"/>
  <node id="8153582022" lat="-33.9063112" lon="151.2064238"/>
  <node id="8153582023" lat="-33.9062721" lon="151.2063909"/>
  <node id="8153582024" lat="-33.9063317" lon="151.2064769"/>
  <node id="8153582025" lat="-33.9062977" lon="151.2064479"/>
  <node id="8153582026" lat="-33.9062423" lon="151.2066450"/>
  <node id="8153582027" lat="-33.9064419" lon="151.2067745"/>
  <node id="8153582028" lat="-33.9063692" lon="151.2067161"/>
  <node id="8153582029" lat="-33.9066128" lon="151.2066564"/>
  <node id="8153582030" lat="-33.9066920" lon="151.2067178"/>
  <node id="8153582031" lat="-33.9066528" lon="151.2066907"/>
  <node id="8153582032" lat="-33.9067247" lon="151.2067547"/>
  <node id="8153582033" lat="-33.9066878" lon="151.2067257"/>
  <node id="8153582034" lat="-33.9067070" lon="151.2067867"/>
  <node id="8153582035" lat="-33.9067414" lon="151.2068170"/>
  <node id="8153582036" lat="-33.9066074" lon="151.2069666"/>
  <node id="8153582037" lat="-33.9065737" lon="151.2069394"/>
  <node id="8153582038" lat="-33.9065360" lon="151.2069101"/>
  <node id="8153582039" lat="-33.9065705" lon="151.2065352"/>
  <node id="8153582040" lat="-33.9064976" lon="151.2064775"/>
  <node id="8153582041" lat="-33.9063802" lon="151.2063856"/>
  <node id="8153582042" lat="-33.9062307" lon="151.2066667"/>
  <node id="8153582043" lat="-33.9061925" lon="151.2066368"/>
  <node id="8153582044" lat="-33.9061554" lon="151.2066075"/>
  <node id="8153582045" lat="-33.9061211" lon="151.2065803"/>
  <node id="8153582046" lat="-33.9060801" lon="151.2065477"/>
  <node id="8153582047" lat="-33.9066451" lon="151.2069965"/>
  <node id="8153582048" lat="-33.9060424" lon="151.2065177"/>
  <node id="8153669425" lat="-33.9053813" lon="151.2059302"/>
  <node id="8153669426" lat="-33.9052282" lon="151.2058148"/>
  <node id="8153669427" lat="-33.9048353" lon="151.2054435"/>
  <node id="8153669428" lat="-33.9047968" lon="151.2054105"/>
  <node id="8153669429" lat="-33.9049399" lon="151.2053597"/>
  <node id="8153669430" lat="-33.9048514" lon="151.2053136"/>
  <node id="8153669431" lat="-33.9049287" lon="151.2053791"/>
  <node id="8153669432" lat="-33.9048587" lon="151.2053003"/>
  <node id="8153669433" lat="-33.9048230" lon="151.2052685"/>
  <node id="8153669434" lat="-33.9051548" lon="151.2055522"/>
  <node id="8153669435" lat="-33.9055949" lon="151.2058402"/>
  <node id="8153669436" lat="-33.9057347" lon="151.2059758"/>
  <node id="8153669437" lat="-33.9057749" lon="151.2060015"/>
  <node id="8153669438" lat="-33.9049740" lon="151.2053882"/>
  <node id="8153669439" lat="-33.9049898" lon="151.2054478"/>
  <node id="8153669440" lat="-33.9049562" lon="151.2054208"/>
  <node id="8153669441" lat="-33.9051851" lon="151.2055959"/>
  <node id="8153669442" lat="-33.9052223" lon="151.2056268"/>
  <node id="8153669443" lat="-33.9051923" lon="151.2055827"/>
  <node id="8153669444" lat="-33.9051434" lon="151.2055743"/>
  <node id="8153669445" lat="-33.9051048" lon="151.2055449"/>
  <node id="8153669446" lat="-33.9051124" lon="151.2055309"/>
  <node id="8153669447" lat="-33.9050761" lon="151.2055010"/>
  <node id="8153669448" lat="-33.9054753" lon="151.2057576"/>
  <node id="8153669449" lat="-33.9055133" lon="151.2057872"/>
  <node id="8153669450" lat="-33.9055891" lon="151.2058506"/>
  <node id="8153669451" lat="-33.9055545" lon="151.2058198"/>
  <node id="8153669452" lat="-33.9056342" lon="151.2058722"/>
  <node id="8153669453" lat="-33.9056001" lon="151.2059347"/>
  <node id="8153669454" lat="-33.9056366" lon="151.2059643"/>
  <node id="8153669455" lat="-33.9057077" lon="151.2060256"/>
  <node id="8153669456" lat="-33.9056709" lon="151.2059940"/>
  <node id="8153669457" lat="-33.9057719" lon="151.2060068"/>
  <node id="8153669458" lat="-33.9058506" lon="151.2060608"/>
  <node id="8153669459" lat="-33.9058126" lon="151.2060314"/>
  <node id="8153669460" lat="-33.9058798" lon="151.2061064"/>
  <node id="8153669461" lat="-33.9058423" lon="151.2060761"/>
  <node id="8153669462" lat="-33.9047487" lon="151.2054958"/>
  <node id="8153669463" lat="-33.9047871" lon="151.2055283"/>
  <node id="8153669464" lat="-33.9048261" lon="151.2055595"/>
  <node id="8153669465" lat="-33.9048650" lon="151.2055873"/>
  <node id="8153669466" lat="-33.9049006" lon="151.2056151"/>
  <node id="8153669467" lat="-33.9050479" lon="151.2053389"/>
  <node id="8153669468" lat="-33.9049407" lon="151.2056470"/>
  <node id="8153669469" lat="-33.9050879" lon="151.2053706"/>
  <node id="8153669470" lat="-33.9049785" lon="151.2056768"/>
  <node id="8153669471" lat="-33.9051297" lon="151.2054044"/>
  <node id="8153669472" lat="-33.9050164" lon="151.2057066"/>
  <node id="8153669473" lat="-33.9050542" lon="151.2057364"/>
  <node id="8153669474" lat="-33.9050920" lon="151.2057663"/>
  <node id="8153669475" lat="-33.9051299" lon="151.2057961"/>
  <node id="8153669476" lat="-33.9052800" lon="151.2055212"/>
  <node id="8153669477" lat="-33.9051677" lon="151.2058259"/>
  <node id="8153669478" lat="-33.9053211" lon="151.2055536"/>
  <node id="8153669479" lat="-33.9052055" lon="151.2058557"/>
  <node id="8153669480" lat="-33.9053568" lon="151.2055819"/>
  <node id="8153669481" lat="-33.9053569" lon="151.2059751"/>
  <node id="8153669482" lat="-33.9055070" lon="151.2056994"/>
  <node id="8153669483" lat="-33.9053947" lon="151.2060049"/>
  <node id="8153669484" lat="-33.9054325" lon="151.2060347"/>
  <node id="8153669485" lat="-33.9054704" lon="151.2060645"/>
  <node id="8153669486" lat="-33.9055115" lon="151.2060964"/>
  <node id="8153669487" lat="-33.9055483" lon="151.2061262"/>
  <node id="8153669488" lat="-33.9055839" lon="151.2061540"/>
  <node id="8153669489" lat="-33.9056217" lon="151.2061839"/>
  <node id="8153669490" lat="-33.9056595" lon="151.2062137"/>
  <node id="8153669491" lat="-33.9056974" lon="151.2062435"/>
  <node id="8153669492" lat="-33.9057352" lon="151.2062733"/>
  <node id="8153669493" lat="-33.9057730" lon="151.2063032"/>
  <node id="8153669494" lat="-33.9047115" lon="151.2054660"/>
  <node id="8154635679" lat="-33.9046256" lon="151.2062854"/>
  <node id="8154635680" lat="-33.9051625" lon="151.2064637"/>
  <node id="8154635681" lat="-33.9050417" lon="151.2072083"/>
  <node id="8154635686" lat="-33.9042806" lon="151.2068871"/>
  <node id="8154635687" lat="-33.9043163" lon="151.2067543"/>
  <node id="8154635688" lat="-33.9049487" lon="151.2068498"/>
  <node id="8154635689" lat="-33.9049636" lon="151.2068568"/>
  <node id="8158053146" lat="-33.9065299" lon="151.2051049"/>
  <node id="8158053147" lat="-33.9068938" lon="151.2050395"/>
  <node id="8158053148" lat="-33.9064792" lon="151.2050586">
    <tag k="access" v="private"/>
    <tag k="amenity" v="parking_entrance"/>
    <tag k="parking" v="underground"/>
  </node>
  <node id="8158053149" lat="-33.9057111" lon="151.2043936"/>
  <node id="8158053150" lat="-33.9057489" lon="151.2044267">
    <tag k="access" v="private"/>
    <tag k="amenity" v="loading_dock"/>
    <tag k="door" v="garage"/>
  </node>
  <node id="8242724488" lat="-33.9046781" lon="151.2046216"/>
  <node id="8242724489" lat="-33.9047129" lon="151.2046133"/>
  <node id="8242724490" lat="-33.9049173" lon="151.2047693"/>
  <node id="8242724491" lat="-33.9047647" lon="151.2050482"/>
  <node id="8242724492" lat="-33.9045448" lon="151.2048733"/>
  <node id="8256351311" lat="-33.9087478" lon="151.2033006"/>
  <node id="8256351312" lat="-33.9088076" lon="151.2033401"/>
  <node id="8256351315" lat="-33.9083378" lon="151.2032919"/>
  <node id="8276859547" lat="-33.9027527" lon="151.2056414"/>
  <node id="8276859548" lat="-33.9028243" lon="151.2056199"/>
  <node id="8276859584" lat="-33.9032073" lon="151.2061532"/>
  <node id="8276859585" lat="-33.9032303" lon="151.2059968"/>
  <node id="8276859586" lat="-33.9032104" lon="151.2059914"/>
  <node id="8276859587" lat="-33.9032290" lon="151.2058975"/>
  <node id="8276859588" lat="-33.9033025" lon="151.2059144"/>
  <node id="8276859589" lat="-33.9032610" lon="151.2061678"/>
  <node id="8276859590" lat="-33.9030992" lon="151.2055740"/>
  <node id="8276859591" lat="-33.9032360" lon="151.2055408"/>
  <node id="8276859592" lat="-33.9032746" lon="151.2056376"/>
  <node id="8276859593" lat="-33.9031152" lon="151.2056803"/>
  <node id="8276859594" lat="-33.9031497" lon="151.2057927"/>
  <node id="8276859595" lat="-33.9032098" lon="151.2057804"/>
  <node id="8276859596" lat="-33.9031851" lon="151.2056589"/>
  <node id="8276859597" lat="-33.9031269" lon="151.2056767"/>
  <node id="8276859598" lat="-33.9032002" lon="151.2056595"/>
  <node id="8276859599" lat="-33.9032539" lon="151.2056479"/>
  <node id="8276859600" lat="-33.9032725" lon="151.2057950"/>
  <node id="8276859601" lat="-33.9032252" lon="151.2058066"/>
  <node id="8276859602" lat="-33.9029784" lon="151.2058774"/>
  <node id="8276859603" lat="-33.9030461" lon="151.2058628"/>
  <node id="8276859604" lat="-33.9030065" lon="151.2056957"/>
  <node id="8276859605" lat="-33.9030276" lon="151.2056933"/>
  <node id="8276859606" lat="-33.9030442" lon="151.2058189"/>
  <node id="8276859607" lat="-33.9031082" lon="151.2058035"/>
  <node id="8276859608" lat="-33.9030717" lon="151.2055747"/>
  <node id="8276859609" lat="-33.9029279" lon="151.2056132"/>
  <node id="8276859610" lat="-33.9029598" lon="151.2058451"/>
  <node id="8276859611" lat="-33.9029144" lon="151.2058505"/>
  <node id="8276859612" lat="-33.9028761" lon="151.2056402"/>
  <node id="8276859613" lat="-33.9029189" lon="151.2056171"/>
  <node id="8276859614" lat="-33.9028441" lon="151.2056949"/>
  <node id="8276859615" lat="-33.9028806" lon="151.2056918"/>
  <node id="8276859616" lat="-33.9029068" lon="151.2058420"/>
  <node id="8276859619" lat="-33.9029777" lon="151.2059237"/>
  <node id="8276859628" lat="-33.9031197" lon="151.2061054"/>
  <node id="8276859631" lat="-33.9031075" lon="151.2060985"/>
  <node id="8276859635" lat="-33.9029944" lon="151.2059622"/>
  <node id="8276859636" lat="-33.9030896" lon="151.2059406"/>
  <node id="8276859637" lat="-33.9031056" lon="151.2058921"/>
  <node id="8276859638" lat="-33.9032015" lon="151.2058744"/>
  <node id="8276859639" lat="-33.9031887" lon="151.2059560"/>
  <node id="8276859640" lat="-33.9031401" lon="151.2059552"/>
  <node id="8276859641" lat="-33.9031427" lon="151.2059768"/>
  <node id="8276859642" lat="-33.9031203" lon="151.2059807"/>
  <node id="8276859643" lat="-33.9037040" lon="151.2059776"/>
  <node id="8276859644" lat="-33.9036629" lon="151.2059469"/>
  <node id="8276859645" lat="-33.9036509" lon="151.2059629"/>
  <node id="8276859646" lat="-33.9035180" lon="151.2058597"/>
  <node id="8276859647" lat="-33.9034885" lon="151.2059044"/>
  <node id="8276859648" lat="-33.9036669" lon="151.2060454"/>
  <node id="8276859649" lat="-33.9036580" lon="151.2060500"/>
  <node id="8276859650" lat="-33.9036324" lon="151.2060885"/>
  <node id="8276859651" lat="-33.9035288" lon="151.2060084"/>
  <node id="8276859652" lat="-33.9035493" lon="151.2059599"/>
  <node id="8276859653" lat="-33.9033306" lon="151.2058551"/>
  <node id="8276859654" lat="-33.9033063" lon="151.2058913"/>
  <node id="8276859655" lat="-33.9033722" lon="151.2059329"/>
  <node id="8276859656" lat="-33.9033920" lon="151.2058921"/>
  <node id="8276859657" lat="-33.9034208" lon="151.2059298"/>
  <node id="8276859658" lat="-33.9036317" lon="151.2060947"/>
  <node id="8276859659" lat="-33.9036132" lon="151.2061393"/>
  <node id="8276859660" lat="-33.9033990" lon="151.2059737"/>
  <node id="8276859661" lat="-33.9034078" lon="151.2059805"/>
  <node id="8276859662" lat="-33.9033843" lon="151.2060269"/>
  <node id="8276859663" lat="-33.9035870" lon="151.2061925"/>
  <node id="8276859664" lat="-33.9036106" lon="151.2061455"/>
  <node id="8276859665" lat="-33.9033779" lon="151.2060230"/>
  <node id="8276859666" lat="-33.9033556" lon="151.2060654"/>
  <node id="8276859667" lat="-33.9035627" lon="151.2062341"/>
  <node id="8276859668" lat="-33.9033920" lon="151.2061193"/>
  <node id="8276859669" lat="-33.9033728" lon="151.2061547"/>
  <node id="8276859670" lat="-33.9035378" lon="151.2062803"/>
  <node id="8276859671" lat="-33.9035563" lon="151.2062372"/>
  <node id="8276859672" lat="-33.9033236" lon="151.2061185"/>
  <node id="8276859673" lat="-33.9033083" lon="151.2061594"/>
  <node id="8276859674" lat="-33.9032737" lon="151.2061316"/>
  <node id="8276859675" lat="-33.9032782" lon="151.2060893"/>
  <node id="8276859676" lat="-33.9033575" lon="151.2061493"/>
  <node id="8276859677" lat="-33.9033415" lon="151.2061894"/>
  <node id="8276859678" lat="-33.9035077" lon="151.2063265"/>
  <node id="8276859679" lat="-33.9035320" lon="151.2062826"/>
  <node id="8276859680" lat="-33.9033479" lon="151.2062094"/>
  <node id="8276859681" lat="-33.9033242" lon="151.2062526"/>
  <node id="8276859682" lat="-33.9034834" lon="151.2063766"/>
  <node id="8276859683" lat="-33.9035026" lon="151.2063388"/>
  <node id="8276859684" lat="-33.9034764" lon="151.2063850"/>
  <node id="8276859685" lat="-33.9034566" lon="151.2064266"/>
  <node id="8276859686" lat="-33.9032705" lon="151.2062710"/>
  <node id="8276859687" lat="-33.9032846" lon="151.2062318"/>
  <node id="8276859688" lat="-33.9042620" lon="151.2053833"/>
  <node id="8276859689" lat="-33.9041695" lon="151.2055364"/>
  <node id="8276859690" lat="-33.9043685" lon="151.2057000"/>
  <node id="8276859691" lat="-33.9043435" lon="151.2057372"/>
  <node id="8276859692" lat="-33.9043825" lon="151.2057744"/>
  <node id="8276859693" lat="-33.9044948" lon="151.2055647"/>
  <node id="8276859694" lat="-33.9041768" lon="151.2055576"/>
  <node id="8276859695" lat="-33.9041247" lon="151.2056514"/>
  <node id="8276859696" lat="-33.9043421" lon="151.2058390"/>
  <node id="8276859697" lat="-33.9043781" lon="151.2057779"/>
  <node id="8276859698" lat="-33.9043347" lon="151.2057319"/>
  <node id="8276859699" lat="-33.9043553" lon="151.2057009"/>
  <node id="8276953821" lat="-33.9060425" lon="151.2033549">
    <tag k="addr:country" v="AU"/>
    <tag k="addr:housenumber" v="305a"/>
    <tag k="addr:street" v="Botany Road"/>
    <tag k="addr:suburb" v="Zetland"/>
    <tag k="addr:unit" v="R127"/>
    <tag k="amenity" v="fast_food"/>
    <tag k="branch" v="Green Square"/>
    <tag k="brand" v="McDonald's"/>
    <tag k="brand:wikidata" v="Q38076"/>
    <tag k="brand:wikipedia" v="en:McDonald's"/>
    <tag k="cuisine" v="burger"/>
    <tag k="drive_through" v="no"/>
    <tag k="name" v="McDonald's"/>
    <tag k="opening_hours" v="Mo-Su 06:00-24:00"/>
    <tag k="outdoor_seating" v="yes"/>
    <tag k="takeaway" v="yes"/>
  </node>
  <node id="8276953822" lat="-33.9057171" lon="151.2035809">
    <tag k="alt_name" v="Kentucky Fried Chicken"/>
    <tag k="amenity" v="fast_food"/>
    <tag k="brand" v="KFC"/>
    <tag k="brand:wikidata" v="Q524757"/>
    <tag k="brand:wikipedia" v="en:KFC"/>
    <tag k="check_date" v="2023-11-10"/>
    <tag k="cuisine" v="chicken"/>
    <tag k="name" v="KFC"/>
    <tag k="outdoor_seating" v="no"/>
    <tag k="takeaway" v="yes"/>
  </node>
  <node id="8280329820" lat="-33.9058197" lon="151.2066092"/>
  <node id="8280329822" lat="-33.9056535" lon="151.2069143">
    <tag k="crossing:markings" v="no"/>
    <tag k="highway" v="crossing"/>
    <tag k="tactile_paving" v="no"/>
  </node>
  <node id="8288988018" lat="-33.9027505" lon="151.2004164"/>
  <node id="8288988019" lat="-33.9027560" lon="151.2003855"/>
  <node id="8288988020" lat="-33.9028384" lon="151.2004204"/>
  <node id="8288988021" lat="-33.9028796" lon="151.2002555"/>
  <node id="8288988022" lat="-33.9031245" lon="151.2003319"/>
  <node id="8288988023" lat="-33.9030833" lon="151.2004982"/>
  <node id="8288988024" lat="-33.9033059" lon="151.2005773"/>
  <node id="8288988025" lat="-33.9034284" lon="151.2003104"/>
  <node id="8288988026" lat="-33.9037567" lon="151.2001495"/>
  <node id="8288988027" lat="-33.9036699" lon="151.2005103"/>
  <node id="8288988028" lat="-33.9035074" lon="151.2004593"/>
  <node id="8288988029" lat="-33.9035753" lon="151.2001589"/>
  <node id="8288988030" lat="-33.9035909" lon="151.2001656"/>
  <node id="8288988031" lat="-33.9036064" lon="151.2000932"/>
  <node id="8288988032" lat="-33.9039615" lon="151.2007061"/>
  <node id="8288988033" lat="-33.9039771" lon="151.2006591"/>
  <node id="8288988034" lat="-33.9038135" lon="151.2005787"/>
  <node id="8288988035" lat="-33.9038046" lon="151.2006216"/>
  <node id="8288988036" lat="-33.9034473" lon="151.2004620"/>
  <node id="8288988037" lat="-33.9033883" lon="151.2006350"/>
  <node id="8288988038" lat="-33.9040105" lon="151.2009421"/>
  <node id="8288988039" lat="-33.9040394" lon="151.2009367"/>
  <node id="8288988040" lat="-33.9041229" lon="151.2007852"/>
  <node id="8288988041" lat="-33.9043622" lon="151.1999148"/>
  <node id="8288988042" lat="-33.9042899" lon="151.2002072"/>
  <node id="8288988043" lat="-33.9042027" lon="151.2001879"/>
  <node id="8288988044" lat="-33.9042264" lon="151.2000878"/>
  <node id="8288988045" lat="-33.9038858" lon="151.1999872"/>
  <node id="8288988046" lat="-33.9039393" lon="151.1997633"/>
  <node id="8288988047" lat="-33.9047451" lon="151.1995473"/>
  <node id="8288988048" lat="-33.9045860" lon="151.1998518"/>
  <node id="8288988049" lat="-33.9038357" lon="151.1995862"/>
  <node id="8288988050" lat="-33.9039782" lon="151.1992818"/>
  <node id="8288988051" lat="-33.9046605" lon="151.1992322"/>
  <node id="8288988052" lat="-33.9046416" lon="151.1992966"/>
  <node id="8288988053" lat="-33.9046839" lon="151.1993127"/>
  <node id="8288988054" lat="-33.9047396" lon="151.1994414"/>
  <node id="8288988055" lat="-33.9047168" lon="151.1995368"/>
  <node id="8288988056" lat="-33.9040572" lon="151.1993060"/>
  <node id="8288988057" lat="-33.9040895" lon="151.1991812"/>
  <node id="8288988058" lat="-33.9041641" lon="151.1991370"/>
  <node id="8288988059" lat="-33.9041819" lon="151.1990552"/>
  <node id="8288988078" lat="-33.9056957" lon="151.2041688">
    <tag k="amenity" v="restaurant"/>
    <tag k="cuisine" v="sushi"/>
    <tag k="name" v="Miso"/>
    <tag k="opening_hours" v="Tu-Sa 11:30-14:00, 05:30-21:00"/>
  </node>
  <node id="8288988079" lat="-33.9042565" lon="151.2063991">
    <tag k="amenity" v="bench"/>
  </node>
  <node id="8288988080" lat="-33.9041379" lon="151.2064165">
    <tag k="amenity" v="bench"/>
  </node>
  <node id="8288988084" lat="-33.9058816" lon="151.2042788">
    <tag k="amenity" v="restaurant"/>
    <tag k="cuisine" v="chicken"/>
    <tag k="name" v="Camy's Chargril Chicken"/>
  </node>
  <node id="8288988086" lat="-33.9058382" lon="151.2039120">
    <tag k="amenity" v="cafe"/>
    <tag k="brand" v="Gong Cha"/>
    <tag k="brand:wikidata" v="Q5581670"/>
    <tag k="brand:zh" v="貢茶"/>
    <tag k="cuisine" v="bubble_tea"/>
    <tag k="int_name" v="Gong Cha"/>
    <tag k="name" v="Gong Cha"/>
    <tag k="name:zh" v="貢茶"/>
    <tag k="takeaway" v="yes"/>
    <tag k="website" v="https://gongchatea.com.au/"/>
  </node>
  <node id="8288988087" lat="-33.9054942" lon="151.2036860">
    <tag k="addr:country" v="AU"/>
    <tag k="addr:housenumber" v="7"/>
    <tag k="addr:postcode" v="2017"/>
    <tag k="addr:street" v="Ebsworth Street"/>
    <tag k="addr:suburb" v="Zetland"/>
    <tag k="amenity" v="cafe"/>
    <tag k="contact:facebook" v="https://www.facebook.com/socialsocietysydney/"/>
    <tag k="contact:instagram" v="https://www.instagram.com/socialsocietysydney/"/>
    <tag k="name" v="Social Society"/>
    <tag k="opening_hours" v="Mo-Su 06:00-16:00"/>
    <tag k="outdoor_seating" v="yes"/>
    <tag k="phone" v="+61 2 7903 0693"/>
    <tag k="website" v="https://socialsocietysydney.com/"/>
  </node>
  <node id="8288988088" lat="-33.9056100" lon="151.2030644">
    <tag k="addr:country" v="AU"/>
    <tag k="addr:housenumber" v="301"/>
    <tag k="addr:postcode" v="2017"/>
    <tag k="addr:street" v="Botany Road"/>
    <tag k="addr:suburb" v="Zetland"/>
    <tag k="addr:unit" v="Shop R007"/>
    <tag k="name" v="Miracle Supermarket"/>
    <tag k="opening_hours" v="Mo-Fr 08:00-20:00; Sa,Su 09:00-20:00"/>
    <tag k="phone" v="+61 2 8060 4974"/>
    <tag k="shop" v="supermarket"/>
    <tag k="website" v="https://miraclesupermarkets.com/"/>
  </node>
  <node id="8288988119" lat="-33.9031821" lon="151.2007224"/>
  <node id="8288988182" lat="-33.9027243" lon="151.2025662">
    <tag k="addr:country" v="AU"/>
    <tag k="addr:housenumber" v="8"/>
    <tag k="addr:postcode" v="2017"/>
    <tag k="addr:street" v="Allen Street"/>
    <tag k="addr:suburb" v="Waterloo"/>
    <tag k="amenity" v="restaurant"/>
    <tag k="contact:facebook" v="https://www.facebook.com/TAKESUSHIWATERLOO/"/>
    <tag k="contact:instagram" v="https://www.instagram.com/takesushiwaterloo/"/>
    <tag k="contact:twitter" v="https://twitter.com/Takesushisydney"/>
    <tag k="cuisine" v="sushi"/>
    <tag k="name" v="Take Sushi"/>
    <tag k="opening_hours" v="Mo-Fr 11:30-14:30,17:30-21:00; Sa 17:30-21:00"/>
    <tag k="phone" v="+61 2 9319 5565"/>
    <tag k="website" v="http://www.takesushiwaterloo.com.au/web/home.html"/>
  </node>
  <node id="8288988183" lat="-33.9028640" lon="151.2020639">
    <tag k="amenity" v="cafe"/>
    <tag k="contact:facebook" v="https://www.facebook.com/Eggspresso-132331974060757/"/>
    <tag k="contact:phone" v="+61 2 8065 5949"/>
    <tag k="cuisine" v="vietnamese;coffee"/>
    <tag k="name" v="Eggspresso"/>
    <tag k="opening_hours" v="Mo-Fr 06:00-16:00; Sa 07:00-16:00; Su 07:30-15:30"/>
  </node>
  <node id="8288988184" lat="-33.9023442" lon="151.2031294">
    <tag k="amenity" v="cafe"/>
    <tag k="cuisine" v="juice;coffee"/>
    <tag k="name" v="Soil Bar Cafe"/>
  </node>
  <node id="8288988185" lat="-33.9022551" lon="151.2032931">
    <tag k="amenity" v="recycling"/>
    <tag k="recycling:clothes" v="yes"/>
    <tag k="recycling_type" v="container"/>
  </node>
  <node id="8288988186" lat="-33.9025635" lon="151.2034231">
    <tag k="addr:housenumber" v="356-368"/>
    <tag k="addr:postcode" v="2017"/>
    <tag k="addr:state" v="NSW"/>
    <tag k="addr:street" v="George Street"/>
    <tag k="addr:suburb" v="Waterloo"/>
    <tag k="addr:unit" v="Shop 1"/>
    <tag k="amenity" v="fast_food"/>
    <tag k="contact:facebook" v="https://www.facebook.com/pizzadeliwaterloo"/>
    <tag k="contact:instagram" v="https://www.instagram.com/pizzadeliwaterloo/"/>
    <tag k="cuisine" v="pizza"/>
    <tag k="delivery" v="yes"/>
    <tag k="name" v="Pizza:deli"/>
    <tag k="opening_hours" v="Mo-Th 12:00-21:00; Tu off; Fr 12:00-22:00; Sa 16:30-22:00; Su 16:30-21:00"/>
    <tag k="phone" v="+61 2 8381 3333"/>
    <tag k="takeaway" v="yes"/>
    <tag k="website" v="https://pizzadeli.com.au/"/>
  </node>
  <node id="8288988187" lat="-33.9023982" lon="151.2040917">
    <tag k="addr:country" v="AU"/>
    <tag k="addr:housenumber" v="15"/>
    <tag k="addr:postcode" v="2017"/>
    <tag k="addr:street" v="Allen Street"/>
    <tag k="addr:suburb" v="Waterloo"/>
    <tag k="amenity" v="kindergarten"/>
    <tag k="name" v="The Green Elephant"/>
    <tag k="opening_hours" v="Mo-Fr 07:00-18:00"/>
    <tag k="website" v="https://www.thegreenelephant.com.au/our-centres/waterloo/"/>
  </node>
  <node id="8315264312" lat="-33.9047268" lon="151.2050181"/>
  <node id="8315264313" lat="-33.9046787" lon="151.2051111"/>
  <node id="8315264314" lat="-33.9045096" lon="151.2049799"/>
  <node id="8315264315" lat="-33.9045609" lon="151.2048861"/>
  <node id="8315264316" lat="-33.9044616" lon="151.2050702"/>
  <node id="8315333917" lat="-33.9045866" lon="151.2051727"/>
  <node id="8315333918" lat="-33.9046370" lon="151.2050787"/>
  <node id="8315333919" lat="-33.9039118" lon="151.2053590"/>
  <node id="8315333920" lat="-33.9039619" lon="151.2054216"/>
  <node id="8315333921" lat="-33.9039655" lon="151.2055203"/>
  <node id="8315333922" lat="-33.9038574" lon="151.2053458"/>
  <node id="8315333923" lat="-33.9038936" lon="151.2053496"/>
  <node id="8315333924" lat="-33.9039269" lon="151.2053693"/>
  <node id="8315333925" lat="-33.9039523" lon="151.2054005"/>
  <node id="8315333926" lat="-33.9039682" lon="151.2054452"/>
  <node id="8315333927" lat="-33.9039712" lon="151.2054953"/>
  <node id="8315333928" lat="-33.9039576" lon="151.2055413"/>
  <node id="8315333929" lat="-33.9036130" lon="151.2054100"/>
  <node id="8315333930" lat="-33.9033141" lon="151.2054927"/>
  <node id="8315333931" lat="-33.9032562" lon="151.2056371"/>
  <node id="8315333932" lat="-33.9033200" lon="151.2055174"/>
  <node id="8329445678" lat="-33.9065088" lon="151.2032052">
    <tag k="amenity" v="bench"/>
    <tag k="backrest" v="no"/>
  </node>
  <node id="8329445679" lat="-33.9064793" lon="151.2032066">
    <tag k="amenity" v="bench"/>
    <tag k="backrest" v="no"/>
  </node>
  <node id="8329445680" lat="-33.9064386" lon="151.2032086">
    <tag k="amenity" v="bench"/>
    <tag k="backrest" v="no"/>
  </node>
  <node id="8329445681" lat="-33.9064075" lon="151.2032099">
    <tag k="amenity" v="bench"/>
    <tag k="backrest" v="no"/>
  </node>
  <node id="8329445682" lat="-33.9063785" lon="151.2032099">
    <tag k="amenity" v="bench"/>
    <tag k="backrest" v="no"/>
  </node>
  <node id="8329445683" lat="-33.9063463" lon="151.2032099">
    <tag k="amenity" v="bench"/>
    <tag k="backrest" v="no"/>
  </node>
  <node id="8329445684" lat="-33.9063045" lon="151.2032106">
    <tag k="amenity" v="bench"/>
    <tag k="backrest" v="no"/>
  </node>
  <node id="8329445685" lat="-33.9062728" lon="151.2033319">
    <tag k="amenity" v="bench"/>
  </node>
  <node id="8329445686" lat="-33.9062839" lon="151.2033889">
    <tag k="amenity" v="waste_basket"/>
  </node>
  <node id="8329445687" lat="-33.9063490" lon="151.2036223">
    <tag k="amenity" v="waste_basket"/>
  </node>
  <node id="8329445688" lat="-33.9065394" lon="151.2039998">
    <tag k="amenity" v="bench"/>
  </node>
  <node id="8329445689" lat="-33.9066502" lon="151.2041222">
    <tag k="amenity" v="waste_basket"/>
  </node>
  <node id="8329445690" lat="-33.9068085" lon="151.2039971">
    <tag k="barrier" v="bollard"/>
  </node>
  <node id="8329445691" lat="-33.9067998" lon="151.2036163">
    <tag k="amenity" v="bench"/>
  </node>
  <node id="8329445692" lat="-33.9065909" lon="151.2032089">
    <tag k="amenity" v="bench"/>
    <tag k="backrest" v="no"/>
  </node>
  <node id="8329445693" lat="-33.9054285" lon="151.2036116">
    <tag k="amenity" v="restaurant"/>
    <tag k="cuisine" v="italian"/>
    <tag k="name" v="Italian Street Kitchen"/>
  </node>
  <node id="8334252230" lat="-33.9023927" lon="151.2042456">
    <tag k="name" v="Waterloo Mart"/>
    <tag k="opening_hours" v="Mo-Fr 08:45-18:00; Sa 10:00-16:00; Su 10:00-14:30"/>
    <tag k="shop" v="convenience"/>
  </node>
  <node id="8519344335" lat="-33.9056693" lon="151.2020802">
    <tag k="button_operated" v="yes"/>
    <tag k="crossing" v="traffic_signals"/>
    <tag k="crossing:island" v="yes"/>
    <tag k="highway" v="crossing"/>
    <tag k="tactile_paving" v="no"/>
    <tag k="traffic_signals:sound" v="yes"/>
    <tag k="traffic_signals:vibration" v="yes"/>
  </node>
  <node id="8519344336" lat="-33.9057389" lon="151.2021351">
    <tag k="barrier" v="kerb"/>
    <tag k="kerb" v="lowered"/>
    <tag k="tactile_paving" v="no"/>
  </node>
  <node id="8519344337" lat="-33.9057736" lon="151.2021324"/>
  <node id="8519344338" lat="-33.9058373" lon="151.2021792"/>
  <node id="8519344339" lat="-33.9059225" lon="151.2022382"/>
  <node id="8519344340" lat="-33.9056952" lon="151.2016809"/>
  <node id="8519344341" lat="-33.9058009" lon="151.2018607"/>
  <node id="8519344342" lat="-33.9058179" lon="151.2019102"/>
  <node id="8519344343" lat="-33.9058937" lon="151.2019991"/>
  <node id="8519344344" lat="-33.9059674" lon="151.2020459"/>
  <node id="8519344345" lat="-33.9060432" lon="151.2020645"/>
  <node id="8519344346" lat="-33.9060820" lon="151.2020624">
    <tag k="barrier" v="kerb"/>
    <tag k="kerb" v="lowered"/>
    <tag k="tactile_paving" v="no"/>
  </node>
  <node id="8519344347" lat="-33.9060059" lon="151.2021516">
    <tag k="button_operated" v="yes"/>
    <tag k="crossing" v="traffic_signals"/>
    <tag k="crossing:island" v="yes"/>
    <tag k="highway" v="crossing"/>
    <tag k="tactile_paving" v="no"/>
    <tag k="traffic_signals:sound" v="yes"/>
    <tag k="traffic_signals:vibration" v="yes"/>
  </node>
  <node id="8519344348" lat="-33.9053245" lon="151.2029634"/>
  <node id="8519344349" lat="-33.9052031" lon="151.2027580"/>
  <node id="8519344350" lat="-33.9053198" lon="151.2028680"/>
  <node id="8519344351" lat="-33.9053553" lon="151.2029286">
    <tag k="crossing" v="zebra"/>
    <tag k="crossing:island" v="no"/>
    <tag k="crossing:markings" v="yes"/>
    <tag k="highway" v="crossing"/>
    <tag k="tactile_paving" v="no"/>
  </node>
  <node id="8519344352" lat="-33.9053801" lon="151.2029803"/>
  <node id="8519344353" lat="-33.9053666" lon="151.2031577"/>
  <node id="8530390812" lat="-33.9045282" lon="151.2043340"/>
  <node id="8530390813" lat="-33.9045975" lon="151.2043655"/>
  <node id="8530390814" lat="-33.9045735" lon="151.2043599"/>
  <node id="8530390815" lat="-33.9046347" lon="151.2043414"/>
  <node id="8530390816" lat="-33.9039195" lon="151.2041456">
    <tag k="traffic_calming" v="table"/>
  </node>
  <node id="8530395917" lat="-33.9043056" lon="151.2042739"/>
  <node id="8530395918" lat="-33.9042406" lon="151.2042264"/>
  <node id="8530395919" lat="-33.9034098" lon="151.2040183"/>
  <node id="8530395920" lat="-33.9029375" lon="151.2037747">
    <tag k="traffic_calming" v="table"/>
  </node>
  <node id="8530395921" lat="-33.9026242" lon="151.2035397"/>
  <node id="8530395922" lat="-33.9028379" lon="151.2036482"/>
  <node id="8530395950" lat="-33.9040871" lon="151.2053086"/>
  <node id="8530395952" lat="-33.9042554" lon="151.2053704"/>
  <node id="8530395953" lat="-33.9041772" lon="151.2053417">
    <tag k="crossing" v="traffic_signals"/>
    <tag k="crossing:island" v="no"/>
    <tag k="highway" v="crossing"/>
    <tag k="tactile_paving" v="no"/>
  </node>
  <node id="8530395954" lat="-33.9041433" lon="151.2052010">
    <tag k="crossing" v="traffic_signals"/>
    <tag k="crossing:island" v="no"/>
    <tag k="highway" v="crossing"/>
  </node>
  <node id="8530395955" lat="-33.9041596" lon="151.2049947"/>
  <node id="8530395956" lat="-33.9043302" lon="151.2051860"/>
  <node id="8530395957" lat="-33.9042214" lon="151.2051032">
    <tag k="barrier" v="kerb"/>
    <tag k="kerb" v="lowered"/>
  </node>
  <node id="8530395958" lat="-33.9041880" lon="151.2050686">
    <tag k="barrier" v="kerb"/>
  </node>
  <node id="8530395959" lat="-33.9041853" lon="151.2051206">
    <tag k="barrier" v="kerb"/>
    <tag k="kerb" v="lowered"/>
  </node>
  <node id="8530395960" lat="-33.9042830" lon="151.2051479">
    <tag k="crossing" v="traffic_signals"/>
    <tag k="crossing:island" v="no"/>
    <tag k="highway" v="crossing"/>
    <tag k="tactile_paving" v="no"/>
  </node>
  <node id="8530395961" lat="-33.9041984" lon="151.2050950"/>
  <node id="8530395962" lat="-33.9042108" lon="151.2049336"/>
  <node id="8530395963" lat="-33.9042456" lon="151.2048992"/>
  <node id="8530395964" lat="-33.9043183" lon="151.2048105"/>
  <node id="8530395965" lat="-33.9044838" lon="151.2045875"/>
  <node id="8530395966" lat="-33.9045247" lon="151.2045003"/>
  <node id="8530395967" lat="-33.9045948" lon="151.2043923"/>
  <node id="8530395968" lat="-33.9045592" lon="151.2044471">
    <tag k="button_operated" v="yes"/>
    <tag k="crossing" v="traffic_signals"/>
    <tag k="crossing:island" v="no"/>
    <tag k="highway" v="crossing"/>
    <tag k="tactile_paving" v="no"/>
    <tag k="traffic_signals:sound" v="yes"/>
    <tag k="traffic_signals:vibration" v="yes"/>
  </node>
  <node id="8530395969" lat="-33.9053370" lon="151.2030139"/>
  <node id="8530395970" lat="-33.9052603" lon="151.2031758"/>
  <node id="8530395971" lat="-33.9047751" lon="151.2040719"/>
  <node id="8530395972" lat="-33.9046175" lon="151.2043599"/>
  <node id="8585139992" lat="-33.9061408" lon="151.2031507">
    <tag k="bench" v="yes"/>
    <tag k="bus" v="yes"/>
    <tag k="highway" v="bus_stop"/>
    <tag k="public_transport" v="platform"/>
    <tag k="shelter" v="yes"/>
  </node>
  <node id="8585139993" lat="-33.9054274" lon="151.2040753">
    <tag k="amenity" v="cafe"/>
    <tag k="cuisine" v="bubble_tea"/>
    <tag k="name" v="Aurora"/>
    <tag k="opening_hours" v="Mo-Su 11:00-22:30"/>
  </node>
  <node id="8585139994" lat="-33.9049867" lon="151.2045555">
    <tag k="amenity" v="cafe"/>
    <tag k="cuisine" v="bakery"/>
    <tag k="description" v="Toilet access with key from staff"/>
    <tag k="name" v="Luxe"/>
    <tag k="opening_date" v="2021-10-24"/>
    <tag k="outdoor_seating" v="yes"/>
    <tag k="phone" v="+61 477 444 596"/>
    <tag k="website" v="https://www.luxebakery.com.au/cafes"/>
  </node>
  <node id="8585139995" lat="-33.9049718" lon="151.2048278">
    <tag k="amenity" v="cafe"/>
    <tag k="name" v="Rang On Portman"/>
  </node>
  <node id="8650670271" lat="-33.9050692" lon="151.2040933"/>
  <node id="8663717702" lat="-33.9075817" lon="151.2009393"/>
  <node id="8663717704" lat="-33.9076625" lon="151.2003689"/>
  <node id="8663717705" lat="-33.9075764" lon="151.2002374"/>
  <node id="8663717707" lat="-33.9073276" lon="151.1993628"/>
  <node id="8663752239" lat="-33.9084087" lon="151.2033749"/>
  <node id="8663752240" lat="-33.9079609" lon="151.2033585"/>
  <node id="8663752241" lat="-33.9079375" lon="151.2033577"/>
  <node id="8663752242" lat="-33.9078779" lon="151.2033653"/>
  <node id="8680068868" lat="-33.9036695" lon="151.2065464"/>
  <node id="8680068887" lat="-33.9040154" lon="151.2067761"/>
  <node id="8727141790" lat="-33.9058020" lon="151.2041655"/>
  <node id="8727141791" lat="-33.9056372" lon="151.2044612"/>
  <node id="8727141792" lat="-33.9058519" lon="151.2042051"/>
  <node id="8727141793" lat="-33.9057364" lon="151.2044157">
    <tag k="crossing" v="unmarked"/>
    <tag k="crossing:markings" v="no"/>
    <tag k="highway" v="crossing"/>
  </node>
  <node id="8727141794" lat="-33.9056888" lon="151.2045021"/>
  <node id="8727141795" lat="-33.9055701" lon="151.2045846"/>
  <node id="8727141796" lat="-33.9056229" lon="151.2046259"/>
  <node id="8727141797" lat="-33.9056751" lon="151.2045278"/>
  <node id="8727141798" lat="-33.9056087" lon="151.2045127"/>
  <node id="8727141799" lat="-33.9056519" lon="151.2045714"/>
  <node id="8737669709" lat="-33.9059723" lon="151.2032198">
    <tag k="addr:country" v="AU"/>
    <tag k="addr:housenumber" v="305a"/>
    <tag k="addr:street" v="Botany Road"/>
    <tag k="addr:suburb" v="Zetland"/>
    <tag k="addr:unit" v="R101"/>
    <tag k="amenity" v="fast_food"/>
    <tag k="brand" v="Taco Bell"/>
    <tag k="brand:wikidata" v="Q752941"/>
    <tag k="brand:wikipedia" v="en:Taco Bell"/>
    <tag k="cuisine" v="tex-mex"/>
    <tag k="name" v="Taco Bell"/>
    <tag k="opening_hours" v="Mo-Su 10:00-22:00"/>
    <tag k="outdoor_seating" v="yes"/>
    <tag k="takeaway" v="yes"/>
  </node>
  <node id="8741117028" lat="-33.9070428" lon="151.2062984">
    <tag k="crossing" v="uncontrolled"/>
    <tag k="crossing:island" v="no"/>
    <tag k="crossing:markings" v="zebra"/>
    <tag k="highway" v="crossing"/>
  </node>
  <node id="8741117030" lat="-33.9068318" lon="151.2067142"/>
  <node id="8741145927" lat="-33.9070615" lon="151.2065079"/>
  <node id="8741145930" lat="-33.9070399" lon="151.2065491"/>
  <node id="8755644796" lat="-33.9064320" lon="151.2044910"/>
  <node id="8755644797" lat="-33.9065981" lon="151.2039931"/>
  <node id="8755644798" lat="-33.9063685" lon="151.2043739"/>
  <node id="8755644799" lat="-33.9065111" lon="151.2040417"/>
  <node id="8755644800" lat="-33.9064995" lon="151.2041470"/>
  <node id="8755644801" lat="-33.9063878" lon="151.2043563"/>
  <node id="8755644802" lat="-33.9066563" lon="151.2042649"/>
  <node id="8755644803" lat="-33.9065248" lon="151.2045145"/>
  <node id="8755644805" lat="-33.9066234" lon="151.2042788"/>
  <node id="8755644809" lat="-33.9069874" lon="151.2048994"/>
  <node id="8755644810" lat="-33.9069474" lon="151.2048964"/>
  <node id="8755644811" lat="-33.9065315" lon="151.2044809"/>
  <node id="8755644812" lat="-33.9071363" lon="151.2047960"/>
  <node id="8756939924" lat="-33.9064479" lon="151.2044420"/>
  <node id="8756939926" lat="-33.9065557" lon="151.2041195"/>
  <node id="8756939927" lat="-33.9066022" lon="151.2041954"/>
  <node id="8764499867" lat="-33.9071070" lon="151.2067579"/>
  <node id="8788446053" lat="-33.9060335" lon="151.2009595">
    <tag k="amenity" v="recycling"/>
    <tag k="operator" v="Dankha Pty Ltd"/>
    <tag k="recycling:clothes" v="yes"/>
    <tag k="recycling_type" v="container"/>
  </node>
  <node id="8954151372" lat="-33.9035708" lon="151.2021681">
    <tag k="crossing" v="traffic_signals"/>
    <tag k="highway" v="traffic_signals"/>
    <tag k="traffic_signals:direction" v="backward"/>
  </node>
  <node id="8954172811" lat="-33.9042146" lon="151.2011387">
    <tag k="highway" v="traffic_signals"/>
    <tag k="traffic_signals:direction" v="backward"/>
  </node>
  <node id="8954172812" lat="-33.9040162" lon="151.2012205">
    <tag k="highway" v="traffic_signals"/>
    <tag k="traffic_signals" v="signal"/>
    <tag k="traffic_signals:direction" v="forward"/>
  </node>
  <node id="8954176112" lat="-33.9041605" lon="151.2009701">
    <tag k="highway" v="traffic_signals"/>
    <tag k="traffic_signals" v="signal"/>
    <tag k="traffic_signals:direction" v="backward"/>
  </node>
  <node id="8954183633" lat="-33.9035417" lon="151.2019920">
    <tag k="highway" v="traffic_signals"/>
    <tag k="traffic_signals:direction" v="backward"/>
  </node>
  <node id="9033697499" lat="-33.9088645" lon="151.2016085">
    <tag k="name" v="V &amp; A Car Repairs"/>
    <tag k="shop" v="car_repair"/>
  </node>
  <node id="9033697501" lat="-33.9069446" lon="151.2064814">
    <tag k="amenity" v="bench"/>
  </node>
  <node id="9033703156" lat="-33.9087269" lon="151.2021919">
    <tag k="name" v="Inner City Smash"/>
    <tag k="shop" v="car_repair"/>
  </node>
  <node id="9033703856" lat="-33.9067024" lon="151.2070136">
    <tag k="amenity" v="bicycle_parking"/>
    <tag k="capacity" v="10"/>
  </node>
  <node id="9033707000" lat="-33.9063943" lon="151.2054495">
    <tag k="amenity" v="bbq"/>
  </node>
  <node id="9033709006" lat="-33.9070040" lon="151.2064263">
    <tag k="amenity" v="bench"/>
  </node>
  <node id="9033712439" lat="-33.9063367" lon="151.2053729">
    <tag k="covered" v="yes"/>
    <tag k="leisure" v="picnic_table"/>
  </node>
  <node id="9033716276" lat="-33.9069047" lon="151.2065473">
    <tag k="amenity" v="bench"/>
  </node>
  <node id="9033716659" lat="-33.9066856" lon="151.2069414">
    <tag k="amenity" v="bench"/>
  </node>
  <node id="9033717146" lat="-33.9067293" lon="151.2068650">
    <tag k="amenity" v="bench"/>
  </node>
  <node id="9033931154" lat="-33.9084473" lon="151.2039648">
    <tag k="amenity" v="waste_basket"/>
    <tag k="waste" v="dog_excrement"/>
  </node>
  <node id="9033931155" lat="-33.9084573" lon="151.2040108">
    <tag k="amenity" v="vending_machine"/>
    <tag k="vending" v="excrement_bags"/>
  </node>
  <node id="9033931156" lat="-33.9087447" lon="151.2034909">
    <tag k="traffic_calming" v="cushion"/>
  </node>
  <node id="9033952766" lat="-33.9076759" lon="151.2027027"/>
  <node id="9033952767" lat="-33.9076456" lon="151.2023352"/>
  <node id="9033952768" lat="-33.9076229" lon="151.2020350"/>
  <node id="9033952769" lat="-33.9075383" lon="151.2012449"/>
  <node id="9033952770" lat="-33.9075302" lon="151.2011289"/>
  <node id="9033952771" lat="-33.9072651" lon="151.2013535"/>
  <node id="9033952772" lat="-33.9075660" lon="151.2027172"/>
  <node id="9034009346" lat="-33.9087221" lon="151.2023912"/>
  <node id="9034009347" lat="-33.9087968" lon="151.2023736"/>
  <node id="9034009348" lat="-33.9087695" lon="151.2026835"/>
  <node id="9034009349" lat="-33.9088990" lon="151.2026172"/>
  <node id="9034009350" lat="-33.9088396" lon="151.2026379"/>
  <node id="9034009351" lat="-33.9088460" lon="151.2023544"/>
  <node id="9034009352" lat="-33.9089085" lon="151.2026641"/>
  <node id="9034009353" lat="-33.9089786" lon="151.2026451"/>
  <node id="9034009354" lat="-33.9089136" lon="151.2023313"/>
  <node id="9034009355" lat="-33.9090455" lon="151.2026250"/>
  <node id="9034009356" lat="-33.9089806" lon="151.2023111"/>
  <node id="9034009357" lat="-33.9090022" lon="151.2024353"/>
  <node id="9034009358" lat="-33.9090455" lon="151.2024209"/>
  <node id="9034009359" lat="-33.9088442" lon="151.2026659"/>
  <node id="9036533359" lat="-33.9057730" lon="151.2015126"/>
  <node id="9036533360" lat="-33.9056065" lon="151.2015906"/>
  <node id="9036533361" lat="-33.9055845" lon="151.2024736"/>
  <node id="9036533362" lat="-33.9053914" lon="151.2030659"/>
  <node id="9036533363" lat="-33.9052745" lon="151.2028240"/>
  <node id="9036621384" lat="-33.9083972" lon="151.2036165"/>
  <node id="9036621385" lat="-33.9084411" lon="151.2034710"/>
  <node id="9036621386" lat="-33.9087151" lon="151.2038867"/>
  <node id="9036621387" lat="-33.9086374" lon="151.2038825"/>
  <node id="9036621388" lat="-33.9086458" lon="151.2039489"/>
  <node id="9036621389" lat="-33.9087186" lon="151.2039126"/>
  <node id="9036621390" lat="-33.9087596" lon="151.2042070"/>
  <node id="9036621391" lat="-33.9086807" lon="151.2042075"/>
  <node id="9036621392" lat="-33.9086891" lon="151.2042634"/>
  <node id="9036621393" lat="-33.9087624" lon="151.2042318"/>
  <node id="9036621394" lat="-33.9084604" lon="151.2036585"/>
  <node id="9036621395" lat="-33.9084704" lon="151.2037413"/>
  <node id="9036621396" lat="-33.9084862" lon="151.2037394"/>
  <node id="9036621397" lat="-33.9085091" lon="151.2038999"/>
  <node id="9036621398" lat="-33.9085204" lon="151.2039797"/>
  <node id="9036621399" lat="-33.9085031" lon="151.2039816"/>
  <node id="9036621400" lat="-33.9085154" lon="151.2040624"/>
  <node id="9036621401" lat="-33.9085321" lon="151.2040596"/>
  <node id="9036621402" lat="-33.9085438" lon="151.2041388"/>
  <node id="9036621403" lat="-33.9085254" lon="151.2041421"/>
  <node id="9036621404" lat="-33.9085375" lon="151.2042243"/>
  <node id="9036621405" lat="-33.9085544" lon="151.2042211"/>
  <node id="9036621406" lat="-33.9085657" lon="151.2043012"/>
  <node id="9036621407" lat="-33.9085499" lon="151.2043066"/>
  <node id="9036621408" lat="-33.9085593" lon="151.2043851"/>
  <node id="9036621409" lat="-33.9085649" lon="151.2049085"/>
  <node id="9036621410" lat="-33.9085485" lon="151.2049154"/>
  <node id="9150717562" lat="-33.9077009" lon="151.2062658"/>
  <node id="9150717568" lat="-33.9076311" lon="151.2064674"/>
  <node id="9150717569" lat="-33.9075756" lon="151.2063297"/>
  <node id="9160247635" lat="-33.9080844" lon="151.2044089"/>
  <node id="9160247636" lat="-33.9080478" lon="151.2041393"/>
  <node id="9160247637" lat="-33.9080271" lon="151.2040516"/>
  <node id="9160247638" lat="-33.9080213" lon="151.2040170"/>
  <node id="9160247639" lat="-33.9080155" lon="151.2039071"/>
  <node id="9160247640" lat="-33.9080819" lon="151.2044631"/>
  <node id="9160247641" lat="-33.9078943" lon="151.2030817"/>
  <node id="9160247643" lat="-33.9077042" lon="151.2030053"/>
  <node id="9160247644" lat="-33.9079231" lon="151.2045281"/>
  <node id="9160247645" lat="-33.9079026" lon="151.2045635"/>
  <node id="9160254385" lat="-33.9038933" lon="151.2065492"/>
  <node id="9160254386" lat="-33.9040234" lon="151.2066330"/>
  <node id="9160254387" lat="-33.9041529" lon="151.2066728"/>
  <node id="9160254388" lat="-33.9042232" lon="151.2066938"/>
  <node id="9160254389" lat="-33.9040469" lon="151.2067179"/>
  <node id="9160254390" lat="-33.9039911" lon="151.2066910"/>
  <node id="9160254391" lat="-33.9042145" lon="151.2066760"/>
  <node id="9160254392" lat="-33.9042855" lon="151.2061971"/>
  <node id="9160254393" lat="-33.9043349" lon="151.2066663"/>
  <node id="9160254394" lat="-33.9044100" lon="151.2064831"/>
  <node id="9195271992" lat="-33.9030685" lon="151.2020096">
    <tag k="amenity" v="waste_basket"/>
  </node>
  <node id="9195271993" lat="-33.9030557" lon="151.2020468">
    <tag k="amenity" v="bench"/>
    <tag k="backrest" v="yes"/>
  </node>
  <node id="9195271994" lat="-33.9029865" lon="151.2020180">
    <tag k="amenity" v="bench"/>
    <tag k="backrest" v="yes"/>
  </node>
  <node id="9195271995" lat="-33.9029294" lon="151.2019402">
    <tag k="amenity" v="bicycle_parking"/>
    <tag k="bicycle_parking" v="stands"/>
    <tag k="capacity" v="1"/>
    <tag k="covered" v="no"/>
  </node>
  <node id="9320839451" lat="-33.9069066" lon="151.2056505"/>
  <node id="9357235622" lat="-33.9080527" lon="151.2040268"/>
  <node id="9357235623" lat="-33.9068733" lon="151.2035136"/>
  <node id="9357235624" lat="-33.9079701" lon="151.2040255"/>
  <node id="9357235625" lat="-33.9076689" lon="151.2047442"/>
  <node id="9357235626" lat="-33.9076068" lon="151.2040810"/>
  <node id="9357235627" lat="-33.9075336" lon="151.2034158"/>
  <node id="9439443045" lat="-33.9041521" lon="151.2068447"/>
  <node id="9439443046" lat="-33.9040564" lon="151.2068118"/>
  <node id="9439443106" lat="-33.9027973" lon="151.2056061">
    <tag k="access" v="yes"/>
    <tag k="amenity" v="bicycle_parking"/>
    <tag k="bicycle_parking" v="stands"/>
    <tag k="capacity" v="2"/>
    <tag k="covered" v="no"/>
    <tag k="fee" v="no"/>
  </node>
  <node id="9494145005" lat="-33.9083151" lon="151.2055349">
    <tag k="name" v="PT Supermarket"/>
    <tag k="shop" v="supermarket"/>
  </node>
  <node id="9494236252" lat="-33.9052657" lon="151.2030874">
    <tag k="check_date" v="2025-03"/>
    <tag k="name" v="Baineng"/>
    <tag k="office" v="yes"/>
  </node>
  <node id="9494259735" lat="-33.9091068" lon="151.2029430">
    <tag k="branch" v="Co"/>
    <tag k="brand" v="Nudie Jeans"/>
    <tag k="brand:wikidata" v="Q2436187"/>
    <tag k="check_date" v="2025-03"/>
    <tag k="name" v="Nudie Jeans"/>
    <tag k="shop" v="clothes"/>
  </node>
  <node id="9494265913" lat="-33.9057578" lon="151.2038588">
    <tag k="amenity" v="restaurant"/>
    <tag k="name" v="Nam2"/>
    <tag k="website" v="httls://nam2.com.au"/>
  </node>
  <node id="9494268887" lat="-33.9055967" lon="151.2041195">
    <tag k="description" v="Open Sat by appointment"/>
    <tag k="name" v="Mirvac Real Estate Services"/>
    <tag k="opening_hours" v="Mo-Fr 08:30-17:00"/>
    <tag k="shop" v="estate_agent"/>
  </node>
  <node id="9494269816" lat="-33.9049324" lon="151.2036431">
    <tag k="craft" v="caterer"/>
    <tag k="name" v="Catering Project"/>
    <tag k="website" v="https://www.cateringproject.com.au/"/>
  </node>
  <node id="9494270942" lat="-33.9091138" lon="151.2025429">
    <tag k="addr:housenumber" v="358"/>
    <tag k="amenity" v="cafe"/>
    <tag k="check_date" v="2025-03"/>
    <tag k="name" v="Taste Texture"/>
    <tag k="website" v="https://www.tastetexture.com.au/"/>
  </node>
  <node id="9494272303" lat="-33.9047415" lon="151.2038015">
    <tag k="name" v="Gasoline Motor Co"/>
    <tag k="shop" v="car_repair"/>
  </node>
  <node id="9494277374" lat="-33.9056915" lon="151.2037879">
    <tag k="amenity" v="restaurant"/>
    <tag k="cuisine" v="noode"/>
    <tag k="name" v="Bashan"/>
  </node>
  <node id="9494281187" lat="-33.9050578" lon="151.2034493">
    <tag k="amenity" v="car_rental"/>
    <tag k="brand" v="Europcar"/>
    <tag k="brand:wikidata" v="Q1376256"/>
    <tag k="name" v="Europcar"/>
  </node>
  <node id="9494281273" lat="-33.9056937" lon="151.2032149">
    <tag k="name" v="Venus Nails"/>
    <tag k="shop" v="beauty"/>
  </node>
  <node id="9494281349" lat="-33.9059436" lon="151.2035285">
    <tag k="name" v="Yees Yogurt"/>
    <tag k="shop" v="tea"/>
  </node>
  <node id="9494283533" lat="-33.9082631" lon="151.2048857">
    <tag k="name" v="Bridgehill Group"/>
    <tag k="office" v="consulting"/>
  </node>
  <node id="9494467845" lat="-33.9075524" lon="151.2063421">
    <tag k="crossing" v="traffic_signals"/>
    <tag k="crossing:island" v="no"/>
    <tag k="crossing:markings" v="dashes"/>
    <tag k="highway" v="crossing"/>
  </node>
  <node id="9494648287" lat="-33.9078665" lon="151.2027294"/>
  <node id="9494648288" lat="-33.9071294" lon="151.2027221"/>
  <node id="9494648289" lat="-33.9076332" lon="151.2026721"/>
  <node id="9494648290" lat="-33.9076118" lon="151.2023587"/>
  <node id="9494648291" lat="-33.9071104" lon="151.2024187"/>
  <node id="9494648292" lat="-33.9072837" lon="151.2013810"/>
  <node id="9494648293" lat="-33.9075390" lon="151.2013544"/>
  <node id="9494648294" lat="-33.9076046" lon="151.2022689"/>
  <node id="9494648295" lat="-33.9073491" lon="151.2022955"/>
  <node id="9494672787" lat="-33.9079891" lon="151.2030617"/>
  <node id="9494672788" lat="-33.9080219" lon="151.2033162"/>
  <node id="9494672789" lat="-33.9082972" lon="151.2032647"/>
  <node id="9494672790" lat="-33.9082644" lon="151.2030102"/>
  <node id="9494672791" lat="-33.9080493" lon="151.2035154"/>
  <node id="9494672792" lat="-33.9083119" lon="151.2034678"/>
  <node id="9494672793" lat="-33.9084382" lon="151.2044772"/>
  <node id="9494672794" lat="-33.9081753" lon="151.2045249"/>
  <node id="9494672795" lat="-33.9083336" lon="151.2030066"/>
  <node id="9494672796" lat="-33.9083618" lon="151.2032549"/>
  <node id="9494672797" lat="-33.9086525" lon="151.2032543"/>
  <node id="9494672798" lat="-33.9086445" lon="151.2029911"/>
  <node id="9494672799" lat="-33.9086415" lon="151.2039148"/>
  <node id="9494672800" lat="-33.9085146" lon="151.2039374"/>
  <node id="9494672801" lat="-33.9084980" lon="151.2044410"/>
  <node id="9494672802" lat="-33.9085430" lon="151.2044763"/>
  <node id="9494687346" lat="-33.9074430" lon="151.2034292"/>
  <node id="9494687347" lat="-33.9073754" lon="151.2028587"/>
  <node id="9523063249" lat="-33.9088489" lon="151.2037313">
    <tag k="entrance" v="main"/>
  </node>
  <node id="9523063250" lat="-33.9088914" lon="151.2040390">
    <tag k="entrance" v="main"/>
  </node>
  <node id="9523063251" lat="-33.9089332" lon="151.2043411">
    <tag k="entrance" v="main"/>
  </node>
  <node id="9523063252" lat="-33.9087209" lon="151.2044126"/>
  <node id="9523063253" lat="-33.9087219" lon="151.2043924"/>
  <node id="9523063254" lat="-33.9087312" lon="151.2043865"/>
  <node id="9523063255" lat="-33.9087390" lon="151.2043890"/>
  <node id="9523063256" lat="-33.9087449" lon="151.2043991"/>
  <node id="9523063257" lat="-33.9087598" lon="151.2044939"/>
  <node id="9523063258" lat="-33.9087376" lon="151.2045086"/>
  <node id="9523063259" lat="-33.9087325" lon="151.2044841"/>
  <node id="9523063260" lat="-33.9087216" lon="151.2044739"/>
  <node id="9523063261" lat="-33.9087140" lon="151.2044290"/>
  <node id="9523063262" lat="-33.9087508" lon="151.2045134"/>
  <node id="9523063263" lat="-33.9087595" lon="151.2045086"/>
  <node id="9523063264" lat="-33.9087444" lon="151.2045149"/>
  <node id="9523063265" lat="-33.9086895" lon="151.2039959"/>
  <node id="9523063266" lat="-33.9086726" lon="151.2039993"/>
  <node id="9523063267" lat="-33.9086953" lon="151.2041608"/>
  <node id="9523063268" lat="-33.9087121" lon="151.2041574"/>
  <node id="9523063269" lat="-33.9087815" lon="151.2034840">
    <tag k="natural" v="tree"/>
  </node>
  <node id="9523063270" lat="-33.9088083" lon="151.2036433">
    <tag k="natural" v="tree"/>
  </node>
  <node id="9523063271" lat="-33.9088363" lon="151.2038227">
    <tag k="natural" v="tree"/>
  </node>
  <node id="9523063272" lat="-33.9088652" lon="151.2040350">
    <tag k="natural" v="tree"/>
  </node>
  <node id="9523063273" lat="-33.9089035" lon="151.2042967">
    <tag k="natural" v="tree"/>
  </node>
  <node id="9523063275" lat="-33.9087624" lon="151.2038370">
    <tag k="natural" v="tree"/>
  </node>
  <node id="9523063276" lat="-33.9087245" lon="151.2035711">
    <tag k="natural" v="tree"/>
  </node>
  <node id="9523063277" lat="-33.9088235" lon="151.2042473">
    <tag k="natural" v="tree"/>
  </node>
  <node id="9523063278" lat="-33.9088594" lon="151.2044719">
    <tag k="natural" v="tree"/>
  </node>
  <node id="9544170686" lat="-33.9087571" lon="151.2033325"/>
  <node id="9544769010" lat="-33.9064184" lon="151.2037093"/>
  <node id="9544769011" lat="-33.9064902" lon="151.2038235"/>
  <node id="9544834606" lat="-33.9064424" lon="151.2045982"/>
  <node id="9544834607" lat="-33.9060815" lon="151.2042993"/>
  <node id="9544834608" lat="-33.9057442" lon="151.2040281"/>
  <node id="9544834609" lat="-33.9054118" lon="151.2037700"/>
  <node id="9544838187" lat="-33.9088683" lon="151.2043140"/>
  <node id="9544838188" lat="-33.9088952" lon="151.2045055"/>
  <node id="9549150585" lat="-33.9066107" lon="151.2036235"/>
  <node id="9549150586" lat="-33.9065969" lon="151.2036105"/>
  <node id="9549150587" lat="-33.9065804" lon="151.2036036"/>
  <node id="9549150588" lat="-33.9065629" lon="151.2036038"/>
  <node id="9549150589" lat="-33.9065219" lon="151.2036836"/>
  <node id="9549150590" lat="-33.9065293" lon="151.2037019"/>
  <node id="9549150591" lat="-33.9065412" lon="151.2037165"/>
  <node id="9549150592" lat="-33.9065563" lon="151.2037257"/>
  <node id="9549150593" lat="-33.9065731" lon="151.2037285"/>
  <node id="9549150594" lat="-33.9065464" lon="151.2036109"/>
  <node id="9549150595" lat="-33.9065328" lon="151.2036241"/>
  <node id="9549150596" lat="-33.9065236" lon="151.2036420"/>
  <node id="9549150597" lat="-33.9065198" lon="151.2036626"/>
  <node id="9549150598" lat="-33.9065898" lon="151.2037248"/>
  <node id="9549150599" lat="-33.9066045" lon="151.2037148"/>
  <node id="9549150600" lat="-33.9066159" lon="151.2036996"/>
  <node id="9549150601" lat="-33.9066226" lon="151.2036809"/>
  <node id="9549150602" lat="-33.9066239" lon="151.2036605"/>
  <node id="9549150603" lat="-33.9066198" lon="151.2036407"/>
  <node id="9549150604" lat="-33.9066193" lon="151.2036901"/>
  <node id="9549150605" lat="-33.9064615" lon="151.2034831">
    <tag k="door" v="sliding"/>
    <tag k="entrance" v="yes"/>
  </node>
  <node id="9549197015" lat="-33.9056824" lon="151.2032690"/>
  <node id="9549197016" lat="-33.9055989" lon="151.2034314"/>
  <node id="9549197668" lat="-33.9061634" lon="151.2032323"/>
  <node id="9549197669" lat="-33.9061033" lon="151.2032584"/>
  <node id="9549197670" lat="-33.9059541" lon="151.2033149"/>
  <node id="9549197671" lat="-33.9061347" lon="151.2032456"/>
  <node id="9549197672" lat="-33.9059198" lon="151.2033326"/>
  <node id="9549197673" lat="-33.9058049" lon="151.2035611"/>
  <node id="9549197674" lat="-33.9056369" lon="151.2034521"/>
  <node id="9549197675" lat="-33.9054635" lon="151.2036770"/>
  <node id="9549197676" lat="-33.9054500" lon="151.2036981"/>
  <node id="9549197677" lat="-33.9057420" lon="151.2032818"/>
  <node id="9549197678" lat="-33.9056491" lon="151.2034600"/>
  <node id="9549204417" lat="-33.9055990" lon="151.2034596"/>
  <node id="9549204418" lat="-33.9056087" lon="151.2034831"/>
  <node id="9549204419" lat="-33.9057748" lon="151.2036156"/>
  <node id="9549204420" lat="-33.9058045" lon="151.2036307"/>
  <node id="9549204421" lat="-33.9058202" lon="151.2036213"/>
  <node id="9549204422" lat="-33.9059589" lon="151.2033707"/>
  <node id="9549204423" lat="-33.9059633" lon="151.2033403"/>
  <node id="9549204424" lat="-33.9059247" lon="151.2032575"/>
  <node id="9549204425" lat="-33.9057046" lon="151.2032037"/>
  <node id="9549204426" lat="-33.9056986" lon="151.2032370"/>
  <node id="9549204427" lat="-33.9059383" lon="151.2032716"/>
  <node id="9549204428" lat="-33.9059629" lon="151.2033559"/>
  <node id="9549299803" lat="-33.9057503" lon="151.2012235"/>
  <node id="9549299804" lat="-33.9054584" lon="151.2011234"/>
  <node id="9549299805" lat="-33.9054255" lon="151.2012628"/>
  <node id="9549299806" lat="-33.9054008" lon="151.2012544"/>
  <node id="9549299807" lat="-33.9053688" lon="151.2013899"/>
  <node id="9549299808" lat="-33.9056557" lon="151.2014882"/>
  <node id="9549299809" lat="-33.9056745" lon="151.2014084"/>
  <node id="9549299810" lat="-33.9057043" lon="151.2014186"/>
  <node id="9549299811" lat="-33.9057075" lon="151.2009222"/>
  <node id="9549299812" lat="-33.9058463" lon="151.2009735"/>
  <node id="9549299813" lat="-33.9059396" lon="151.2006071"/>
  <node id="9549299814" lat="-33.9057552" lon="151.2005390"/>
  <node id="9549299815" lat="-33.9057231" lon="151.2006649"/>
  <node id="9549299816" lat="-33.9057438" lon="151.2006726"/>
  <node id="9549312317" lat="-33.9057140" lon="151.2007895"/>
  <node id="9549312318" lat="-33.9057016" lon="151.2007849"/>
  <node id="9549312319" lat="-33.9056920" lon="151.2008226"/>
  <node id="9549312320" lat="-33.9057293" lon="151.2008364"/>
  <node id="9549395113" lat="-33.9085910" lon="151.2047563">
    <tag k="natural" v="tree"/>
  </node>
  <node id="9549395114" lat="-33.9083951" lon="151.2047557">
    <tag k="natural" v="tree"/>
  </node>
  <node id="9549395115" lat="-33.9078571" lon="151.2046280">
    <tag k="natural" v="tree"/>
  </node>
  <node id="9549395116" lat="-33.9077750" lon="151.2046442">
    <tag k="natural" v="tree"/>
  </node>
  <node id="9549448976" lat="-33.9086332" lon="151.2033689">
    <tag k="traffic_calming" v="cushion"/>
  </node>
  <node id="9549451217" lat="-33.9077335" lon="151.2048109">
    <tag k="natural" v="tree"/>
  </node>
  <node id="9549451218" lat="-33.9075943" lon="151.2046694">
    <tag k="natural" v="tree"/>
  </node>
  <node id="9549451219" lat="-33.9075234" lon="151.2048387">
    <tag k="natural" v="tree"/>
  </node>
  <node id="9549451220" lat="-33.9074465" lon="151.2047012">
    <tag k="natural" v="tree"/>
  </node>
  <node id="9549451221" lat="-33.9073346" lon="151.2047234">
    <tag k="natural" v="tree"/>
  </node>
  <node id="9549451222" lat="-33.9062955" lon="151.2035339">
    <tag k="natural" v="tree"/>
  </node>
  <node id="9549451223" lat="-33.9063150" lon="151.2035750">
    <tag k="natural" v="tree"/>
  </node>
  <node id="9549451224" lat="-33.9064741" lon="151.2038461">
    <tag k="natural" v="tree"/>
  </node>
  <node id="9549451225" lat="-33.9065106" lon="151.2038944">
    <tag k="natural" v="tree"/>
  </node>
  <node id="9549451226" lat="-33.9065360" lon="151.2039570">
    <tag k="natural" v="tree"/>
  </node>
  <node id="9549451227" lat="-33.9066444" lon="151.2041110">
    <tag k="natural" v="tree"/>
  </node>
  <node id="9549451228" lat="-33.9068056" lon="151.2043429">
    <tag k="natural" v="tree"/>
  </node>
  <node id="9549451229" lat="-33.9069239" lon="151.2045104">
    <tag k="natural" v="tree"/>
  </node>
  <node id="9549451230" lat="-33.9070719" lon="151.2047235">
    <tag k="natural" v="tree"/>
  </node>
  <node id="9549451231" lat="-33.9071642" lon="151.2047317">
    <tag k="natural" v="tree"/>
  </node>
  <node id="9549451232" lat="-33.9070900" lon="151.2047549">
    <tag k="natural" v="tree"/>
  </node>
  <node id="9549451233" lat="-33.9072235" lon="151.2047064">
    <tag k="natural" v="tree"/>
  </node>
  <node id="9549451234" lat="-33.9071739" lon="151.2044691">
    <tag k="natural" v="tree"/>
  </node>
  <node id="9549451235" lat="-33.9071493" lon="151.2043869">
    <tag k="natural" v="tree"/>
  </node>
  <node id="9549451236" lat="-33.9070665" lon="151.2041791">
    <tag k="natural" v="tree"/>
  </node>
  <node id="9549451237" lat="-33.9070441" lon="151.2040750">
    <tag k="natural" v="tree"/>
  </node>
  <node id="9549451238" lat="-33.9069997" lon="151.2039502">
    <tag k="natural" v="tree"/>
  </node>
  <node id="9549451239" lat="-33.9068936" lon="151.2036854">
    <tag k="natural" v="tree"/>
  </node>
  <node id="9549451240" lat="-33.9068244" lon="151.2036687">
    <tag k="natural" v="tree"/>
  </node>
  <node id="9549451241" lat="-33.9080580" lon="151.2043951">
    <tag k="natural" v="tree"/>
  </node>
  <node id="9549451242" lat="-33.9080440" lon="151.2042600">
    <tag k="natural" v="tree"/>
  </node>
  <node id="9549451243" lat="-33.9080253" lon="151.2041649">
    <tag k="natural" v="tree"/>
  </node>
  <node id="9549451244" lat="-33.9079512" lon="151.2043795">
    <tag k="natural" v="tree"/>
  </node>
  <node id="9549451245" lat="-33.9079311" lon="151.2042366">
    <tag k="natural" v="tree"/>
  </node>
  <node id="9549451246" lat="-33.9070184" lon="151.2046493">
    <tag k="natural" v="tree"/>
  </node>
  <node id="9549451247" lat="-33.9062329" lon="151.2032929">
    <tag k="natural" v="tree"/>
  </node>
  <node id="9549451248" lat="-33.9061957" lon="151.2032347">
    <tag k="natural" v="tree"/>
  </node>
  <node id="9549451249" lat="-33.9079945" lon="151.2039624">
    <tag k="natural" v="tree"/>
  </node>
  <node id="9549451250" lat="-33.9079772" lon="151.2037959">
    <tag k="natural" v="tree"/>
  </node>
  <node id="9549451251" lat="-33.9078595" lon="151.2037383">
    <tag k="natural" v="tree"/>
  </node>
  <node id="9549451252" lat="-33.9079572" lon="151.2036462">
    <tag k="natural" v="tree"/>
  </node>
  <node id="9549451253" lat="-33.9079408" lon="151.2035186">
    <tag k="natural" v="tree"/>
  </node>
  <node id="9549451254" lat="-33.9079374" lon="151.2034903">
    <tag k="natural" v="tree"/>
  </node>
  <node id="9549451255" lat="-33.9078330" lon="151.2035950">
    <tag k="natural" v="tree"/>
  </node>
  <node id="9549451256" lat="-33.9078132" lon="151.2034312">
    <tag k="natural" v="tree"/>
  </node>
  <node id="9549451257" lat="-33.9079059" lon="151.2032516">
    <tag k="natural" v="tree"/>
  </node>
  <node id="9549451258" lat="-33.9077826" lon="151.2032127">
    <tag k="natural" v="tree"/>
  </node>
  <node id="9549451279" lat="-33.9080197" lon="151.2049628">
    <tag k="natural" v="tree"/>
  </node>
  <node id="9549451280" lat="-33.9081481" lon="151.2050146">
    <tag k="natural" v="tree"/>
  </node>
  <node id="9549451281" lat="-33.9080483" lon="151.2051485">
    <tag k="natural" v="tree"/>
  </node>
  <node id="9549451282" lat="-33.9082434" lon="151.2057160">
    <tag k="natural" v="tree"/>
  </node>
  <node id="9549451283" lat="-33.9081258" lon="151.2056787">
    <tag k="natural" v="tree"/>
  </node>
  <node id="9549451284" lat="-33.9082223" lon="151.2055562">
    <tag k="natural" v="tree"/>
  </node>
  <node id="9549451285" lat="-33.9080973" lon="151.2054870">
    <tag k="natural" v="tree"/>
  </node>
  <node id="9549451286" lat="-33.9068142" lon="151.2049658">
    <tag k="natural" v="tree"/>
  </node>
  <node id="9567312652" lat="-33.9062268" lon="151.2045017">
    <tag k="amenity" v="drinking_water"/>
  </node>
  <node id="9571802290" lat="-33.9063861" lon="151.2033533">
    <tag k="addr:housenumber" v="355"/>
    <tag k="addr:street" v="Botany Road"/>
    <tag k="amenity" v="cafe"/>
    <tag k="bar" v="yes"/>
    <tag k="description" v="Cafe by day, bar by night."/>
    <tag k="name" v="Bar Noun"/>
    <tag k="opening_hours" v="Mo-We 06:30-12:00; Th, Fr 06:30-12:00; Th, Fr 15:00-23:00; Sa 09:00-23:00; Su 09:00-22:00"/>
    <tag k="outdoor_seating" v="yes"/>
    <tag k="website" v="https://cafenoun.com/"/>
  </node>
  <node id="9593120826" lat="-33.9064294" lon="151.2034156">
    <tag k="access" v="yes"/>
    <tag k="amenity" v="toilets"/>
    <tag k="changing_table" v="no"/>
    <tag k="fee" v="no"/>
    <tag k="level" v="0"/>
    <tag k="opening_hours" v="Mo-Fr 10:00-18:00; Sa-Su 10:00-16:00"/>
    <tag k="operator" v="Green Square Library"/>
    <tag k="toilets:handwashing" v="yes"/>
    <tag k="wheelchair" v="yes"/>
  </node>
  <node id="9629011116" lat="-33.9077385" lon="151.2063611">
    <tag k="crossing" v="traffic_signals"/>
    <tag k="crossing:island" v="yes"/>
    <tag k="highway" v="crossing"/>
  </node>
  <node id="9629022324" lat="-33.9072211" lon="151.2049901">
    <tag k="button_operated" v="yes"/>
    <tag k="crossing" v="traffic_signals"/>
    <tag k="highway" v="crossing"/>
    <tag k="ref" v="4652"/>
    <tag k="tactile_paving" v="no"/>
    <tag k="traffic_signals:sound" v="yes"/>
  </node>
  <node id="9629022325" lat="-33.9078025" lon="151.2062112">
    <tag k="crossing" v="traffic_signals"/>
    <tag k="crossing:island" v="no"/>
    <tag k="crossing:markings" v="dashes"/>
    <tag k="highway" v="crossing"/>
  </node>
  <node id="9629037719" lat="-33.9077240" lon="151.2063226">
    <tag k="crossing" v="traffic_signals"/>
    <tag k="highway" v="crossing"/>
  </node>
  <node id="9629037720" lat="-33.9075990" lon="151.2063907"/>
  <node id="9629037721" lat="-33.9076309" lon="151.2063733">
    <tag k="crossing" v="traffic_signals"/>
    <tag k="highway" v="crossing"/>
  </node>
  <node id="9629037722" lat="-33.9075751" lon="151.2064037">
    <tag k="crossing" v="traffic_signals"/>
    <tag k="crossing:island" v="no"/>
    <tag k="crossing:markings" v="dashes"/>
    <tag k="highway" v="crossing"/>
  </node>
  <node id="9629037723" lat="-33.9073138" lon="151.2064831"/>
  <node id="9629037724" lat="-33.9072741" lon="151.2064831"/>
  <node id="9629037725" lat="-33.9071835" lon="151.2064695"/>
  <node id="9629037726" lat="-33.9070682" lon="151.2064002"/>
  <node id="9629037727" lat="-33.9070188" lon="151.2063639"/>
  <node id="9630794412" lat="-33.9077703" lon="151.2062974"/>
  <node id="9630794413" lat="-33.9077472" lon="151.2062405">
    <tag k="crossing" v="traffic_signals"/>
    <tag k="highway" v="crossing"/>
  </node>
  <node id="9630794414" lat="-33.9077108" lon="151.2061430">
    <tag k="crossing" v="traffic_signals"/>
    <tag k="crossing:island" v="yes"/>
    <tag k="crossing:markings" v="dashes"/>
    <tag k="highway" v="crossing"/>
  </node>
  <node id="9630794415" lat="-33.9076969" lon="151.2061060"/>
  <node id="9630794416" lat="-33.9073381" lon="151.2050961"/>
  <node id="9630841217" lat="-33.9072905" lon="151.2050462"/>
  <node id="9630841218" lat="-33.9072599" lon="151.2049678"/>
  <node id="9630841219" lat="-33.9072237" lon="151.2048720">
    <tag k="crossing" v="traffic_signals"/>
    <tag k="highway" v="crossing"/>
  </node>
  <node id="9630841220" lat="-33.9071892" lon="151.2047827"/>
  <node id="9630841221" lat="-33.9070955" lon="151.2049476">
    <tag k="highway" v="traffic_signals"/>
    <tag k="ref" v="4652"/>
    <tag k="traffic_signals" v="signal"/>
  </node>
  <node id="9630841222" lat="-33.9077614" lon="151.2061113"/>
  <node id="9630841223" lat="-33.9078236" lon="151.2062685">
    <tag k="crossing" v="traffic_signals"/>
    <tag k="crossing:island" v="no"/>
    <tag k="crossing:markings" v="dashes"/>
    <tag k="highway" v="crossing"/>
  </node>
  <node id="9630865947" lat="-33.9076460" lon="151.2064124">
    <tag k="crossing" v="traffic_signals"/>
    <tag k="crossing:island" v="yes"/>
    <tag k="crossing:markings" v="dashes"/>
    <tag k="highway" v="crossing"/>
  </node>
  <node id="9630865948" lat="-33.9076141" lon="151.2064301">
    <tag k="crossing" v="traffic_signals"/>
    <tag k="crossing:island" v="yes"/>
    <tag k="crossing:markings" v="dashes"/>
    <tag k="highway" v="crossing"/>
  </node>
  <node id="9630865949" lat="-33.9075877" lon="151.2064378"/>
  <node id="9630865950" lat="-33.9073788" lon="151.2065436"/>
  <node id="9630865951" lat="-33.9072670" lon="151.2065530"/>
  <node id="9630865952" lat="-33.9071601" lon="151.2065126"/>
  <node id="9630865953" lat="-33.9070891" lon="151.2064620"/>
  <node id="9630865954" lat="-33.9070045" lon="151.2063937"/>
  <node id="9630865955" lat="-33.9075120" lon="151.2062526"/>
  <node id="9630865956" lat="-33.9073789" lon="151.2063417"/>
  <node id="9630865957" lat="-33.9073206" lon="151.2063562"/>
  <node id="9630865958" lat="-33.9072576" lon="151.2063555"/>
  <node id="9630865959" lat="-33.9071981" lon="151.2063369"/>
  <node id="9630865960" lat="-33.9071414" lon="151.2063046"/>
  <node id="9630865961" lat="-33.9070717" lon="151.2062468"/>
  <node id="9630865962" lat="-33.9067369" lon="151.2059875"/>
  <node id="9630865963" lat="-33.9061816" lon="151.2057496"/>
  <node id="9630907857" lat="-33.9069529" lon="151.2062356"/>
  <node id="9630907859" lat="-33.9075731" lon="151.2062193">
    <tag k="crossing" v="traffic_signals"/>
    <tag k="crossing:island" v="yes"/>
    <tag k="crossing:markings" v="dashes"/>
    <tag k="highway" v="crossing"/>
  </node>
  <node id="9630907860" lat="-33.9076642" lon="151.2061688">
    <tag k="crossing" v="traffic_signals"/>
    <tag k="crossing:island" v="yes"/>
    <tag k="crossing:markings" v="dashes"/>
    <tag k="highway" v="crossing"/>
  </node>
  <node id="9631117564" lat="-33.9072343" lon="151.2047284"/>
  <node id="9631117565" lat="-33.9071817" lon="151.2047642"/>
  <node id="9650787731" lat="-33.9074080" lon="151.2050718">
    <tag k="amenity" v="drinking_water"/>
    <tag k="construction" v="yes"/>
    <tag k="fountain" v="bubbler"/>
  </node>
  <node id="9650794466" lat="-33.9074159" lon="151.2053631">
    <tag k="amenity" v="drinking_water"/>
  </node>
  <node id="9650801493" lat="-33.9073980" lon="151.2053094">
    <tag k="amenity" v="bicycle_parking"/>
    <tag k="capacity" v="4"/>
  </node>
  <node id="9650804002" lat="-33.9074347" lon="151.2054129">
    <tag k="amenity" v="bicycle_parking"/>
    <tag k="capacity" v="4"/>
  </node>
  <node id="9655135503" lat="-33.9051512" lon="151.2037814"/>
  <node id="9655135504" lat="-33.9053070" lon="151.2037938"/>
  <node id="9655154059" lat="-33.9082958" lon="151.2054373">
    <tag k="amenity" v="cafe"/>
    <tag k="description" v="Opening hours checked 2022-04-30, staff said hours will change eventually."/>
    <tag k="name" v="Cafe Duet"/>
    <tag k="opening_hours" v="Mo-Fr 07:00-15:00; Sa, Su 08:00-15:00"/>
  </node>
  <node id="9664467502" lat="-33.9087792" lon="151.2034395"/>
  <node id="9664467503" lat="-33.9090864" lon="151.2033691"/>
  <node id="9664467512" lat="-33.9081715" lon="151.2048065"/>
  <node id="9664503838" lat="-33.9090314" lon="151.2022852"/>
  <node id="9664503839" lat="-33.9091068" lon="151.2026281"/>
  <node id="9664503842" lat="-33.9087515" lon="151.2019411"/>
  <node id="9664503843" lat="-33.9088313" lon="151.2022719"/>
  <node id="9664503844" lat="-33.9085261" lon="151.2010284"/>
  <node id="9664503847" lat="-33.9085884" lon="151.2013717"/>
  <node id="9765626668" lat="-33.9023833" lon="151.2035897"/>
  <node id="9765626672" lat="-33.9023356" lon="151.2048207"/>
  <node id="9765626673" lat="-33.9025210" lon="151.2044512"/>
  <node id="9791898660" lat="-33.9063554" lon="151.1995572">
    <tag k="amenity" v="waste_basket"/>
  </node>
  <node id="9807523684" lat="-33.9052426" lon="151.2072312">
    <tag k="name" v="Memento Pro"/>
    <tag k="opening_hours" v="&quot;by appointment&quot;"/>
    <tag k="shop" v="copyshop"/>
  </node>
  <node id="9807538320" lat="-33.9041015" lon="151.2068482">
    <tag k="man_made" v="water_works"/>
    <tag k="name" v="City Tunnel Zetland"/>
    <tag k="operator" v="Sydney Water"/>
    <tag k="operator:wikidata" v="Q14476248"/>
  </node>
  <node id="9807547160" lat="-33.9050488" lon="151.2070614">
    <tag k="amenity" v="bicycle_parking"/>
    <tag k="capacity" v="10"/>
  </node>
  <node id="9807547444" lat="-33.9046743" lon="151.2062777">
    <tag k="amenity" v="bicycle_parking"/>
    <tag k="capacity" v="24"/>
  </node>
  <node id="9807559883" lat="-33.9042709" lon="151.2061320">
    <tag k="barrier" v="kerb"/>
    <tag k="kerb" v="raised"/>
    <tag k="wheelchair" v="no"/>
  </node>
  <node id="9807559884" lat="-33.9045899" lon="151.2062464">
    <tag k="barrier" v="kerb"/>
    <tag k="kerb" v="raised"/>
    <tag k="wheelchair" v="no"/>
  </node>
  <node id="9807563275" lat="-33.9041765" lon="151.2068300"/>
  <node id="9807563276" lat="-33.9055148" lon="151.2068330"/>
  <node id="9807563277" lat="-33.9054899" lon="151.2068806"/>
  <node id="9807563278" lat="-33.9052324" lon="151.2066848"/>
  <node id="9807563279" lat="-33.9052574" lon="151.2066372"/>
  <node id="9891336283" lat="-33.9085154" lon="151.2016383"/>
  <node id="9891336284" lat="-33.9083831" lon="151.2027076"/>
  <node id="9893342073" lat="-33.9063766" lon="151.1997996">
    <tag k="air_conditioning" v="no"/>
    <tag k="amenity" v="cafe"/>
    <tag k="indoor_seating" v="yes"/>
    <tag k="name" v="Mecca"/>
    <tag k="opening_hours" v="Mo-Fr 07:30-15:00; Sa, Su 08:00-15:00"/>
    <tag k="outdoor_seating" v="yes"/>
  </node>
  <node id="9898797315" lat="-33.9063175" lon="151.1991877"/>
  <node id="9898797316" lat="-33.9057335" lon="151.2014379"/>
  <node id="9898804617" lat="-33.9056887" lon="151.2014866"/>
  <node id="9898804618" lat="-33.9056211" lon="151.2015083"/>
  <node id="9898804619" lat="-33.9055274" lon="151.2014872"/>
  <node id="9898804620" lat="-33.9047583" lon="151.2012275"/>
  <node id="9898804621" lat="-33.9049349" lon="151.2003864"/>
  <node id="9898804622" lat="-33.9046012" lon="151.2002792"/>
  <node id="9898804623" lat="-33.9050531" lon="151.1993107"/>
  <node id="9920562972" lat="-33.9081207" lon="151.2059104"/>
  <node id="9920562974" lat="-33.9080503" lon="151.2057775"/>
  <node id="9920562975" lat="-33.9075684" lon="151.2049156"/>
  <node id="9920562976" lat="-33.9075301" lon="151.2048569"/>
  <node id="9920562977" lat="-33.9078074" lon="151.2058886"/>
  <node id="9920562978" lat="-33.9079256" lon="151.2058300"/>
  <node id="9920562979" lat="-33.9079030" lon="151.2057639"/>
  <node id="9920562980" lat="-33.9077848" lon="151.2058225"/>
  <node id="9920562981" lat="-33.9077452" lon="151.2060707"/>
  <node id="9920562982" lat="-33.9079480" lon="151.2058604"/>
  <node id="9920562983" lat="-33.9077319" lon="151.2052079"/>
  <node id="9920562984" lat="-33.9074134" lon="151.2051051">
    <tag k="natural" v="tree"/>
    <tag k="taxon:family" v="Arecaceae"/>
  </node>
  <node id="9920562985" lat="-33.9074525" lon="151.2051905">
    <tag k="natural" v="tree"/>
    <tag k="taxon:family" v="Arecaceae"/>
  </node>
  <node id="9920562986" lat="-33.9074920" lon="151.2052763">
    <tag k="natural" v="tree"/>
    <tag k="taxon:family" v="Arecaceae"/>
  </node>
  <node id="9920562987" lat="-33.9075290" lon="151.2053625">
    <tag k="natural" v="tree"/>
    <tag k="taxon:family" v="Arecaceae"/>
  </node>
  <node id="9920562988" lat="-33.9075680" lon="151.2054473">
    <tag k="natural" v="tree"/>
    <tag k="taxon:family" v="Arecaceae"/>
  </node>
  <node id="9920562989" lat="-33.9076073" lon="151.2055350">
    <tag k="natural" v="tree"/>
    <tag k="taxon:family" v="Arecaceae"/>
  </node>
  <node id="9920562990" lat="-33.9076063" lon="151.2056116">
    <tag k="natural" v="tree"/>
    <tag k="taxon:family" v="Arecaceae"/>
  </node>
  <node id="9920562991" lat="-33.9076403" lon="151.2057027">
    <tag k="natural" v="tree"/>
    <tag k="taxon:family" v="Arecaceae"/>
  </node>
  <node id="9920562992" lat="-33.9076770" lon="151.2057929">
    <tag k="natural" v="tree"/>
    <tag k="taxon:family" v="Arecaceae"/>
  </node>
  <node id="9920562993" lat="-33.9077127" lon="151.2058835">
    <tag k="natural" v="tree"/>
    <tag k="taxon:family" v="Arecaceae"/>
  </node>
  <node id="9920562994" lat="-33.9077920" lon="151.2054956">
    <tag k="natural" v="tree"/>
  </node>
  <node id="9920562995" lat="-33.9078119" lon="151.2055539">
    <tag k="natural" v="tree"/>
  </node>
  <node id="9920562996" lat="-33.9078324" lon="151.2056141">
    <tag k="natural" v="tree"/>
  </node>
  <node id="9920562997" lat="-33.9078535" lon="151.2056737">
    <tag k="natural" v="tree"/>
  </node>
  <node id="9920562998" lat="-33.9078746" lon="151.2057334">
    <tag k="natural" v="tree"/>
  </node>
  <node id="9920562999" lat="-33.9078484" lon="151.2058077">
    <tag k="backrest" v="no"/>
    <tag k="bench" v="yes"/>
    <tag k="covered" v="yes"/>
    <tag k="height" v="0.9"/>
    <tag k="leisure" v="picnic_table"/>
    <tag k="material" v="concrete"/>
  </node>
  <node id="9920563000" lat="-33.9078826" lon="151.2057919">
    <tag k="backrest" v="no"/>
    <tag k="bench" v="yes"/>
    <tag k="covered" v="yes"/>
    <tag k="height" v="0.9"/>
    <tag k="leisure" v="picnic_table"/>
    <tag k="material" v="concrete"/>
  </node>
  <node id="9920563001" lat="-33.9078119" lon="151.2058275">
    <tag k="backrest" v="no"/>
    <tag k="bench" v="yes"/>
    <tag k="covered" v="yes"/>
    <tag k="height" v="0.9"/>
    <tag k="leisure" v="picnic_table"/>
    <tag k="material" v="concrete"/>
  </node>
  <node id="9920563002" lat="-33.9078606" lon="151.2058737">
    <tag k="access" v="yes"/>
    <tag k="amenity" v="bbq"/>
    <tag k="covered" v="no"/>
    <tag k="fuel" v="electric"/>
  </node>
  <node id="9920563003" lat="-33.9078839" lon="151.2058630">
    <tag k="access" v="yes"/>
    <tag k="amenity" v="bbq"/>
    <tag k="covered" v="no"/>
    <tag k="fuel" v="electric"/>
  </node>
  <node id="9920563004" lat="-33.9079179" lon="151.2058478">
    <tag k="amenity" v="waste_basket"/>
    <tag k="material" v="metal"/>
    <tag k="waste" v="trash"/>
  </node>
  <node id="9920563005" lat="-33.9079227" lon="151.2058437">
    <tag k="amenity" v="waste_basket"/>
    <tag k="material" v="metal"/>
    <tag k="waste" v="recycling"/>
  </node>
  <node id="9920563006" lat="-33.9080058" lon="151.2054102">
    <tag k="amenity" v="bench"/>
    <tag k="backrest" v="yes"/>
    <tag k="material" v="concrete"/>
  </node>
  <node id="9920563007" lat="-33.9079891" lon="151.2052892">
    <tag k="amenity" v="bench"/>
    <tag k="backrest" v="no"/>
    <tag k="material" v="concrete"/>
  </node>
  <node id="9920563008" lat="-33.9079707" lon="151.2051542">
    <tag k="amenity" v="bench"/>
    <tag k="backrest" v="no"/>
    <tag k="material" v="concrete"/>
  </node>
  <node id="9920563009" lat="-33.9079527" lon="151.2050299">
    <tag k="amenity" v="bench"/>
    <tag k="backrest" v="no"/>
    <tag k="material" v="concrete"/>
  </node>
  <node id="9920563010" lat="-33.9080151" lon="151.2054809">
    <tag k="natural" v="tree"/>
  </node>
  <node id="9920563011" lat="-33.9079964" lon="151.2053514">
    <tag k="natural" v="tree"/>
  </node>
  <node id="9920563012" lat="-33.9079779" lon="151.2052174">
    <tag k="natural" v="tree"/>
  </node>
  <node id="9920563013" lat="-33.9079613" lon="151.2050938">
    <tag k="natural" v="tree"/>
  </node>
  <node id="9920563014" lat="-33.9075410" lon="151.2050024"/>
  <node id="9920563015" lat="-33.9074717" lon="151.2050721"/>
  <node id="9920563016" lat="-33.9077787" lon="151.2058170"/>
  <node id="9920572246" lat="-33.9075711" lon="151.2048751"/>
  <node id="9920572247" lat="-33.9076670" lon="151.2048606"/>
  <node id="9920572248" lat="-33.9077713" lon="151.2052100"/>
  <node id="9920572249" lat="-33.9077537" lon="151.2052039"/>
  <node id="9920572250" lat="-33.9076223" lon="151.2049673">
    <tag k="access" v="unknown"/>
    <tag k="door" v="garage"/>
    <tag k="entrance" v="yes"/>
  </node>
  <node id="9920572251" lat="-33.9074277" lon="151.2050677"/>
  <node id="9920572252" lat="-33.9073909" lon="151.2051031"/>
  <node id="9920572253" lat="-33.9077537" lon="151.2060402"/>
  <node id="9920572254" lat="-33.9077830" lon="151.2060099"/>
  <node id="9920572255" lat="-33.9076447" lon="151.2056436"/>
  <node id="9920572256" lat="-33.9077471" lon="151.2058424"/>
  <node id="9920572257" lat="-33.9077807" lon="151.2058260"/>
  <node id="9920572258" lat="-33.9076732" lon="151.2055893"/>
  <node id="9920572259" lat="-33.9076483" lon="151.2055545"/>
  <node id="9920572260" lat="-33.9078280" lon="151.2054196"/>
  <node id="9920572261" lat="-33.9078177" lon="151.2054277"/>
  <node id="9920572262" lat="-33.9080177" lon="151.2058791"/>
  <node id="9920572263" lat="-33.9078271" lon="151.2060051"/>
  <node id="9920572264" lat="-33.9077667" lon="151.2060675"/>
  <node id="9920572265" lat="-33.9077704" lon="151.2060785"/>
  <node id="9920572266" lat="-33.9080978" lon="151.2059038"/>
  <node id="9920572317" lat="-33.9079009" lon="151.2057574"/>
  <node id="9920572318" lat="-33.9077460" lon="151.2053044"/>
  <node id="9920572319" lat="-33.9076592" lon="151.2055478"/>
  <node id="9920572320" lat="-33.9080207" lon="151.2056010"/>
  <node id="9920572321" lat="-33.9079873" lon="151.2056272"/>
  <node id="9920572322" lat="-33.9078861" lon="151.2054365"/>
  <node id="9920572323" lat="-33.9078966" lon="151.2054295"/>
  <node id="9920572324" lat="-33.9079160" lon="151.2053878"/>
  <node id="9920572325" lat="-33.9078237" lon="151.2051680"/>
  <node id="9920572327" lat="-33.9079895" lon="151.2056294"/>
  <node id="9920572328" lat="-33.9080690" lon="151.2055660"/>
  <node id="9920572329" lat="-33.9081004" lon="151.2057740"/>
  <node id="9920572330" lat="-33.9080930" lon="151.2057182"/>
  <node id="9920572331" lat="-33.9080565" lon="151.2057487"/>
  <node id="9920572332" lat="-33.9073925" lon="151.2050887">
    <tag k="board_type" v="wildlife"/>
    <tag k="information" v="board"/>
  </node>
  <node id="9920572333" lat="-33.9081093" lon="151.2058089"/>
  <node id="9920572334" lat="-33.9079844" lon="151.2049410"/>
  <node id="9920592534" lat="-33.9074741" lon="151.2048963"/>
  <node id="9920592535" lat="-33.9074865" lon="151.2049337"/>
  <node id="9920592536" lat="-33.9073825" lon="151.2049683"/>
  <node id="9920592537" lat="-33.9073873" lon="151.2049973"/>
  <node id="9920592538" lat="-33.9074230" lon="151.2049943"/>
  <node id="9920592539" lat="-33.9074164" lon="151.2049571"/>
  <node id="9920592540" lat="-33.9074128" lon="151.2049403"/>
  <node id="9920592541" lat="-33.9073991" lon="151.2049461"/>
  <node id="9920592542" lat="-33.9074014" lon="151.2049747"/>
  <node id="9920592543" lat="-33.9073511" lon="151.2049878"/>
  <node id="9920592544" lat="-33.9073486" lon="151.2049317"/>
  <node id="9920592545" lat="-33.9074819" lon="151.2049512"/>
  <node id="9920592546" lat="-33.9074657" lon="151.2049251"/>
  <node id="9920592547" lat="-33.9074983" lon="151.2049067"/>
  <node id="9920592548" lat="-33.9075058" lon="151.2049410"/>
  <node id="9920597219" lat="-33.9076538" lon="151.2055476"/>
  <node id="9920597220" lat="-33.9074647" lon="151.2050711"/>
  <node id="9920597221" lat="-33.9075398" lon="151.2049948"/>
  <node id="9920597222" lat="-33.9077010" lon="151.2052274"/>
  <node id="9920597223" lat="-33.9077142" lon="151.2052179"/>
  <node id="9920597224" lat="-33.9075492" lon="151.2049208"/>
  <node id="9920597225" lat="-33.9075297" lon="151.2049408"/>
  <node id="9920597226" lat="-33.9075288" lon="151.2049679"/>
  <node id="9920597227" lat="-33.9074491" lon="151.2050478"/>
  <node id="9920597228" lat="-33.9074304" lon="151.2050404"/>
  <node id="9920597229" lat="-33.9074164" lon="151.2050542"/>
  <node id="9920597230" lat="-33.9074212" lon="151.2050690"/>
  <node id="9920597231" lat="-33.9074275" lon="151.2050615"/>
  <node id="9920597232" lat="-33.9078684" lon="151.2059613"/>
  <node id="9920597233" lat="-33.9078732" lon="151.2059705"/>
  <node id="9920597234" lat="-33.9080153" lon="151.2058784"/>
  <node id="9920597235" lat="-33.9078638" lon="151.2055367"/>
  <node id="9920597236" lat="-33.9078590" lon="151.2055401"/>
  <node id="9920597237" lat="-33.9079673" lon="151.2058594"/>
  <node id="9920597238" lat="-33.9079336" lon="151.2058536"/>
  <node id="9920597239" lat="-33.9077839" lon="151.2060065"/>
  <node id="9920597240" lat="-33.9076827" lon="151.2057365"/>
  <node id="9920597241" lat="-33.9076887" lon="151.2057336"/>
  <node id="9920597242" lat="-33.9077926" lon="151.2059260"/>
  <node id="9920597243" lat="-33.9080539" lon="151.2057453"/>
  <node id="9920597244" lat="-33.9079912" lon="151.2056336"/>
  <node id="9920597245" lat="-33.9080689" lon="151.2055707"/>
  <node id="9920597246" lat="-33.9080907" lon="151.2057159"/>
  <node id="9920597247" lat="-33.9078094" lon="151.2059147"/>
  <node id="9920597248" lat="-33.9077796" lon="151.2058288"/>
  <node id="9920597249" lat="-33.9077497" lon="151.2058432"/>
  <node id="9920597250" lat="-33.9077932" lon="151.2059230"/>
  <node id="9920601511" lat="-33.9076823" lon="151.2059820"/>
  <node id="9920601512" lat="-33.9076838" lon="151.2060673"/>
  <node id="9920608625" lat="-33.9073412" lon="151.2051696">
    <tag k="amenity" v="waste_basket"/>
  </node>
  <node id="9920608626" lat="-33.9074150" lon="151.2052523">
    <tag k="amenity" v="bench"/>
    <tag k="backrest" v="yes"/>
  </node>
  <node id="9920608627" lat="-33.9074865" lon="151.2054378">
    <tag k="amenity" v="bench"/>
  </node>
  <node id="9920608628" lat="-33.9075554" lon="151.2056203">
    <tag k="amenity" v="bench"/>
  </node>
  <node id="9920608629" lat="-33.9076268" lon="151.2058045">
    <tag k="amenity" v="bench"/>
  </node>
  <node id="9920608630" lat="-33.9076619" lon="151.2058965">
    <tag k="amenity" v="waste_basket"/>
  </node>
  <node id="9920608631" lat="-33.9075575" lon="151.2049012"/>
  <node id="9920608632" lat="-33.9073674" lon="151.2050907"/>
  <node id="9920608636" lat="-33.9078716" lon="151.2040612"/>
  <node id="9920608637" lat="-33.9079726" lon="151.2040420">
    <tag k="crossing" v="unmarked"/>
    <tag k="crossing:island" v="yes"/>
    <tag k="crossing:markings" v="no"/>
    <tag k="highway" v="crossing"/>
  </node>
  <node id="9920608638" lat="-33.9080237" lon="151.2040323"/>
  <node id="9920608639" lat="-33.9079168" lon="151.2030160"/>
  <node id="9920608640" lat="-33.9080372" lon="151.2039012"/>
  <node id="9920608641" lat="-33.9079572" lon="151.2047017">
    <tag k="crossing" v="traffic_signals"/>
    <tag k="crossing:island" v="no"/>
    <tag k="crossing:markings" v="dashes"/>
    <tag k="crossing:signals" v="yes"/>
    <tag k="highway" v="crossing"/>
  </node>
  <node id="9920608642" lat="-33.9081556" lon="151.2046894">
    <tag k="crossing" v="traffic_signals"/>
    <tag k="crossing:island" v="no"/>
    <tag k="crossing:markings" v="dashes"/>
    <tag k="crossing:signals" v="yes"/>
    <tag k="highway" v="crossing"/>
  </node>
  <node id="9921719316" lat="-33.9074004" lon="151.2049621"/>
  <node id="9921721517" lat="-33.9073845" lon="151.2049791"/>
  <node id="9921721518" lat="-33.9074736" lon="151.2049379"/>
  <node id="9921721519" lat="-33.9074808" lon="151.2049164"/>
  <node id="9921721520" lat="-33.9077621" lon="151.2054340"/>
  <node id="9921721521" lat="-33.9077699" lon="151.2054137"/>
  <node id="9921721522" lat="-33.9078317" lon="151.2053700"/>
  <node id="9921721523" lat="-33.9078388" lon="151.2053823"/>
  <node id="9921721524" lat="-33.9078554" lon="151.2054119"/>
  <node id="9921721525" lat="-33.9078181" lon="151.2053464"/>
  <node id="9921721526" lat="-33.9078317" lon="151.2053376"/>
  <node id="9921721527" lat="-33.9078209" lon="151.2053182"/>
  <node id="9921721528" lat="-33.9078525" lon="151.2052938"/>
  <node id="9921721529" lat="-33.9078348" lon="151.2052523"/>
  <node id="9921721530" lat="-33.9078093" lon="151.2052972"/>
  <node id="9921721531" lat="-33.9078086" lon="151.2053286"/>
  <node id="9921721532" lat="-33.9078113" lon="151.2053514"/>
  <node id="9921721533" lat="-33.9078377" lon="151.2054221"/>
  <node id="9921721534" lat="-33.9077601" lon="151.2053290"/>
  <node id="9921721535" lat="-33.9077823" lon="151.2053370"/>
  <node id="9921721536" lat="-33.9077584" lon="151.2054079"/>
  <node id="9921721537" lat="-33.9077772" lon="151.2054173"/>
  <node id="9921721538" lat="-33.9077697" lon="151.2054395"/>
  <node id="9921721539" lat="-33.9077521" lon="151.2054275"/>
  <node id="9921721540" lat="-33.9077506" lon="151.2054033"/>
  <node id="9921721541" lat="-33.9079104" lon="151.2053168"/>
  <node id="9921721542" lat="-33.9078804" lon="151.2053750"/>
  <node id="9921721543" lat="-33.9078521" lon="151.2053724"/>
  <node id="9921721544" lat="-33.9078490" lon="151.2053824"/>
  <node id="9921721545" lat="-33.9078230" lon="151.2053829"/>
  <node id="9921721546" lat="-33.9077930" lon="151.2053832"/>
  <node id="9921721547" lat="-33.9077799" lon="151.2054559"/>
  <node id="9921721548" lat="-33.9077568" lon="151.2054483"/>
  <node id="9921721549" lat="-33.9077815" lon="151.2053832"/>
  <node id="9921721550" lat="-33.9077963" lon="151.2053668"/>
  <node id="9921721551" lat="-33.9078178" lon="151.2053688"/>
  <node id="9921721552" lat="-33.9078759" lon="151.2052842"/>
  <node id="9926147267" lat="-33.9076576" lon="151.2060063">
    <tag k="height" v="5"/>
    <tag k="leaf_cycle" v="deciduous"/>
    <tag k="leaf_type" v="broadleaved"/>
    <tag k="natural" v="tree"/>
  </node>
  <node id="9926147268" lat="-33.9068731" lon="151.2038978">
    <tag k="access" v="yes"/>
    <tag k="amenity" v="bench"/>
    <tag k="backrest" v="no"/>
    <tag k="colour" v="#8d5a49"/>
    <tag k="direction" v="-90"/>
    <tag k="height" v="2"/>
    <tag k="lit" v="yes"/>
    <tag k="material" v="wood"/>
  </node>
  <node id="9926147269" lat="-33.9068267" lon="151.2037983">
    <tag k="access" v="yes"/>
    <tag k="amenity" v="bench"/>
    <tag k="backrest" v="no"/>
    <tag k="colour" v="#8d5a49"/>
    <tag k="direction" v="-90"/>
    <tag k="height" v="2"/>
    <tag k="lit" v="yes"/>
    <tag k="material" v="wood"/>
  </node>
  <node id="9926147270" lat="-33.9068745" lon="151.2039423">
    <tag k="access" v="yes"/>
    <tag k="amenity" v="bench"/>
    <tag k="backrest" v="no"/>
    <tag k="colour" v="#8d5a49"/>
    <tag k="direction" v="-90"/>
    <tag k="height" v="2"/>
    <tag k="lit" v="yes"/>
    <tag k="material" v="wood"/>
  </node>
  <node id="9926147271" lat="-33.9068454" lon="151.2040338">
    <tag k="access" v="yes"/>
    <tag k="amenity" v="bench"/>
    <tag k="backrest" v="no"/>
    <tag k="colour" v="#8d5a49"/>
    <tag k="direction" v="-155"/>
    <tag k="height" v="0.5"/>
    <tag k="lit" v="yes"/>
    <tag k="material" v="wood"/>
  </node>
  <node id="9926147272" lat="-33.9068618" lon="151.2040671">
    <tag k="access" v="yes"/>
    <tag k="amenity" v="bench"/>
    <tag k="backrest" v="no"/>
    <tag k="colour" v="#8d5a49"/>
    <tag k="direction" v="-155"/>
    <tag k="height" v="0.5"/>
    <tag k="lit" v="yes"/>
    <tag k="material" v="wood"/>
  </node>
  <node id="9926147273" lat="-33.9068832" lon="151.2041115">
    <tag k="access" v="yes"/>
    <tag k="amenity" v="bench"/>
    <tag k="backrest" v="no"/>
    <tag k="colour" v="#8d5a49"/>
    <tag k="direction" v="-155"/>
    <tag k="height" v="0.5"/>
    <tag k="lit" v="yes"/>
    <tag k="material" v="wood"/>
  </node>
  <node id="9926147274" lat="-33.9068997" lon="151.2041437">
    <tag k="access" v="yes"/>
    <tag k="amenity" v="bench"/>
    <tag k="backrest" v="no"/>
    <tag k="colour" v="#8d5a49"/>
    <tag k="direction" v="-155"/>
    <tag k="height" v="0.5"/>
    <tag k="lit" v="yes"/>
    <tag k="material" v="wood"/>
  </node>
  <node id="9926147275" lat="-33.9069208" lon="151.2041890">
    <tag k="access" v="yes"/>
    <tag k="amenity" v="bench"/>
    <tag k="backrest" v="no"/>
    <tag k="colour" v="#8d5a49"/>
    <tag k="direction" v="-155"/>
    <tag k="height" v="0.5"/>
    <tag k="lit" v="yes"/>
    <tag k="material" v="wood"/>
  </node>
  <node id="9926147276" lat="-33.9065523" lon="151.2040124">
    <tag k="natural" v="rock"/>
  </node>
  <node id="9926147277" lat="-33.9065726" lon="151.2040352">
    <tag k="natural" v="rock"/>
  </node>
  <node id="9926147278" lat="-33.9065913" lon="151.2040573">
    <tag k="natural" v="rock"/>
  </node>
  <node id="9926147279" lat="-33.9066094" lon="151.2040795">
    <tag k="natural" v="rock"/>
  </node>
  <node id="9926147280" lat="-33.9065340" lon="151.2039909">
    <tag k="natural" v="rock"/>
  </node>
  <node id="9926147281" lat="-33.9066454" lon="151.2041279">
    <tag k="natural" v="rock"/>
  </node>
  <node id="9926147282" lat="-33.9066593" lon="151.2041514">
    <tag k="natural" v="rock"/>
  </node>
  <node id="9926147283" lat="-33.9066732" lon="151.2041732">
    <tag k="natural" v="rock"/>
  </node>
  <node id="9926147284" lat="-33.9066871" lon="151.2041980">
    <tag k="natural" v="rock"/>
  </node>
  <node id="9926147285" lat="-33.9067025" lon="151.2042141">
    <tag k="natural" v="rock"/>
  </node>
  <node id="9926147286" lat="-33.9067189" lon="151.2042372">
    <tag k="natural" v="rock"/>
  </node>
  <node id="9926147287" lat="-33.9067281" lon="151.2042493">
    <tag k="natural" v="rock"/>
  </node>
  <node id="9926147288" lat="-33.9068076" lon="151.2043557">
    <tag k="natural" v="rock"/>
  </node>
  <node id="9926147289" lat="-33.9068254" lon="151.2043775">
    <tag k="natural" v="rock"/>
  </node>
  <node id="9926147290" lat="-33.9068396" lon="151.2044027">
    <tag k="natural" v="rock"/>
  </node>
  <node id="9926147291" lat="-33.9068544" lon="151.2044265">
    <tag k="natural" v="rock"/>
  </node>
  <node id="9926147292" lat="-33.9068716" lon="151.2044526">
    <tag k="natural" v="rock"/>
  </node>
  <node id="9926147293" lat="-33.9068903" lon="151.2044804">
    <tag k="natural" v="rock"/>
  </node>
  <node id="9926147294" lat="-33.9069639" lon="151.2045891">
    <tag k="natural" v="rock"/>
  </node>
  <node id="9926147295" lat="-33.9069728" lon="151.2046082">
    <tag k="natural" v="rock"/>
  </node>
  <node id="9926147296" lat="-33.9069873" lon="151.2046280">
    <tag k="natural" v="rock"/>
  </node>
  <node id="9926147297" lat="-33.9068915" lon="151.2037465">
    <tag k="natural" v="rock"/>
  </node>
  <node id="9926147298" lat="-33.9068766" lon="151.2037445">
    <tag k="natural" v="rock"/>
  </node>
  <node id="9926147299" lat="-33.9068836" lon="151.2037271">
    <tag k="natural" v="rock"/>
  </node>
  <node id="9926147300" lat="-33.9069853" lon="151.2045405">
    <tag k="circumference" v="20cm"/>
    <tag k="denotation" v="park"/>
    <tag k="diameter_crown" v="4m"/>
    <tag k="height" v="5"/>
    <tag k="leaf_cycle" v="semi_deciduous"/>
    <tag k="leaf_type" v="broadleaved"/>
    <tag k="natural" v="tree"/>
  </node>
  <node id="9926147301" lat="-33.9067554" lon="151.2042003">
    <tag k="circumference" v="20cm"/>
    <tag k="denotation" v="park"/>
    <tag k="diameter_crown" v="4m"/>
    <tag k="height" v="5"/>
    <tag k="leaf_cycle" v="semi_deciduous"/>
    <tag k="leaf_type" v="broadleaved"/>
    <tag k="natural" v="tree"/>
  </node>
  <node id="9926147302" lat="-33.9067441" lon="151.2042720">
    <tag k="height" v="5"/>
    <tag k="natural" v="tree"/>
  </node>
  <node id="9926147303" lat="-33.9067816" lon="151.2043445">
    <tag k="natural" v="tree"/>
  </node>
  <node id="9926147304" lat="-33.9069123" lon="151.2045095">
    <tag k="natural" v="tree"/>
  </node>
  <node id="9926147305" lat="-33.9071291" lon="151.2046170">
    <tag k="natural" v="tree"/>
  </node>
  <node id="9926147306" lat="-33.9070891" lon="151.2046307">
    <tag k="natural" v="tree"/>
  </node>
  <node id="9926147307" lat="-33.9071140" lon="151.2046681">
    <tag k="natural" v="tree"/>
  </node>
  <node id="9926147308" lat="-33.9069269" lon="151.2039845">
    <tag k="natural" v="tree"/>
  </node>
  <node id="9926147309" lat="-33.9068697" lon="151.2039144">
    <tag k="natural" v="tree"/>
  </node>
  <node id="9926147310" lat="-33.9068267" lon="151.2038227">
    <tag k="natural" v="tree"/>
  </node>
  <node id="9926147311" lat="-33.9069372" lon="151.2039292">
    <tag k="natural" v="tree"/>
  </node>
  <node id="9926147312" lat="-33.9069890" lon="151.2040439">
    <tag k="natural" v="tree"/>
  </node>
  <node id="9926147313" lat="-33.9068274" lon="151.2035600">
    <tag k="natural" v="tree"/>
  </node>
  <node id="9926147314" lat="-33.9068550" lon="151.2036303">
    <tag k="natural" v="tree"/>
  </node>
  <node id="9926147315" lat="-33.9066639" lon="151.2032617">
    <tag k="natural" v="tree"/>
  </node>
  <node id="9926147316" lat="-33.9066956" lon="151.2032509">
    <tag k="natural" v="tree"/>
  </node>
  <node id="9926155517" lat="-33.9067274" lon="151.2033469">
    <tag k="natural" v="tree"/>
  </node>
  <node id="9926155518" lat="-33.9067448" lon="151.2033918">
    <tag k="natural" v="tree"/>
  </node>
  <node id="9926155519" lat="-33.9066566" lon="151.2034842">
    <tag k="barrier" v="bollard"/>
    <tag k="bollard" v="fixed"/>
    <tag k="colour" v="white"/>
    <tag k="height" v="3"/>
    <tag k="material" v="metal"/>
    <tag k="width" v="0.5"/>
  </node>
  <node id="9926155520" lat="-33.9066972" lon="151.2034716">
    <tag k="barrier" v="bollard"/>
    <tag k="bollard" v="fixed"/>
    <tag k="colour" v="white"/>
    <tag k="height" v="3"/>
    <tag k="material" v="metal"/>
    <tag k="width" v="0.5"/>
  </node>
  <node id="9926155521" lat="-33.9067133" lon="151.2034694">
    <tag k="barrier" v="bollard"/>
    <tag k="bollard" v="fixed"/>
    <tag k="colour" v="white"/>
    <tag k="height" v="3"/>
    <tag k="material" v="metal"/>
    <tag k="width" v="0.5"/>
  </node>
  <node id="9926155522" lat="-33.9067339" lon="151.2034614">
    <tag k="barrier" v="bollard"/>
    <tag k="bollard" v="fixed"/>
    <tag k="colour" v="white"/>
    <tag k="height" v="3"/>
    <tag k="material" v="metal"/>
    <tag k="width" v="0.5"/>
  </node>
  <node id="9926155523" lat="-33.9067715" lon="151.2034535">
    <tag k="barrier" v="bollard"/>
    <tag k="bollard" v="fixed"/>
    <tag k="colour" v="white"/>
    <tag k="height" v="3"/>
    <tag k="material" v="metal"/>
    <tag k="width" v="0.5"/>
  </node>
  <node id="9926155524" lat="-33.9067510" lon="151.2034570">
    <tag k="barrier" v="bollard"/>
    <tag k="bollard" v="fixed"/>
    <tag k="colour" v="white"/>
    <tag k="height" v="3"/>
    <tag k="material" v="metal"/>
    <tag k="width" v="0.5"/>
  </node>
  <node id="9926155525" lat="-33.9067903" lon="151.2034455">
    <tag k="barrier" v="bollard"/>
    <tag k="bollard" v="fixed"/>
    <tag k="colour" v="white"/>
    <tag k="height" v="3"/>
    <tag k="material" v="metal"/>
    <tag k="width" v="0.5"/>
  </node>
  <node id="9926155526" lat="-33.9068127" lon="151.2034380">
    <tag k="barrier" v="bollard"/>
    <tag k="bollard" v="fixed"/>
    <tag k="colour" v="white"/>
    <tag k="height" v="3"/>
    <tag k="material" v="metal"/>
    <tag k="width" v="0.5"/>
  </node>
  <node id="9926155527" lat="-33.9062815" lon="151.2033680">
    <tag k="barrier" v="bollard"/>
    <tag k="bollard" v="fixed"/>
    <tag k="colour" v="white"/>
    <tag k="height" v="3"/>
    <tag k="material" v="metal"/>
    <tag k="width" v="0.5"/>
  </node>
  <node id="9926155528" lat="-33.9062867" lon="151.2033832">
    <tag k="barrier" v="bollard"/>
    <tag k="bollard" v="fixed"/>
    <tag k="colour" v="white"/>
    <tag k="height" v="3"/>
    <tag k="material" v="metal"/>
    <tag k="width" v="0.8"/>
  </node>
  <node id="9926155529" lat="-33.9062964" lon="151.2034015">
    <tag k="barrier" v="bollard"/>
    <tag k="bollard" v="fixed"/>
    <tag k="colour" v="white"/>
    <tag k="height" v="3"/>
    <tag k="material" v="metal"/>
    <tag k="width" v="0.8"/>
  </node>
  <node id="9926155530" lat="-33.9063017" lon="151.2034198">
    <tag k="barrier" v="bollard"/>
    <tag k="bollard" v="fixed"/>
    <tag k="colour" v="white"/>
    <tag k="height" v="3"/>
    <tag k="material" v="metal"/>
    <tag k="width" v="0.8"/>
  </node>
  <node id="9926155531" lat="-33.9063084" lon="151.2034364">
    <tag k="barrier" v="bollard"/>
    <tag k="bollard" v="fixed"/>
    <tag k="colour" v="white"/>
    <tag k="height" v="3"/>
    <tag k="material" v="metal"/>
    <tag k="width" v="0.8"/>
  </node>
  <node id="9926155532" lat="-33.9063175" lon="151.2034543">
    <tag k="barrier" v="bollard"/>
    <tag k="bollard" v="fixed"/>
    <tag k="colour" v="white"/>
    <tag k="height" v="3"/>
    <tag k="material" v="metal"/>
    <tag k="width" v="0.8"/>
  </node>
  <node id="9926155533" lat="-33.9063251" lon="151.2034717">
    <tag k="barrier" v="bollard"/>
    <tag k="bollard" v="fixed"/>
    <tag k="colour" v="white"/>
    <tag k="height" v="3"/>
    <tag k="material" v="metal"/>
    <tag k="width" v="0.8"/>
  </node>
  <node id="9926155534" lat="-33.9063459" lon="151.2035232">
    <tag k="barrier" v="bollard"/>
    <tag k="bollard" v="fixed"/>
    <tag k="colour" v="white"/>
    <tag k="height" v="3"/>
    <tag k="material" v="metal"/>
    <tag k="width" v="0.8"/>
  </node>
  <node id="9926155535" lat="-33.9063540" lon="151.2035404">
    <tag k="barrier" v="bollard"/>
    <tag k="bollard" v="fixed"/>
    <tag k="colour" v="white"/>
    <tag k="height" v="3"/>
    <tag k="material" v="metal"/>
    <tag k="width" v="0.8"/>
  </node>
  <node id="9926155536" lat="-33.9063609" lon="151.2035581">
    <tag k="barrier" v="bollard"/>
    <tag k="bollard" v="fixed"/>
    <tag k="colour" v="white"/>
    <tag k="height" v="3"/>
    <tag k="material" v="metal"/>
    <tag k="width" v="0.8"/>
  </node>
  <node id="9926155537" lat="-33.9063690" lon="151.2035776">
    <tag k="barrier" v="bollard"/>
    <tag k="bollard" v="fixed"/>
    <tag k="colour" v="white"/>
    <tag k="height" v="3"/>
    <tag k="material" v="metal"/>
    <tag k="width" v="0.8"/>
  </node>
  <node id="9926155538" lat="-33.9063764" lon="151.2035944">
    <tag k="barrier" v="bollard"/>
    <tag k="bollard" v="fixed"/>
    <tag k="colour" v="white"/>
    <tag k="height" v="3"/>
    <tag k="material" v="metal"/>
    <tag k="width" v="0.8"/>
  </node>
  <node id="9926155539" lat="-33.9064190" lon="151.2036663">
    <tag k="barrier" v="bollard"/>
    <tag k="bollard" v="fixed"/>
    <tag k="colour" v="white"/>
    <tag k="height" v="3"/>
    <tag k="material" v="metal"/>
    <tag k="width" v="0.8"/>
  </node>
  <node id="9926155540" lat="-33.9064417" lon="151.2037030">
    <tag k="barrier" v="bollard"/>
    <tag k="bollard" v="fixed"/>
    <tag k="colour" v="white"/>
    <tag k="height" v="3"/>
    <tag k="material" v="metal"/>
    <tag k="width" v="0.8"/>
  </node>
  <node id="9926155541" lat="-33.9064862" lon="151.2037727">
    <tag k="barrier" v="bollard"/>
    <tag k="bollard" v="fixed"/>
    <tag k="colour" v="white"/>
    <tag k="height" v="3"/>
    <tag k="material" v="metal"/>
    <tag k="width" v="0.8"/>
  </node>
  <node id="9926155542" lat="-33.9064988" lon="151.2037915">
    <tag k="barrier" v="bollard"/>
    <tag k="bollard" v="fixed"/>
    <tag k="colour" v="white"/>
    <tag k="height" v="3"/>
    <tag k="material" v="metal"/>
    <tag k="width" v="0.8"/>
  </node>
  <node id="9926155543" lat="-33.9065111" lon="151.2038116">
    <tag k="barrier" v="bollard"/>
    <tag k="bollard" v="fixed"/>
    <tag k="colour" v="white"/>
    <tag k="height" v="3"/>
    <tag k="material" v="metal"/>
    <tag k="width" v="0.8"/>
  </node>
  <node id="9926155544" lat="-33.9065846" lon="151.2039359">
    <tag k="barrier" v="bollard"/>
    <tag k="bollard" v="fixed"/>
    <tag k="colour" v="white"/>
    <tag k="height" v="3"/>
    <tag k="material" v="metal"/>
    <tag k="width" v="0.8"/>
  </node>
  <node id="9926155545" lat="-33.9065970" lon="151.2039545">
    <tag k="barrier" v="bollard"/>
    <tag k="bollard" v="fixed"/>
    <tag k="colour" v="white"/>
    <tag k="height" v="3"/>
    <tag k="material" v="metal"/>
    <tag k="width" v="0.8"/>
  </node>
  <node id="9926155546" lat="-33.9066363" lon="151.2040178">
    <tag k="barrier" v="bollard"/>
    <tag k="bollard" v="fixed"/>
    <tag k="colour" v="white"/>
    <tag k="height" v="3"/>
    <tag k="material" v="metal"/>
    <tag k="width" v="0.8"/>
  </node>
  <node id="9926155547" lat="-33.9066514" lon="151.2040372">
    <tag k="barrier" v="bollard"/>
    <tag k="bollard" v="fixed"/>
    <tag k="colour" v="white"/>
    <tag k="height" v="3"/>
    <tag k="material" v="metal"/>
    <tag k="width" v="0.8"/>
  </node>
  <node id="9926155548" lat="-33.9066881" lon="151.2040972">
    <tag k="barrier" v="bollard"/>
    <tag k="bollard" v="fixed"/>
    <tag k="colour" v="white"/>
    <tag k="height" v="3"/>
    <tag k="material" v="metal"/>
    <tag k="width" v="0.8"/>
  </node>
  <node id="9926155549" lat="-33.9067002" lon="151.2041167">
    <tag k="barrier" v="bollard"/>
    <tag k="bollard" v="fixed"/>
    <tag k="colour" v="white"/>
    <tag k="height" v="3"/>
    <tag k="material" v="metal"/>
    <tag k="width" v="0.8"/>
  </node>
  <node id="9926155550" lat="-33.9067138" lon="151.2041352">
    <tag k="barrier" v="bollard"/>
    <tag k="bollard" v="fixed"/>
    <tag k="colour" v="white"/>
    <tag k="height" v="3"/>
    <tag k="material" v="metal"/>
    <tag k="width" v="0.8"/>
  </node>
  <node id="9926155551" lat="-33.9068274" lon="151.2043000">
    <tag k="barrier" v="bollard"/>
    <tag k="bollard" v="fixed"/>
    <tag k="colour" v="white"/>
    <tag k="height" v="3"/>
    <tag k="material" v="metal"/>
    <tag k="width" v="0.8"/>
  </node>
  <node id="9926155552" lat="-33.9068440" lon="151.2042863">
    <tag k="barrier" v="bollard"/>
    <tag k="bollard" v="fixed"/>
    <tag k="colour" v="white"/>
    <tag k="height" v="3"/>
    <tag k="material" v="metal"/>
    <tag k="width" v="0.8"/>
  </node>
  <node id="9926155553" lat="-33.9068432" lon="151.2043173">
    <tag k="barrier" v="bollard"/>
    <tag k="bollard" v="fixed"/>
    <tag k="colour" v="white"/>
    <tag k="height" v="3"/>
    <tag k="material" v="metal"/>
    <tag k="width" v="0.8"/>
  </node>
  <node id="9926155554" lat="-33.9068553" lon="151.2043354">
    <tag k="barrier" v="bollard"/>
    <tag k="bollard" v="fixed"/>
    <tag k="colour" v="white"/>
    <tag k="height" v="3"/>
    <tag k="material" v="metal"/>
    <tag k="width" v="0.8"/>
  </node>
  <node id="9926155555" lat="-33.9068682" lon="151.2043536">
    <tag k="barrier" v="bollard"/>
    <tag k="bollard" v="fixed"/>
    <tag k="colour" v="white"/>
    <tag k="height" v="3"/>
    <tag k="material" v="metal"/>
    <tag k="width" v="0.8"/>
  </node>
  <node id="9926155556" lat="-33.9068785" lon="151.2043713">
    <tag k="barrier" v="bollard"/>
    <tag k="bollard" v="fixed"/>
    <tag k="colour" v="white"/>
    <tag k="height" v="3"/>
    <tag k="material" v="metal"/>
    <tag k="width" v="0.8"/>
  </node>
  <node id="9926155557" lat="-33.9068930" lon="151.2043901">
    <tag k="barrier" v="bollard"/>
    <tag k="bollard" v="fixed"/>
    <tag k="colour" v="white"/>
    <tag k="height" v="3"/>
    <tag k="material" v="metal"/>
    <tag k="width" v="0.8"/>
  </node>
  <node id="9926155558" lat="-33.9069154" lon="151.2044221">
    <tag k="barrier" v="bollard"/>
    <tag k="bollard" v="fixed"/>
    <tag k="colour" v="white"/>
    <tag k="height" v="3"/>
    <tag k="material" v="metal"/>
    <tag k="width" v="0.8"/>
  </node>
  <node id="9926155559" lat="-33.9069253" lon="151.2044425">
    <tag k="barrier" v="bollard"/>
    <tag k="bollard" v="fixed"/>
    <tag k="colour" v="white"/>
    <tag k="height" v="3"/>
    <tag k="material" v="metal"/>
    <tag k="width" v="0.8"/>
  </node>
  <node id="9926155560" lat="-33.9069965" lon="151.2039187">
    <tag k="barrier" v="bollard"/>
    <tag k="bollard" v="fixed"/>
    <tag k="colour" v="white"/>
    <tag k="height" v="3"/>
    <tag k="material" v="metal"/>
    <tag k="width" v="0.8"/>
  </node>
  <node id="9926155561" lat="-33.9069625" lon="151.2038759"/>
  <node id="9926155563" lat="-33.9068802" lon="151.2037130"/>
  <node id="9926155564" lat="-33.9068385" lon="151.2037436"/>
  <node id="9926155566" lat="-33.9069207" lon="151.2039065"/>
  <node id="9926155568" lat="-33.9062766" lon="151.2035143">
    <tag k="natural" v="rock"/>
  </node>
  <node id="9926155569" lat="-33.9064418" lon="151.2038191">
    <tag k="natural" v="rock"/>
  </node>
  <node id="9960961148" lat="-33.9072715" lon="151.2049974"/>
  <node id="9960961149" lat="-33.9072857" lon="151.2050486"/>
  <node id="9960961150" lat="-33.9073307" lon="151.2050943"/>
  <node id="9960961151" lat="-33.9076770" lon="151.2059860"/>
  <node id="9960961152" lat="-33.9076755" lon="151.2060665"/>
  <node id="9960961154" lat="-33.9077028" lon="151.2061028"/>
  <node id="9960961155" lat="-33.9076669" lon="151.2059706"/>
  <node id="9960961156" lat="-33.9076734" lon="151.2059878"/>
  <node id="9960961157" lat="-33.9076731" lon="151.2060509"/>
  <node id="9960961158" lat="-33.9076666" lon="151.2060545"/>
  <node id="9960961159" lat="-33.9076403" lon="151.2059854"/>
  <node id="9960961160" lat="-33.9075898" lon="151.2058570"/>
  <node id="9960961161" lat="-33.9075707" lon="151.2058069"/>
  <node id="9960961162" lat="-33.9076081" lon="151.2058469"/>
  <node id="9960961163" lat="-33.9075889" lon="151.2057968"/>
  <node id="9960961164" lat="-33.9074995" lon="151.2056214"/>
  <node id="9960961165" lat="-33.9075211" lon="151.2056780"/>
  <node id="9960961166" lat="-33.9075382" lon="151.2056685"/>
  <node id="9960961167" lat="-33.9075166" lon="151.2056119"/>
  <node id="9960961168" lat="-33.9074666" lon="151.2054832"/>
  <node id="9960961169" lat="-33.9074455" lon="151.2054279"/>
  <node id="9960961170" lat="-33.9074280" lon="151.2054377"/>
  <node id="9960961171" lat="-33.9074491" lon="151.2054929"/>
  <node id="9960961172" lat="-33.9073638" lon="151.2052678"/>
  <node id="9960961173" lat="-33.9073782" lon="151.2053068"/>
  <node id="9960961174" lat="-33.9073934" lon="151.2052986"/>
  <node id="9960961175" lat="-33.9073790" lon="151.2052596"/>
  <node id="9960961176" lat="-33.9073329" lon="151.2051118"/>
  <node id="9960961177" lat="-33.9073259" lon="151.2050953"/>
  <node id="9960961178" lat="-33.9072933" lon="151.2050638"/>
  <node id="9960961179" lat="-33.9072853" lon="151.2050699"/>
  <node id="9960961180" lat="-33.9073075" lon="151.2051257"/>
  <node id="9960961181" lat="-33.9073559" lon="151.2052722"/>
  <node id="9960961182" lat="-33.9073913" lon="151.2052518"/>
  <node id="9960961183" lat="-33.9073365" lon="151.2051099"/>
  <node id="9960961184" lat="-33.9073019" lon="151.2051287"/>
  <node id="9960961185" lat="-33.9076351" lon="151.2059883"/>
  <node id="9960961186" lat="-33.9076695" lon="151.2059692"/>
  <node id="9960961187" lat="-33.9076202" lon="151.2058401"/>
  <node id="9960961188" lat="-33.9075858" lon="151.2058592"/>
  <node id="9960961189" lat="-33.9075658" lon="151.2058096"/>
  <node id="9960961190" lat="-33.9076002" lon="151.2057905"/>
  <node id="9960961191" lat="-33.9075509" lon="151.2056614"/>
  <node id="9960961192" lat="-33.9075165" lon="151.2056805"/>
  <node id="9960961193" lat="-33.9075283" lon="151.2056054"/>
  <node id="9960961194" lat="-33.9074790" lon="151.2054763"/>
  <node id="9960961195" lat="-33.9074939" lon="151.2056245"/>
  <node id="9960961196" lat="-33.9074446" lon="151.2054954"/>
  <node id="9960961197" lat="-33.9080857" lon="151.2059555"/>
  <node id="9960961198" lat="-33.9078043" lon="151.2061087"/>
  <node id="9960961199" lat="-33.9078116" lon="151.2061345"/>
  <node id="9960961201" lat="-33.9079596" lon="151.2037396">
    <tag k="highway" v="street_lamp"/>
  </node>
  <node id="9960961202" lat="-33.9080303" lon="151.2042117">
    <tag k="highway" v="street_lamp"/>
  </node>
  <node id="9960961203" lat="-33.9079841" lon="151.2061141"/>
  <node id="9960961204" lat="-33.9077423" lon="151.2048065">
    <tag k="highway" v="street_lamp"/>
  </node>
  <node id="9960961205" lat="-33.9073216" lon="151.2048052"/>
  <node id="9960961206" lat="-33.9080887" lon="151.2053893">
    <tag k="barrier" v="kerb"/>
    <tag k="kerb" v="lowered"/>
  </node>
  <node id="9960961207" lat="-33.9081552" lon="151.2058552"/>
  <node id="9960961208" lat="-33.9081541" lon="151.2059086"/>
  <node id="9960961209" lat="-33.9081467" lon="151.2059279"/>
  <node id="9960961210" lat="-33.9081298" lon="151.2059509">
    <tag k="barrier" v="kerb"/>
    <tag k="kerb" v="lowered"/>
    <tag k="tactile_paving" v="no"/>
  </node>
  <node id="9960961211" lat="-33.9080940" lon="151.2059790"/>
  <node id="9960961212" lat="-33.9077805" lon="151.2061516"/>
  <node id="9960961213" lat="-33.9077476" lon="151.2061691"/>
  <node id="9960961214" lat="-33.9077341" lon="151.2061687"/>
  <node id="9960961215" lat="-33.9077239" lon="151.2061600"/>
  <node id="9960961216" lat="-33.9077083" lon="151.2061181"/>
  <node id="9960976417" lat="-33.9076903" lon="151.2060712"/>
  <node id="9960976418" lat="-33.9076900" lon="151.2059823"/>
  <node id="9960976419" lat="-33.9073452" lon="151.2050948"/>
  <node id="9960976420" lat="-33.9072940" lon="151.2050388"/>
  <node id="9960976421" lat="-33.9072775" lon="151.2049946"/>
  <node id="9960976422" lat="-33.9072661" lon="151.2049630">
    <tag k="barrier" v="kerb"/>
    <tag k="kerb" v="lowered"/>
    <tag k="tactile_paving" v="no"/>
  </node>
  <node id="9960976423" lat="-33.9072652" lon="151.2049537"/>
  <node id="9960976424" lat="-33.9072642" lon="151.2049406"/>
  <node id="9960976425" lat="-33.9072779" lon="151.2049181"/>
  <node id="9960976426" lat="-33.9073003" lon="151.2048973">
    <tag k="barrier" v="kerb"/>
    <tag k="kerb" v="lowered"/>
    <tag k="tactile_paving" v="no"/>
  </node>
  <node id="9960976427" lat="-33.9073452" lon="151.2048695"/>
  <node id="9960976428" lat="-33.9073986" lon="151.2048461"/>
  <node id="9960976429" lat="-33.9077490" lon="151.2047927"/>
  <node id="9960976430" lat="-33.9078355" lon="151.2047787"/>
  <node id="9960976431" lat="-33.9079326" lon="151.2047703"/>
  <node id="9960976432" lat="-33.9079432" lon="151.2047720"/>
  <node id="9960976433" lat="-33.9079582" lon="151.2047797"/>
  <node id="9960976434" lat="-33.9079721" lon="151.2047907"/>
  <node id="9960976435" lat="-33.9079819" lon="151.2048048"/>
  <node id="9960976436" lat="-33.9079919" lon="151.2048236"/>
  <node id="9960976437" lat="-33.9080008" lon="151.2048500"/>
  <node id="9960976438" lat="-33.9080089" lon="151.2048772"/>
  <node id="9960976439" lat="-33.9080161" lon="151.2049061"/>
  <node id="9960976440" lat="-33.9078539" lon="151.2046435"/>
  <node id="9960976441" lat="-33.9079015" lon="151.2046325"/>
  <node id="9960976442" lat="-33.9078998" lon="151.2046033"/>
  <node id="9960976443" lat="-33.9077167" lon="151.2046378"/>
  <node id="9960976444" lat="-33.9077184" lon="151.2046610"/>
  <node id="9960976449" lat="-33.9081566" lon="151.2058949">
    <tag k="barrier" v="kerb"/>
    <tag k="kerb" v="lowered"/>
    <tag k="tactile_paving" v="no"/>
  </node>
  <node id="9960976453" lat="-33.9083268" lon="151.2047688"/>
  <node id="9960976454" lat="-33.9083268" lon="151.2047430"/>
  <node id="9960976455" lat="-33.9084080" lon="151.2047430"/>
  <node id="9960976456" lat="-33.9085789" lon="151.2047391"/>
  <node id="9960976457" lat="-33.9084082" lon="151.2047352"/>
  <node id="9960976458" lat="-33.9085784" lon="151.2047735"/>
  <node id="9960976459" lat="-33.9084076" lon="151.2047696"/>
  <node id="9960976460" lat="-33.9081935" lon="151.2053965"/>
  <node id="9960976461" lat="-33.9082001" lon="151.2053966"/>
  <node id="9960976462" lat="-33.9082215" lon="151.2054795"/>
  <node id="9960976463" lat="-33.9082304" lon="151.2055281"/>
  <node id="9960976467" lat="-33.9082471" lon="151.2057836"/>
  <node id="9960976468" lat="-33.9082118" lon="151.2055341"/>
  <node id="9960976469" lat="-33.9081839" lon="151.2053970"/>
  <node id="9960976470" lat="-33.9081263" lon="151.2049193"/>
  <node id="9960976471" lat="-33.9081279" lon="151.2049461"/>
  <node id="9960976472" lat="-33.9081655" lon="151.2051919"/>
  <node id="9960976473" lat="-33.9081683" lon="151.2052204"/>
  <node id="9960976474" lat="-33.9081750" lon="151.2052934"/>
  <node id="9960976475" lat="-33.9081794" lon="151.2053517"/>
  <node id="9960976476" lat="-33.9081928" lon="151.2053498"/>
  <node id="9960976477" lat="-33.9081883" lon="151.2052955"/>
  <node id="9960976478" lat="-33.9081828" lon="151.2052214"/>
  <node id="9960976479" lat="-33.9081825" lon="151.2051982"/>
  <node id="9960976480" lat="-33.9081462" lon="151.2049451"/>
  <node id="9960976481" lat="-33.9081323" lon="151.2049183"/>
  <node id="9960976482" lat="-33.9080921" lon="151.2054150"/>
  <node id="9960976483" lat="-33.9081538" lon="151.2058458"/>
  <node id="9960976484" lat="-33.9081296" lon="151.2058522"/>
  <node id="9960976485" lat="-33.9080709" lon="151.2054187"/>
  <node id="9960976486" lat="-33.9080559" lon="151.2051495"/>
  <node id="9960976487" lat="-33.9080281" lon="151.2049634"/>
  <node id="9960976488" lat="-33.9080203" lon="151.2049248"/>
  <node id="9960976489" lat="-33.9080016" lon="151.2049295"/>
  <node id="9960976490" lat="-33.9080631" lon="151.2053664"/>
  <node id="9960976491" lat="-33.9080853" lon="151.2053632"/>
  <node id="9960976492" lat="-33.9081091" lon="151.2052411"/>
  <node id="9960976493" lat="-33.9081013" lon="151.2051955"/>
  <node id="9960976494" lat="-33.9080968" lon="151.2051972"/>
  <node id="9960976495" lat="-33.9081213" lon="151.2053629"/>
  <node id="9960976496" lat="-33.9081498" lon="151.2053588"/>
  <node id="9960976497" lat="-33.9081780" lon="151.2055303"/>
  <node id="9960976498" lat="-33.9081733" lon="151.2055313"/>
  <node id="9960976499" lat="-33.9081285" lon="151.2054090"/>
  <node id="9960976500" lat="-33.9081558" lon="151.2054049"/>
  <node id="9960976504" lat="-33.9081591" lon="151.2049323"/>
  <node id="9960976505" lat="-33.9078144" lon="151.2030556"/>
  <node id="9960976506" lat="-33.9078066" lon="151.2030576"/>
  <node id="9960976508" lat="-33.9079051" lon="151.2038251"/>
  <node id="9960976509" lat="-33.9079104" lon="151.2038237"/>
  <node id="9960976510" lat="-33.9079561" lon="151.2040219"/>
  <node id="9960976511" lat="-33.9079332" lon="151.2040262"/>
  <node id="9960976512" lat="-33.9079408" lon="151.2040704"/>
  <node id="9960976513" lat="-33.9079828" lon="151.2042141"/>
  <node id="9960976514" lat="-33.9079974" lon="151.2042423"/>
  <node id="9960976515" lat="-33.9079622" lon="151.2040671"/>
  <node id="9969319991" lat="-33.9080693" lon="151.2003836"/>
  <node id="9969319992" lat="-33.9075588" lon="151.1995493"/>
  <node id="9969319998" lat="-33.9072195" lon="151.1993381"/>
  <node id="9969320000" lat="-33.9080572" lon="151.2003637"/>
  <node id="9991792458" lat="-33.9041799" lon="151.2011269">
    <tag k="crossing" v="traffic_signals"/>
    <tag k="crossing:island" v="no"/>
    <tag k="highway" v="crossing"/>
  </node>
  <node id="9991792459" lat="-33.9041443" lon="151.2011966"/>
  <node id="9991792460" lat="-33.9039746" lon="151.2011716"/>
  <node id="9998653900" lat="-33.9063785" lon="151.2031177"/>
  <node id="9998653901" lat="-33.9067569" lon="151.2030733"/>
  <node id="9998653902" lat="-33.9076451" lon="151.2029690"/>
  <node id="9998653903" lat="-33.9077169" lon="151.2029852"/>
  <node id="9998653904" lat="-33.9076852" lon="151.2027328"/>
  <node id="9998653905" lat="-33.9076923" lon="151.2028402">
    <tag k="crossing" v="traffic_signals"/>
    <tag k="crossing:island" v="no"/>
    <tag k="crossing:markings" v="dashes"/>
    <tag k="highway" v="crossing"/>
  </node>
  <node id="9998653906" lat="-33.9077026" lon="151.2029781"/>
  <node id="9998653907" lat="-33.9079133" lon="151.2027287"/>
  <node id="9998653908" lat="-33.9065887" lon="151.2030926"/>
  <node id="9998653909" lat="-33.9065992" lon="151.2031402"/>
  <node id="10003333219" lat="-33.9058504" lon="151.2066161"/>
  <node id="10003333224" lat="-33.9066543" lon="151.2070460"/>
  <node id="10003333225" lat="-33.9059137" lon="151.2064496"/>
  <node id="10003333226" lat="-33.9058030" lon="151.2063026"/>
  <node id="10003333227" lat="-33.9058616" lon="151.2063481">
    <tag k="crossing:island" v="yes"/>
    <tag k="crossing:markings" v="no"/>
    <tag k="crossing:signals" v="no"/>
    <tag k="highway" v="crossing"/>
    <tag k="tactile_paving" v="no"/>
  </node>
  <node id="10003333228" lat="-33.9059212" lon="151.2063965"/>
  <node id="10003333229" lat="-33.9059320" lon="151.2064643"/>
  <node id="10003333230" lat="-33.9060589" lon="151.2061518">
    <tag k="barrier" v="kerb"/>
    <tag k="kerb" v="lowered"/>
    <tag k="tactile_paving" v="yes"/>
  </node>
  <node id="10003333231" lat="-33.9060769" lon="151.2061209">
    <tag k="crossing" v="unmarked"/>
    <tag k="crossing:markings" v="no"/>
    <tag k="highway" v="crossing"/>
  </node>
  <node id="10003333232" lat="-33.9060992" lon="151.2060768"/>
  <node id="10003333233" lat="-33.9056680" lon="151.2065417"/>
  <node id="10003333234" lat="-33.9057280" lon="151.2065878">
    <tag k="crossing:island" v="yes"/>
    <tag k="crossing:markings" v="no"/>
    <tag k="crossing:signals" v="no"/>
    <tag k="highway" v="crossing"/>
    <tag k="tactile_paving" v="no"/>
  </node>
  <node id="10003333235" lat="-33.9058000" lon="151.2066453"/>
  <node id="10003333236" lat="-33.9057299" lon="151.2063083"/>
  <node id="10003333237" lat="-33.9056909" lon="151.2063809">
    <tag k="crossing" v="unmarked"/>
    <tag k="crossing:island" v="yes"/>
    <tag k="crossing:markings" v="no"/>
    <tag k="highway" v="crossing"/>
    <tag k="tactile_paving" v="no"/>
  </node>
  <node id="10003333238" lat="-33.9056524" lon="151.2064560"/>
  <node id="10003333239" lat="-33.9057726" lon="151.2063340"/>
  <node id="10003333240" lat="-33.9056827" lon="151.2064920"/>
  <node id="10052620583" lat="-33.9063282" lon="151.1997675">
    <tag k="amenity" v="bicycle_parking"/>
    <tag k="bicycle_parking" v="stands"/>
    <tag k="capacity" v="8"/>
    <tag k="covered" v="no"/>
  </node>
  <node id="10057303378" lat="-33.9023344" lon="151.2013673">
    <tag k="access" v="customers"/>
    <tag k="leisure" v="outdoor_seating"/>
    <tag k="outdoor_seating" v="parklet"/>
  </node>
  <node id="10079895687" lat="-33.9024203" lon="151.2009369"/>
  <node id="10079895698" lat="-33.9024142" lon="151.2009595"/>
  <node id="10082921357" lat="-33.9079022" lon="151.2048765">
    <tag k="information" v="guidepost"/>
    <tag k="tourism" v="information"/>
  </node>
  <node id="10082937254" lat="-33.9078706" lon="151.2058701">
    <tag k="man_made" v="water_tap"/>
  </node>
  <node id="10082944555" lat="-33.9080224" lon="151.2055745">
    <tag k="amenity" v="bicycle_parking"/>
    <tag k="bicycle_parking" v="stands"/>
    <tag k="capacity" v="6"/>
    <tag k="covered" v="no"/>
  </node>
  <node id="10082959927" lat="-33.9080043" lon="151.2055623">
    <tag k="amenity" v="drinking_water"/>
    <tag k="fountain" v="bubbler"/>
  </node>
  <node id="10082970812" lat="-33.9074030" lon="151.2049628">
    <tag k="covered" v="no"/>
    <tag k="leisure" v="outdoor_seating"/>
    <tag k="material" v="concrete"/>
  </node>
  <node id="10102264811" lat="-33.9076684" lon="151.2048525"/>
  <node id="10102264812" lat="-33.9078203" lon="151.2052584"/>
  <node id="10102264813" lat="-33.9077942" lon="151.2052766"/>
  <node id="10102264814" lat="-33.9079303" lon="151.2049479"/>
  <node id="10102264815" lat="-33.9079494" lon="151.2049438"/>
  <node id="10102264816" lat="-33.9080211" lon="151.2054568"/>
  <node id="10102319558" lat="-33.9080363" lon="151.2048430">
    <tag k="crossing" v="traffic_signals"/>
    <tag k="crossing:island" v="no"/>
    <tag k="crossing:markings" v="dashes"/>
    <tag k="crossing:signals" v="yes"/>
    <tag k="highway" v="crossing"/>
  </node>
  <node id="10102319559" lat="-33.9081108" lon="151.2053858">
    <tag k="crossing" v="unmarked"/>
    <tag k="crossing:island" v="yes"/>
    <tag k="crossing:markings" v="no"/>
    <tag k="highway" v="crossing"/>
  </node>
  <node id="10102319560" lat="-33.9081493" lon="151.2055777"/>
  <node id="10102319561" lat="-33.9077878" lon="151.2030182">
    <tag k="crossing" v="traffic_signals"/>
    <tag k="crossing:island" v="no"/>
    <tag k="crossing:markings" v="dashes"/>
    <tag k="highway" v="crossing"/>
    <tag k="tactile_paving" v="no"/>
  </node>
  <node id="10102319562" lat="-33.9078307" lon="151.2033715"/>
  <node id="10102319563" lat="-33.9079215" lon="151.2040335"/>
  <node id="10102319564" lat="-33.9079237" lon="151.2040513">
    <tag k="crossing" v="unmarked"/>
    <tag k="crossing:island" v="yes"/>
    <tag k="crossing:markings" v="no"/>
    <tag k="highway" v="crossing"/>
  </node>
  <node id="10102319565" lat="-33.9080055" lon="151.2045531">
    <tag k="crossing" v="traffic_signals"/>
    <tag k="crossing:island" v="no"/>
    <tag k="crossing:markings" v="dashes"/>
    <tag k="crossing:signals" v="yes"/>
    <tag k="highway" v="crossing"/>
  </node>
  <node id="10102319566" lat="-33.9080234" lon="151.2042998"/>
  <node id="10102333117" lat="-33.9080577" lon="151.2054503"/>
  <node id="10125976087" lat="-33.9076329" lon="151.2049595">
    <tag k="access" v="yes"/>
    <tag k="amenity" v="toilets"/>
    <tag k="changing_table" v="yes"/>
    <tag k="fee" v="no"/>
    <tag k="lit" v="yes"/>
    <tag k="opening_hours" v="24/7"/>
    <tag k="power_supply" v="yes"/>
    <tag k="toilets:disposal" v="flush"/>
    <tag k="toilets:handwashing" v="yes"/>
    <tag k="toilets:position" v="seated"/>
    <tag k="unisex" v="yes"/>
    <tag k="wheelchair" v="yes"/>
  </node>
  <node id="10134445278" lat="-33.9061678" lon="151.2031170">
    <tag k="advertising" v="poster_box"/>
    <tag k="animated" v="screen"/>
    <tag k="check_date" v="2024-03-02"/>
    <tag k="lit" v="yes"/>
    <tag k="mapillary" v="142320031877991"/>
    <tag k="operator" v="QMS"/>
    <tag k="operator:website" v="https://www.qmsmedia.com/"/>
    <tag k="ref" v="AB1133"/>
    <tag k="sides" v="2"/>
    <tag k="support" v="ground"/>
  </node>
  <node id="10134463991" lat="-33.9041684" lon="151.2054519">
    <tag k="advertising" v="poster_box"/>
    <tag k="animated" v="screen"/>
    <tag k="lit" v="yes"/>
    <tag k="mapillary" v="843523143760558"/>
    <tag k="operator" v="QMS"/>
    <tag k="operator:website" v="https://www.qmsmedia.com/"/>
    <tag k="ref" v="P3067"/>
    <tag k="sides" v="2"/>
    <tag k="support" v="ground"/>
  </node>
  <node id="10134472603" lat="-33.9042043" lon="151.2053978">
    <tag k="amenity" v="telephone"/>
  </node>
  <node id="10136394740" lat="-33.9047375" lon="151.2001763">
    <tag k="building" v="yes"/>
    <tag k="name" v="Dangrove"/>
  </node>
  <node id="10172439747" lat="-33.9061128" lon="151.2033683">
    <tag k="amenity" v="bar"/>
    <tag k="level" v="0"/>
    <tag k="name" v="f(x)"/>
    <tag k="opening_hours" v="Mo-Th 06:00-15:00; Fr 06:00-18:00; Sa 07:30-18:00; Su,PH off"/>
    <tag k="outdoor_seating" v="yes"/>
    <tag k="phone" v="+61 2 9037 6588"/>
    <tag k="website" v="https://fxgreensquare.com/"/>
  </node>
  <node id="10196563897" lat="-33.9022507" lon="151.2022289">
    <tag k="name" v="Ambush"/>
    <tag k="tourism" v="gallery"/>
  </node>
  <node id="10198859880" lat="-33.9034706" lon="151.2041763">
    <tag k="name" v="Special lights"/>
    <tag k="shop" v="lighting"/>
  </node>
  <node id="10224595736" lat="-33.9066767" lon="151.2035868">
    <tag k="xmas:feature" v="tree"/>
    <tag k="xmas:location" v="Green Square"/>
  </node>
  <node id="10698787534" lat="-33.9022834" lon="151.2016350">
    <tag k="barrier" v="kerb"/>
    <tag k="kerb" v="lowered"/>
    <tag k="tactile_paving" v="no"/>
  </node>
  <node id="10740539198" lat="-33.9063754" lon="151.2024318"/>
  <node id="10740539199" lat="-33.9062597" lon="151.2026008"/>
  <node id="10740539200" lat="-33.9062797" lon="151.2026412"/>
  <node id="10740539203" lat="-33.9058982" lon="151.2027026"/>
  <node id="10740539204" lat="-33.9059428" lon="151.2025642"/>
  <node id="10740556046" lat="-33.9062687" lon="151.2029141"/>
  <node id="10740556047" lat="-33.9062821" lon="151.2030000"/>
  <node id="10740557205" lat="-33.9059670" lon="151.2025973"/>
  <node id="10740557206" lat="-33.9057695" lon="151.2027697"/>
  <node id="10740557207" lat="-33.9056892" lon="151.2028399"/>
  <node id="10740557208" lat="-33.9055659" lon="151.2029342"/>
  <node id="10740557209" lat="-33.9055863" lon="151.2029575"/>
  <node id="10740557210" lat="-33.9057586" lon="151.2028235"/>
  <node id="10740557211" lat="-33.9061201" lon="151.2024784"/>
  <node id="10740557212" lat="-33.9061623" lon="151.2023951"/>
  <node id="10740557213" lat="-33.9061390" lon="151.2023658"/>
  <node id="10740557214" lat="-33.9064537" lon="151.2020784"/>
  <node id="10740557215" lat="-33.9057706" lon="151.2029443"/>
  <node id="10740557216" lat="-33.9059291" lon="151.2028123"/>
  <node id="10740557217" lat="-33.9060446" lon="151.2027089"/>
  <node id="10740557218" lat="-33.9060677" lon="151.2027406"/>
  <node id="10740557219" lat="-33.9058119" lon="151.2028727"/>
  <node id="10740557220" lat="-33.9059982" lon="151.2027097"/>
  <node id="10740557221" lat="-33.9056772" lon="151.2029811"/>
  <node id="10740557222" lat="-33.9056667" lon="151.2030270"/>
  <node id="10740557223" lat="-33.9062296" lon="151.2025038"/>
  <node id="10740557224" lat="-33.9062579" lon="151.2025461"/>
  <node id="10740557225" lat="-33.9061950" lon="151.2025627"/>
  <node id="10740557226" lat="-33.9062896" lon="151.2026907"/>
  <node id="10740557227" lat="-33.9062986" lon="151.2026811"/>
  <node id="10740557228" lat="-33.9062053" lon="151.2025506"/>
  <node id="10740557229" lat="-33.9062817" lon="151.2026991"/>
  <node id="10740557230" lat="-33.9061835" lon="151.2025697"/>
  <node id="10740557231" lat="-33.9061447" lon="151.2024629"/>
  <node id="10740557232" lat="-33.9061893" lon="151.2025153">
    <tag k="door" v="yes"/>
    <tag k="entrance" v="yes"/>
    <tag k="level" v="0"/>
  </node>
  <node id="10740557233" lat="-33.9061988" lon="151.2025241">
    <tag k="bicycle" v="yes"/>
    <tag k="description" v="Lift between the concourse and Botany Rd"/>
    <tag k="highway" v="elevator"/>
    <tag k="indoor" v="yes"/>
    <tag k="layer" v="-2"/>
    <tag k="level" v="0;-1;-2"/>
    <tag k="wheelchair" v="yes"/>
  </node>
  <node id="10740557234" lat="-33.9061915" lon="151.2025127">
    <tag k="door" v="yes"/>
    <tag k="entrance" v="yes"/>
    <tag k="layer" v="-1"/>
    <tag k="level" v="-1"/>
  </node>
  <node id="10740557235" lat="-33.9061668" lon="151.2025335"/>
  <node id="10740557236" lat="-33.9062001" lon="151.2025038"/>
  <node id="10740557237" lat="-33.9062148" lon="151.2025237"/>
  <node id="10740557238" lat="-33.9061984" lon="151.2025411"/>
  <node id="10740557239" lat="-33.9061838" lon="151.2025212"/>
  <node id="10740557240" lat="-33.9060883" lon="151.2026934"/>
  <node id="10740557241" lat="-33.9062134" lon="151.2025669"/>
  <node id="10740557242" lat="-33.9061033" lon="151.2025601"/>
  <node id="10740557243" lat="-33.9059579" lon="151.2027058"/>
  <node id="10740557244" lat="-33.9063072" lon="151.2027208">
    <tag k="entrance" v="yes"/>
    <tag k="name" v="Green Square"/>
    <tag k="railway" v="subway_entrance"/>
    <tag k="source" v="survey"/>
    <tag k="wheelchair" v="yes"/>
  </node>
  <node id="10740557246" lat="-33.9061411" lon="151.2024852"/>
  <node id="10740557247" lat="-33.9060892" lon="151.2025413"/>
  <node id="10740557249" lat="-33.9061123" lon="151.2025393"/>
  <node id="10740557250" lat="-33.9061935" lon="151.2024538"/>
  <node id="10740557251" lat="-33.9061977" lon="151.2024588"/>
  <node id="10740557252" lat="-33.9061165" lon="151.2025447"/>
  <node id="10740557253" lat="-33.9061203" lon="151.2025496"/>
  <node id="10740557254" lat="-33.9062019" lon="151.2024637"/>
  <node id="10740557255" lat="-33.9062027" lon="151.2024530"/>
  <node id="10740557256" lat="-33.9061057" lon="151.2024686"/>
  <node id="10740557257" lat="-33.9060750" lon="151.2024226"/>
  <node id="10740557259" lat="-33.9061941" lon="151.2025101">
    <tag k="door" v="yes"/>
    <tag k="entrance" v="yes"/>
    <tag k="layer" v="-2"/>
    <tag k="level" v="-2"/>
  </node>
  <node id="10740557260" lat="-33.9061871" lon="151.2025006"/>
  <node id="10740557261" lat="-33.9062154" lon="151.2024699"/>
  <node id="10740557262" lat="-33.9061897" lon="151.2024378"/>
  <node id="10740557263" lat="-33.9061482" lon="151.2024784"/>
  <node id="10740557264" lat="-33.9061763" lon="151.2025128"/>
  <node id="10740557265" lat="-33.9060356" lon="151.2026200"/>
  <node id="10740557266" lat="-33.9061599" lon="151.2024933"/>
  <node id="10740557267" lat="-33.9059829" lon="151.2025466"/>
  <node id="10740557269" lat="-33.9061741" lon="151.2025181"/>
  <node id="10740557271" lat="-33.9060920" lon="151.2024309"/>
  <node id="10740557272" lat="-33.9061265" lon="151.2024710"/>
  <node id="10740557273" lat="-33.9061837" lon="151.2025805"/>
  <node id="10740557274" lat="-33.9060900" lon="151.2024556"/>
  <node id="10740557275" lat="-33.9060556" lon="151.2024610"/>
  <node id="10740557276" lat="-33.9060206" lon="151.2025277"/>
  <node id="10740557277" lat="-33.9060084" lon="151.2025113"/>
  <node id="10740557278" lat="-33.9060923" lon="151.2025105"/>
  <node id="10740557279" lat="-33.9061367" lon="151.2025190"/>
  <node id="10740557280" lat="-33.9061694" lon="151.2026222"/>
  <node id="10740557281" lat="-33.9061314" lon="151.2025708"/>
  <node id="10740557282" lat="-33.9061236" lon="151.2026696"/>
  <node id="10740557283" lat="-33.9061122" lon="151.2026542"/>
  <node id="10740557284" lat="-33.9060648" lon="151.2027317"/>
  <node id="10740557285" lat="-33.9060484" lon="151.2027495"/>
  <node id="10740557286" lat="-33.9060339" lon="151.2027299"/>
  <node id="10740557287" lat="-33.9060503" lon="151.2027121"/>
  <node id="10740557288" lat="-33.9060552" lon="151.2027188">
    <tag k="door" v="yes"/>
    <tag k="entrance" v="yes"/>
    <tag k="layer" v="-3"/>
    <tag k="level" v="-3"/>
  </node>
  <node id="10740557289" lat="-33.9060594" lon="151.2027244">
    <tag k="door" v="yes"/>
    <tag k="entrance" v="yes"/>
    <tag k="layer" v="-2"/>
    <tag k="level" v="-2"/>
  </node>
  <node id="10740557290" lat="-33.9060347" lon="151.2026724"/>
  <node id="10740557291" lat="-33.9060559" lon="151.2027023"/>
  <node id="10740557292" lat="-33.9060481" lon="151.2027336">
    <tag k="bicycle" v="yes"/>
    <tag k="description" v="Lift between the concourse and Platform 2"/>
    <tag k="highway" v="elevator"/>
    <tag k="indoor" v="yes"/>
    <tag k="layer" v="-2"/>
    <tag k="level" v="-2;-3"/>
    <tag k="wheelchair" v="yes"/>
  </node>
  <node id="10740557293" lat="-33.9059630" lon="151.2025871"/>
  <node id="10740557294" lat="-33.9059466" lon="151.2026048"/>
  <node id="10740557295" lat="-33.9059321" lon="151.2025852"/>
  <node id="10740557296" lat="-33.9059485" lon="151.2025675"/>
  <node id="10740557297" lat="-33.9059589" lon="151.2025816">
    <tag k="door" v="yes"/>
    <tag k="entrance" v="yes"/>
    <tag k="layer" v="-3"/>
    <tag k="level" v="-3"/>
  </node>
  <node id="10740557298" lat="-33.9059549" lon="151.2025766">
    <tag k="door" v="yes"/>
    <tag k="entrance" v="yes"/>
    <tag k="layer" v="-2"/>
    <tag k="level" v="-2"/>
  </node>
  <node id="10740557299" lat="-33.9059915" lon="151.2026135"/>
  <node id="10740557300" lat="-33.9059476" lon="151.2025876">
    <tag k="bicycle" v="yes"/>
    <tag k="description" v="Lift between the concourse and Platform"/>
    <tag k="highway" v="elevator"/>
    <tag k="indoor" v="yes"/>
    <tag k="layer" v="-2"/>
    <tag k="level" v="-2;-3"/>
    <tag k="wheelchair" v="yes"/>
  </node>
  <node id="10740557301" lat="-33.9059629" lon="151.2025779"/>
  <node id="10740557302" lat="-33.9061449" lon="151.2025099">
    <tag k="barrier" v="turnstile"/>
    <tag k="indoor" v="yes"/>
    <tag k="layer" v="-2"/>
    <tag k="level" v="-2"/>
  </node>
  <node id="10747012930" lat="-33.9060490" lon="151.2027093">
    <tag k="emergency" v="phone"/>
    <tag k="indoor" v="yes"/>
    <tag k="layer" v="-3"/>
    <tag k="level" v="-3"/>
  </node>
  <node id="10747012931" lat="-33.9059667" lon="151.2025915">
    <tag k="emergency" v="phone"/>
    <tag k="indoor" v="yes"/>
    <tag k="layer" v="-3"/>
    <tag k="level" v="-3"/>
  </node>
  <node id="10747012932" lat="-33.9061202" lon="151.2024228">
    <tag k="emergency" v="phone"/>
    <tag k="indoor" v="yes"/>
    <tag k="layer" v="-3"/>
    <tag k="level" v="-3"/>
  </node>
  <node id="10747012933" lat="-33.9062039" lon="151.2025626">
    <tag k="emergency" v="phone"/>
    <tag k="indoor" v="yes"/>
    <tag k="layer" v="-3"/>
    <tag k="level" v="-3"/>
  </node>
  <node id="10747012934" lat="-33.9062093" lon="151.2025066">
    <tag k="amenity" v="vending_machine"/>
    <tag k="indoor" v="yes"/>
    <tag k="layer" v="-2"/>
    <tag k="level" v="-2"/>
    <tag k="vending" v="public_transport"/>
  </node>
  <node id="10747012935" lat="-33.9061365" lon="151.2025053">
    <tag k="amenity" v="toilets"/>
    <tag k="changing_table" v="yes"/>
    <tag k="fee" v="no"/>
    <tag k="female" v="yes"/>
    <tag k="layer" v="-2"/>
    <tag k="level" v="-2"/>
  </node>
  <node id="10747012936" lat="-33.9061565" lon="151.2025336">
    <tag k="amenity" v="toilets"/>
    <tag k="fee" v="no"/>
    <tag k="layer" v="-2"/>
    <tag k="level" v="-2"/>
    <tag k="male" v="yes"/>
  </node>
  <node id="10747012937" lat="-33.9059123" lon="151.2025620"/>
  <node id="10747012938" lat="-33.9059454" lon="151.2026086"/>
  <node id="10747012939" lat="-33.9060352" lon="151.2025159"/>
  <node id="10747012940" lat="-33.9060021" lon="151.2024693"/>
  <node id="10747012941" lat="-33.9060145" lon="151.2025609"/>
  <node id="10747012942" lat="-33.9060045" lon="151.2025476">
    <tag k="entrance" v="yes"/>
  </node>
  <node id="10747012943" lat="-33.9058348" lon="151.2027382"/>
  <node id="10752273701" lat="-33.9022414" lon="151.2014069"/>
  <node id="10752333418" lat="-33.9023680" lon="151.2009212"/>
  <node id="10754528264" lat="-33.9042260" lon="151.2025120"/>
  <node id="10754528266" lat="-33.9053380" lon="151.2028100"/>
  <node id="10876933913" lat="-33.9061918" lon="151.2025402"/>
  <node id="10975675163" lat="-33.9061287" lon="151.2025606"/>
  <node id="10975675164" lat="-33.9061881" lon="151.2025084"/>
  <node id="10975675165" lat="-33.9061668" lon="151.2025166"/>
  <node id="10975810658" lat="-33.9061849" lon="151.2025100"/>
  <node id="11052140739" lat="-33.9079242" lon="151.2033589"/>
  <node id="11052140740" lat="-33.9078214" lon="151.2028418"/>
  <node id="11052140741" lat="-33.9079504" lon="151.2028491">
    <tag k="highway" v="traffic_signals"/>
    <tag k="traffic_signals" v="signal"/>
    <tag k="traffic_signals:direction" v="backward"/>
  </node>
  <node id="11052140742" lat="-33.9077664" lon="151.2028404"/>
  <node id="11052140743" lat="-33.9079131" lon="151.2031672"/>
  <node id="11052140744" lat="-33.9079775" lon="151.2029713"/>
  <node id="11052140745" lat="-33.9079254" lon="151.2029158"/>
  <node id="11052140746" lat="-33.9078454" lon="151.2030559">
    <tag k="highway" v="traffic_signals"/>
    <tag k="traffic_signals" v="signal"/>
    <tag k="traffic_signals:direction" v="forward"/>
  </node>
  <node id="11052140747" lat="-33.9080140" lon="151.2042475"/>
  <node id="11052140748" lat="-33.9079690" lon="151.2042816"/>
  <node id="11052140749" lat="-33.9080693" lon="151.2046905"/>
  <node id="11052140750" lat="-33.9081370" lon="151.2052272"/>
  <node id="11052140751" lat="-33.9079682" lon="151.2047876"/>
  <node id="11052140752" lat="-33.9078900" lon="151.2030491">
    <tag k="highway" v="traffic_signals"/>
    <tag k="traffic_signals" v="signal"/>
    <tag k="traffic_signals:direction" v="backward"/>
  </node>
  <node id="11052140753" lat="-33.9079223" lon="151.2047068">
    <tag k="highway" v="traffic_signals"/>
    <tag k="traffic_signals" v="signal"/>
    <tag k="traffic_signals:direction" v="forward"/>
  </node>
  <node id="11052140754" lat="-33.9080002" lon="151.2045140">
    <tag k="highway" v="traffic_signals"/>
    <tag k="traffic_signals" v="signal"/>
    <tag k="traffic_signals:direction" v="forward"/>
  </node>
  <node id="11052140755" lat="-33.9081847" lon="151.2046901">
    <tag k="highway" v="traffic_signals"/>
    <tag k="traffic_signals" v="signal"/>
    <tag k="traffic_signals:direction" v="backward"/>
  </node>
  <node id="11052140756" lat="-33.9081330" lon="151.2048634">
    <tag k="highway" v="traffic_signals"/>
    <tag k="traffic_signals" v="signal"/>
    <tag k="traffic_signals:direction" v="backward"/>
  </node>
  <node id="11052140757" lat="-33.9080882" lon="151.2045179">
    <tag k="highway" v="traffic_signals"/>
    <tag k="traffic_signals" v="signal"/>
    <tag k="traffic_signals:direction" v="forward"/>
  </node>
  <node id="11052140758" lat="-33.9078905" lon="151.2047116"/>
  <node id="11052140761" lat="-33.9081390" lon="151.2055181"/>
  <node id="11052140762" lat="-33.9081873" lon="151.2058408">
    <tag k="highway" v="traffic_signals"/>
    <tag k="traffic_signals" v="signal"/>
    <tag k="traffic_signals:direction" v="forward"/>
  </node>
  <node id="11052140764" lat="-33.9078624" lon="151.2035091"/>
  <node id="11052140765" lat="-33.9078709" lon="151.2035072"/>
  <node id="11052140766" lat="-33.9078503" lon="151.2035144"/>
  <node id="11052140770" lat="-33.9082682" lon="151.2057449"/>
  <node id="11052140777" lat="-33.9078553" lon="151.2062512">
    <tag k="highway" v="traffic_signals"/>
    <tag k="traffic_signals" v="signal"/>
    <tag k="traffic_signals:direction" v="forward"/>
  </node>
  <node id="11052140778" lat="-33.9069529" lon="151.2063130"/>
  <node id="11052140779" lat="-33.9071182" lon="151.2064388"/>
  <node id="11052140780" lat="-33.9070286" lon="151.2063239"/>
  <node id="11052140781" lat="-33.9074313" lon="151.2064599"/>
  <node id="11052140782" lat="-33.9073744" lon="151.2064753"/>
  <node id="11052140783" lat="-33.9074994" lon="151.2064396"/>
  <node id="11052140784" lat="-33.9069941" lon="151.2063457"/>
  <node id="11052140785" lat="-33.9070504" lon="151.2063871"/>
  <node id="11052140786" lat="-33.9070821" lon="151.2063289"/>
  <node id="11052140788" lat="-33.9075558" lon="151.2064142">
    <tag k="highway" v="traffic_signals"/>
    <tag k="traffic_signals" v="signal"/>
    <tag k="traffic_signals:direction" v="backward"/>
  </node>
  <node id="11052140789" lat="-33.9077164" lon="151.2061399"/>
  <node id="11052140791" lat="-33.9078266" lon="151.2062765"/>
  <node id="11052140793" lat="-33.9078315" lon="151.2061957">
    <tag k="highway" v="traffic_signals"/>
    <tag k="traffic_signals" v="signal"/>
    <tag k="traffic_signals:direction" v="backward"/>
  </node>
  <node id="11052140794" lat="-33.9075615" lon="151.2061883"/>
  <node id="11052140795" lat="-33.9075416" lon="151.2063467">
    <tag k="highway" v="traffic_signals"/>
    <tag k="traffic_signals" v="signal"/>
    <tag k="traffic_signals:direction" v="forward"/>
  </node>
  <node id="11084425675" lat="-33.9076286" lon="151.2002095"/>
  <node id="11224688989" lat="-33.9079075" lon="151.2005417"/>
  <node id="11224688990" lat="-33.9073046" lon="151.2010663"/>
  <node id="11224688991" lat="-33.9067658" lon="151.2015323"/>
  <node id="11224688992" lat="-33.9063017" lon="151.2019511"/>
  <node id="11224688993" lat="-33.9061996" lon="151.2020269"/>
  <node id="11224688994" lat="-33.9061373" lon="151.2020509"/>
  <node id="11237581285" lat="-33.9042947" lon="151.2051264">
    <tag k="highway" v="traffic_signals"/>
    <tag k="traffic_signals" v="signal"/>
    <tag k="traffic_signals:direction" v="backward"/>
  </node>
  <node id="11237581286" lat="-33.9041642" lon="151.2053653">
    <tag k="highway" v="traffic_signals"/>
    <tag k="traffic_signals" v="signal"/>
    <tag k="traffic_signals:direction" v="forward"/>
  </node>
  <node id="11237581287" lat="-33.9043057" lon="151.2053090">
    <tag k="highway" v="traffic_signals"/>
    <tag k="traffic_signals" v="signal"/>
    <tag k="traffic_signals:direction" v="backward"/>
  </node>
  <node id="11237581288" lat="-33.9040561" lon="151.2053106">
    <tag k="man_made" v="street_cabinet"/>
    <tag k="operator" v="TfNSW"/>
    <tag k="operator:wikidata" v="Q7834923"/>
    <tag k="ref" v="0150"/>
    <tag k="start_date" v="1962-03-27"/>
    <tag k="street_cabinet" v="traffic_control"/>
    <tag k="utility" v="traffic_signals"/>
  </node>
  <node id="11258683497" lat="-33.9046103" lon="151.2002313"/>
  <node id="11258683498" lat="-33.9042231" lon="151.2009804"/>
  <node id="11258683499" lat="-33.9050577" lon="151.1993049"/>
  <node id="11258683505" lat="-33.9063286" lon="151.1992211"/>
  <node id="11258683506" lat="-33.9062459" lon="151.1994975"/>
  <node id="11258683507" lat="-33.9041210" lon="151.2011959"/>
  <node id="11258683508" lat="-33.9038899" lon="151.2015486"/>
  <node id="11258683509" lat="-33.9035774" lon="151.2020752"/>
  <node id="11258683510" lat="-33.9035661" lon="151.2020471"/>
  <node id="11258683512" lat="-33.9035152" lon="151.2022383"/>
  <node id="11258683513" lat="-33.9035469" lon="151.2021539">
    <tag k="crossing" v="traffic_signals"/>
    <tag k="highway" v="crossing"/>
  </node>
  <node id="11258683514" lat="-33.9034480" lon="151.2019832"/>
  <node id="11258683515" lat="-33.9035218" lon="151.2020240">
    <tag k="crossing" v="traffic_signals"/>
    <tag k="highway" v="crossing"/>
  </node>
  <node id="11258683516" lat="-33.9041646" lon="151.2025801"/>
  <node id="11258683517" lat="-33.9052182" lon="151.2028586"/>
  <node id="11258683518" lat="-33.9052967" lon="151.2029125"/>
  <node id="11258683519" lat="-33.9039124" lon="151.2009031"/>
  <node id="11258683520" lat="-33.9031329" lon="151.2005555"/>
  <node id="11258683525" lat="-33.9034206" lon="151.2008808"/>
  <node id="11258683526" lat="-33.9049643" lon="151.2015129"/>
  <node id="11258683527" lat="-33.9053540" lon="151.2016613"/>
  <node id="11258683528" lat="-33.9054645" lon="151.2017498"/>
  <node id="11258683529" lat="-33.9055244" lon="151.2018239"/>
  <node id="11258776437" lat="-33.9042191" lon="151.2010037">
    <tag k="man_made" v="street_cabinet"/>
    <tag k="operator" v="TfNSW"/>
    <tag k="operator:wikidata" v="Q7834923"/>
    <tag k="ref" v="0289"/>
    <tag k="start_date" v="2003-08-22"/>
    <tag k="street_cabinet" v="traffic_control"/>
  </node>
  <node id="11258776438" lat="-33.9040254" lon="151.2010714">
    <tag k="crossing" v="traffic_signals"/>
    <tag k="highway" v="crossing"/>
  </node>
  <node id="11258776439" lat="-33.9040753" lon="151.2009729"/>
  <node id="11258776440" lat="-33.9039794" lon="151.2011624"/>
  <node id="11258776441" lat="-33.9041936" lon="151.2010251"/>
  <node id="11258776442" lat="-33.9041427" lon="151.2010027">
    <tag k="crossing" v="traffic_signals"/>
    <tag k="highway" v="crossing"/>
  </node>
  <node id="11258776443" lat="-33.9040982" lon="151.2012121"/>
  <node id="11258776444" lat="-33.9040369" lon="151.2011865">
    <tag k="crossing" v="traffic_signals"/>
    <tag k="crossing:island" v="no"/>
    <tag k="highway" v="crossing"/>
  </node>
  <node id="11259898507" lat="-33.9024633" lon="151.2034399">
    <tag k="bicycle" v="yes"/>
    <tag k="colour" v="white;blue"/>
    <tag k="direction" v="north"/>
    <tag k="guidepost" v="bicycle"/>
    <tag k="guidepost_shape" v="fingers"/>
    <tag k="information" v="guidepost"/>
    <tag k="name" v="Redfern 1.1km;Sydney City 4.8km"/>
    <tag k="tourism" v="information"/>
  </node>
  <node id="11259898508" lat="-33.9024737" lon="151.2034416">
    <tag k="bicycle" v="yes"/>
    <tag k="colour" v="white;blue"/>
    <tag k="direction" v="south"/>
    <tag k="guidepost" v="bicycle"/>
    <tag k="guidepost_shape" v="fingers"/>
    <tag k="information" v="guidepost"/>
    <tag k="name" v="Mascot 2.2km;Botany 7.7km"/>
    <tag k="tourism" v="information"/>
  </node>
  <node id="11259898509" lat="-33.9024681" lon="151.2034444">
    <tag k="bicycle" v="yes"/>
    <tag k="colour" v="white;blue"/>
    <tag k="direction" v="east"/>
    <tag k="guidepost" v="bicycle"/>
    <tag k="guidepost_shape" v="fingers"/>
    <tag k="information" v="guidepost"/>
    <tag k="name" v="Taylor Square 3.1km;Sydney City 4.3km;Randwick / UNSW 4km;Maroubbra Jct 7.5km"/>
    <tag k="tourism" v="information"/>
  </node>
  <node id="11259898510" lat="-33.9024689" lon="151.2034371">
    <tag k="bicycle" v="yes"/>
    <tag k="colour" v="white;blue"/>
    <tag k="direction" v="west"/>
    <tag k="guidepost" v="bicycle"/>
    <tag k="guidepost_shape" v="fingers"/>
    <tag k="information" v="guidepost"/>
    <tag k="name" v="Airport 4.6km;Newtown 2.9km;Gladesville 12km"/>
    <tag k="tourism" v="information"/>
  </node>
  <node id="11259898511" lat="-33.9028197" lon="151.2019240">
    <tag k="bicycle" v="yes"/>
    <tag k="colour" v="white;blue"/>
    <tag k="direction" v="south"/>
    <tag k="guidepost" v="bicycle"/>
    <tag k="guidepost_shape" v="fingers"/>
    <tag k="information" v="guidepost"/>
    <tag k="name" v="Newtown;Gladesville;Airport"/>
    <tag k="tourism" v="information"/>
  </node>
  <node id="11259898512" lat="-33.9028140" lon="151.2019201">
    <tag k="bicycle" v="yes"/>
    <tag k="colour" v="white;blue"/>
    <tag k="direction" v="east"/>
    <tag k="guidepost" v="bicycle"/>
    <tag k="guidepost_shape" v="fingers"/>
    <tag k="information" v="guidepost"/>
    <tag k="name" v="Green Square;Randwick / UNSW;Green Square;Sydney City"/>
    <tag k="tourism" v="information"/>
  </node>
  <node id="11263969750" lat="-33.9056818" lon="151.2028748">
    <tag k="highway" v="traffic_signals"/>
    <tag k="traffic_signals" v="signal"/>
    <tag k="traffic_signals:direction" v="backward"/>
  </node>
  <node id="11263969751" lat="-33.9054440" lon="151.2026688"/>
  <node id="11263969752" lat="-33.9053881" lon="151.2030199"/>
  <node id="11263969753" lat="-33.9053780" lon="151.2027957">
    <tag k="highway" v="traffic_signals"/>
    <tag k="traffic_signals" v="signal"/>
    <tag k="traffic_signals:direction" v="forward"/>
  </node>
  <node id="11263969754" lat="-33.9053481" lon="151.2026844"/>
  <node id="11263969755" lat="-33.9052039" lon="151.2026444"/>
  <node id="11263969756" lat="-33.9056713" lon="151.2024769">
    <tag k="man_made" v="street_cabinet"/>
    <tag k="operator" v="TfNSW"/>
    <tag k="operator:wikidata" v="Q7834923"/>
    <tag k="ref" v="0346"/>
    <tag k="start_date" v="1969-10-09"/>
    <tag k="street_cabinet" v="traffic_control"/>
  </node>
  <node id="11263989099" lat="-33.9056788" lon="151.2024355">
    <tag k="man_made" v="street_cabinet"/>
    <tag k="operator" v="TfNSW"/>
    <tag k="operator:wikidata" v="Q7834923"/>
    <tag k="ref" v="0352"/>
    <tag k="start_date" v="1969-10-09"/>
    <tag k="street_cabinet" v="traffic_control"/>
  </node>
  <node id="11263989100" lat="-33.9059889" lon="151.2023215">
    <tag k="highway" v="traffic_signals"/>
    <tag k="traffic_signals" v="signal"/>
    <tag k="traffic_signals:direction" v="backward"/>
  </node>
  <node id="11263989101" lat="-33.9061772" lon="151.2021525"/>
  <node id="11263989102" lat="-33.9058976" lon="151.2015014"/>
  <node id="11263989103" lat="-33.9057565" lon="151.2017246">
    <tag k="highway" v="traffic_signals"/>
    <tag k="traffic_signals" v="signal"/>
    <tag k="traffic_signals:direction" v="forward"/>
  </node>
  <node id="11263989104" lat="-33.9055973" lon="151.2017485">
    <tag k="highway" v="traffic_signals"/>
    <tag k="traffic_signals" v="signal"/>
    <tag k="traffic_signals:direction" v="forward"/>
  </node>
  <node id="11263989105" lat="-33.9056630" lon="151.2021094">
    <tag k="highway" v="traffic_signals"/>
    <tag k="traffic_signals" v="signal"/>
    <tag k="traffic_signals:direction" v="backward"/>
  </node>
  <node id="11263998253" lat="-33.9067660" lon="151.1988995"/>
  <node id="11263998258" lat="-33.9061054" lon="151.2006746">
    <tag k="crossing" v="unmarked"/>
    <tag k="crossing:markings" v="no"/>
    <tag k="highway" v="crossing"/>
    <tag k="tactile_paving" v="no"/>
  </node>
  <node id="11263998259" lat="-33.9047733" lon="151.2025460"/>
  <node id="11263998260" lat="-33.9046231" lon="151.2025271"/>
  <node id="11263998261" lat="-33.9044355" lon="151.2024691"/>
  <node id="11263998262" lat="-33.9042611" lon="151.2024042"/>
  <node id="11336850625" lat="-33.9063472" lon="151.2032353">
    <tag k="leisure" v="outdoor_seating"/>
  </node>
  <node id="11336899918" lat="-33.9058464" lon="151.2033992">
    <tag k="amenity" v="bench"/>
    <tag k="backrest" v="no"/>
  </node>
  <node id="11336899919" lat="-33.9060422" lon="151.2031894">
    <tag k="brand" v="EzyMart"/>
    <tag k="brand:wikidata" v="Q117220554"/>
    <tag k="name" v="EzyMart"/>
    <tag k="shop" v="convenience"/>
  </node>
  <node id="11336899920" lat="-33.9057162" lon="151.2034864">
    <tag k="amenity" v="waste_basket"/>
  </node>
  <node id="11336902622" lat="-33.9060785" lon="151.2027676">
    <tag k="artwork_type" v="sculpture"/>
    <tag k="tourism" v="artwork"/>
  </node>
  <node id="11336945862" lat="-33.9063831" lon="151.2032721">
    <tag k="access" v="yes"/>
    <tag k="amenity" v="toilets"/>
    <tag k="fee" v="no"/>
    <tag k="level" v="-1"/>
    <tag k="opening_hours" v="Mo-Fr 10:00-18:00; Sa-Su 10:00-16:00"/>
    <tag k="operator" v="Green Square Library"/>
    <tag k="toilets:handwashing" v="yes"/>
    <tag k="wheelchair" v="yes"/>
  </node>
  <node id="11336955218" lat="-33.9067368" lon="151.2038738">
    <tag k="amenity" v="binoculars"/>
  </node>
  <node id="11336955219" lat="-33.9067322" lon="151.2039107">
    <tag k="amenity" v="binoculars"/>
  </node>
  <node id="11336955220" lat="-33.9066963" lon="151.2038709">
    <tag k="artist_name" v="Claire Healy and Sean Cordeiro"/>
    <tag k="level" v="0"/>
    <tag k="name" v="Cloud Nation"/>
    <tag k="tourism" v="artwork"/>
    <tag k="website" v="https://www.cityartsydney.com.au/artwork/cloud-nation/"/>
  </node>
  <node id="11337018093" lat="-33.9062563" lon="151.1991450">
    <tag k="addr:housenumber" v="17"/>
    <tag k="addr:street" v="Bourke Road"/>
    <tag k="name" v="Mitchell Road Antique &amp; Design Centre"/>
    <tag k="opening_hours" v="Mo-Su 10:00-18:00"/>
    <tag k="phone" v="+61 2 9698 0907"/>
    <tag k="shop" v="antiques"/>
    <tag k="toilets" v="yes"/>
    <tag k="website" v="https://www.mitchellroad.com.au/"/>
  </node>
  <node id="11337030491" lat="-33.9063661" lon="151.2053668">
    <tag k="amenity" v="waste_basket"/>
  </node>
  <node id="11337072936" lat="-33.9055456" lon="151.2071698">
    <tag k="amenity" v="bench"/>
    <tag k="backrest" v="yes"/>
  </node>
  <node id="11337072941" lat="-33.9056377" lon="151.2070024">
    <tag k="amenity" v="bench"/>
    <tag k="backrest" v="yes"/>
  </node>
  <node id="11347950910" lat="-33.9037751" lon="151.2021724"/>
  <node id="11347950911" lat="-33.9039173" lon="151.2022272"/>
  <node id="11347950912" lat="-33.9040647" lon="151.2023203"/>
  <node id="11347950913" lat="-33.9048476" lon="151.2025775"/>
  <node id="11347950914" lat="-33.9035864" lon="151.2020543">
    <tag k="man_made" v="street_cabinet"/>
    <tag k="operator" v="TfNSW"/>
    <tag k="operator:wikidata" v="Q7834923"/>
    <tag k="ref" v="0692"/>
    <tag k="start_date" v="1993-07-31"/>
    <tag k="street_cabinet" v="traffic_control"/>
  </node>
  <node id="11347950915" lat="-33.9033756" lon="151.2020715">
    <tag k="highway" v="traffic_signals"/>
    <tag k="traffic_signals" v="signal"/>
    <tag k="traffic_signals:direction" v="forward"/>
  </node>
  <node id="11347950916" lat="-33.9037531" lon="151.2017470"/>
  <node id="11347950917" lat="-33.9037620" lon="151.2016243"/>
  <node id="11347961175" lat="-33.9023316" lon="151.2014649"/>
  <node id="11347961176" lat="-33.9023230" lon="151.2010902"/>
  <node id="11347961177" lat="-33.9022854" lon="151.2014352">
    <tag k="crossing" v="unmarked"/>
    <tag k="crossing:markings" v="no"/>
    <tag k="highway" v="crossing"/>
    <tag k="tactile_paving" v="no"/>
  </node>
  <node id="11347961178" lat="-33.9027216" lon="151.2018583"/>
  <node id="11347961179" lat="-33.9023155" lon="151.2016495">
    <tag k="crossing" v="unmarked"/>
    <tag k="crossing:markings" v="no"/>
    <tag k="highway" v="crossing"/>
    <tag k="tactile_paving" v="no"/>
  </node>
  <node id="11434780443" lat="-33.9072843" lon="151.2058845"/>
  <node id="11434780444" lat="-33.9071161" lon="151.2061732"/>
  <node id="11434780445" lat="-33.9071090" lon="151.2061906"/>
  <node id="11434780446" lat="-33.9071073" lon="151.2062096"/>
  <node id="11434780447" lat="-33.9071162" lon="151.2062319"/>
  <node id="11434780448" lat="-33.9071431" lon="151.2062589"/>
  <node id="11434780449" lat="-33.9074409" lon="151.2061354"/>
  <node id="11434780450" lat="-33.9074107" lon="151.2061516"/>
  <node id="11434780451" lat="-33.9074381" lon="151.2062256"/>
  <node id="11434780452" lat="-33.9074005" lon="151.2063041"/>
  <node id="11434780453" lat="-33.9073511" lon="151.2059140"/>
  <node id="11434780454" lat="-33.9073011" lon="151.2058747"/>
  <node id="11434780455" lat="-33.9073191" lon="151.2058760"/>
  <node id="11434780456" lat="-33.9073370" lon="151.2058872"/>
  <node id="11434780457" lat="-33.9073829" lon="151.2063074"/>
  <node id="11434780458" lat="-33.9073621" lon="151.2063063"/>
  <node id="11434780459" lat="-33.9074164" lon="151.2062936"/>
  <node id="11434780460" lat="-33.9074320" lon="151.2062776"/>
  <node id="11434780461" lat="-33.9074415" lon="151.2062508"/>
  <node id="11434780462" lat="-33.9071453" lon="151.2062445"/>
  <node id="11434780463" lat="-33.9071316" lon="151.2062416"/>
  <node id="11434780464" lat="-33.9072850" lon="151.2057880"/>
  <node id="11434799814" lat="-33.9072070" lon="151.2058724"/>
  <node id="11434799815" lat="-33.9072859" lon="151.2057395"/>
  <node id="11434799816" lat="-33.9070313" lon="151.2050893"/>
  <node id="11434799817" lat="-33.9069479" lon="151.2051472"/>
  <node id="11434799818" lat="-33.9069350" lon="151.2051377"/>
  <node id="11434799819" lat="-33.9069084" lon="151.2051907"/>
  <node id="11434799820" lat="-33.9068954" lon="151.2051825"/>
  <node id="11434799821" lat="-33.9068298" lon="151.2052306"/>
  <node id="11434799822" lat="-33.9070333" lon="151.2057517"/>
  <node id="11434799823" lat="-33.9067182" lon="151.2049606"/>
  <node id="11434799824" lat="-33.9068636" lon="151.2050777"/>
  <node id="11434799825" lat="-33.9067323" lon="151.2053037"/>
  <node id="11434799826" lat="-33.9067211" lon="151.2054439"/>
  <node id="11434799827" lat="-33.9065317" lon="151.2052998"/>
  <node id="11434799828" lat="-33.9067818" lon="151.2053449"/>
  <node id="11434911686" lat="-33.9068979" lon="151.2057348"/>
  <node id="11434911687" lat="-33.9069344" lon="151.2057624"/>
  <node id="11434911688" lat="-33.9068230" lon="151.2059763"/>
  <node id="11434911689" lat="-33.9067864" lon="151.2059487"/>
  <node id="11434911690" lat="-33.9068591" lon="151.2060041"/>
  <node id="11434911691" lat="-33.9069713" lon="151.2057896"/>
  <node id="11434911692" lat="-33.9068949" lon="151.2060322"/>
  <node id="11434911693" lat="-33.9070082" lon="151.2058165"/>
  <node id="11434911694" lat="-33.9069335" lon="151.2060620"/>
  <node id="11434911695" lat="-33.9070478" lon="151.2058459"/>
  <node id="11434911696" lat="-33.9069707" lon="151.2060912"/>
  <node id="11434911697" lat="-33.9070871" lon="151.2058743"/>
  <node id="11434911698" lat="-33.9070089" lon="151.2061211"/>
  <node id="11434911699" lat="-33.9071249" lon="151.2059039"/>
  <node id="11434911700" lat="-33.9070495" lon="151.2061543"/>
  <node id="11434911701" lat="-33.9071660" lon="151.2059346"/>
  <node id="11434934492" lat="-33.9073024" lon="151.2057881"/>
  <node id="11434934493" lat="-33.9073256" lon="151.2057742"/>
  <node id="11434934494" lat="-33.9070501" lon="151.2062301"/>
  <node id="11445742415" lat="-33.9069248" lon="151.2016928"/>
  <node id="11445742416" lat="-33.9069231" lon="151.2016727"/>
  <node id="11445742417" lat="-33.9069548" lon="151.2016705"/>
  <node id="11445742418" lat="-33.9069537" lon="151.2016485"/>
  <node id="11445742419" lat="-33.9069817" lon="151.2016209"/>
  <node id="11445742420" lat="-33.9069832" lon="151.2016456"/>
  <node id="11445742421" lat="-33.9069930" lon="151.2021405"/>
  <node id="11445742422" lat="-33.9069949" lon="151.2021783"/>
  <node id="11445742423" lat="-33.9070228" lon="151.2021670"/>
  <node id="11445742424" lat="-33.9070243" lon="151.2021848"/>
  <node id="11445742425" lat="-33.9073171" lon="151.2020596"/>
  <node id="11445742426" lat="-33.9070876" lon="151.2022157"/>
  <node id="11445742427" lat="-33.9071205" lon="151.2027837"/>
  <node id="11445742428" lat="-33.9077559" lon="151.2026807"/>
  <node id="11445742429" lat="-33.9078281" lon="151.2026312"/>
  <node id="11445742430" lat="-33.9077496" lon="151.2018475"/>
  <node id="11445742431" lat="-33.9077501" lon="151.2017469"/>
  <node id="11445742432" lat="-33.9077273" lon="151.2015242"/>
  <node id="11445742433" lat="-33.9077118" lon="151.2014543"/>
  <node id="11445742434" lat="-33.9076745" lon="151.2010824"/>
  <node id="11445742435" lat="-33.9076619" lon="151.2009879"/>
  <node id="11445742436" lat="-33.9087070" lon="151.2027248">
    <tag k="crossing" v="unmarked"/>
    <tag k="crossing:markings" v="no"/>
    <tag k="highway" v="crossing"/>
  </node>
  <node id="11445742437" lat="-33.9086510" lon="151.2027280"/>
  <node id="11445742438" lat="-33.9080933" lon="151.2027335"/>
  <node id="11445742441" lat="-33.9077663" lon="151.2027314"/>
  <node id="11445742442" lat="-33.9075493" lon="151.2011660"/>
  <node id="11445742443" lat="-33.9076971" lon="151.2026496"/>
  <node id="11445742444" lat="-33.9077035" lon="151.2010679"/>
  <node id="11445742445" lat="-33.9078644" lon="151.2026424"/>
  <node id="11445742446" lat="-33.9078739" lon="151.2027293"/>
  <node id="11445742447" lat="-33.9076594" lon="151.2006177"/>
  <node id="11445742448" lat="-33.9083867" lon="151.2003697"/>
  <node id="11445742449" lat="-33.9075927" lon="151.2010481">
    <tag k="crossing" v="traffic_signals"/>
    <tag k="crossing:island" v="no"/>
    <tag k="crossing:markings" v="dashes"/>
    <tag k="highway" v="crossing"/>
  </node>
  <node id="11445742450" lat="-33.9075433" lon="151.2010925"/>
  <node id="11445742451" lat="-33.9067728" lon="151.2017554"/>
  <node id="11445742452" lat="-33.9063341" lon="151.2021342"/>
  <node id="11445742453" lat="-33.9061603" lon="151.2022728"/>
  <node id="11445742454" lat="-33.9076887" lon="151.2009650"/>
  <node id="11445783282" lat="-33.9072612" lon="151.1991434"/>
  <node id="11445783284" lat="-33.9075938" lon="151.2003775"/>
  <node id="11451595522" lat="-33.9063731" lon="151.2028910"/>
  <node id="11451595526" lat="-33.9056933" lon="151.2028030"/>
  <node id="11484006896" lat="-33.9062212" lon="151.2031306"/>
  <node id="11484006897" lat="-33.9060963" lon="151.2031161"/>
  <node id="11484006898" lat="-33.9061141" lon="151.2031376"/>
  <node id="11484006899" lat="-33.9058190" lon="151.2030651"/>
  <node id="11484006900" lat="-33.9061539" lon="151.2033970"/>
  <node id="11484006901" lat="-33.9062147" lon="151.2035307"/>
  <node id="11484006902" lat="-33.9061823" lon="151.2034596"/>
  <node id="11484006903" lat="-33.9062288" lon="151.2034200"/>
  <node id="11484006904" lat="-33.9062471" lon="151.2034236"/>
  <node id="11484006905" lat="-33.9062588" lon="151.2034298"/>
  <node id="11484006906" lat="-33.9062795" lon="151.2034595"/>
  <node id="11484006907" lat="-33.9063005" lon="151.2035073"/>
  <node id="11484006908" lat="-33.9061418" lon="151.2031244"/>
  <node id="11484006909" lat="-33.9062055" lon="151.2031300"/>
  <node id="11484006910" lat="-33.9068622" lon="151.2042645"/>
  <node id="11484006911" lat="-33.9067469" lon="151.2040987"/>
  <node id="11484006912" lat="-33.9068229" lon="151.2040371"/>
  <node id="11484006913" lat="-33.9069160" lon="151.2042292"/>
  <node id="11484006914" lat="-33.9068904" lon="151.2042460"/>
  <node id="11484006915" lat="-33.9069257" lon="151.2043259"/>
  <node id="11484006916" lat="-33.9063290" lon="151.2030781"/>
  <node id="11484006917" lat="-33.9063806" lon="151.2030721"/>
  <node id="11484006918" lat="-33.9066890" lon="151.2030261"/>
  <node id="11484006919" lat="-33.9066905" lon="151.2030462"/>
  <node id="11484006920" lat="-33.9063826" lon="151.2030863"/>
  <node id="11484006921" lat="-33.9063291" lon="151.2030922"/>
  <node id="11484006922" lat="-33.9067000" lon="151.2018320"/>
  <node id="11484006923" lat="-33.9063198" lon="151.2021703"/>
  <node id="11484006924" lat="-33.9065583" lon="151.2028583"/>
  <node id="11484006925" lat="-33.9066081" lon="151.2028564"/>
  <node id="11484006926" lat="-33.9071020" lon="151.2027878"/>
  <node id="11484006927" lat="-33.9063386" lon="151.2022401"/>
  <node id="11484006928" lat="-33.9063696" lon="151.2023471"/>
  <node id="11484006929" lat="-33.9062930" lon="151.2022884">
    <tag k="barrier" v="gate"/>
  </node>
  <node id="11484006930" lat="-33.9062255" lon="151.2021125"/>
  <node id="11484006931" lat="-33.9062461" lon="151.2022087">
    <tag k="crossing" v="unmarked"/>
    <tag k="crossing:markings" v="no"/>
    <tag k="highway" v="crossing"/>
  </node>
  <node id="11484006932" lat="-33.9063481" lon="151.2023531"/>
  <node id="11484006933" lat="-33.9063573" lon="151.2024004"/>
  <node id="11484006934" lat="-33.9062040" lon="151.2021303"/>
  <node id="11484006939" lat="-33.9064555" lon="151.2028859"/>
  <node id="11484006940" lat="-33.9064904" lon="151.2028830"/>
  <node id="11484006941" lat="-33.9064916" lon="151.2029027"/>
  <node id="11484006942" lat="-33.9064567" lon="151.2029056"/>
  <node id="11484027925" lat="-33.9062035" lon="151.2026608"/>
  <node id="11484027926" lat="-33.9062322" lon="151.2026897"/>
  <node id="11484027927" lat="-33.9061843" lon="151.2026235"/>
  <node id="11484027928" lat="-33.9061665" lon="151.2023249"/>
  <node id="11484027929" lat="-33.9062012" lon="151.2022848"/>
  <node id="11484027930" lat="-33.9062282" lon="151.2023188"/>
  <node id="11484027931" lat="-33.9061935" lon="151.2023588"/>
  <node id="11484027932" lat="-33.9060901" lon="151.2024113"/>
  <node id="11484027933" lat="-33.9061248" lon="151.2023713"/>
  <node id="11484027934" lat="-33.9061518" lon="151.2024052"/>
  <node id="11484027935" lat="-33.9061172" lon="151.2024452"/>
  <node id="11484027936" lat="-33.9061375" lon="151.2023872"/>
  <node id="11484027937" lat="-33.9061028" lon="151.2024272"/>
  <node id="11484027938" lat="-33.9061785" lon="151.2023400"/>
  <node id="11484027939" lat="-33.9062141" lon="151.2023011"/>
  <node id="11484027940" lat="-33.9062211" lon="151.2023099">
    <tag k="barrier" v="gate"/>
  </node>
  <node id="11484027941" lat="-33.9061725" lon="151.2023324">
    <tag k="barrier" v="gate"/>
  </node>
  <node id="11484027942" lat="-33.9061311" lon="151.2023792">
    <tag k="barrier" v="gate"/>
  </node>
  <node id="11484027943" lat="-33.9061100" lon="151.2024362">
    <tag k="barrier" v="gate"/>
  </node>
  <node id="11484027944" lat="-33.9061040" lon="151.2024101">
    <tag k="entrance" v="emergency"/>
  </node>
  <node id="11484027945" lat="-33.9061382" lon="151.2024046">
    <tag k="entrance" v="emergency"/>
  </node>
  <node id="11484027946" lat="-33.9062031" lon="151.2022988">
    <tag k="entrance" v="emergency"/>
  </node>
  <node id="11484027947" lat="-33.9061915" lon="151.2023424">
    <tag k="entrance" v="emergency"/>
  </node>
  <node id="11484027948" lat="-33.9058406" lon="151.2028201"/>
  <node id="11484027949" lat="-33.9059803" lon="151.2028543"/>
  <node id="11484027950" lat="-33.9059827" lon="151.2028401"/>
  <node id="11484027951" lat="-33.9058430" lon="151.2028059"/>
  <node id="11484027952" lat="-33.9062334" lon="151.2028824"/>
  <node id="11484027953" lat="-33.9061564" lon="151.2028679"/>
  <node id="11484027954" lat="-33.9059300" lon="151.2028174"/>
  <node id="11484027955" lat="-33.9057552" lon="151.2027717"/>
  <node id="11484027956" lat="-33.9057476" lon="151.2027624"/>
  <node id="11484027957" lat="-33.9062529" lon="151.2028851"/>
  <node id="11484027958" lat="-33.9062749" lon="151.2028881"/>
  <node id="11484027959" lat="-33.9062631" lon="151.2023179">
    <tag k="emergency" v="assembly_point"/>
    <tag k="name" v="Green Square Station"/>
  </node>
  <node id="11484027960" lat="-33.9060465" lon="151.2024253"/>
  <node id="11484027961" lat="-33.9060143" lon="151.2023800"/>
  <node id="11484027962" lat="-33.9059976" lon="151.2023972"/>
  <node id="11484027963" lat="-33.9057515" lon="151.2026416"/>
  <node id="11484027964" lat="-33.9060053" lon="151.2024084"/>
  <node id="11484027965" lat="-33.9057591" lon="151.2026528"/>
  <node id="11484027966" lat="-33.9064987" lon="151.2028137">
    <tag k="addr:housenumber" v="320"/>
    <tag k="addr:street" v="Botany Road"/>
  </node>
  <node id="11484027967" lat="-33.9063483" lon="151.2028708"/>
  <node id="11484045822" lat="-33.9058001" lon="151.2034882"/>
  <node id="11484045823" lat="-33.9058007" lon="151.2034939"/>
  <node id="11484045824" lat="-33.9057868" lon="151.2035106"/>
  <node id="11484045825" lat="-33.9057679" lon="151.2035127"/>
  <node id="11484045826" lat="-33.9057537" lon="151.2034919"/>
  <node id="11484045827" lat="-33.9057333" lon="151.2034724"/>
  <node id="11484045828" lat="-33.9057239" lon="151.2034644"/>
  <node id="11484045829" lat="-33.9057027" lon="151.2034516"/>
  <node id="11484045830" lat="-33.9056908" lon="151.2034262"/>
  <node id="11484045831" lat="-33.9056899" lon="151.2034034"/>
  <node id="11484045832" lat="-33.9057055" lon="151.2033802"/>
  <node id="11484045833" lat="-33.9057308" lon="151.2033762"/>
  <node id="11484045834" lat="-33.9057459" lon="151.2033608"/>
  <node id="11484045835" lat="-33.9057467" lon="151.2033393"/>
  <node id="11484045836" lat="-33.9057637" lon="151.2033269"/>
  <node id="11484045837" lat="-33.9058063" lon="151.2033393"/>
  <node id="11484045838" lat="-33.9058101" lon="151.2033628"/>
  <node id="11484045839" lat="-33.9058165" lon="151.2033960"/>
  <node id="11484045840" lat="-33.9058268" lon="151.2034295"/>
  <node id="11484045841" lat="-33.9058129" lon="151.2034436"/>
  <node id="11484045842" lat="-33.9058012" lon="151.2034526"/>
  <node id="11484045843" lat="-33.9057965" lon="151.2034677"/>
  <node id="11484045844" lat="-33.9057958" lon="151.2033311"/>
  <node id="11484045845" lat="-33.9057825" lon="151.2033253"/>
  <node id="11536196044" lat="-33.9087973" lon="151.2027103"/>
  <node id="11552906468" lat="-33.9072586" lon="151.2010773"/>
  <node id="11552936869" lat="-33.9077597" lon="151.2010814"/>
  <node id="11552936870" lat="-33.9080776" lon="151.2010240"/>
  <node id="11552936871" lat="-33.9080404" lon="151.2007245"/>
  <node id="11552936872" lat="-33.9077440" lon="151.2009546"/>
  <node id="11552936873" lat="-33.9086940" lon="151.2018858"/>
  <node id="11552936876" lat="-33.9087309" lon="151.2019263"/>
  <node id="11664901739" lat="-33.9024594" lon="151.2009414"/>
  <node id="11664901740" lat="-33.9023322" lon="151.2014514"/>
  <node id="11664901741" lat="-33.9023436" lon="151.2016639">
    <tag k="barrier" v="kerb"/>
    <tag k="kerb" v="lowered"/>
    <tag k="tactile_paving" v="no"/>
  </node>
  <node id="11685959842" lat="-33.9061657" lon="151.2034230"/>
  <node id="11685959846" lat="-33.9058836" lon="151.2039544"/>
  <node id="11685959848" lat="-33.9060071" lon="151.2037247">
    <tag k="crossing" v="unmarked"/>
    <tag k="crossing:markings" v="no"/>
    <tag k="highway" v="crossing"/>
  </node>
  <node id="11721625319" lat="-33.9086682" lon="151.2027270"/>
  <node id="11721625320" lat="-33.9087378" lon="151.2027199"/>
  <node id="11732886123" lat="-33.9077834" lon="151.2057725">
    <tag k="natural" v="tree"/>
  </node>
  <node id="11732886124" lat="-33.9077587" lon="151.2057170">
    <tag k="natural" v="tree"/>
  </node>
  <node id="11732886125" lat="-33.9077295" lon="151.2056536">
    <tag k="natural" v="tree"/>
  </node>
  <node id="11732886126" lat="-33.9077064" lon="151.2055954">
    <tag k="natural" v="tree"/>
  </node>
  <node id="11732886127" lat="-33.9076780" lon="151.2055335">
    <tag k="natural" v="tree"/>
  </node>
  <node id="11732886128" lat="-33.9078610" lon="151.2057009">
    <tag k="amenity" v="bench"/>
    <tag k="armrest" v="yes"/>
    <tag k="backrest" v="yes"/>
    <tag k="covered" v="no"/>
    <tag k="direction" v="26"/>
    <tag k="material" v="concrete"/>
  </node>
  <node id="11732886129" lat="-33.9078399" lon="151.2056407">
    <tag k="amenity" v="bench"/>
    <tag k="armrest" v="yes"/>
    <tag k="backrest" v="yes"/>
    <tag k="covered" v="no"/>
    <tag k="direction" v="26"/>
    <tag k="material" v="concrete"/>
  </node>
  <node id="11732886130" lat="-33.9078185" lon="151.2055802">
    <tag k="amenity" v="bench"/>
    <tag k="armrest" v="yes"/>
    <tag k="backrest" v="yes"/>
    <tag k="covered" v="no"/>
    <tag k="direction" v="26"/>
    <tag k="material" v="concrete"/>
  </node>
  <node id="11732886131" lat="-33.9077656" lon="151.2057439">
    <tag k="amenity" v="bench"/>
    <tag k="armrest" v="yes"/>
    <tag k="backrest" v="yes"/>
    <tag k="covered" v="no"/>
    <tag k="direction" v="198"/>
    <tag k="material" v="concrete"/>
  </node>
  <node id="11732886132" lat="-33.9077389" lon="151.2056824">
    <tag k="amenity" v="bench"/>
    <tag k="armrest" v="yes"/>
    <tag k="backrest" v="yes"/>
    <tag k="covered" v="no"/>
    <tag k="direction" v="198"/>
    <tag k="material" v="concrete"/>
  </node>
  <node id="11732886133" lat="-33.9077130" lon="151.2056223">
    <tag k="amenity" v="bench"/>
    <tag k="armrest" v="yes"/>
    <tag k="backrest" v="yes"/>
    <tag k="covered" v="no"/>
    <tag k="direction" v="198"/>
    <tag k="material" v="concrete"/>
  </node>
  <node id="11732886134" lat="-33.9079102" lon="151.2057012">
    <tag k="amenity" v="bench"/>
    <tag k="armrest" v="yes"/>
    <tag k="backrest" v="yes"/>
    <tag k="covered" v="no"/>
    <tag k="direction" v="26"/>
    <tag k="material" v="concrete"/>
  </node>
  <node id="11732886135" lat="-33.9078929" lon="151.2056560">
    <tag k="amenity" v="bench"/>
    <tag k="armrest" v="yes"/>
    <tag k="backrest" v="yes"/>
    <tag k="covered" v="no"/>
    <tag k="direction" v="26"/>
    <tag k="material" v="concrete"/>
  </node>
  <node id="11732886136" lat="-33.9078784" lon="151.2056109">
    <tag k="amenity" v="bench"/>
    <tag k="armrest" v="yes"/>
    <tag k="backrest" v="yes"/>
    <tag k="covered" v="no"/>
    <tag k="direction" v="26"/>
    <tag k="material" v="concrete"/>
  </node>
  <node id="11732899165" lat="-33.9063306" lon="151.2046076">
    <tag k="entrance" v="main"/>
  </node>
  <node id="11732899166" lat="-33.9064642" lon="151.2047177">
    <tag k="entrance" v="main"/>
  </node>
  <node id="11733794923" lat="-33.9043301" lon="151.2025256"/>
  <node id="11733794924" lat="-33.9085320" lon="151.2028469"/>
  <node id="11733794925" lat="-33.9086267" lon="151.2028377"/>
  <node id="11865362042" lat="-33.9061558" lon="151.1995144">
    <tag k="check_date:opening_hours" v="2024-10-28"/>
    <tag k="name" v="Oriental Antiques Living"/>
    <tag k="opening_hours:signed" v="no"/>
    <tag k="shop" v="furniture"/>
  </node>
  <node id="11927695246" lat="-33.9071804" lon="151.2059296"/>
  <node id="11927695247" lat="-33.9072800" lon="151.2057776"/>
  <node id="11927695248" lat="-33.9065072" lon="151.2050842"/>
  <node id="11927695249" lat="-33.9072949" lon="151.2057576"/>
  <node id="11927695250" lat="-33.9073409" lon="151.2058698"/>
  <node id="11927704369" lat="-33.9072104" lon="151.2054659"/>
  <node id="11934653869" lat="-33.9024201" lon="151.2046470">
    <tag k="addr:housenumber" v="25-33"/>
    <tag k="addr:postcode" v="2017"/>
    <tag k="addr:street" v="Allen Street"/>
    <tag k="addr:unit" v="3"/>
    <tag k="amenity" v="restaurant"/>
    <tag k="name" v="AllSpice Thai Kitchen"/>
    <tag k="opening_hours" v="Mo-Fr 10:00-21:30; Sa 16:30-21:30; Su 11:00-21:30"/>
    <tag k="phone" v="+61 2 9698 7388"/>
  </node>
  <node id="11939252551" lat="-33.9076684" lon="151.2020742"/>
  <node id="11939252552" lat="-33.9077314" lon="151.2020664"/>
  <node id="11939252553" lat="-33.9077887" lon="151.2026476"/>
  <node id="11939252554" lat="-33.9077218" lon="151.2026507"/>
  <node id="11945247309" lat="-33.9087168" lon="151.2029799"/>
  <node id="11945247310" lat="-33.9088519" lon="151.2029611"/>
  <node id="11945247311" lat="-33.9090114" lon="151.2029062"/>
  <node id="11945247312" lat="-33.9090416" lon="151.2030227"/>
  <node id="11945247313" lat="-33.9090118" lon="151.2030336"/>
  <node id="11945247314" lat="-33.9090402" lon="151.2031570"/>
  <node id="11945247315" lat="-33.9089225" lon="151.2031942"/>
  <node id="11945247316" lat="-33.9089342" lon="151.2032253"/>
  <node id="11945247317" lat="-33.9087241" lon="151.2032889"/>
  <node id="11945247318" lat="-33.9087135" lon="151.2031394"/>
  <node id="11945247319" lat="-33.9087511" lon="151.2031223"/>
  <node id="11945247320" lat="-33.9086618" lon="151.2029320"/>
  <node id="11945247321" lat="-33.9086481" lon="151.2030907"/>
  <node id="11945247322" lat="-33.9086068" lon="151.2030949"/>
  <node id="11945247323" lat="-33.9086084" lon="151.2031326"/>
  <node id="11945247324" lat="-33.9086480" lon="151.2031294"/>
  <node id="12035170824" lat="-33.9046034" lon="151.2054205">
    <tag k="crossing" v="unmarked"/>
    <tag k="crossing:markings" v="no"/>
    <tag k="highway" v="crossing"/>
  </node>
  <node id="12035170825" lat="-33.9053216" lon="151.2059725"/>
  <node id="12035170826" lat="-33.9043635" lon="151.2052302"/>
  <node id="12035170827" lat="-33.9045482" lon="151.2053666"/>
  <node id="12035170828" lat="-33.9028933" lon="151.2054101"/>
  <node id="12035170829" lat="-33.9039158" lon="151.2051446"/>
  <node id="12035170830" lat="-33.9039746" lon="151.2051220"/>
  <node id="12035170831" lat="-33.9040324" lon="151.2050841"/>
  <node id="12035170832" lat="-33.9029100" lon="151.2054264">
    <tag k="bench" v="yes"/>
    <tag k="bin" v="yes"/>
    <tag k="bus" v="yes"/>
    <tag k="highway" v="bus_stop"/>
    <tag k="lit" v="yes"/>
    <tag k="name" v="Elizabeth St at Allen St"/>
    <tag k="network" v="Transport Buses"/>
    <tag k="network:wikidata" v="Q5001345"/>
    <tag k="public_transport" v="platform"/>
    <tag k="ref" v="201767"/>
    <tag k="shelter" v="yes"/>
    <tag k="tactile_paving" v="no"/>
  </node>
  <node id="12035170833" lat="-33.9025941" lon="151.2052231"/>
  <node id="12035170834" lat="-33.9026046" lon="151.2053412"/>
  <node id="12035170835" lat="-33.9025417" lon="151.2049825"/>
  <node id="12035170836" lat="-33.9025697" lon="151.2049109"/>
  <node id="12035170837" lat="-33.9025885" lon="151.2050534"/>
  <node id="12035170838" lat="-33.9025795" lon="151.2049850">
    <tag k="crossing" v="unmarked"/>
    <tag k="crossing:markings" v="no"/>
    <tag k="highway" v="crossing"/>
  </node>
  <node id="12035170839" lat="-33.9026123" lon="151.2052317"/>
  <node id="12035170840" lat="-33.9026242" lon="151.2053466"/>
  <node id="12035566839" lat="-33.9038074" lon="151.2053335">
    <tag k="bench" v="yes"/>
    <tag k="bin" v="no"/>
    <tag k="bus" v="yes"/>
    <tag k="highway" v="bus_stop"/>
    <tag k="name" v="Elizabeth St before Bourke St"/>
    <tag k="network" v="Transport Buses"/>
    <tag k="network:wikidata" v="Q5001345"/>
    <tag k="public_transport" v="platform"/>
    <tag k="ref" v="201728"/>
    <tag k="shelter" v="no"/>
    <tag k="tactile_paving" v="yes"/>
  </node>
  <node id="12035566840" lat="-33.9042790" lon="151.2053792"/>
  <node id="12035566841" lat="-33.9045238" lon="151.2055715">
    <tag k="crossing" v="unmarked"/>
    <tag k="crossing:markings" v="no"/>
    <tag k="highway" v="crossing"/>
  </node>
  <node id="12035566842" lat="-33.9051429" lon="151.2060806"/>
  <node id="12035566843" lat="-33.9056714" lon="151.2064961"/>
  <node id="12035566844" lat="-33.9053409" lon="151.2062124"/>
  <node id="12035566845" lat="-33.9056785" lon="151.2064772"/>
  <node id="12035566846" lat="-33.9056790" lon="151.2065157"/>
  <node id="12035566847" lat="-33.9050587" lon="151.2059910"/>
  <node id="12035566848" lat="-33.9055669" lon="151.2063674">
    <tag k="bench" v="yes"/>
    <tag k="bin" v="no"/>
    <tag k="bus" v="yes"/>
    <tag k="highway" v="bus_stop"/>
    <tag k="lit" v="no"/>
    <tag k="name" v="Elizabeth St at Merton St"/>
    <tag k="network" v="Transport Buses"/>
    <tag k="network:wikidata" v="Q5001345"/>
    <tag k="public_transport" v="platform"/>
    <tag k="ref" v="201729"/>
    <tag k="shelter" v="no"/>
    <tag k="tactile_paving" v="yes"/>
  </node>
  <node id="12035566849" lat="-33.9063029" lon="151.2069887"/>
  <node id="12045547413" lat="-33.9070944" lon="151.2028317">
    <tag k="bench" v="no"/>
    <tag k="bin" v="no"/>
    <tag k="bus" v="yes"/>
    <tag k="highway" v="bus_stop"/>
    <tag k="name" v="Green Square Station, Botany Rd, Stand B"/>
    <tag k="network" v="Transport Buses"/>
    <tag k="network:wikidata" v="Q5001345"/>
    <tag k="public_transport" v="platform"/>
    <tag k="ref" v="201516"/>
    <tag k="shelter" v="no"/>
  </node>
  <node id="12073076676" lat="-33.9076948" lon="151.2020694"/>
  <node id="12073076677" lat="-33.9078248" lon="151.2021988"/>
  <node id="12073076678" lat="-33.9077849" lon="151.2022045">
    <tag k="crossing" v="uncontrolled"/>
    <tag k="crossing:markings" v="yes"/>
    <tag k="highway" v="crossing"/>
  </node>
  <node id="12073076679" lat="-33.9076827" lon="151.2008505">
    <tag k="crossing" v="traffic_signals"/>
    <tag k="crossing:island" v="no"/>
    <tag k="crossing:markings" v="dashes"/>
    <tag k="highway" v="crossing"/>
  </node>
  <node id="12073076680" lat="-33.9076792" lon="151.2007404"/>
  <node id="12073076681" lat="-33.9076858" lon="151.2009102"/>
  <node id="12073076682" lat="-33.9076568" lon="151.2007608"/>
  <node id="12073076683" lat="-33.9075347" lon="151.2009814">
    <tag k="highway" v="traffic_signals"/>
    <tag k="traffic_signals" v="signal"/>
  </node>
  <node id="12073076684" lat="-33.9075242" lon="151.2008758"/>
  <node id="12073076685" lat="-33.9077243" lon="151.2011907"/>
  <node id="12073078303" lat="-33.9076669" lon="151.2010297">
    <tag k="highway" v="traffic_signals"/>
    <tag k="traffic_signals" v="signal"/>
    <tag k="traffic_signals:direction" v="backward"/>
  </node>
  <node id="12073078304" lat="-33.9077008" lon="151.2008350">
    <tag k="highway" v="traffic_signals"/>
    <tag k="traffic_signals" v="signal"/>
    <tag k="traffic_signals:direction" v="forward"/>
  </node>
  <node id="12073078305" lat="-33.9075189" lon="151.2009955">
    <tag k="highway" v="traffic_signals"/>
    <tag k="traffic_signals" v="signal"/>
    <tag k="traffic_signals:direction" v="backward"/>
  </node>
  <node id="12073078306" lat="-33.9075953" lon="151.2010742">
    <tag k="highway" v="traffic_signals"/>
    <tag k="traffic_signals" v="signal"/>
    <tag k="traffic_signals:direction" v="forward"/>
  </node>
  <node id="12073080827" lat="-33.9076280" lon="151.2014007"/>
  <node id="12073081980" lat="-33.9078283" lon="151.2017942"/>
  <node id="12073081981" lat="-33.9079867" lon="151.2017633"/>
  <node id="12073081982" lat="-33.9081227" lon="151.2027016"/>
  <node id="12073081983" lat="-33.9079694" lon="151.2026971"/>
  <node id="12073081984" lat="-33.9079051" lon="151.2026281"/>
  <node id="12149680639" lat="-33.9073810" lon="151.2063226"/>
  <node id="12149680640" lat="-33.9072189" lon="151.2063062"/>
  <node id="12149680641" lat="-33.9070748" lon="151.2062268"/>
  <node id="12149680642" lat="-33.9071380" lon="151.2062764"/>
  <node id="12149694749" lat="-33.9073068" lon="151.2059316">
    <tag k="addr:housenumber" v="28"/>
    <tag k="addr:postcode" v="2017"/>
    <tag k="addr:state" v="NSW"/>
    <tag k="addr:street" v="Zetland Avenue"/>
    <tag k="addr:suburb" v="Zetland"/>
    <tag k="amenity" v="restaurant"/>
    <tag k="cuisine" v="chinese"/>
    <tag k="name" v="Uncle Wang"/>
  </node>
  <node id="12149696639" lat="-33.9070776" lon="151.2061819"/>
  <node id="12192730065" lat="-33.9057507" lon="151.2064009"/>
  <node id="12192730066" lat="-33.9057496" lon="151.2065067"/>
  <node id="12192730067" lat="-33.9058500" lon="151.2064110"/>
  <node id="12293219324" lat="-33.9059857" lon="151.2024751">
    <tag k="access" v="yes"/>
    <tag k="amenity" v="bicycle_parking"/>
    <tag k="bicycle_parking" v="rack"/>
    <tag k="covered" v="no"/>
    <tag k="supervised" v="no"/>
  </node>
  <node id="12293219325" lat="-33.9059716" lon="151.2024899">
    <tag k="access" v="yes"/>
    <tag k="amenity" v="bicycle_parking"/>
    <tag k="bicycle_parking" v="rack"/>
    <tag k="covered" v="no"/>
    <tag k="supervised" v="no"/>
  </node>
  <node id="12293219326" lat="-33.9059391" lon="151.2025272">
    <tag k="access" v="yes"/>
    <tag k="amenity" v="bicycle_parking"/>
    <tag k="bicycle_parking" v="rack"/>
    <tag k="covered" v="no"/>
    <tag k="supervised" v="no"/>
  </node>
  <node id="12293219327" lat="-33.9059186" lon="151.2025461">
    <tag k="access" v="yes"/>
    <tag k="amenity" v="bicycle_parking"/>
    <tag k="bicycle_parking" v="rack"/>
    <tag k="covered" v="no"/>
    <tag k="supervised" v="no"/>
  </node>
  <node id="12295952523" lat="-33.9071347" lon="151.2052319"/>
  <node id="12295952524" lat="-33.9074688" lon="151.2061154"/>
  <node id="12295952525" lat="-33.9075169" lon="151.2061717"/>
  <node id="12295952526" lat="-33.9075401" lon="151.2062348"/>
  <node id="12295955797" lat="-33.9071242" lon="151.2051235"/>
  <node id="12295955798" lat="-33.9071034" lon="151.2050579"/>
  <node id="12295955799" lat="-33.9070707" lon="151.2049623"/>
  <node id="12295959236" lat="-33.9076911" lon="151.2064100"/>
  <node id="12295959240" lat="-33.9071667" lon="151.2050424"/>
  <node id="12295959241" lat="-33.9072043" lon="151.2050215"/>
  <node id="12295959242" lat="-33.9076343" lon="151.2061423"/>
  <node id="12295959243" lat="-33.9075968" lon="151.2061632"/>
  <node id="12519670236" lat="-33.9034362" lon="151.2026111"/>
  <node id="12519670237" lat="-33.9032682" lon="151.2022215"/>
  <node id="12519670238" lat="-33.9031793" lon="151.2024852"/>
  <node id="12519670239" lat="-33.9035252" lon="151.2023473"/>
  <node id="12529211333" lat="-33.9076886" lon="151.2003476"/>
  <node id="12618143005" lat="-33.9041584" lon="151.2050922"/>
  <node id="12618143006" lat="-33.9041363" lon="151.2051066"/>
  <node id="12618143007" lat="-33.9041340" lon="151.2051147"/>
  <node id="12618143008" lat="-33.9041382" lon="151.2051188"/>
  <node id="12618143009" lat="-33.9042078" lon="151.2051258"/>
  <node id="12618143010" lat="-33.9042456" lon="151.2050542"/>
  <node id="12618143011" lat="-33.9042563" lon="151.2050294"/>
  <node id="12618143012" lat="-33.9042650" lon="151.2050065"/>
  <node id="12618143013" lat="-33.9042612" lon="151.2049998"/>
  <node id="12618143014" lat="-33.9042357" lon="151.2050265"/>
  <node id="12618163264" lat="-33.9046611" lon="151.2046257"/>
  <node id="12618163265" lat="-33.9045008" lon="151.2045512"/>
  <node id="12618163266" lat="-33.9045864" lon="151.2045910">
    <tag k="crossing" v="traffic_signals"/>
    <tag k="crossing:island" v="no"/>
    <tag k="crossing:markings" v="dashes"/>
    <tag k="highway" v="crossing"/>
  </node>
  <node id="12618163267" lat="-33.9045191" lon="151.2045597">
    <tag k="barrier" v="kerb"/>
  </node>
  <node id="12618163268" lat="-33.9046290" lon="151.2046108">
    <tag k="barrier" v="kerb"/>
  </node>
  <node id="12618172341" lat="-33.9053579" lon="151.2028835"/>
  <node id="12618172342" lat="-33.9053849" lon="151.2029349"/>
  <node id="12618172343" lat="-33.9053949" lon="151.2028896"/>
  <node id="12618172344" lat="-33.9053908" lon="151.2029081">
    <tag k="barrier" v="kerb"/>
  </node>
  <node id="12618172345" lat="-33.9053843" lon="151.2028879">
    <tag k="barrier" v="kerb"/>
  </node>
  <node id="12618172346" lat="-33.9053723" lon="151.2029110">
    <tag k="barrier" v="kerb"/>
  </node>
  <node id="12700725511" lat="-33.9088595" lon="151.2029798">
    <tag k="addr:housenumber" v="Shop 2/501-509"/>
    <tag k="addr:street" v="Botany Road"/>
    <tag k="name" v="John’s Mens Hair Stylist"/>
    <tag k="opening_hours" v="Mo-Sa 09:00-18:00;Su 10:00-17:00"/>
    <tag k="shop" v="hairdresser"/>
  </node>
  <node id="12700725513" lat="-33.9089798" lon="151.2029557">
    <tag k="name" v="LG Laundry Lounge"/>
    <tag k="self_service" v="yes"/>
    <tag k="shop" v="laundry"/>
  </node>
  <node id="12700725514" lat="-33.9023342" lon="151.2047225">
    <tag k="amenity" v="restaurant"/>
    <tag k="cuisine" v="italian"/>
    <tag k="name" v="La Piazzetta"/>
  </node>
  <way id="3725027">
    <nd ref="18449058"/>
    <nd ref="1941652389"/>
    <nd ref="2679574464"/>
    <nd ref="12035170835"/>
    <nd ref="12035170838"/>
    <nd ref="2041297302"/>
    <nd ref="18449044"/>
    <tag k="cycleway:both" v="no"/>
    <tag k="highway" v="unclassified"/>
    <tag k="lane_markings" v="no"/>
    <tag k="name" v="Pitt Street"/>
    <tag k="surface" v="asphalt"/>
  </way>
  <way id="3725034">
    <nd ref="18449033"/>
    <nd ref="8530395943"/>
    <nd ref="8530395942"/>
    <nd ref="8530395938"/>
    <nd ref="8530395939"/>
    <nd ref="1851019011"/>
    <nd ref="18449038"/>
    <tag k="cycleway" v="separate"/>
    <tag k="highway" v="residential"/>
    <tag k="lanes" v="2"/>
    <tag k="name" v="Short Street"/>
    <tag k="surface" v="asphalt"/>
  </way>
  <way id="5151635">
    <nd ref="4160611086"/>
    <nd ref="10752273696"/>
    <nd ref="1855423927"/>
    <tag k="cycleway:both" v="no"/>
    <tag k="highway" v="primary"/>
    <tag k="lanes" v="4"/>
    <tag k="lanes:backward" v="2"/>
    <tag k="lanes:forward" v="2"/>
    <tag k="maxspeed" v="50"/>
    <tag k="name" v="Botany Road"/>
    <tag k="shoulder" v="no"/>
    <tag k="sidewalk" v="both"/>
    <tag k="surface" v="asphalt"/>
  </way>
  <way id="7875748">
    <nd ref="15445737"/>
    <nd ref="4337878251"/>
    <nd ref="11237581287"/>
    <nd ref="7066425008"/>
    <nd ref="1823375472"/>
    <tag k="hgv" v="destination"/>
    <tag k="highway" v="residential"/>
    <tag k="lanes" v="3"/>
    <tag k="lanes:backward" v="2"/>
    <tag k="lanes:forward" v="1"/>
    <tag k="maxspeed" v="40"/>
    <tag k="maxweight" v="3"/>
    <tag k="name" v="Elizabeth Street"/>
    <tag k="sidewalk:both" v="separate"/>
    <tag k="surface" v="asphalt"/>
  </way>
  <way id="7891657">
    <nd ref="1845672335"/>
    <nd ref="2304415089"/>
    <nd ref="2304415117"/>
    <nd ref="2304415134"/>
    <nd ref="11536196262"/>
    <nd ref="1845672352"/>
    <tag k="highway" v="service"/>
    <tag k="name" v="Beaconsfield Lane"/>
    <tag k="oneway" v="yes"/>
    <tag k="service" v="alley"/>
    <tag k="source" v="Bing"/>
  </way>
  <way id="18433085">
    <nd ref="1845672326"/>
    <nd ref="10003333231"/>
    <nd ref="1823375553"/>
    <tag k="highway" v="service"/>
    <tag k="name" v="Christies Lane"/>
    <tag k="service" v="alley"/>
    <tag k="source:name" v="NSW LPI Base Map"/>
    <tag k="source:name:date" v="2015-12"/>
    <tag k="width" v="4"/>
  </way>
  <way id="23394070">
    <nd ref="1823375277"/>
    <nd ref="7865326320"/>
    <nd ref="7877404879"/>
    <nd ref="1823375526"/>
    <nd ref="1823375414"/>
    <nd ref="1823375407"/>
    <tag k="highway" v="service"/>
    <tag k="name" v="Tosh Lane"/>
    <tag k="parking:condition:left" v="free"/>
    <tag k="parking:lane:left" v="parallel"/>
    <tag k="parking:lane:left:parallel" v="on_street"/>
    <tag k="parking:lane:right" v="no_stopping"/>
    <tag k="service" v="alley"/>
    <tag k="source" v="Bing"/>
    <tag k="surface" v="paved"/>
  </way>
  <way id="29279038">
    <nd ref="1941652446"/>
    <nd ref="1941652449"/>
    <tag k="highway" v="service"/>
    <tag k="maxweight" v="3"/>
    <tag k="name" v="Cook Lane"/>
    <tag k="parking:lane:both" v="no_stopping"/>
    <tag k="service" v="alley"/>
    <tag k="width" v="4"/>
  </way>
  <way id="29279039">
    <nd ref="1823375481"/>
    <nd ref="8280329823"/>
    <nd ref="6636486758"/>
    <nd ref="3956879745"/>
    <nd ref="10053427610"/>
    <nd ref="3956879748"/>
    <nd ref="1823375405"/>
    <tag k="highway" v="residential"/>
    <tag k="maxweight" v="3"/>
    <tag k="name" v="Tilford Street"/>
    <tag k="source:name" v="voice"/>
    <tag k="surface" v="paved"/>
  </way>
  <way id="35154880">
    <nd ref="18454055"/>
    <nd ref="11258683513"/>
    <nd ref="8954151372"/>
    <nd ref="1836724591"/>
    <nd ref="11733794923"/>
    <nd ref="7402208279"/>
    <nd ref="1836724601"/>
    <tag k="highway" v="primary"/>
    <tag k="maxspeed" v="60"/>
    <tag k="name" v="Botany Road"/>
    <tag k="surface" v="paved"/>
  </way>
  <way id="35154884">
    <nd ref="1823375551"/>
    <nd ref="1823375328"/>
    <nd ref="1823375422"/>
    <nd ref="1146792445"/>
    <nd ref="1146792447"/>
    <tag k="highway" v="secondary"/>
    <tag k="lanes" v="2"/>
    <tag k="maxspeed" v="50"/>
    <tag k="name" v="Elizabeth Street"/>
    <tag k="oneway" v="yes"/>
    <tag k="parking:lane:both" v="no_stopping"/>
    <tag k="sidewalk:left" v="separate"/>
    <tag k="sidewalk:right" v="no"/>
    <tag k="surface" v="asphalt"/>
  </way>
  <way id="49101564">
    <nd ref="1823375436"/>
    <nd ref="5125745319"/>
    <nd ref="3956879746"/>
    <nd ref="8741117029"/>
    <nd ref="9218427008"/>
    <nd ref="12035566856"/>
    <nd ref="10003306711"/>
    <nd ref="9630841230"/>
    <nd ref="1823375449"/>
    <tag k="hgv" v="destination"/>
    <tag k="highway" v="residential"/>
    <tag k="maxspeed" v="40"/>
    <tag k="maxweight" v="3"/>
    <tag k="name" v="Elizabeth Street"/>
    <tag k="oneway" v="no"/>
    <tag k="source:name" v="voice"/>
    <tag k="surface" v="asphalt"/>
  </way>
  <way id="49101565">
    <nd ref="1823375513"/>
    <nd ref="5125745318"/>
    <nd ref="10003333234"/>
    <nd ref="1823375318"/>
    <nd ref="1823375481"/>
    <nd ref="1823375372"/>
    <tag k="highway" v="residential"/>
    <tag k="lane_markings" v="no"/>
    <tag k="name" v="Merton Street"/>
    <tag k="surface" v="asphalt"/>
  </way>
  <way id="53064160">
    <nd ref="2679574471"/>
    <nd ref="7066425002"/>
    <nd ref="7066425001"/>
    <nd ref="1823375451"/>
    <tag k="highway" v="living_street"/>
    <tag k="lanes" v="1"/>
    <tag k="lit" v="yes"/>
    <tag k="maxspeed" v="10"/>
    <tag k="name" v="Merton Street"/>
    <tag k="oneway" v="yes"/>
    <tag k="oneway:bicycle" v="no"/>
    <tag k="source" v="survey"/>
    <tag k="surface" v="paving_stones"/>
  </way>
  <way id="61965694">
    <nd ref="772506327"/>
    <nd ref="772506570"/>
    <nd ref="772506632"/>
    <nd ref="772506346"/>
    <nd ref="772506595"/>
    <nd ref="772506322"/>
    <nd ref="772506327"/>
    <tag k="landuse" v="construction"/>
  </way>
  <way id="61965695">
    <nd ref="772506609"/>
    <nd ref="772506344"/>
    <nd ref="772506355"/>
    <nd ref="772506353"/>
    <nd ref="772506609"/>
    <tag k="building" v="yes"/>
    <tag k="building:levels" v="8"/>
  </way>
  <way id="61965696">
    <nd ref="772506341"/>
    <nd ref="5598410079"/>
    <nd ref="5598410080"/>
    <nd ref="772506623"/>
    <nd ref="772506351"/>
    <nd ref="772506611"/>
    <nd ref="5598410081"/>
    <nd ref="5598410082"/>
    <nd ref="772506341"/>
    <tag k="addr:housenumber" v="1A"/>
    <tag k="addr:street" v="Mandible Street"/>
    <tag k="building" v="apartments"/>
    <tag k="building:levels" v="9"/>
    <tag k="name" v="Hudson"/>
  </way>
  <way id="61965697">
    <nd ref="772506607"/>
    <nd ref="772506593"/>
    <nd ref="772506620"/>
    <nd ref="772506621"/>
    <nd ref="5598410096"/>
    <nd ref="5598410090"/>
    <nd ref="772506607"/>
    <tag k="building" v="yes"/>
    <tag k="building:levels" v="4"/>
  </way>
  <way id="61965698">
    <nd ref="772506343"/>
    <nd ref="5598410074"/>
    <nd ref="5598410075"/>
    <nd ref="772506631"/>
    <nd ref="772506589"/>
    <nd ref="772506339"/>
    <nd ref="5598410076"/>
    <nd ref="772506343"/>
    <tag k="building" v="yes"/>
  </way>
  <way id="61965704">
    <nd ref="772506587"/>
    <nd ref="772506629"/>
    <nd ref="5598410084"/>
    <nd ref="772506614"/>
    <nd ref="772506360"/>
    <nd ref="772506587"/>
    <tag k="addr:housenumber" v="240"/>
    <tag k="addr:street" v="Wyndham Street"/>
    <tag k="building" v="apartments"/>
    <tag k="building:levels" v="4"/>
  </way>
  <way id="61965705">
    <nd ref="772506593"/>
    <nd ref="5598410085"/>
    <nd ref="772506587"/>
    <nd ref="772506360"/>
    <nd ref="772506620"/>
    <nd ref="772506593"/>
    <tag k="building" v="yes"/>
    <tag k="building:levels" v="4"/>
  </way>
  <way id="61972633">
    <nd ref="772607524"/>
    <nd ref="5598410192"/>
    <nd ref="5598410189"/>
    <nd ref="772607507"/>
    <nd ref="772607522"/>
    <nd ref="772607524"/>
    <tag k="building" v="apartments"/>
    <tag k="building:level:0" v="commercial"/>
    <tag k="building:levels" v="3"/>
  </way>
  <way id="61972634">
    <nd ref="772607490"/>
    <nd ref="772607526"/>
    <nd ref="5598410184"/>
    <nd ref="4160614307"/>
    <nd ref="5598410315"/>
    <nd ref="775902574"/>
    <nd ref="772607521"/>
    <nd ref="5598410316"/>
    <nd ref="772607490"/>
    <tag k="addr:housename" v="Yudi Gunyi School"/>
    <tag k="addr:housenumber" v="237"/>
    <tag k="addr:postcode" v="2017"/>
    <tag k="addr:state" v="NSW"/>
    <tag k="addr:street" v="Botany Road"/>
    <tag k="addr:suburb" v="Waterloo"/>
    <tag k="amenity" v="school"/>
    <tag k="contact:email" v="yudigunyi-s.school@det.nsw.edu.au"/>
    <tag k="contact:fax" v="+61 2 9310 3670"/>
    <tag k="contact:phone" v="+61 2 9319 1759"/>
    <tag k="fee" v="no"/>
    <tag k="name" v="Yudi Gunyi School"/>
    <tag k="operator" v="NSW Department of Education"/>
    <tag k="operator:type" v="public"/>
    <tag k="operator:wikidata" v="Q5260271"/>
    <tag k="school:enrolment" v="18"/>
    <tag k="school:gender" v="mixed"/>
    <tag k="school:selective" v="yes"/>
    <tag k="school:specialty" v="comprehensive"/>
    <tag k="school:type" v="special"/>
    <tag k="start_date" v="2003-10-13"/>
    <tag k="website" v="https://yudigunyi-s.schools.nsw.gov.au/"/>
  </way>
  <way id="61972635">
    <nd ref="772506570"/>
    <nd ref="775914159"/>
    <nd ref="775904280"/>
    <nd ref="775904284"/>
    <nd ref="775904295"/>
    <nd ref="772607504"/>
    <nd ref="772607509"/>
    <nd ref="9969319998"/>
    <nd ref="772607511"/>
    <nd ref="772607515"/>
    <nd ref="11552906468"/>
    <nd ref="775914112"/>
    <nd ref="772506322"/>
    <nd ref="772506327"/>
    <nd ref="772506570"/>
    <tag k="landuse" v="industrial"/>
  </way>
  <way id="61972819">
    <nd ref="772608740"/>
    <nd ref="772608728"/>
    <nd ref="772608737"/>
    <nd ref="772608717"/>
    <nd ref="772608722"/>
    <nd ref="772608740"/>
    <tag k="building" v="commercial"/>
  </way>
  <way id="61972820">
    <nd ref="772608741"/>
    <nd ref="5598410186"/>
    <nd ref="772607526"/>
    <nd ref="5598410184"/>
    <nd ref="772608741"/>
    <tag k="amenity" v="parking"/>
  </way>
  <way id="61972822">
    <nd ref="772608710"/>
    <nd ref="7118682252"/>
    <nd ref="772608721"/>
    <nd ref="7118682253"/>
    <nd ref="772608723"/>
    <nd ref="772608719"/>
    <nd ref="772608710"/>
    <tag k="addr:housename" v="Australian Metal"/>
    <tag k="addr:street" v="Bourke Road"/>
    <tag k="building" v="industrial"/>
  </way>
  <way id="61972823">
    <nd ref="772608720"/>
    <nd ref="772608712"/>
    <nd ref="772608716"/>
    <nd ref="772608744"/>
    <nd ref="772608720"/>
    <tag k="access" v="private"/>
    <tag k="amenity" v="parking"/>
    <tag k="parking" v="surface"/>
    <tag k="surface" v="paved"/>
  </way>
  <way id="61972825">
    <nd ref="772608734"/>
    <nd ref="772608739"/>
    <nd ref="772608735"/>
    <nd ref="772608724"/>
    <nd ref="772608734"/>
    <tag k="addr:housename" v="Decorative Events &amp; Exhibitions"/>
    <tag k="addr:housenumber" v="5-7"/>
    <tag k="addr:street" v="Bourke Road"/>
    <tag k="building" v="commercial"/>
    <tag k="building:levels" v="2"/>
  </way>
  <way id="61972935">
    <nd ref="772612914"/>
    <nd ref="772612919"/>
    <nd ref="772612897"/>
    <nd ref="772612910"/>
    <nd ref="772612914"/>
    <tag k="depot" v="bus"/>
    <tag k="landuse" v="depot"/>
    <tag k="operator" v="Murrays"/>
  </way>
  <way id="61972937">
    <nd ref="772612914"/>
    <nd ref="772612924"/>
    <nd ref="772612935"/>
    <nd ref="772612919"/>
    <nd ref="772612914"/>
    <tag k="building" v="industrial"/>
  </way>
  <way id="62203240">
    <nd ref="775902595"/>
    <nd ref="775902510"/>
    <nd ref="775902631"/>
    <nd ref="775902464"/>
    <nd ref="5598410314"/>
    <nd ref="775902591"/>
    <nd ref="775902595"/>
    <tag k="building" v="yes"/>
    <tag k="building:levels" v="2"/>
  </way>
  <way id="62203241">
    <nd ref="775902522"/>
    <nd ref="775902565"/>
    <nd ref="775902456"/>
    <nd ref="775902602"/>
    <nd ref="775902486"/>
    <nd ref="775902573"/>
    <nd ref="775902522"/>
    <tag k="building" v="warehouse"/>
  </way>
  <way id="62203242">
    <nd ref="775902607"/>
    <nd ref="775902602"/>
    <nd ref="775902456"/>
    <nd ref="775902509"/>
    <nd ref="775902458"/>
    <nd ref="775902607"/>
    <tag k="building" v="yes"/>
  </way>
  <way id="62203243">
    <nd ref="775902531"/>
    <nd ref="5598410313"/>
    <nd ref="775902611"/>
    <nd ref="5598410301"/>
    <nd ref="775902562"/>
    <nd ref="775902531"/>
    <tag k="building" v="yes"/>
    <tag k="building:levels" v="2"/>
  </way>
  <way id="62203248">
    <nd ref="775902529"/>
    <nd ref="775902528"/>
    <nd ref="775902501"/>
    <nd ref="775902536"/>
    <nd ref="5598410051"/>
    <nd ref="5598410049"/>
    <nd ref="775902529"/>
    <tag k="addr:country" v="AU"/>
    <tag k="addr:housenumber" v="7-11"/>
    <tag k="addr:postcode" v="2017"/>
    <tag k="addr:street" v="Allen Street"/>
    <tag k="addr:suburb" v="Waterloo"/>
    <tag k="building" v="yes"/>
    <tag k="building:levels" v="1"/>
    <tag k="contact:email" v="sales@numerouno.com.au"/>
    <tag k="contact:phone" v="+61 2 8399 0111"/>
    <tag k="contact:website" v="https://www.numerouno.com.au/"/>
    <tag k="name" v="Numero Uno Coffee Roasters"/>
    <tag k="shop" v="coffee"/>
  </way>
  <way id="62203253">
    <nd ref="775902497"/>
    <nd ref="5598410039"/>
    <nd ref="5598410041"/>
    <nd ref="5598410040"/>
    <nd ref="5598410042"/>
    <nd ref="5598410043"/>
    <nd ref="5598410044"/>
    <nd ref="5598410046"/>
    <nd ref="5598410045"/>
    <nd ref="5598410048"/>
    <nd ref="5598410047"/>
    <nd ref="5598410052"/>
    <nd ref="5598410050"/>
    <nd ref="5598410035"/>
    <nd ref="5598410037"/>
    <nd ref="5598410036"/>
    <nd ref="5598410038"/>
    <nd ref="775902497"/>
    <tag k="addr:country" v="AU"/>
    <tag k="addr:housenumber" v="50"/>
    <tag k="addr:postcode" v="2017"/>
    <tag k="addr:street" v="McEvoy Street"/>
    <tag k="addr:suburb" v="Waterloo"/>
    <tag k="building" v="industrial"/>
    <tag k="building:levels" v="2"/>
  </way>
  <way id="62203255">
    <nd ref="775902454"/>
    <nd ref="5598410309"/>
    <nd ref="5598410310"/>
    <nd ref="5598410312"/>
    <nd ref="5598410311"/>
    <nd ref="775902531"/>
    <nd ref="5598410303"/>
    <nd ref="775902454"/>
    <tag k="building" v="yes"/>
    <tag k="building:levels" v="2"/>
  </way>
  <way id="62203257">
    <nd ref="775902551"/>
    <nd ref="775902597"/>
    <nd ref="5598410300"/>
    <nd ref="775902511"/>
    <nd ref="775902606"/>
    <nd ref="775902507"/>
    <nd ref="1836724598"/>
    <nd ref="1836724599"/>
    <nd ref="5598410299"/>
    <nd ref="775902551"/>
    <tag k="building" v="yes"/>
    <tag k="building:levels" v="2"/>
  </way>
  <way id="62203260">
    <nd ref="775902523"/>
    <nd ref="775902492"/>
    <nd ref="772607486"/>
    <nd ref="5598410185"/>
    <nd ref="772608741"/>
    <nd ref="5598410187"/>
    <nd ref="775902523"/>
    <tag k="building" v="yes"/>
    <tag k="building:levels" v="2"/>
  </way>
  <way id="62203261">
    <nd ref="775902540"/>
    <nd ref="5598410209"/>
    <nd ref="5598410215"/>
    <nd ref="5598410216"/>
    <nd ref="5598410217"/>
    <nd ref="5598410218"/>
    <nd ref="5598410210"/>
    <nd ref="5598410211"/>
    <nd ref="5598410214"/>
    <nd ref="5598410213"/>
    <nd ref="5598410212"/>
    <nd ref="775902469"/>
    <nd ref="4160611072"/>
    <nd ref="775902575"/>
    <nd ref="775902540"/>
    <tag k="addr:housenumber" v="15"/>
    <tag k="addr:street" v="Allen Street"/>
    <tag k="building" v="apartments"/>
    <tag k="building:levels" v="6"/>
    <tag k="name" v="Tribeca"/>
  </way>
  <way id="62203264">
    <nd ref="775902471"/>
    <nd ref="775902477"/>
    <nd ref="775902632"/>
    <nd ref="775902449"/>
    <nd ref="775902577"/>
    <nd ref="775902476"/>
    <nd ref="775902534"/>
    <nd ref="775902471"/>
    <tag k="building" v="yes"/>
  </way>
  <way id="62203265">
    <nd ref="775902558"/>
    <nd ref="775902486"/>
    <nd ref="775902602"/>
    <nd ref="775902607"/>
    <nd ref="775902556"/>
    <nd ref="775902558"/>
    <tag k="building" v="yes"/>
    <tag k="building:levels" v="3"/>
  </way>
  <way id="62203269">
    <nd ref="775902576"/>
    <nd ref="5598162247"/>
    <nd ref="5598162249"/>
    <nd ref="775902460"/>
    <nd ref="5598162248"/>
    <nd ref="775902525"/>
    <nd ref="775902518"/>
    <nd ref="775902567"/>
    <nd ref="775902566"/>
    <nd ref="775902583"/>
    <nd ref="775902526"/>
    <nd ref="5598162245"/>
    <nd ref="5598162244"/>
    <nd ref="5598162246"/>
    <nd ref="775902576"/>
    <tag k="building" v="yes"/>
    <tag k="building:levels" v="2"/>
  </way>
  <way id="62203270">
    <nd ref="775902611"/>
    <nd ref="5598410313"/>
    <nd ref="5598410302"/>
    <nd ref="775902504"/>
    <nd ref="775902494"/>
    <nd ref="775902606"/>
    <nd ref="775902631"/>
    <nd ref="775902611"/>
    <tag k="building" v="yes"/>
    <tag k="building:levels" v="2"/>
  </way>
  <way id="62203273">
    <nd ref="775902591"/>
    <nd ref="5598410314"/>
    <nd ref="775902464"/>
    <nd ref="775902631"/>
    <nd ref="775902606"/>
    <nd ref="775902511"/>
    <nd ref="5598410315"/>
    <nd ref="775902574"/>
    <nd ref="775902591"/>
    <tag k="building" v="yes"/>
    <tag k="building:levels" v="2"/>
  </way>
  <way id="62203439">
    <nd ref="775904111"/>
    <nd ref="775904161"/>
    <nd ref="775904200"/>
    <nd ref="775904162"/>
    <nd ref="775904111"/>
    <tag k="addr:housenumber" v="20-26"/>
    <tag k="addr:postcode" v="2017"/>
    <tag k="addr:state" v="NSW"/>
    <tag k="addr:street" v="Allen Street"/>
    <tag k="addr:suburb" v="Waterloo"/>
    <tag k="building" v="yes"/>
    <tag k="building:levels" v="2"/>
    <tag k="check_date" v="2025-03"/>
    <tag k="name" v="The Nut Shop - Factory Outlet"/>
    <tag k="operator" v="The Nut Shop"/>
    <tag k="phone" v="+61 2 9319 6574"/>
    <tag k="shop" v="confectionery"/>
    <tag k="website" v="https://www.nutshop.com.au/"/>
  </way>
  <way id="62203447">
    <nd ref="775904118"/>
    <nd ref="775904048"/>
    <nd ref="5598410198"/>
    <nd ref="5598410188"/>
    <nd ref="775904118"/>
    <tag k="building" v="apartments"/>
    <tag k="building:level:0" v="commercial"/>
    <tag k="building:levels" v="4"/>
  </way>
  <way id="62203470">
    <nd ref="775904289"/>
    <nd ref="772608734"/>
    <nd ref="772608739"/>
    <nd ref="772608727"/>
    <nd ref="7157815977"/>
    <nd ref="7157815978"/>
    <nd ref="775904281"/>
    <nd ref="7118689938"/>
    <nd ref="7118689939"/>
    <nd ref="775904293"/>
    <nd ref="775904290"/>
    <nd ref="775904278"/>
    <nd ref="775904289"/>
    <tag k="building" v="yes"/>
  </way>
  <way id="62203471">
    <nd ref="775904300"/>
    <nd ref="775904296"/>
    <nd ref="775904294"/>
    <nd ref="775904277"/>
    <nd ref="775904300"/>
    <tag k="building" v="yes"/>
  </way>
  <way id="62203472">
    <nd ref="775904288"/>
    <nd ref="1862478056"/>
    <nd ref="775904298"/>
    <nd ref="775904282"/>
    <nd ref="775904288"/>
    <tag k="building" v="industrial"/>
  </way>
  <way id="62203473">
    <nd ref="775904297"/>
    <nd ref="775904280"/>
    <nd ref="775904284"/>
    <nd ref="775904292"/>
    <nd ref="775904297"/>
    <tag k="building" v="retail"/>
  </way>
  <way id="62203474">
    <nd ref="775904287"/>
    <nd ref="775904286"/>
    <nd ref="775904291"/>
    <nd ref="775904279"/>
    <nd ref="775904285"/>
    <nd ref="775904283"/>
    <nd ref="775904278"/>
    <nd ref="775904289"/>
    <nd ref="775904287"/>
    <tag k="building" v="yes"/>
  </way>
  <way id="62203475">
    <nd ref="775904299"/>
    <nd ref="775904295"/>
    <nd ref="772607504"/>
    <nd ref="7169184079"/>
    <nd ref="7169184071"/>
    <nd ref="775904298"/>
    <nd ref="1862478056"/>
    <nd ref="1862478057"/>
    <nd ref="775904299"/>
    <tag k="building" v="industrial"/>
  </way>
  <way id="62203798">
    <nd ref="6560219242"/>
    <nd ref="5598447507"/>
    <nd ref="775913757"/>
    <nd ref="775913756"/>
    <nd ref="775913759"/>
    <nd ref="775913758"/>
    <nd ref="5598447510"/>
    <nd ref="5598447511"/>
    <nd ref="5598447513"/>
    <nd ref="5598448155"/>
    <nd ref="5598448156"/>
    <nd ref="10975810658"/>
    <nd ref="5598447512"/>
    <nd ref="5598447509"/>
    <nd ref="5598447508"/>
    <nd ref="6560219242"/>
    <tag k="addr:housename" v="Green Square Station"/>
    <tag k="addr:street" v="Corner of Botany and O'riordan Street"/>
    <tag k="building" v="train_station"/>
    <tag k="building:levels" v="2"/>
  </way>
  <way id="62203835">
    <nd ref="775914097"/>
    <nd ref="775914106"/>
    <nd ref="775914094"/>
    <nd ref="775914180"/>
    <nd ref="775914097"/>
    <tag k="building" v="yes"/>
    <tag k="building:levels" v="1"/>
  </way>
  <way id="62203837">
    <nd ref="775914122"/>
    <nd ref="775914145"/>
    <nd ref="775914127"/>
    <nd ref="775914162"/>
    <nd ref="775914122"/>
    <tag k="addr:housenumber" v="17"/>
    <tag k="addr:postcode" v="2015"/>
    <tag k="addr:street" v="O'Riordan Street"/>
    <tag k="building" v="yes"/>
    <tag k="name" v="Australian Red Cross Blood Service"/>
    <tag k="office" v="ngo"/>
  </way>
  <way id="62203838">
    <nd ref="775914150"/>
    <nd ref="775914172"/>
    <nd ref="11484027967"/>
    <nd ref="775914165"/>
    <nd ref="5598448126"/>
    <nd ref="775914148"/>
    <nd ref="775914150"/>
    <tag k="building" v="service"/>
    <tag k="building:levels" v="1"/>
    <tag k="layer" v="1"/>
    <tag k="operator" v="Sydney Trains"/>
    <tag k="operator:wikidata" v="Q7660181"/>
    <tag k="power" v="substation"/>
    <tag k="roof:shape" v="flat"/>
    <tag k="substation" v="traction"/>
  </way>
  <way id="62203839">
    <nd ref="772506327"/>
    <nd ref="775914107"/>
    <nd ref="5351813406"/>
    <nd ref="775914136"/>
    <nd ref="775914159"/>
    <nd ref="772506570"/>
    <nd ref="772506327"/>
    <tag k="building" v="industrial"/>
  </way>
  <way id="62203841">
    <nd ref="775914133"/>
    <nd ref="775914151"/>
    <nd ref="775914137"/>
    <nd ref="775914114"/>
    <nd ref="775914112"/>
    <nd ref="772506322"/>
    <nd ref="772506327"/>
    <nd ref="775914107"/>
    <nd ref="775914133"/>
    <tag k="building" v="yes"/>
  </way>
  <way id="62203842">
    <nd ref="775914105"/>
    <nd ref="775914113"/>
    <nd ref="775914161"/>
    <nd ref="775914147"/>
    <nd ref="775914187"/>
    <nd ref="775914182"/>
    <nd ref="775914105"/>
    <tag k="addr:housenumber" v="22"/>
    <tag k="addr:postcode" v="2015"/>
    <tag k="addr:street" v="O'Riordan Street"/>
    <tag k="building" v="yes"/>
  </way>
  <way id="62203843">
    <nd ref="775914157"/>
    <nd ref="775914095"/>
    <nd ref="775914110"/>
    <nd ref="775914143"/>
    <nd ref="775914126"/>
    <nd ref="1862478055"/>
    <nd ref="775904297"/>
    <nd ref="775904292"/>
    <nd ref="775904299"/>
    <nd ref="1862478058"/>
    <nd ref="775914124"/>
    <nd ref="775914157"/>
    <tag k="building" v="office"/>
    <tag k="building:levels" v="2"/>
    <tag k="name" v="13CABS"/>
  </way>
  <way id="62203845">
    <nd ref="775914187"/>
    <nd ref="775914182"/>
    <nd ref="775914131"/>
    <nd ref="775914188"/>
    <nd ref="775914179"/>
    <nd ref="775914166"/>
    <nd ref="775914187"/>
    <tag k="addr:housenumber" v="22"/>
    <tag k="addr:postcode" v="2015"/>
    <tag k="addr:street" v="O'Riordan Street"/>
    <tag k="building" v="commercial"/>
  </way>
  <way id="62203846">
    <nd ref="775914140"/>
    <nd ref="775914119"/>
    <nd ref="775914175"/>
    <nd ref="775914094"/>
    <nd ref="775914180"/>
    <nd ref="775914140"/>
    <tag k="addr:housenumber" v="326"/>
    <tag k="addr:street" v="Botany Road"/>
    <tag k="building" v="yes"/>
    <tag k="building:levels" v="1"/>
  </way>
  <way id="62203847">
    <nd ref="775914096"/>
    <nd ref="775914146"/>
    <nd ref="5598448129"/>
    <nd ref="5598448130"/>
    <nd ref="775914135"/>
    <nd ref="775914142"/>
    <nd ref="775914139"/>
    <nd ref="775914120"/>
    <nd ref="775914096"/>
    <tag k="addr:housenumber" v="18"/>
    <tag k="addr:postcode" v="2015"/>
    <tag k="addr:street" v="O'Riordan Street"/>
    <tag k="building" v="yes"/>
    <tag k="name" v="Autohaus One"/>
  </way>
  <way id="62356303">
    <nd ref="778908600"/>
    <nd ref="778908601"/>
    <nd ref="5598447437"/>
    <nd ref="5598447442"/>
    <nd ref="5598447488"/>
    <nd ref="5598447439"/>
    <nd ref="778908600"/>
    <tag k="building" v="yes"/>
    <tag k="building:levels" v="2"/>
  </way>
  <way id="62356304">
    <nd ref="778908589"/>
    <nd ref="778908591"/>
    <nd ref="778908588"/>
    <nd ref="5598447438"/>
    <nd ref="5598447439"/>
    <nd ref="778908600"/>
    <nd ref="778908590"/>
    <nd ref="778908589"/>
    <tag k="amenity" v="parking"/>
  </way>
  <way id="62356305">
    <nd ref="778908585"/>
    <nd ref="778908596"/>
    <nd ref="11263998259"/>
    <nd ref="5598447435"/>
    <nd ref="778908601"/>
    <nd ref="778908595"/>
    <nd ref="778908585"/>
    <tag k="building" v="yes"/>
    <tag k="building:levels" v="2"/>
  </way>
  <way id="62599761">
    <nd ref="780682787"/>
    <nd ref="780682791"/>
    <nd ref="780682800"/>
    <nd ref="780682789"/>
    <nd ref="780682784"/>
    <nd ref="780682787"/>
    <tag k="building" v="yes"/>
  </way>
  <way id="62599762">
    <nd ref="780682803"/>
    <nd ref="780942154"/>
    <nd ref="780682774"/>
    <nd ref="8151209686"/>
    <nd ref="8151209688"/>
    <nd ref="8151209687"/>
    <nd ref="780682791"/>
    <nd ref="780682787"/>
    <nd ref="8151209689"/>
    <nd ref="8151209690"/>
    <nd ref="780682803"/>
    <tag k="addr:housename" v="Premier Carpets"/>
    <tag k="addr:housenumber" v="525"/>
    <tag k="addr:street" v="Botany Road"/>
    <tag k="building" v="yes"/>
  </way>
  <way id="62599766">
    <nd ref="780685931"/>
    <nd ref="780942151"/>
    <nd ref="780685938"/>
    <nd ref="780685932"/>
    <nd ref="780942160"/>
    <nd ref="780685935"/>
    <nd ref="780685931"/>
    <tag k="addr:housename" v="ColorTile"/>
    <tag k="addr:housenumber" v="360"/>
    <tag k="addr:street" v="Botany Road"/>
    <tag k="building" v="commercial"/>
    <tag k="building:levels" v="1"/>
    <tag k="building:material" v="masonry"/>
    <tag k="height" v="3.8"/>
    <tag k="name" v="ColorTile Alexandria"/>
    <tag k="roof:colour" v="white"/>
  </way>
  <way id="62642258">
    <nd ref="780682795"/>
    <nd ref="780942160"/>
    <nd ref="780685935"/>
    <nd ref="780682793"/>
    <nd ref="780682795"/>
    <tag k="building" v="yes"/>
  </way>
  <way id="74409860">
    <nd ref="879442242"/>
    <nd ref="3420655052"/>
    <nd ref="879442268"/>
    <nd ref="879442273"/>
    <tag k="highway" v="service"/>
    <tag k="noname" v="yes"/>
    <tag k="source" v="nearmap"/>
    <tag k="surface" v="asphalt"/>
  </way>
  <way id="143683587">
    <nd ref="3924251542"/>
    <nd ref="1572445683"/>
    <nd ref="5114365188"/>
    <nd ref="1572445681"/>
    <nd ref="1572445680"/>
    <nd ref="5114365187"/>
    <nd ref="1572445678"/>
    <nd ref="5114365185"/>
    <nd ref="1572445676"/>
    <nd ref="5114365183"/>
    <nd ref="1572445674"/>
    <nd ref="9919361197"/>
    <tag k="electrified" v="contact_line"/>
    <tag k="frequency" v="0"/>
    <tag k="gauge" v="1435"/>
    <tag k="layer" v="-2"/>
    <tag k="loading_gauge" v="3200"/>
    <tag k="loading_gauge:ref" v="wide"/>
    <tag k="location" v="underground"/>
    <tag k="maxspeed" v="60"/>
    <tag k="oneway" v="yes"/>
    <tag k="operator" v="RailCorp"/>
    <tag k="passenger_lines" v="2"/>
    <tag k="railway" v="rail"/>
    <tag k="railway:etcs" v="2"/>
    <tag k="railway:traffic_mode" v="passenger"/>
    <tag k="ref" v="Up Airport"/>
    <tag k="source" v="extrapolation;professional_knowledge;LPI Basemap"/>
    <tag k="tunnel" v="yes"/>
    <tag k="usage" v="main"/>
    <tag k="voltage" v="1500"/>
  </way>
  <way id="143683599">
    <nd ref="1572445688"/>
    <nd ref="7680169679"/>
    <nd ref="10740557208"/>
    <nd ref="10740557207"/>
    <nd ref="10740557206"/>
    <nd ref="10740557205"/>
    <nd ref="10740539204"/>
    <nd ref="7680169678"/>
    <nd ref="10740557213"/>
    <nd ref="10740557212"/>
    <nd ref="7680169677"/>
    <nd ref="7680169676"/>
    <nd ref="7680169675"/>
    <nd ref="1572445703"/>
    <nd ref="1572445699"/>
    <nd ref="10740557214"/>
    <nd ref="1572445695"/>
    <nd ref="10740557272"/>
    <nd ref="10740557211"/>
    <nd ref="10740557278"/>
    <nd ref="1572445691"/>
    <nd ref="10740557299"/>
    <nd ref="10740539203"/>
    <nd ref="10740557210"/>
    <nd ref="10740557209"/>
    <nd ref="1572445688"/>
    <tag k="area" v="yes"/>
    <tag k="layer" v="-3"/>
    <tag k="level" v="-3"/>
    <tag k="public_transport" v="platform"/>
    <tag k="railway" v="platform"/>
    <tag k="ref" v="1"/>
    <tag k="tunnel" v="yes"/>
  </way>
  <way id="143683603">
    <nd ref="1572445690"/>
    <nd ref="7680169684"/>
    <nd ref="10740557222"/>
    <nd ref="10740557215"/>
    <nd ref="10740557216"/>
    <nd ref="10740557217"/>
    <nd ref="10740557218"/>
    <nd ref="7680169683"/>
    <nd ref="10740557224"/>
    <nd ref="10740557223"/>
    <nd ref="7680169682"/>
    <nd ref="7680169681"/>
    <nd ref="7680169680"/>
    <nd ref="1572445706"/>
    <nd ref="1572445702"/>
    <nd ref="1572445698"/>
    <nd ref="10740557269"/>
    <nd ref="10740557281"/>
    <nd ref="1572445694"/>
    <nd ref="10740557290"/>
    <nd ref="10740557220"/>
    <nd ref="10740557219"/>
    <nd ref="10740557221"/>
    <nd ref="1572445690"/>
    <tag k="area" v="yes"/>
    <tag k="layer" v="-3"/>
    <tag k="level" v="-3"/>
    <tag k="public_transport" v="platform"/>
    <tag k="railway" v="platform"/>
    <tag k="ref" v="2"/>
    <tag k="tunnel" v="yes"/>
  </way>
  <way id="156424269">
    <nd ref="775914173"/>
    <nd ref="1686736443"/>
    <nd ref="1686736448"/>
    <nd ref="775914163"/>
    <nd ref="775914173"/>
    <tag k="building" v="commercial"/>
  </way>
  <way id="156424270">
    <nd ref="775914169"/>
    <nd ref="775914099"/>
    <nd ref="775914156"/>
    <nd ref="6402024641"/>
    <nd ref="775914108"/>
    <nd ref="775914163"/>
    <nd ref="1686736448"/>
    <nd ref="775914188"/>
    <nd ref="775914179"/>
    <nd ref="775914169"/>
    <tag k="building" v="commercial"/>
  </way>
  <way id="170164945">
    <nd ref="5663203842"/>
    <nd ref="3420655052"/>
    <nd ref="3125298589"/>
    <nd ref="3125298591"/>
    <nd ref="5663268553"/>
    <nd ref="5663268552"/>
    <nd ref="3125298588"/>
    <nd ref="5663268554"/>
    <nd ref="3125298587"/>
    <tag k="bicycle" v="designated"/>
    <tag k="foot" v="designated"/>
    <tag k="highway" v="cycleway"/>
    <tag k="segregated" v="no"/>
    <tag k="source" v="nearmap, survey"/>
    <tag k="surface" v="asphalt"/>
  </way>
  <way id="170175183">
    <nd ref="1829424116"/>
    <nd ref="1837594585"/>
    <nd ref="4118634332"/>
    <nd ref="2830871840"/>
    <tag k="bicycle" v="designated"/>
    <tag k="foot" v="designated"/>
    <tag k="highway" v="cycleway"/>
    <tag k="segregated" v="no"/>
    <tag k="source" v="knowledge"/>
    <tag k="surface" v="asphalt"/>
  </way>
  <way id="171277761">
    <nd ref="12192730067"/>
    <nd ref="1823375517"/>
    <nd ref="5108942882"/>
    <nd ref="5108942885"/>
    <nd ref="1823375432"/>
    <nd ref="5108942888"/>
    <nd ref="12192730065"/>
    <nd ref="1823375374"/>
    <nd ref="5108942881"/>
    <nd ref="1823375334"/>
    <nd ref="5108942884"/>
    <nd ref="12192730066"/>
    <nd ref="1823375513"/>
    <nd ref="5108942887"/>
    <nd ref="1823375339"/>
    <nd ref="5108942880"/>
    <nd ref="5108942883"/>
    <nd ref="1823375436"/>
    <nd ref="5108942886"/>
    <nd ref="1823375550"/>
    <nd ref="5108942879"/>
    <nd ref="12192730067"/>
    <tag k="highway" v="residential"/>
    <tag k="junction" v="roundabout"/>
    <tag k="lanes" v="1"/>
    <tag k="source" v="Bing"/>
    <tag k="surface" v="asphalt"/>
  </way>
  <way id="172918870">
    <nd ref="5663203840"/>
    <nd ref="6770787967"/>
    <nd ref="2679574469"/>
    <nd ref="5663203841"/>
    <nd ref="7066424991"/>
    <nd ref="1845672322"/>
    <tag k="highway" v="residential"/>
    <tag k="maxspeed" v="50"/>
    <tag k="maxweight" v="3"/>
    <tag k="name" v="Portman Street"/>
    <tag k="oneway" v="yes"/>
    <tag k="source" v="physical inspection"/>
    <tag k="surface" v="asphalt"/>
  </way>
  <way id="172920168">
    <nd ref="4118634336"/>
    <nd ref="4118634337"/>
    <nd ref="673985914"/>
    <nd ref="673985911"/>
    <nd ref="673985908"/>
    <nd ref="4386530154"/>
    <nd ref="673985905"/>
    <nd ref="4228966324"/>
    <nd ref="4228966328"/>
    <nd ref="673985901"/>
    <nd ref="11258776439"/>
    <nd ref="11258776438"/>
    <tag k="cycleway:surface" v="asphalt"/>
    <tag k="foot" v="no"/>
    <tag k="highway" v="cycleway"/>
    <tag k="name" v="Mandible Street Cycleway"/>
    <tag k="segregated" v="yes"/>
    <tag k="source" v="knowledge;nearmap"/>
    <tag k="width" v="2.2"/>
  </way>
  <way id="172920169">
    <nd ref="18454055"/>
    <nd ref="11258683515"/>
    <nd ref="8954183633"/>
    <nd ref="11347950917"/>
    <nd ref="8954172812"/>
    <nd ref="11258776444"/>
    <nd ref="1844755287"/>
    <nd ref="11258776442"/>
    <nd ref="8954176112"/>
    <nd ref="4228966327"/>
    <nd ref="4228966323"/>
    <nd ref="1844755316"/>
    <nd ref="4386530155"/>
    <nd ref="1844755351"/>
    <nd ref="1844755228"/>
    <nd ref="5663203843"/>
    <nd ref="11258683502"/>
    <nd ref="1844755353"/>
    <tag k="highway" v="residential"/>
    <tag k="lane_markings" v="no"/>
    <tag k="maxspeed" v="50"/>
    <tag k="name" v="Mandible Street"/>
    <tag k="surface" v="asphalt"/>
  </way>
  <way id="173703469">
    <nd ref="12054676"/>
    <nd ref="11118649554"/>
    <nd ref="11232796271"/>
    <nd ref="9703665758"/>
    <nd ref="9703665762"/>
    <nd ref="9703665759"/>
    <nd ref="8288988119"/>
    <nd ref="2355667322"/>
    <nd ref="11258776438"/>
    <tag k="hgv:conditional" v="no @ (21:00 - 09:00 AND weight&gt;4.5)"/>
    <tag k="highway" v="secondary"/>
    <tag k="lane_markings" v="no"/>
    <tag k="maxspeed" v="50"/>
    <tag k="name" v="Wyndham Street"/>
    <tag k="surface" v="concrete"/>
  </way>
  <way id="173703474">
    <nd ref="1844755287"/>
    <nd ref="9991792458"/>
    <nd ref="8954172811"/>
    <nd ref="1844755314"/>
    <nd ref="1844755330"/>
    <nd ref="1844755237"/>
    <nd ref="11263989104"/>
    <nd ref="5663268549"/>
    <nd ref="1844755334"/>
    <tag k="fixme" v="no right turn wyndam to bourke eastbound"/>
    <tag k="highway" v="secondary"/>
    <tag k="lanes" v="2"/>
    <tag k="maxspeed" v="50"/>
    <tag k="maxweight:conditional" v="4.5 @ (21:00-06:00)"/>
    <tag k="name" v="Wyndham Street"/>
    <tag k="surface" v="asphalt"/>
  </way>
  <way id="173703477">
    <nd ref="250421656"/>
    <nd ref="9036533359"/>
    <nd ref="1844755236"/>
    <nd ref="5663268551"/>
    <nd ref="9036533360"/>
    <nd ref="1844755233"/>
    <nd ref="1844755317"/>
    <nd ref="1844755314"/>
    <tag k="highway" v="tertiary_link"/>
    <tag k="lanes" v="1"/>
    <tag k="name" v="Wyndham Street"/>
    <tag k="oneway" v="yes"/>
    <tag k="surface" v="asphalt"/>
  </way>
  <way id="173806888">
    <nd ref="1845672333"/>
    <nd ref="1845672346"/>
    <tag k="highway" v="service"/>
    <tag k="name" v="Victoria Lane"/>
    <tag k="oneway" v="no"/>
    <tag k="service" v="alley"/>
    <tag k="source:name" v="sign at collins st"/>
    <tag k="surface" v="paved"/>
  </way>
  <way id="173806889">
    <nd ref="1845672322"/>
    <nd ref="7066424992"/>
    <nd ref="6763101959"/>
    <nd ref="3956879742"/>
    <tag k="hgv" v="destination"/>
    <tag k="highway" v="living_street"/>
    <tag k="lanes" v="1"/>
    <tag k="maxspeed" v="10"/>
    <tag k="maxweight" v="3"/>
    <tag k="name" v="Navins Lane"/>
    <tag k="oneway" v="yes"/>
    <tag k="oneway:bicycle" v="no"/>
    <tag k="source:name" v="NSW LPI Base Map"/>
    <tag k="source:name:date" v="2015-12"/>
    <tag k="surface" v="paving_stones"/>
    <tag k="width" v="4"/>
  </way>
  <way id="173806906">
    <nd ref="1845672334"/>
    <nd ref="11536198681"/>
    <nd ref="2304415114"/>
    <nd ref="1845672350"/>
    <tag k="highway" v="residential"/>
    <tag k="maxspeed" v="50"/>
    <tag k="name" v="Victoria Street"/>
    <tag k="surface" v="paved"/>
  </way>
  <way id="173806913">
    <nd ref="1845672332"/>
    <nd ref="2407834270"/>
    <nd ref="1845672342"/>
    <tag k="highway" v="residential"/>
    <tag k="name" v="Queen Street"/>
    <tag k="surface" v="paved"/>
  </way>
  <way id="173806915">
    <nd ref="1845672321"/>
    <nd ref="2679574470"/>
    <nd ref="1823375553"/>
    <tag k="highway" v="service"/>
    <tag k="name" v="Christies Lane"/>
    <tag k="service" v="alley"/>
    <tag k="source:name" v="NSW LPI Base Map"/>
    <tag k="source:name:date" v="2015-12"/>
    <tag k="width" v="4"/>
  </way>
  <way id="173806933">
    <nd ref="1941652425"/>
    <nd ref="1941652426"/>
    <nd ref="1941652430"/>
    <tag k="highway" v="service"/>
    <tag k="maxweight" v="3"/>
    <tag k="name" v="Navins Lane"/>
    <tag k="parking:lane:left" v="no_parking"/>
    <tag k="parking:lane:right" v="no_stopping"/>
    <tag k="service" v="alley"/>
    <tag k="source:name" v="NSW LPI Base Map"/>
    <tag k="source:name:date" v="2015-12"/>
    <tag k="width" v="4"/>
  </way>
  <way id="173806953">
    <nd ref="1845672336"/>
    <nd ref="11445742436"/>
    <nd ref="1845672335"/>
    <nd ref="1845672334"/>
    <nd ref="1845672333"/>
    <nd ref="1845672332"/>
    <nd ref="1862478073"/>
    <nd ref="11445742448"/>
    <nd ref="1844755205"/>
    <tag k="highway" v="residential"/>
    <tag k="lanes" v="2"/>
    <tag k="maxspeed" v="50"/>
    <tag k="name" v="Johnson Street"/>
    <tag k="surface" v="paved"/>
  </way>
  <way id="173866831">
    <nd ref="15445737"/>
    <nd ref="8530395954"/>
    <nd ref="1941652424"/>
    <nd ref="1146792447"/>
    <tag k="highway" v="secondary"/>
    <tag k="maxspeed" v="50"/>
    <tag k="name" v="Elizabeth Street"/>
    <tag k="sidewalk:left" v="no"/>
    <tag k="sidewalk:right" v="separate"/>
    <tag k="surface" v="asphalt"/>
  </way>
  <way id="174898964">
    <nd ref="1855423927"/>
    <nd ref="11347961177"/>
    <nd ref="10079895698"/>
    <nd ref="10079895687"/>
    <nd ref="1855423930"/>
    <tag k="highway" v="service"/>
    <tag k="name" v="Retreat Street"/>
    <tag k="service" v="alley"/>
    <tag k="source" v="physical inspection"/>
    <tag k="source:geometry" v="LPI NSW Imagery"/>
    <tag k="source:name" v="LPI NSW Base Map"/>
    <tag k="surface" v="asphalt"/>
    <tag k="surface:grade" v="3"/>
  </way>
  <way id="174898968">
    <nd ref="1855423924"/>
    <nd ref="11118649551"/>
    <nd ref="1855423932"/>
    <tag k="highway" v="service"/>
    <tag k="name" v="Hiles Lane"/>
    <tag k="service" v="alley"/>
    <tag k="source" v="physical inspection"/>
    <tag k="source:name" v="NSW LPI Base Map"/>
    <tag k="source:name:date" v="2015-12"/>
  </way>
  <way id="175678630">
    <nd ref="1862478073"/>
    <nd ref="2407834264"/>
    <nd ref="2407834266"/>
    <nd ref="1862478090"/>
    <tag k="highway" v="residential"/>
    <tag k="name" v="Reserve Street"/>
    <tag k="note" v="same name as street perpendiculat at southerne edn"/>
    <tag k="source" v="survey"/>
    <tag k="surface" v="paved"/>
  </way>
  <way id="183759858">
    <nd ref="15445737"/>
    <nd ref="8530395960"/>
    <nd ref="11237581285"/>
    <nd ref="1823375551"/>
    <tag k="highway" v="primary"/>
    <tag k="lanes" v="4"/>
    <tag k="maxspeed" v="50"/>
    <tag k="name" v="Bourke Street"/>
    <tag k="sidewalk:left" v="separate"/>
    <tag k="sidewalk:right" v="no"/>
    <tag k="surface" v="asphalt"/>
  </way>
  <way id="183759869">
    <nd ref="1941652449"/>
    <nd ref="1941652453"/>
    <nd ref="1823375318"/>
    <nd ref="8280329822"/>
    <nd ref="10003306716"/>
    <nd ref="10003306713"/>
    <nd ref="1823375480"/>
    <tag k="highway" v="service"/>
    <tag k="maxweight" v="3"/>
    <tag k="name" v="Cook Lane"/>
    <tag k="oneway" v="no"/>
    <tag k="service" v="alley"/>
    <tag k="width" v="4"/>
  </way>
  <way id="183759872">
    <nd ref="1146792447"/>
    <nd ref="1941652415"/>
    <tag k="cycleway:both" v="no"/>
    <tag k="highway" v="secondary"/>
    <tag k="maxspeed" v="50"/>
    <tag k="name" v="Elizabeth Street"/>
    <tag k="parking:lane:left" v="no_stopping"/>
    <tag k="surface" v="asphalt"/>
  </way>
  <way id="183759873">
    <nd ref="18449038"/>
    <nd ref="2041297303"/>
    <nd ref="11389405753"/>
    <nd ref="1941652399"/>
    <tag k="highway" v="secondary"/>
    <tag k="lanes" v="4"/>
    <tag k="maxspeed" v="50"/>
    <tag k="name" v="Elizabeth Street"/>
    <tag k="note" v="no stopping weekdays 7:30-9am, no parking 9-11 am"/>
    <tag k="parking:condition:left:time_interval" v="Mo-Fr 07:30-11:00"/>
    <tag k="parking:lane:left" v="no_stopping"/>
    <tag k="surface" v="asphalt"/>
  </way>
  <way id="183759876">
    <nd ref="1941652415"/>
    <nd ref="1941652407"/>
    <tag k="cycleway:both" v="no"/>
    <tag k="highway" v="secondary"/>
    <tag k="maxspeed" v="50"/>
    <tag k="name" v="Elizabeth Street"/>
    <tag k="parking:lane:left" v="no_parking"/>
    <tag k="surface" v="asphalt"/>
  </way>
  <way id="183759880">
    <nd ref="1941652407"/>
    <nd ref="1941652403"/>
    <nd ref="2830871834"/>
    <nd ref="18449038"/>
    <tag k="highway" v="secondary"/>
    <tag k="lanes" v="3"/>
    <tag k="lanes:backward" v="2"/>
    <tag k="lanes:forward" v="1"/>
    <tag k="maxspeed" v="50"/>
    <tag k="name" v="Elizabeth Street"/>
    <tag k="parking:condition:left:time_interval" v="Mo-Fr 07:30-09:00,16:00-18:00"/>
    <tag k="parking:lane:left" v="no_stopping"/>
    <tag k="sidewalk:left" v="separate"/>
    <tag k="sidewalk:right" v="yes"/>
    <tag k="surface" v="asphalt"/>
  </way>
  <way id="183759889">
    <nd ref="1823375372"/>
    <nd ref="1942389476"/>
    <nd ref="1941652433"/>
    <nd ref="1941652431"/>
    <nd ref="1941652432"/>
    <nd ref="3956879739"/>
    <nd ref="3956879740"/>
    <nd ref="1941652440"/>
    <nd ref="1941652446"/>
    <nd ref="1941652448"/>
    <nd ref="1941652447"/>
    <nd ref="1941652445"/>
    <nd ref="1941652439"/>
    <tag k="highway" v="service"/>
    <tag k="name" v="McPherson Lane"/>
    <tag k="oneway" v="no"/>
    <tag k="parking:lane:right" v="no_stopping"/>
    <tag k="service" v="alley"/>
    <tag k="source:name" v="LPI NSW Base Map"/>
    <tag k="width" v="4"/>
  </way>
  <way id="183759891">
    <nd ref="1941652439"/>
    <nd ref="7899178517"/>
    <nd ref="1941652428"/>
    <nd ref="1941652427"/>
    <nd ref="1941652425"/>
    <tag k="highway" v="service"/>
    <tag k="name" v="McPherson Lane"/>
    <tag k="parking:lane:right" v="no_parking"/>
    <tag k="service" v="alley"/>
    <tag k="source:name" v="LPI NSW Base Map"/>
    <tag k="width" v="4"/>
  </way>
  <way id="183759912">
    <nd ref="1941652391"/>
    <nd ref="1941652392"/>
    <nd ref="1941652394"/>
    <nd ref="1941652395"/>
    <nd ref="1941652400"/>
    <nd ref="12035170833"/>
    <nd ref="12035170834"/>
    <nd ref="1941652401"/>
    <nd ref="1941652396"/>
    <nd ref="1941652387"/>
    <nd ref="1941652382"/>
    <nd ref="11235422841"/>
    <nd ref="1941652381"/>
    <nd ref="1941652385"/>
    <nd ref="1941652388"/>
    <nd ref="1941652391"/>
    <tag k="dog" v="yes"/>
    <tag k="leisure" v="park"/>
    <tag k="name" v="Waterloo Park"/>
    <tag k="operator" v="City of Sydney"/>
    <tag k="operator:type" v="government"/>
    <tag k="operator:wikidata" v="Q1094194"/>
    <tag k="website" v="https://www.cityofsydney.nsw.gov.au/parks/waterloo-park-oval"/>
  </way>
  <way id="183759921">
    <nd ref="1941652430"/>
    <nd ref="12035566841"/>
    <nd ref="1823375472"/>
    <tag k="hgv" v="destination"/>
    <tag k="highway" v="service"/>
    <tag k="maxweight" v="3"/>
    <tag k="name" v="Navins Lane"/>
    <tag k="parking:lane:left" v="no_parking"/>
    <tag k="service" v="alley"/>
    <tag k="source:name" v="NSW LPI Base Map"/>
    <tag k="source:name:date" v="2015-12"/>
    <tag k="width" v="4"/>
  </way>
  <way id="185267923">
    <nd ref="18319146"/>
    <nd ref="2355667321"/>
    <nd ref="9439443030"/>
    <nd ref="9036533364"/>
    <nd ref="3488549815"/>
    <nd ref="3488549816"/>
    <nd ref="4229710553"/>
    <nd ref="1838569694"/>
    <nd ref="6586189654"/>
    <nd ref="4229710560"/>
    <nd ref="4229710568"/>
    <nd ref="11237581286"/>
    <nd ref="8530395953"/>
    <nd ref="15445737"/>
    <tag k="cycleway:both" v="no"/>
    <tag k="highway" v="secondary"/>
    <tag k="lanes" v="4"/>
    <tag k="maxspeed" v="50"/>
    <tag k="name" v="Bourke Street"/>
    <tag k="sidewalk:both" v="separate"/>
    <tag k="surface" v="asphalt"/>
  </way>
  <way id="193413171">
    <nd ref="8519344339"/>
    <nd ref="1844755310"/>
    <nd ref="5663268546"/>
    <tag k="crossing" v="traffic_signals"/>
    <tag k="footway" v="crossing"/>
    <tag k="highway" v="footway"/>
    <tag k="surface" v="asphalt"/>
  </way>
  <way id="193611484">
    <nd ref="1837594626"/>
    <nd ref="3227434120"/>
    <nd ref="3227434123"/>
    <nd ref="2830871818"/>
    <nd ref="18449053"/>
    <nd ref="4160614294"/>
    <tag k="cycleway" v="separate"/>
    <tag k="highway" v="residential"/>
    <tag k="lanes" v="1"/>
    <tag k="name" v="Allen Street"/>
    <tag k="oneway" v="yes"/>
    <tag k="overtaking" v="no"/>
    <tag k="surface" v="paved"/>
    <tag k="traffic_calming" v="choker"/>
  </way>
  <way id="194616034">
    <nd ref="1837594591"/>
    <nd ref="1836724609"/>
    <nd ref="11263969750"/>
    <nd ref="5663268544"/>
    <nd ref="5663268543"/>
    <nd ref="10740556047"/>
    <nd ref="673985950"/>
    <tag k="highway" v="primary"/>
    <tag k="lanes" v="5"/>
    <tag k="lanes:backward" v="3"/>
    <tag k="lanes:forward" v="2"/>
    <tag k="lit" v="yes"/>
    <tag k="maxspeed" v="50"/>
    <tag k="name" v="Botany Road"/>
    <tag k="sidewalk:left" v="separate"/>
    <tag k="sidewalk:right" v="yes"/>
    <tag k="source:maxspeed" v="bing"/>
    <tag k="surface" v="asphalt"/>
    <tag k="turn:lanes:backward" v="none|none|right"/>
  </way>
  <way id="194616044">
    <nd ref="1844755205"/>
    <nd ref="12073078304"/>
    <nd ref="12073076679"/>
    <nd ref="7694285058"/>
    <nd ref="8663717702"/>
    <nd ref="12073076683"/>
    <nd ref="12073078305"/>
    <nd ref="1844755349"/>
    <nd ref="1844755327"/>
    <nd ref="1844755251"/>
    <nd ref="11484006930"/>
    <nd ref="1844755273"/>
    <nd ref="11484006934"/>
    <nd ref="11263989101"/>
    <tag k="highway" v="primary"/>
    <tag k="lanes" v="4"/>
    <tag k="maxspeed" v="50"/>
    <tag k="name" v="O'Riordan Street"/>
    <tag k="sidewalk:both" v="separate"/>
    <tag k="surface" v="asphalt"/>
    <tag k="wikidata" v="Q105761359"/>
  </way>
  <way id="232431377">
    <nd ref="2407834271"/>
    <nd ref="2407834268"/>
    <nd ref="2407834269"/>
    <nd ref="2407834265"/>
    <nd ref="2407834271"/>
    <tag k="leisure" v="park"/>
    <tag k="name" v="McConville Reserve"/>
    <tag k="source" v="Bing"/>
    <tag k="source:name" v="survey"/>
  </way>
  <way id="252096741">
    <nd ref="18319531"/>
    <nd ref="5078042265"/>
    <nd ref="18319532"/>
    <nd ref="9540349697"/>
    <nd ref="9540349692"/>
    <nd ref="18319533"/>
    <nd ref="5078042264"/>
    <nd ref="12529211337"/>
    <nd ref="29167953"/>
    <nd ref="18319534"/>
    <nd ref="6336703211"/>
    <nd ref="879442242"/>
    <nd ref="250421656"/>
    <tag k="highway" v="tertiary"/>
    <tag k="lanes" v="2"/>
    <tag k="maxspeed" v="50"/>
    <tag k="name" v="Bourke Road"/>
    <tag k="surface" v="asphalt"/>
  </way>
  <way id="278779321">
    <nd ref="190036112"/>
    <nd ref="11120951745"/>
    <nd ref="2830871815"/>
    <nd ref="2830871816"/>
    <nd ref="2830871817"/>
    <tag k="bicycle" v="designated"/>
    <tag k="foot" v="no"/>
    <tag k="highway" v="cycleway"/>
    <tag k="motor_vehicle" v="no"/>
    <tag k="name" v="George Street Cycleway"/>
    <tag k="segregated" v="yes"/>
    <tag k="sidewalk" v="no"/>
    <tag k="source:start_date" v="https://lsre.com.au/selling/new-sydney-cycleway-boosts-livability/"/>
    <tag k="start_date" v="2014-06-14"/>
    <tag k="surface" v="asphalt"/>
    <tag k="width" v="2.2"/>
  </way>
  <way id="278779323">
    <nd ref="2859287515"/>
    <nd ref="2830871839"/>
    <tag k="bicycle" v="designated"/>
    <tag k="foot" v="designated"/>
    <tag k="highway" v="cycleway"/>
    <tag k="name" v="Allen Street Cycleway"/>
    <tag k="segregated" v="no"/>
    <tag k="surface" v="concrete"/>
  </way>
  <way id="281971689">
    <nd ref="8530395921"/>
    <nd ref="8530395922"/>
    <nd ref="2830871823"/>
    <nd ref="2830871824"/>
    <nd ref="2830871825"/>
    <nd ref="2830871827"/>
    <nd ref="5663203845"/>
    <nd ref="2830871828"/>
    <nd ref="2830871830"/>
    <nd ref="8530390812"/>
    <tag k="foot" v="no"/>
    <tag k="highway" v="cycleway"/>
    <tag k="name" v="George Street Cycleway"/>
    <tag k="segregated" v="yes"/>
    <tag k="sidewalk" v="right"/>
    <tag k="source:start_date" v="https://lsre.com.au/selling/new-sydney-cycleway-boosts-livability/"/>
    <tag k="start_date" v="2014-06-14"/>
    <tag k="surface" v="asphalt"/>
    <tag k="width" v="2.2"/>
  </way>
  <way id="281971690">
    <nd ref="2859287515"/>
    <nd ref="2859287516"/>
    <nd ref="2859287517"/>
    <nd ref="2830871838"/>
    <tag k="bicycle" v="designated"/>
    <tag k="foot" v="designated"/>
    <tag k="highway" v="cycleway"/>
    <tag k="name" v="George Street Cycleway"/>
    <tag k="segregated" v="no"/>
    <tag k="source:start_date" v="https://lsre.com.au/selling/new-sydney-cycleway-boosts-livability/"/>
    <tag k="start_date" v="2014-06-14"/>
    <tag k="surface" v="concrete"/>
  </way>
  <way id="292828583">
    <nd ref="5078042261"/>
    <nd ref="8530395920"/>
    <nd ref="8530395919"/>
    <nd ref="2679574466"/>
    <nd ref="8530390816"/>
    <nd ref="2679574467"/>
    <nd ref="8530395918"/>
    <nd ref="8530395917"/>
    <nd ref="2679574468"/>
    <tag k="cycleway" v="separate"/>
    <tag k="highway" v="residential"/>
    <tag k="lanes" v="2"/>
    <tag k="maxspeed" v="50"/>
    <tag k="name" v="George Street"/>
    <tag k="parking:lane" v="both"/>
    <tag k="sidewalk" v="both"/>
    <tag k="surface" v="asphalt"/>
  </way>
  <way id="292828584">
    <nd ref="2830871817"/>
    <nd ref="2830871818"/>
    <nd ref="2859287515"/>
    <tag k="bicycle" v="designated"/>
    <tag k="crossing" v="marked"/>
    <tag k="crossing:markings" v="dots"/>
    <tag k="cycleway" v="crossing"/>
    <tag k="foot" v="no"/>
    <tag k="highway" v="cycleway"/>
    <tag k="motor_vehicle" v="no"/>
    <tag k="name" v="George Street Cycleway"/>
    <tag k="segregated" v="yes"/>
    <tag k="sidewalk" v="no"/>
    <tag k="source:start_date" v="https://lsre.com.au/selling/new-sydney-cycleway-boosts-livability/"/>
    <tag k="start_date" v="2014-06-14"/>
    <tag k="surface" v="concrete"/>
  </way>
  <way id="292828586">
    <nd ref="8117713082"/>
    <nd ref="2830871837"/>
    <nd ref="2830871838"/>
    <tag k="bicycle" v="designated"/>
    <tag k="crossing" v="unmarked"/>
    <tag k="crossing:island" v="no"/>
    <tag k="cycleway" v="crossing"/>
    <tag k="foot" v="designated"/>
    <tag k="highway" v="cycleway"/>
    <tag k="name" v="Allen Street Cycleway"/>
    <tag k="surface" v="asphalt"/>
  </way>
  <way id="292828588">
    <nd ref="2830871839"/>
    <nd ref="2830871840"/>
    <tag k="foot" v="no"/>
    <tag k="highway" v="cycleway"/>
    <tag k="name" v="Allen Street Cycleway"/>
    <tag k="segregated" v="yes"/>
    <tag k="surface" v="asphalt"/>
  </way>
  <way id="292828589">
    <nd ref="2830871835"/>
    <nd ref="2830871836"/>
    <tag k="cycleway:surface" v="asphalt"/>
    <tag k="foot" v="no"/>
    <tag k="highway" v="cycleway"/>
    <tag k="lanes" v="2"/>
    <tag k="name" v="Allen Street Cycleway"/>
    <tag k="segregated" v="yes"/>
    <tag k="surface" v="asphalt"/>
  </way>
  <way id="292828590">
    <nd ref="8117713089"/>
    <nd ref="2830871834"/>
    <nd ref="5663203837"/>
    <tag k="bicycle" v="designated"/>
    <tag k="crossing" v="traffic_signals"/>
    <tag k="crossing:island" v="no"/>
    <tag k="cycleway" v="crossing"/>
    <tag k="foot" v="designated"/>
    <tag k="highway" v="cycleway"/>
    <tag k="name" v="Allen Street Cycleway"/>
    <tag k="segregated" v="no"/>
    <tag k="surface" v="concrete"/>
  </way>
  <way id="331920497">
    <nd ref="3390218358"/>
    <nd ref="5598448199"/>
    <nd ref="5598448201"/>
    <nd ref="5598448202"/>
    <nd ref="5598448204"/>
    <nd ref="5598448203"/>
    <nd ref="5598448200"/>
    <nd ref="3390218359"/>
    <nd ref="3390218361"/>
    <nd ref="3390218366"/>
    <nd ref="3390218358"/>
    <tag k="building" v="warehouse"/>
    <tag k="building:levels" v="2"/>
  </way>
  <way id="331920499">
    <nd ref="3390218364"/>
    <nd ref="4160323396"/>
    <nd ref="4160323394"/>
    <nd ref="4160323395"/>
    <nd ref="4160323398"/>
    <nd ref="4160323397"/>
    <nd ref="4160323399"/>
    <nd ref="4160323402"/>
    <nd ref="4160323401"/>
    <nd ref="3390218363"/>
    <nd ref="3390218365"/>
    <nd ref="3390218362"/>
    <nd ref="3390218364"/>
    <tag k="check_date" v="2025-03"/>
    <tag k="designation" v="S3651"/>
    <tag k="name" v="Zetland Zone Substation"/>
    <tag k="operator" v="Ausgrid"/>
    <tag k="operator:wikidata" v="Q4822750"/>
    <tag k="power" v="substation"/>
    <tag k="ref" v="ZN188"/>
    <tag k="source" v="survey"/>
    <tag k="substation" v="zone"/>
    <tag k="voltage" v="132000"/>
  </way>
  <way id="331926094">
    <nd ref="1845672322"/>
    <nd ref="3956879743"/>
    <nd ref="3956879744"/>
    <nd ref="1823375451"/>
    <tag k="bicycle" v="designated"/>
    <tag k="highway" v="residential"/>
    <tag k="lanes" v="2"/>
    <tag k="maxspeed" v="50"/>
    <tag k="name" v="Portman Street"/>
    <tag k="source" v="physical inspection"/>
    <tag k="surface" v="asphalt"/>
  </way>
  <way id="332063657">
    <nd ref="3391731450"/>
    <nd ref="3391731455"/>
    <nd ref="3391731446"/>
    <nd ref="3391731445"/>
    <tag k="layer" v="-1"/>
    <tag k="tunnel" v="yes"/>
    <tag k="waterway" v="drain"/>
  </way>
  <way id="332063659">
    <nd ref="3391731456"/>
    <nd ref="3391731449"/>
    <nd ref="3391731450"/>
    <tag k="waterway" v="drain"/>
  </way>
  <way id="333521820">
    <nd ref="1823375551"/>
    <nd ref="12618163266"/>
    <nd ref="5663203840"/>
    <tag k="highway" v="primary"/>
    <tag k="maxspeed" v="50"/>
    <tag k="name" v="Bourke Street"/>
    <tag k="surface" v="asphalt"/>
  </way>
  <way id="341750821">
    <nd ref="2830871840"/>
    <nd ref="5663203836"/>
    <tag k="foot" v="yes"/>
    <tag k="highway" v="cycleway"/>
    <tag k="segregated" v="no"/>
    <tag k="source" v="knowledge"/>
    <tag k="surface" v="asphalt"/>
  </way>
  <way id="341750828">
    <nd ref="5663268557"/>
    <nd ref="11258683503"/>
    <nd ref="673985945"/>
    <nd ref="673987442"/>
    <nd ref="673987443"/>
    <nd ref="673987444"/>
    <nd ref="673987445"/>
    <tag k="cycleway:surface" v="asphalt"/>
    <tag k="foot" v="no"/>
    <tag k="highway" v="cycleway"/>
    <tag k="lanes" v="2"/>
    <tag k="segregated" v="yes"/>
    <tag k="source" v="nearmap, survey"/>
    <tag k="surface" v="asphalt"/>
  </way>
  <way id="380458009">
    <nd ref="1845672336"/>
    <nd ref="3863564801"/>
    <nd ref="57932214"/>
    <tag k="cycleway:both" v="no"/>
    <tag k="highway" v="primary"/>
    <tag k="maxspeed" v="50"/>
    <tag k="name" v="Botany Road"/>
    <tag k="sidewalk:left" v="separate"/>
    <tag k="source:maxspeed" v="bing"/>
    <tag k="surface" v="asphalt"/>
  </way>
  <way id="380458012">
    <nd ref="1845672338"/>
    <nd ref="1844755205"/>
    <tag k="highway" v="primary"/>
    <tag k="lanes" v="4"/>
    <tag k="maxspeed" v="50"/>
    <tag k="name" v="O'Riordan Street"/>
    <tag k="sidewalk:left" v="separate"/>
    <tag k="sidewalk:right" v="yes"/>
    <tag k="surface" v="asphalt"/>
    <tag k="wikidata" v="Q105761359"/>
  </way>
  <way id="392464145">
    <nd ref="11927695247"/>
    <nd ref="11927695246"/>
    <nd ref="3956861997"/>
    <nd ref="3956861995"/>
    <nd ref="3956861999"/>
    <nd ref="11434780464"/>
    <nd ref="11927695247"/>
  </way>
  <way id="392466387">
    <nd ref="3956879742"/>
    <nd ref="6021876123"/>
    <nd ref="6763101960"/>
    <nd ref="8727141795"/>
    <nd ref="4585475277"/>
    <nd ref="8727141796"/>
    <nd ref="7066424996"/>
    <nd ref="7066424997"/>
    <nd ref="2679574471"/>
    <tag k="highway" v="living_street"/>
    <tag k="lanes" v="1"/>
    <tag k="maxspeed" v="10"/>
    <tag k="name" v="Portman Lane"/>
    <tag k="oneway" v="yes"/>
    <tag k="oneway:bicycle" v="no"/>
    <tag k="surface" v="paving_stones"/>
    <tag k="width" v="4"/>
  </way>
  <way id="404177357">
    <nd ref="4064559639"/>
    <nd ref="4064559637"/>
    <nd ref="1845672322"/>
    <tag k="bicycle" v="designated"/>
    <tag k="foot" v="designated"/>
    <tag k="highway" v="cycleway"/>
    <tag k="segregated" v="no"/>
    <tag k="sidewalk" v="right"/>
    <tag k="surface" v="paving_stones"/>
  </way>
  <way id="414889407">
    <nd ref="1829424118"/>
    <nd ref="11120951746"/>
    <nd ref="4160323389"/>
    <nd ref="5078042262"/>
    <tag k="cycleway" v="separate"/>
    <tag k="highway" v="residential"/>
    <tag k="lanes" v="1"/>
    <tag k="maxspeed" v="50"/>
    <tag k="name" v="George Street"/>
    <tag k="oneway" v="yes"/>
    <tag k="parking:lane" v="both"/>
    <tag k="sidewalk" v="both"/>
    <tag k="surface" v="asphalt"/>
  </way>
  <way id="414910242">
    <nd ref="11258776438"/>
    <nd ref="11258776440"/>
    <nd ref="9991792460"/>
    <nd ref="4118634334"/>
    <tag k="cycleway:surface" v="asphalt"/>
    <tag k="foot" v="no"/>
    <tag k="highway" v="cycleway"/>
    <tag k="name" v="Mandible Street Cycleway"/>
    <tag k="segregated" v="yes"/>
    <tag k="source" v="knowledge;nearmap"/>
    <tag k="width" v="2.2"/>
  </way>
  <way id="414927787">
    <nd ref="4160614295"/>
    <nd ref="4160614299"/>
    <nd ref="4160614302"/>
    <nd ref="4160614304"/>
    <nd ref="4160614306"/>
    <nd ref="4160614303"/>
    <nd ref="4160614301"/>
    <nd ref="4160614298"/>
    <nd ref="4160614291"/>
    <nd ref="4160614293"/>
    <nd ref="4160614289"/>
    <nd ref="4160614290"/>
    <nd ref="4160614295"/>
    <tag k="leisure" v="plaza"/>
  </way>
  <way id="414927791">
    <nd ref="4160614294"/>
    <nd ref="4160614305"/>
    <nd ref="5078042263"/>
    <tag k="cycleway" v="separate"/>
    <tag k="highway" v="residential"/>
    <tag k="lanes" v="1"/>
    <tag k="name" v="Allen Street"/>
    <tag k="oneway" v="yes"/>
    <tag k="parking:lane:both" v="in-shoulder"/>
    <tag k="surface" v="asphalt"/>
  </way>
  <way id="414927794">
    <nd ref="18449038"/>
    <nd ref="1851019013"/>
    <nd ref="18449044"/>
    <nd ref="5078042260"/>
    <nd ref="4160614297"/>
    <tag k="cycleway" v="separate"/>
    <tag k="highway" v="residential"/>
    <tag k="lanes" v="1"/>
    <tag k="name" v="Allen Street"/>
    <tag k="surface" v="asphalt"/>
  </way>
  <way id="414927796">
    <nd ref="4160611088"/>
    <nd ref="11347961179"/>
    <nd ref="4160611087"/>
    <nd ref="4160611085"/>
    <tag k="highway" v="service"/>
    <tag k="lanes" v="1"/>
    <tag k="name" v="James Street"/>
    <tag k="passing_places" v="yes"/>
    <tag k="surface" v="asphalt"/>
    <tag k="width" v="5.1"/>
  </way>
  <way id="414927798">
    <nd ref="1855423930"/>
    <nd ref="4160614296"/>
    <tag k="access" v="private"/>
    <tag k="highway" v="service"/>
    <tag k="name" v="Retreat Street"/>
    <tag k="service" v="alley"/>
    <tag k="source" v="physical inspection"/>
    <tag k="source:geometry" v="LPI NSW Imagery"/>
    <tag k="source:name" v="LPI NSW Base Map"/>
    <tag k="surface" v="asphalt"/>
    <tag k="surface:grade" v="3"/>
  </way>
  <way id="414927804">
    <nd ref="4160611075"/>
    <nd ref="5598410293"/>
    <nd ref="5598410295"/>
    <nd ref="5598410298"/>
    <nd ref="5598410297"/>
    <nd ref="5598410296"/>
    <nd ref="5598410294"/>
    <nd ref="4160614292"/>
    <nd ref="4160614295"/>
    <nd ref="4160614290"/>
    <nd ref="4160611075"/>
    <tag k="building" v="apartments"/>
    <tag k="building:level:0" v="commercial"/>
    <tag k="building:levels" v="4"/>
  </way>
  <way id="423120598">
    <nd ref="4228147697"/>
    <nd ref="4228147698"/>
    <nd ref="4228147699"/>
    <nd ref="4228966322"/>
    <nd ref="8288988043"/>
    <nd ref="4228147700"/>
    <nd ref="4228966325"/>
    <nd ref="4228966313"/>
    <nd ref="4228966329"/>
    <nd ref="4228147701"/>
    <nd ref="4228966314"/>
    <nd ref="4228147702"/>
    <nd ref="4228966316"/>
    <nd ref="4228966317"/>
    <nd ref="4228966320"/>
    <nd ref="4228966321"/>
    <nd ref="4228147703"/>
    <nd ref="4228147704"/>
    <nd ref="4228147697"/>
    <tag k="addr:housenumber" v="7-11"/>
    <tag k="addr:street" v="Mandible Street"/>
    <tag k="industrial" v="laundry"/>
    <tag k="landuse" v="industrial"/>
    <tag k="name" v="Sunshine Laundry"/>
  </way>
  <way id="423216857">
    <nd ref="4228966312"/>
    <nd ref="4228966313"/>
    <nd ref="4228966329"/>
    <nd ref="4228147701"/>
    <nd ref="4228966314"/>
    <nd ref="4228966315"/>
    <nd ref="4228966316"/>
    <nd ref="4228966317"/>
    <nd ref="4228966318"/>
    <nd ref="4228966319"/>
    <nd ref="4228966320"/>
    <nd ref="4228966321"/>
    <nd ref="4228147703"/>
    <nd ref="4228147704"/>
    <nd ref="4228147697"/>
    <nd ref="4228147698"/>
    <nd ref="4228147699"/>
    <nd ref="4228966322"/>
    <nd ref="4228966312"/>
    <tag k="addr:housenumber" v="7-11"/>
    <tag k="addr:street" v="Mandible Street"/>
    <tag k="building" v="industrial"/>
    <tag k="industrial" v="laundry"/>
    <tag k="name" v="Sunshine Laundry"/>
  </way>
  <way id="423216858">
    <nd ref="4228966323"/>
    <nd ref="4228966324"/>
    <nd ref="4228966325"/>
    <nd ref="4228966326"/>
    <tag k="highway" v="service"/>
    <tag k="service" v="driveway"/>
  </way>
  <way id="423216859">
    <nd ref="4228966327"/>
    <nd ref="4228966328"/>
    <nd ref="4228966329"/>
    <tag k="highway" v="service"/>
    <tag k="service" v="driveway"/>
  </way>
  <way id="435895034">
    <nd ref="9439443028"/>
    <nd ref="9439443032"/>
    <nd ref="5657713438"/>
    <nd ref="4337878247"/>
    <nd ref="5657713437"/>
    <nd ref="4337878248"/>
    <nd ref="5657713436"/>
    <nd ref="4337878249"/>
    <nd ref="7899178513"/>
    <nd ref="4337878250"/>
    <nd ref="8530395952"/>
    <tag k="bicycle" v="designated"/>
    <tag k="foot" v="designated"/>
    <tag k="highway" v="cycleway"/>
    <tag k="oneway" v="no"/>
    <tag k="segregated" v="no"/>
    <tag k="source" v="survey"/>
    <tag k="surface" v="concrete"/>
  </way>
  <way id="440882190">
    <nd ref="4386530143"/>
    <nd ref="11118649550"/>
    <nd ref="4386530144"/>
    <tag k="highway" v="residential"/>
    <tag k="lane_markings" v="no"/>
    <tag k="maxspeed:type" v="AU:urban"/>
    <tag k="name" v="Hiles Street"/>
    <tag k="surface" v="asphalt"/>
  </way>
  <way id="440882191">
    <nd ref="4386530144"/>
    <nd ref="4386530147"/>
    <tag k="bridge" v="yes"/>
    <tag k="highway" v="service"/>
    <tag k="layer" v="1"/>
    <tag k="motor_vehicle" v="private"/>
  </way>
  <way id="440882192">
    <nd ref="4386530147"/>
    <nd ref="4386530148"/>
    <nd ref="4386530149"/>
    <tag k="highway" v="service"/>
    <tag k="motor_vehicle" v="private"/>
  </way>
  <way id="440882193">
    <nd ref="4386530150"/>
    <nd ref="4386530151"/>
    <tag k="bridge" v="yes"/>
    <tag k="highway" v="service"/>
    <tag k="layer" v="1"/>
    <tag k="motor_vehicle" v="private"/>
  </way>
  <way id="440882194">
    <nd ref="4386530151"/>
    <nd ref="4386530152"/>
    <nd ref="4386530153"/>
    <nd ref="4386530154"/>
    <nd ref="4386530155"/>
    <tag k="highway" v="service"/>
    <tag k="motor_vehicle" v="private"/>
    <tag k="surface" v="concrete"/>
  </way>
  <way id="440882196">
    <nd ref="4386530144"/>
    <nd ref="4386530150"/>
    <nd ref="4386530145"/>
    <tag k="highway" v="service"/>
    <tag k="service" v="alley"/>
  </way>
  <way id="440882197">
    <nd ref="4386530145"/>
    <nd ref="11118649549"/>
    <nd ref="4386530146"/>
    <tag k="highway" v="service"/>
    <tag k="name" v="McCauley Lane"/>
    <tag k="service" v="alley"/>
  </way>
  <way id="463262095">
    <nd ref="4585475275"/>
    <nd ref="2679574471"/>
    <tag k="handrail" v="yes"/>
    <tag k="highway" v="steps"/>
  </way>
  <way id="463262096">
    <nd ref="4585475276"/>
    <nd ref="5874667152"/>
    <nd ref="6763105514"/>
    <nd ref="8158053146"/>
    <nd ref="4585475275"/>
    <tag k="highway" v="unclassified"/>
    <tag k="name" v="Barker Street"/>
    <tag k="surface" v="paved"/>
  </way>
  <way id="463262098">
    <nd ref="4585475278"/>
    <nd ref="8158053149"/>
    <nd ref="4585475279"/>
    <nd ref="6089300957"/>
    <nd ref="3956861993"/>
    <tag k="highway" v="unclassified"/>
    <tag k="lane_markings" v="no"/>
    <tag k="name" v="Tweed Place"/>
    <tag k="oneway" v="no"/>
    <tag k="surface" v="paving_stones"/>
  </way>
  <way id="521118540">
    <nd ref="2041297203"/>
    <nd ref="1837594626"/>
    <tag k="cycleway" v="separate"/>
    <tag k="highway" v="residential"/>
    <tag k="lanes" v="2"/>
    <tag k="maxspeed" v="50"/>
    <tag k="name" v="George Street"/>
    <tag k="oneway" v="yes"/>
    <tag k="oneway:bicycle" v="no"/>
    <tag k="parking:lane" v="both"/>
    <tag k="sidewalk" v="both"/>
    <tag k="surface" v="asphalt"/>
    <tag k="turn:lanes" v="left;through|right"/>
  </way>
  <way id="521118541">
    <nd ref="1837594626"/>
    <nd ref="2830871837"/>
    <nd ref="5078042261"/>
    <tag k="cycleway" v="separate"/>
    <tag k="highway" v="residential"/>
    <tag k="lanes" v="2"/>
    <tag k="maxspeed" v="50"/>
    <tag k="name" v="George Street"/>
    <tag k="parking:lane" v="both"/>
    <tag k="sidewalk" v="both"/>
    <tag k="surface" v="asphalt"/>
    <tag k="turn:lanes:backward" v="left;right"/>
  </way>
  <way id="521118542">
    <nd ref="5078042262"/>
    <nd ref="2041297203"/>
    <tag k="cycleway" v="separate"/>
    <tag k="highway" v="residential"/>
    <tag k="lanes" v="2"/>
    <tag k="maxspeed" v="50"/>
    <tag k="name" v="George Street"/>
    <tag k="oneway" v="yes"/>
    <tag k="parking:lane" v="both"/>
    <tag k="sidewalk" v="both"/>
    <tag k="surface" v="asphalt"/>
    <tag k="turn:lanes" v="left;through|right"/>
  </way>
  <way id="521118543">
    <nd ref="5078042263"/>
    <nd ref="5663203836"/>
    <nd ref="1829424117"/>
    <nd ref="1837594617"/>
    <tag k="cycleway" v="separate"/>
    <tag k="highway" v="residential"/>
    <tag k="lanes" v="2"/>
    <tag k="name" v="Allen Street"/>
    <tag k="oneway" v="yes"/>
    <tag k="parking:lane:both" v="in-shoulder"/>
    <tag k="surface" v="asphalt"/>
    <tag k="turn:lanes" v="left|right"/>
  </way>
  <way id="521118544">
    <nd ref="4160614297"/>
    <nd ref="2679574465"/>
    <nd ref="1837594626"/>
    <tag k="cycleway" v="separate"/>
    <tag k="highway" v="residential"/>
    <tag k="lanes" v="1"/>
    <tag k="name" v="Allen Street"/>
    <tag k="overtaking" v="no"/>
    <tag k="surface" v="asphalt"/>
    <tag k="traffic_calming" v="choker"/>
  </way>
  <way id="521118545">
    <nd ref="1837594617"/>
    <nd ref="11347950915"/>
    <nd ref="2041297304"/>
    <nd ref="18454055"/>
    <tag k="highway" v="primary"/>
    <tag k="lanes" v="4"/>
    <tag k="lanes:backward" v="2"/>
    <tag k="lanes:forward" v="2"/>
    <tag k="maxspeed" v="50"/>
    <tag k="name" v="Botany Road"/>
    <tag k="surface" v="asphalt"/>
  </way>
  <way id="521118546">
    <nd ref="11258776438"/>
    <nd ref="1844755287"/>
    <tag k="cycleway:both" v="no"/>
    <tag k="hgv:conditional" v="no @ (21:00 - 09:00 AND weight&gt;4.5)"/>
    <tag k="highway" v="secondary"/>
    <tag k="lanes" v="2"/>
    <tag k="maxspeed" v="50"/>
    <tag k="name" v="Wyndham Street"/>
    <tag k="surface" v="asphalt"/>
  </way>
  <way id="533268125">
    <nd ref="5173811920"/>
    <nd ref="5173811903"/>
    <nd ref="5173811919"/>
    <nd ref="5173811918"/>
    <nd ref="5173811915"/>
    <nd ref="5173811917"/>
    <nd ref="5173811920"/>
    <tag k="building" v="yes"/>
  </way>
  <way id="533268128">
    <nd ref="5173811879"/>
    <nd ref="5173811893"/>
    <nd ref="5173811885"/>
    <nd ref="5173811890"/>
    <nd ref="5173811879"/>
    <tag k="building" v="yes"/>
    <tag k="building:levels" v="5"/>
  </way>
  <way id="533268129">
    <nd ref="5173811878"/>
    <nd ref="5173816528"/>
    <nd ref="10079895697"/>
    <nd ref="5173811912"/>
    <nd ref="5173811916"/>
    <nd ref="10079895696"/>
    <nd ref="5598162253"/>
    <nd ref="5598162254"/>
    <nd ref="5173811878"/>
    <tag k="addr:housenumber" v="222"/>
    <tag k="addr:street" v="Botany Road"/>
    <tag k="building" v="yes"/>
    <tag k="building:levels" v="9"/>
  </way>
  <way id="533268131">
    <nd ref="5173816523"/>
    <nd ref="5173811888"/>
    <nd ref="5173811897"/>
    <nd ref="5173811892"/>
    <nd ref="5173816523"/>
    <tag k="building" v="yes"/>
  </way>
  <way id="548683996">
    <nd ref="5300552684"/>
    <nd ref="5300552685"/>
    <nd ref="5300552686"/>
    <nd ref="5300552687"/>
    <nd ref="5300552688"/>
    <nd ref="5300552689"/>
    <nd ref="5300552690"/>
    <nd ref="5300552691"/>
    <nd ref="5300552692"/>
    <nd ref="5300552693"/>
    <nd ref="5300552694"/>
    <nd ref="5300552695"/>
    <nd ref="5300552696"/>
    <nd ref="5300552697"/>
    <nd ref="5300552698"/>
    <nd ref="5300552699"/>
    <nd ref="5300552700"/>
    <nd ref="5300552701"/>
    <nd ref="5300552702"/>
    <nd ref="5300552703"/>
    <nd ref="5300552704"/>
    <nd ref="5300552705"/>
    <nd ref="5300552706"/>
    <nd ref="5300552707"/>
    <nd ref="5300552708"/>
    <nd ref="5300552709"/>
    <nd ref="5300552710"/>
    <nd ref="5300552711"/>
    <nd ref="5300552712"/>
    <nd ref="5300552713"/>
    <nd ref="5300552714"/>
    <nd ref="5300552715"/>
    <nd ref="5300552716"/>
    <nd ref="5300552717"/>
    <nd ref="5300552718"/>
    <nd ref="5300552719"/>
    <nd ref="8650670271"/>
    <nd ref="5300552921"/>
    <nd ref="5300552922"/>
    <nd ref="5300552923"/>
    <nd ref="5300552924"/>
    <nd ref="5300552925"/>
    <nd ref="5300552684"/>
    <tag k="building:levels" v="28"/>
    <tag k="building:part" v="yes"/>
    <tag k="height" v="196"/>
    <tag k="name" v="OVO"/>
    <tag k="source:height" v="estimated for 3m * 28 levels"/>
  </way>
  <way id="548683997">
    <nd ref="5300552926"/>
    <nd ref="6763101970"/>
    <nd ref="6021876117"/>
    <nd ref="6763101969"/>
    <nd ref="5300552928"/>
    <nd ref="9655135503"/>
    <nd ref="5302627601"/>
    <nd ref="9655135504"/>
    <nd ref="5300552926"/>
    <tag k="addr:housenumber" v="6"/>
    <tag k="addr:postcode" v="2017"/>
    <tag k="addr:state" v="NSW"/>
    <tag k="addr:street" v="Ebsworth Street"/>
    <tag k="addr:suburb" v="Zetland"/>
    <tag k="building" v="apartments"/>
    <tag k="building:levels" v="7"/>
    <tag k="height" v="21"/>
    <tag k="source:height" v="estimated for 3m * 7 levels"/>
  </way>
  <way id="548683999">
    <nd ref="5300552933"/>
    <nd ref="5300552934"/>
    <nd ref="5300552935"/>
    <nd ref="5300552936"/>
    <nd ref="5300552933"/>
    <tag k="addr:housenumber" v="8"/>
    <tag k="addr:postcode" v="2017"/>
    <tag k="addr:state" v="NSW"/>
    <tag k="addr:street" v="Ebsworth Street"/>
    <tag k="addr:suburb" v="Zetland"/>
    <tag k="building" v="apartments"/>
    <tag k="building:levels" v="9"/>
  </way>
  <way id="548684002">
    <nd ref="6021876120"/>
    <nd ref="6763101968"/>
    <nd ref="6763101967"/>
    <nd ref="6763101966"/>
    <nd ref="5300552945"/>
    <nd ref="5300552946"/>
    <nd ref="5300552947"/>
    <nd ref="5300552948"/>
    <nd ref="6021876120"/>
    <tag k="building" v="apartments"/>
    <tag k="building:levels" v="4"/>
    <tag k="height" v="28"/>
    <tag k="source:height" v="estimated for 3m * 4 levels"/>
  </way>
  <way id="548685851">
    <nd ref="5300565545"/>
    <nd ref="5300565546"/>
    <nd ref="5300565547"/>
    <nd ref="5300565548"/>
    <nd ref="5300565549"/>
    <nd ref="5300565550"/>
    <nd ref="5300565551"/>
    <nd ref="9549197675"/>
    <nd ref="5300565552"/>
    <nd ref="5300565553"/>
    <nd ref="5300565554"/>
    <nd ref="5300565555"/>
    <nd ref="5300565556"/>
    <nd ref="6763105497"/>
    <nd ref="5300565557"/>
    <nd ref="5300565558"/>
    <nd ref="5300565559"/>
    <nd ref="9549197669"/>
    <nd ref="5300565560"/>
    <nd ref="5300565561"/>
    <nd ref="7888578534"/>
    <nd ref="5300565562"/>
    <nd ref="5300565563"/>
    <nd ref="7905473545"/>
    <nd ref="5300565564"/>
    <nd ref="5300565565"/>
    <nd ref="5300565566"/>
    <nd ref="5300565567"/>
    <nd ref="5300565568"/>
    <nd ref="5300565545"/>
  </way>
  <way id="552685950">
    <nd ref="5809738713"/>
    <nd ref="8158053148"/>
    <nd ref="5335753728"/>
    <nd ref="11732899166"/>
    <nd ref="11732899165"/>
    <nd ref="5335753729"/>
    <nd ref="5335753730"/>
    <nd ref="5809738713"/>
    <tag k="addr:housenumber" v="28"/>
    <tag k="addr:postcode" v="2017"/>
    <tag k="addr:state" v="NSW"/>
    <tag k="addr:street" v="Ebsworth Street"/>
    <tag k="addr:suburb" v="Zetland"/>
    <tag k="building" v="apartments"/>
    <tag k="building:levels" v="11"/>
  </way>
  <way id="568316751">
    <nd ref="1844755334"/>
    <nd ref="8519344335"/>
    <nd ref="11263989105"/>
    <nd ref="9036533361"/>
    <nd ref="1844755230"/>
    <nd ref="1837594591"/>
    <tag k="highway" v="tertiary"/>
    <tag k="lanes" v="4"/>
    <tag k="maxspeed" v="50"/>
    <tag k="name" v="Bourke Road"/>
    <tag k="surface" v="asphalt"/>
  </way>
  <way id="568316752">
    <nd ref="11263989101"/>
    <nd ref="1844755310"/>
    <nd ref="11263989100"/>
    <nd ref="1844755276"/>
    <nd ref="1837594591"/>
    <tag k="highway" v="primary"/>
    <tag k="lanes" v="4"/>
    <tag k="maxspeed" v="50"/>
    <tag k="name" v="O'Riordan Street"/>
    <tag k="surface" v="asphalt"/>
    <tag k="wikidata" v="Q105761359"/>
  </way>
  <way id="568332570">
    <nd ref="9544834608"/>
    <nd ref="6021876125"/>
    <nd ref="9544834609"/>
    <tag k="highway" v="residential"/>
    <tag k="name" v="Ebsworth Street"/>
    <tag k="parking:condition" v="ticket"/>
    <tag k="parking:condition:maxstay" v="2 hours @ (08:00-22:00)"/>
    <tag k="surface" v="asphalt"/>
  </way>
  <way id="568332571">
    <nd ref="3956861990"/>
    <nd ref="7066424988"/>
    <tag k="highway" v="primary"/>
    <tag k="lanes" v="4"/>
    <tag k="lanes:backward" v="2"/>
    <tag k="lanes:forward" v="2"/>
    <tag k="maxspeed" v="50"/>
    <tag k="name" v="Bourke Street"/>
    <tag k="surface" v="asphalt"/>
  </way>
  <way id="568335702">
    <nd ref="2679574468"/>
    <nd ref="8530395968"/>
    <nd ref="5663203840"/>
    <tag k="cycleway" v="separate"/>
    <tag k="highway" v="residential"/>
    <tag k="lanes" v="2"/>
    <tag k="maxspeed" v="50"/>
    <tag k="name" v="George Street"/>
    <tag k="parking:lane" v="both"/>
    <tag k="sidewalk" v="both"/>
    <tag k="surface" v="asphalt"/>
  </way>
  <way id="568335703">
    <nd ref="5663203840"/>
    <nd ref="671952469"/>
    <nd ref="6021876121"/>
    <nd ref="3956861990"/>
    <tag k="highway" v="primary"/>
    <tag k="lanes" v="4"/>
    <tag k="lanes:backward" v="2"/>
    <tag k="lanes:forward" v="2"/>
    <tag k="maxspeed" v="50"/>
    <tag k="name" v="Bourke Street"/>
    <tag k="overtaking" v="no"/>
    <tag k="surface" v="asphalt"/>
  </way>
  <way id="585889071">
    <nd ref="5598410057"/>
    <nd ref="5598410058"/>
    <nd ref="5598410059"/>
    <nd ref="5598410060"/>
    <nd ref="5598410057"/>
    <tag k="building" v="yes"/>
    <tag k="building:levels" v="2"/>
  </way>
  <way id="585889072">
    <nd ref="5598410061"/>
    <nd ref="5598410065"/>
    <nd ref="5598410062"/>
    <nd ref="5598410063"/>
    <nd ref="5598410071"/>
    <nd ref="772506355"/>
    <nd ref="772506344"/>
    <nd ref="5598410064"/>
    <nd ref="5598410061"/>
    <tag k="building" v="yes"/>
    <tag k="building:levels" v="12"/>
  </way>
  <way id="585889073">
    <nd ref="5598410065"/>
    <nd ref="5598410066"/>
    <nd ref="5598410067"/>
    <nd ref="5598410068"/>
    <nd ref="5598410069"/>
    <nd ref="5598410070"/>
    <nd ref="5598410071"/>
    <nd ref="5598410063"/>
    <nd ref="5598410062"/>
    <nd ref="5598410065"/>
    <tag k="building:levels" v="2"/>
    <tag k="building:part" v="yes"/>
  </way>
  <way id="585889074">
    <nd ref="5598410061"/>
    <nd ref="5598410072"/>
    <nd ref="5598410094"/>
    <nd ref="5598410073"/>
    <nd ref="5598410064"/>
    <nd ref="5598410061"/>
    <tag k="amenity" v="parking"/>
  </way>
  <way id="585889075">
    <nd ref="5598410076"/>
    <nd ref="5598410077"/>
    <nd ref="5598410078"/>
    <nd ref="772506339"/>
    <nd ref="5598410076"/>
    <tag k="building" v="yes"/>
    <tag k="building:levels" v="7"/>
  </way>
  <way id="585889076">
    <nd ref="5598410086"/>
    <nd ref="5598410087"/>
    <nd ref="5598410088"/>
    <nd ref="5598410089"/>
    <nd ref="5598410086"/>
    <tag k="leisure" v="swimming_pool"/>
  </way>
  <way id="585889079">
    <nd ref="5173811898"/>
    <nd ref="5598410090"/>
    <tag k="barrier" v="wall"/>
  </way>
  <way id="585889081">
    <nd ref="5598410091"/>
    <nd ref="5598410092"/>
    <nd ref="5598410093"/>
    <nd ref="5598410094"/>
    <nd ref="5598410095"/>
    <nd ref="772506621"/>
    <nd ref="5598410096"/>
    <nd ref="5598410091"/>
    <tag k="building" v="yes"/>
    <tag k="building:levels" v="1"/>
  </way>
  <way id="585889082">
    <nd ref="5598410097"/>
    <nd ref="5598410098"/>
    <nd ref="5598410099"/>
    <nd ref="5598410100"/>
    <nd ref="5598410101"/>
    <nd ref="5598410102"/>
    <nd ref="5598410103"/>
    <nd ref="5598410104"/>
    <nd ref="5598410105"/>
    <nd ref="5598410106"/>
    <nd ref="5598410097"/>
    <tag k="building:levels" v="5"/>
    <tag k="building:part" v="yes"/>
  </way>
  <way id="585889085">
    <nd ref="5598410107"/>
    <nd ref="5598410108"/>
    <nd ref="5598410109"/>
    <nd ref="5598410110"/>
    <nd ref="5598410107"/>
    <tag k="building:levels" v="5"/>
    <tag k="building:part" v="yes"/>
  </way>
  <way id="585889092">
    <nd ref="5598410111"/>
    <nd ref="5598410112"/>
    <nd ref="5598410113"/>
    <nd ref="5598410114"/>
    <nd ref="5598410115"/>
    <nd ref="5598410116"/>
    <nd ref="5598410084"/>
    <nd ref="772506629"/>
    <nd ref="5598410117"/>
    <nd ref="5598410111"/>
    <tag k="building:levels" v="5"/>
    <tag k="building:part" v="yes"/>
  </way>
  <way id="585889102">
    <nd ref="775904118"/>
    <nd ref="5598410118"/>
    <nd ref="5598410119"/>
    <nd ref="5598410120"/>
    <nd ref="5598410121"/>
    <nd ref="5598410122"/>
    <nd ref="5598410123"/>
    <nd ref="5598410124"/>
    <nd ref="5598410125"/>
    <nd ref="5598410126"/>
    <nd ref="5598410127"/>
    <nd ref="775904118"/>
    <tag k="building" v="yes"/>
    <tag k="building:levels" v="6"/>
  </way>
  <way id="585889106">
    <nd ref="5598410128"/>
    <nd ref="5598410136"/>
    <nd ref="5598410129"/>
    <nd ref="5598410130"/>
    <nd ref="5598410159"/>
    <nd ref="5598410133"/>
    <nd ref="5598410135"/>
    <nd ref="5598410134"/>
    <nd ref="5598410132"/>
    <nd ref="5598410131"/>
    <nd ref="5598410128"/>
    <tag k="building" v="yes"/>
    <tag k="building:levels" v="6"/>
  </way>
  <way id="585889109">
    <nd ref="5598410120"/>
    <nd ref="5598410129"/>
    <nd ref="5598410136"/>
    <nd ref="5598410121"/>
    <nd ref="5598410120"/>
    <tag k="building" v="yes"/>
    <tag k="building:levels" v="4"/>
  </way>
  <way id="585889113">
    <nd ref="5598410137"/>
    <nd ref="5598410158"/>
    <nd ref="5598410138"/>
    <nd ref="5598410139"/>
    <nd ref="5598410140"/>
    <nd ref="5598410141"/>
    <nd ref="5598410142"/>
    <nd ref="5598410143"/>
    <nd ref="5598410144"/>
    <nd ref="5598410137"/>
    <tag k="building" v="yes"/>
    <tag k="building:levels" v="6"/>
  </way>
  <way id="585889116">
    <nd ref="5598410145"/>
    <nd ref="5598410157"/>
    <nd ref="5598410146"/>
    <nd ref="5598410147"/>
    <nd ref="5598410148"/>
    <nd ref="5598410149"/>
    <nd ref="5598410150"/>
    <nd ref="5598410151"/>
    <nd ref="5598410152"/>
    <nd ref="5598410153"/>
    <nd ref="5598410154"/>
    <nd ref="5598410155"/>
    <nd ref="5598410156"/>
    <nd ref="5598410145"/>
    <tag k="building" v="yes"/>
    <tag k="building:levels" v="6"/>
  </way>
  <way id="585889120">
    <nd ref="5598410139"/>
    <nd ref="5598410146"/>
    <nd ref="5598410157"/>
    <nd ref="5598410140"/>
    <nd ref="5598410139"/>
    <tag k="building" v="yes"/>
    <tag k="building:levels" v="4"/>
  </way>
  <way id="585889122">
    <nd ref="5598410130"/>
    <nd ref="5598410138"/>
    <nd ref="5598410158"/>
    <nd ref="5598410159"/>
    <nd ref="5598410130"/>
    <tag k="building" v="yes"/>
    <tag k="building:levels" v="2"/>
  </way>
  <way id="585889123">
    <nd ref="5598410147"/>
    <nd ref="5598410160"/>
    <nd ref="5598410161"/>
    <nd ref="5598410162"/>
    <nd ref="5598410163"/>
    <nd ref="5598410164"/>
    <nd ref="5598410165"/>
    <nd ref="5598410166"/>
    <nd ref="5598410167"/>
    <nd ref="5598410168"/>
    <nd ref="5598410169"/>
    <nd ref="5598410148"/>
    <nd ref="5598410147"/>
    <tag k="building" v="yes"/>
    <tag k="building:levels" v="4"/>
  </way>
  <way id="585889124">
    <nd ref="5598410170"/>
    <nd ref="5598410171"/>
    <nd ref="5598410172"/>
    <nd ref="5598410173"/>
    <nd ref="5598410174"/>
    <nd ref="5598410175"/>
    <nd ref="5598410176"/>
    <nd ref="5598410177"/>
    <nd ref="5598410178"/>
    <nd ref="5598410179"/>
    <nd ref="5598410180"/>
    <nd ref="5598410181"/>
    <nd ref="5598410182"/>
    <nd ref="5598410183"/>
    <nd ref="5598410170"/>
    <tag k="building" v="yes"/>
    <tag k="building:levels" v="6"/>
  </way>
  <way id="585889125">
    <nd ref="772607524"/>
    <nd ref="5598410190"/>
    <nd ref="5598410191"/>
    <nd ref="5598410197"/>
    <nd ref="5598410192"/>
    <nd ref="772607524"/>
    <tag k="addr:country" v="AU"/>
    <tag k="addr:housenumber" v="2"/>
    <tag k="addr:postcode" v="2017"/>
    <tag k="addr:street" v="Allen Street"/>
    <tag k="addr:suburb" v="Waterloo"/>
    <tag k="building" v="yes"/>
    <tag k="building:levels" v="6"/>
  </way>
  <way id="585889126">
    <nd ref="5598410191"/>
    <nd ref="5598410193"/>
    <nd ref="5598410199"/>
    <nd ref="5598410204"/>
    <nd ref="5598410194"/>
    <nd ref="5598410195"/>
    <nd ref="5598410196"/>
    <nd ref="5598410197"/>
    <nd ref="5598410191"/>
    <tag k="building" v="yes"/>
    <tag k="building:levels" v="3"/>
  </way>
  <way id="585889127">
    <nd ref="5598410199"/>
    <nd ref="5598410200"/>
    <nd ref="5598410201"/>
    <nd ref="5598410202"/>
    <nd ref="5598410203"/>
    <nd ref="5598410204"/>
    <nd ref="5598410199"/>
    <tag k="building" v="yes"/>
    <tag k="building:levels" v="4"/>
  </way>
  <way id="585889128">
    <nd ref="5598410205"/>
    <nd ref="5598410206"/>
    <nd ref="5598410207"/>
    <nd ref="5598410208"/>
    <nd ref="5598410205"/>
    <tag k="building" v="yes"/>
    <tag k="building:levels" v="4"/>
  </way>
  <way id="585889129">
    <nd ref="5598410219"/>
    <nd ref="5598410220"/>
    <nd ref="5598410221"/>
    <nd ref="5598410222"/>
    <nd ref="5598410223"/>
    <nd ref="5598410224"/>
    <nd ref="5598410225"/>
    <nd ref="5598410226"/>
    <nd ref="5598410227"/>
    <nd ref="5598410228"/>
    <nd ref="5598410229"/>
    <nd ref="5598410230"/>
    <nd ref="5598410231"/>
    <nd ref="5598410232"/>
    <nd ref="5598410233"/>
    <nd ref="5598410234"/>
    <nd ref="5598410235"/>
    <nd ref="5598410236"/>
    <nd ref="5598410237"/>
    <nd ref="5598410238"/>
    <nd ref="5598410239"/>
    <nd ref="5598410240"/>
    <nd ref="5598410241"/>
    <nd ref="5598410242"/>
    <nd ref="5598410243"/>
    <nd ref="5598410244"/>
    <nd ref="5598410245"/>
    <nd ref="5598410246"/>
    <nd ref="5598410247"/>
    <nd ref="5598410248"/>
    <nd ref="5598410249"/>
    <nd ref="5598410251"/>
    <nd ref="5598410252"/>
    <nd ref="5598410250"/>
    <nd ref="5598410219"/>
    <tag k="addr:housenumber" v="351"/>
    <tag k="addr:street" v="George Street"/>
    <tag k="building" v="apartments"/>
    <tag k="building:levels" v="6"/>
  </way>
  <way id="585889132">
    <nd ref="775902454"/>
    <nd ref="5598410304"/>
    <nd ref="5598410305"/>
    <nd ref="5598410306"/>
    <nd ref="5598410307"/>
    <nd ref="5598410308"/>
    <nd ref="5598410309"/>
    <nd ref="775902454"/>
    <tag k="building" v="yes"/>
    <tag k="building:levels" v="2"/>
  </way>
  <way id="585889133">
    <nd ref="5598410317"/>
    <nd ref="5598410318"/>
    <nd ref="5598410319"/>
    <nd ref="5598410320"/>
    <nd ref="5598410321"/>
    <nd ref="5598410322"/>
    <nd ref="5598410323"/>
    <nd ref="5598410324"/>
    <nd ref="5598410325"/>
    <nd ref="5598410326"/>
    <nd ref="5598410327"/>
    <nd ref="5598410328"/>
    <nd ref="5598410317"/>
    <tag k="building" v="school"/>
    <tag k="building:levels" v="2"/>
  </way>
  <way id="585893902">
    <nd ref="778908585"/>
    <nd ref="5598447436"/>
    <nd ref="778908588"/>
    <nd ref="778908591"/>
    <nd ref="778908589"/>
    <nd ref="778908590"/>
    <nd ref="778908600"/>
    <nd ref="778908595"/>
    <nd ref="778908585"/>
    <tag k="building" v="yes"/>
    <tag k="building:levels" v="1"/>
  </way>
  <way id="585893903">
    <nd ref="5598447437"/>
    <nd ref="5598447440"/>
    <nd ref="5598447449"/>
    <nd ref="5598447441"/>
    <nd ref="5598447442"/>
    <nd ref="5598447437"/>
    <tag k="building" v="yes"/>
    <tag k="building:levels" v="2"/>
  </way>
  <way id="585893904">
    <nd ref="5598447443"/>
    <nd ref="5598447444"/>
    <nd ref="5598447445"/>
    <nd ref="5598447446"/>
    <nd ref="5598447443"/>
    <tag k="leisure" v="swimming_pool"/>
  </way>
  <way id="585893905">
    <nd ref="5598447440"/>
    <nd ref="11347950911"/>
    <nd ref="5598447447"/>
    <nd ref="5598447448"/>
    <nd ref="5598447449"/>
    <nd ref="5598447440"/>
    <tag k="building" v="yes"/>
    <tag k="building:levels" v="7"/>
  </way>
  <way id="585893906">
    <nd ref="5598447447"/>
    <nd ref="5598447450"/>
    <nd ref="5598447451"/>
    <nd ref="5598447453"/>
    <nd ref="5598447452"/>
    <nd ref="5598447447"/>
    <tag k="building" v="yes"/>
    <tag k="building:levels" v="7"/>
  </way>
  <way id="585893907">
    <nd ref="5598447453"/>
    <nd ref="5598447454"/>
    <nd ref="5598447455"/>
    <nd ref="5598447456"/>
    <nd ref="5598447457"/>
    <nd ref="5598447458"/>
    <nd ref="5598447459"/>
    <nd ref="5598447460"/>
    <nd ref="5598447461"/>
    <nd ref="5598447462"/>
    <nd ref="5598447463"/>
    <nd ref="5598447464"/>
    <nd ref="5598447465"/>
    <nd ref="5598447466"/>
    <nd ref="5598447467"/>
    <nd ref="5598447468"/>
    <nd ref="5598447469"/>
    <nd ref="5598447470"/>
    <nd ref="5598447471"/>
    <nd ref="5598447472"/>
    <nd ref="5598447452"/>
    <nd ref="5598447453"/>
    <tag k="building" v="yes"/>
    <tag k="building:levels" v="7"/>
  </way>
  <way id="585893908">
    <nd ref="5598447473"/>
    <nd ref="5598447474"/>
    <nd ref="5598447475"/>
    <nd ref="5598447476"/>
    <nd ref="5598447477"/>
    <nd ref="5598447478"/>
    <nd ref="5598447479"/>
    <nd ref="5598447480"/>
    <nd ref="5598447481"/>
    <nd ref="5598447482"/>
    <nd ref="5598447483"/>
    <nd ref="5598447484"/>
    <nd ref="5598447485"/>
    <nd ref="5598447486"/>
    <nd ref="5598447487"/>
    <nd ref="5598447473"/>
    <tag k="addr:housenumber" v="2-6"/>
    <tag k="addr:street" v="Mandible Street"/>
    <tag k="building" v="apartments"/>
    <tag k="building:levels" v="7"/>
  </way>
  <way id="585893909">
    <nd ref="5598447488"/>
    <nd ref="5598447489"/>
    <nd ref="5598447490"/>
    <nd ref="5598447491"/>
    <nd ref="5598447492"/>
    <nd ref="5598447493"/>
    <nd ref="5598447494"/>
    <nd ref="5598447495"/>
    <nd ref="5598447496"/>
    <nd ref="5598447497"/>
    <nd ref="5598447498"/>
    <nd ref="5598447441"/>
    <nd ref="5598447442"/>
    <nd ref="5598447488"/>
    <tag k="building" v="yes"/>
    <tag k="building:levels" v="7"/>
  </way>
  <way id="585893910">
    <nd ref="5598447499"/>
    <nd ref="5598447500"/>
    <nd ref="5598447501"/>
    <nd ref="5598447502"/>
    <nd ref="5598447503"/>
    <nd ref="5598447504"/>
    <nd ref="5598447499"/>
    <tag k="leisure" v="garden"/>
  </way>
  <way id="585893911">
    <nd ref="5598447513"/>
    <nd ref="5598448155"/>
    <nd ref="5598447514"/>
    <nd ref="11484027927"/>
    <nd ref="11484027925"/>
    <nd ref="11484027926"/>
    <nd ref="5598447515"/>
    <nd ref="10740557229"/>
    <nd ref="10740557226"/>
    <nd ref="10740557227"/>
    <nd ref="5598447516"/>
    <nd ref="10740539200"/>
    <nd ref="10740539199"/>
    <nd ref="5598447511"/>
    <nd ref="5598447513"/>
    <tag k="building" v="roof"/>
    <tag k="building:levels" v="1"/>
    <tag k="layer" v="1"/>
  </way>
  <way id="585893914">
    <nd ref="5598448140"/>
    <nd ref="5598448141"/>
    <nd ref="5598448142"/>
    <nd ref="7539540725"/>
    <nd ref="11484027960"/>
    <nd ref="11484027961"/>
    <nd ref="11484027962"/>
    <nd ref="11484027964"/>
    <nd ref="11484027965"/>
    <nd ref="11484027963"/>
    <nd ref="5598448143"/>
    <nd ref="5598448144"/>
    <nd ref="5598448145"/>
    <nd ref="5598448146"/>
    <nd ref="5598448147"/>
    <nd ref="5598448148"/>
    <nd ref="11484027948"/>
    <nd ref="11484027951"/>
    <nd ref="11484027950"/>
    <nd ref="11484027949"/>
    <nd ref="5598448149"/>
    <nd ref="5598448150"/>
    <nd ref="10740556046"/>
    <nd ref="5598448151"/>
    <nd ref="5598448152"/>
    <nd ref="775914172"/>
    <nd ref="775914150"/>
    <nd ref="775914148"/>
    <nd ref="10740539198"/>
    <nd ref="775913759"/>
    <nd ref="775913758"/>
    <nd ref="5598447510"/>
    <nd ref="5598447511"/>
    <nd ref="10740539199"/>
    <nd ref="10740539200"/>
    <nd ref="5598447516"/>
    <nd ref="10740557227"/>
    <nd ref="10740557226"/>
    <nd ref="10740557229"/>
    <nd ref="5598447515"/>
    <nd ref="11484027926"/>
    <nd ref="11484027925"/>
    <nd ref="11484027927"/>
    <nd ref="5598447514"/>
    <nd ref="5598448155"/>
    <nd ref="5598448156"/>
    <nd ref="10975810658"/>
    <nd ref="5598447512"/>
    <nd ref="5598447509"/>
    <nd ref="5598447508"/>
    <nd ref="6560219242"/>
    <nd ref="5598447507"/>
    <nd ref="775913757"/>
    <nd ref="775913756"/>
    <nd ref="5598448140"/>
  </way>
  <way id="585893915">
    <nd ref="5598448159"/>
    <nd ref="5598448172"/>
    <nd ref="5598448160"/>
    <nd ref="5598448161"/>
    <nd ref="5598448162"/>
    <nd ref="5598448163"/>
    <nd ref="5598448159"/>
    <tag k="building" v="yes"/>
    <tag k="building:levels" v="2"/>
  </way>
  <way id="585893916">
    <nd ref="5598448159"/>
    <nd ref="5598448164"/>
    <nd ref="5598448179"/>
    <nd ref="5598448190"/>
    <nd ref="5598448165"/>
    <nd ref="5598448191"/>
    <nd ref="5598448166"/>
    <nd ref="5598448167"/>
    <nd ref="5598448168"/>
    <nd ref="5598448169"/>
    <nd ref="5598448170"/>
    <nd ref="5598448171"/>
    <nd ref="5598448172"/>
    <nd ref="5598448159"/>
    <tag k="building" v="yes"/>
    <tag k="building:levels" v="2"/>
  </way>
  <way id="585893917">
    <nd ref="5598448173"/>
    <nd ref="5598448174"/>
    <nd ref="5598448175"/>
    <nd ref="5598448176"/>
    <nd ref="5598448177"/>
    <nd ref="5598448178"/>
    <nd ref="5598448173"/>
    <tag k="building" v="yes"/>
    <tag k="building:levels" v="3"/>
  </way>
  <way id="585893918">
    <nd ref="5598448178"/>
    <nd ref="5598448164"/>
    <nd ref="5598448179"/>
    <nd ref="5598448180"/>
    <nd ref="5598448178"/>
    <tag k="building" v="yes"/>
    <tag k="building:levels" v="2"/>
  </way>
  <way id="585893919">
    <nd ref="5598448181"/>
    <nd ref="5598448182"/>
    <nd ref="5598448183"/>
    <nd ref="5598448184"/>
    <nd ref="5598448193"/>
    <nd ref="5598448185"/>
    <nd ref="5598448186"/>
    <nd ref="5598448187"/>
    <nd ref="5598448188"/>
    <nd ref="5598448189"/>
    <nd ref="5598448181"/>
    <tag k="building" v="yes"/>
    <tag k="building:levels" v="3"/>
  </way>
  <way id="585893920">
    <nd ref="5598448186"/>
    <nd ref="5598448190"/>
    <nd ref="5598448165"/>
    <nd ref="5598448191"/>
    <nd ref="5598448192"/>
    <nd ref="5598448185"/>
    <nd ref="5598448186"/>
    <tag k="building" v="yes"/>
    <tag k="building:levels" v="2"/>
  </way>
  <way id="585893921">
    <nd ref="5598448193"/>
    <nd ref="5598448194"/>
    <nd ref="5598448195"/>
    <nd ref="5598448196"/>
    <nd ref="5598448197"/>
    <nd ref="5598448198"/>
    <nd ref="3390218361"/>
    <nd ref="3390218366"/>
    <nd ref="5598448184"/>
    <nd ref="5598448193"/>
    <tag k="addr:housenumber" v="713-715"/>
    <tag k="addr:street" v="Elizabeth Street"/>
    <tag k="building" v="apartments"/>
    <tag k="building:levels" v="2"/>
  </way>
  <way id="593697879">
    <nd ref="673987445"/>
    <nd ref="673987446"/>
    <nd ref="5663203842"/>
    <tag k="foot" v="yes"/>
    <tag k="highway" v="cycleway"/>
    <tag k="lanes" v="2"/>
    <tag k="segregated" v="no"/>
    <tag k="source" v="nearmap, survey"/>
    <tag k="surface" v="asphalt"/>
  </way>
  <way id="593709631">
    <nd ref="12618172345"/>
    <nd ref="7895181247"/>
    <nd ref="7895181248"/>
    <tag k="crossing" v="traffic_signals"/>
    <tag k="footway" v="crossing"/>
    <tag k="highway" v="footway"/>
    <tag k="oneway" v="no"/>
    <tag k="segregated" v="no"/>
    <tag k="source" v="lpi_imagery"/>
    <tag k="surface" v="asphalt"/>
  </way>
  <way id="612299606">
    <nd ref="5796144449"/>
    <nd ref="5796144450"/>
    <nd ref="5796144451"/>
    <nd ref="8153582018"/>
    <nd ref="5796144452"/>
    <nd ref="5796144453"/>
    <nd ref="5796144449"/>
    <tag k="addr:country" v="AU"/>
    <tag k="addr:housenumber" v="781-785"/>
    <tag k="addr:postcode" v="2017"/>
    <tag k="addr:state" v="NSW"/>
    <tag k="addr:street" v="Elizabeth Street"/>
    <tag k="addr:suburb" v="Zetland"/>
    <tag k="building" v="retail"/>
    <tag k="building:levels" v="2"/>
  </way>
  <way id="612299607">
    <nd ref="5796144454"/>
    <nd ref="6770787969"/>
    <nd ref="5796144455"/>
    <nd ref="5796144456"/>
    <nd ref="5796144457"/>
    <nd ref="5796144458"/>
    <nd ref="5796144459"/>
    <nd ref="6770787968"/>
    <nd ref="5796144460"/>
    <nd ref="5796144454"/>
    <tag k="addr:housenumber" v="936"/>
    <tag k="addr:postcode" v="2017"/>
    <tag k="addr:state" v="NSW"/>
    <tag k="addr:street" v="Bourke Street"/>
    <tag k="addr:suburb" v="Zetland"/>
    <tag k="billiards:pool" v="0"/>
    <tag k="building" v="retail"/>
    <tag k="building:levels" v="2"/>
    <tag k="name" v="Zetland Hotel"/>
    <tag k="phone" v="+61 2 9167 9991"/>
    <tag k="smoking" v="outside"/>
    <tag k="website" v="https://zetlandhotel.com.au/"/>
  </way>
  <way id="612299608">
    <nd ref="5796144462"/>
    <nd ref="5796144463"/>
    <nd ref="5796144464"/>
    <nd ref="8153669433"/>
    <nd ref="5796144465"/>
    <nd ref="5796144466"/>
    <nd ref="5796144467"/>
    <nd ref="5796144462"/>
    <tag k="addr:country" v="AU"/>
    <tag k="addr:housenumber" v="729-731"/>
    <tag k="addr:postcode" v="2017"/>
    <tag k="addr:state" v="NSW"/>
    <tag k="addr:street" v="Merton Street"/>
    <tag k="addr:suburb" v="Zetland"/>
    <tag k="building" v="commercial"/>
    <tag k="building:levels" v="2"/>
  </way>
  <way id="614152385">
    <nd ref="5809738694"/>
    <nd ref="6763209675"/>
    <nd ref="5809738695"/>
    <nd ref="5809738696"/>
    <nd ref="6763209676"/>
    <nd ref="5809738697"/>
    <nd ref="5809738694"/>
    <tag k="building:levels" v="8"/>
    <tag k="building:part" v="yes"/>
    <tag k="name" v="Green Square Library Tower"/>
    <tag k="roof:shape" v="flat"/>
  </way>
  <way id="614152386">
    <nd ref="5809738698"/>
    <nd ref="5809738699"/>
    <nd ref="5809738700"/>
    <nd ref="5809738701"/>
    <nd ref="6763209673"/>
    <nd ref="5809738702"/>
    <nd ref="5809738703"/>
    <nd ref="5809738704"/>
    <nd ref="5809738698"/>
    <tag k="addr:housenumber" v="355"/>
    <tag k="addr:postcode" v="2017"/>
    <tag k="addr:state" v="NSW"/>
    <tag k="addr:street" v="Botany Road"/>
    <tag k="addr:suburb" v="Zetland"/>
    <tag k="amenity" v="library"/>
    <tag k="architect" v="Stewart Hollenstein"/>
    <tag k="building" v="civic"/>
    <tag k="internet_access" v="wlan"/>
    <tag k="internet_access:fee" v="no"/>
    <tag k="level" v="-1"/>
    <tag k="name" v="Green Square Library"/>
    <tag k="opening_hours" v="Mo-Fr 10:00-18:00; Sa-Su 10:00-16:00"/>
    <tag k="operator" v="City of Sydney"/>
    <tag k="phone" v="+61 2 9288 5010"/>
    <tag k="website" v="https://www.cityofsydney.nsw.gov.au/explore/libraries/locations/green-square"/>
    <tag k="wikidata" v="Q66409275"/>
  </way>
  <way id="614152389">
    <nd ref="5809738705"/>
    <nd ref="11484006898"/>
    <nd ref="11484006899"/>
    <nd ref="7905473539"/>
    <nd ref="5300565564"/>
    <nd ref="7905473545"/>
    <nd ref="5300565563"/>
    <nd ref="5300565562"/>
    <nd ref="7888578534"/>
    <nd ref="5300565561"/>
    <nd ref="5300565560"/>
    <nd ref="9549197669"/>
    <nd ref="5300565559"/>
    <nd ref="11484006900"/>
    <nd ref="11685959842"/>
    <nd ref="11484006902"/>
    <nd ref="11484006901"/>
    <nd ref="6089300966"/>
    <nd ref="6089300970"/>
    <nd ref="8755644799"/>
    <nd ref="8756939926"/>
    <nd ref="8756939927"/>
    <nd ref="8755644802"/>
    <nd ref="5809738708"/>
    <nd ref="8755644812"/>
    <nd ref="9631117565"/>
    <nd ref="9631117564"/>
    <nd ref="5809738709"/>
    <nd ref="5809738710"/>
    <nd ref="9357235623"/>
    <nd ref="5809738711"/>
    <nd ref="9998653909"/>
    <nd ref="5809738712"/>
    <nd ref="6763209665"/>
    <nd ref="7905473538"/>
    <nd ref="5809738705"/>
  </way>
  <way id="614152391">
    <nd ref="5809738714"/>
    <nd ref="5809738715"/>
    <nd ref="8158053150"/>
    <nd ref="5809738716"/>
    <nd ref="5809738717"/>
    <nd ref="5809738714"/>
    <tag k="addr:housenumber" v="18"/>
    <tag k="addr:postcode" v="2017"/>
    <tag k="addr:state" v="NSW"/>
    <tag k="addr:street" v="Ebsworth Street"/>
    <tag k="addr:suburb" v="Zetland"/>
    <tag k="building" v="apartments"/>
    <tag k="building:levels" v="11"/>
  </way>
  <way id="614152393">
    <nd ref="5809738717"/>
    <nd ref="5335753729"/>
    <nd ref="5335753730"/>
    <nd ref="5809738714"/>
    <nd ref="5809738717"/>
    <tag k="building" v="yes"/>
    <tag k="building:levels" v="3"/>
  </way>
  <way id="621869806">
    <nd ref="9544834606"/>
    <nd ref="6021496454"/>
    <nd ref="4585475276"/>
    <nd ref="7066425016"/>
    <nd ref="5874667133"/>
    <nd ref="6089300939"/>
    <nd ref="3956861996"/>
    <nd ref="6089300940"/>
    <nd ref="5874667138"/>
    <nd ref="12295955799"/>
    <nd ref="9630841221"/>
    <nd ref="5874667132"/>
    <tag k="highway" v="residential"/>
    <tag k="lanes" v="2"/>
    <tag k="name" v="Ebsworth Street"/>
    <tag k="surface" v="asphalt"/>
  </way>
  <way id="621869808">
    <nd ref="11052140752"/>
    <nd ref="9160247641"/>
    <nd ref="11052140743"/>
    <nd ref="8663752241"/>
    <nd ref="9160247639"/>
    <nd ref="9160247638"/>
    <nd ref="9920608638"/>
    <nd ref="9160247637"/>
    <nd ref="9160247636"/>
    <nd ref="9160247635"/>
    <nd ref="9160247640"/>
    <nd ref="11052140757"/>
    <tag k="foot" v="no"/>
    <tag k="highway" v="cycleway"/>
    <tag k="oneway" v="no"/>
    <tag k="surface" v="asphalt"/>
  </way>
  <way id="621869809">
    <nd ref="5874667144"/>
    <nd ref="5874667133"/>
    <nd ref="5874667134"/>
    <tag k="footway" v="sidewalk"/>
    <tag k="highway" v="footway"/>
  </way>
  <way id="621869812">
    <nd ref="5874667140"/>
    <nd ref="5874667141"/>
    <nd ref="9960976426"/>
    <nd ref="5874667148"/>
    <tag k="footway" v="sidewalk"/>
    <tag k="highway" v="footway"/>
  </way>
  <way id="621869813">
    <nd ref="9630841221"/>
    <nd ref="5874667147"/>
    <nd ref="5874667143"/>
    <tag k="dual_carriageway" v="yes"/>
    <tag k="highway" v="residential"/>
    <tag k="lanes" v="2"/>
    <tag k="name" v="Zetland Avenue"/>
    <tag k="oneway" v="yes"/>
  </way>
  <way id="621869815">
    <nd ref="7888578529"/>
    <nd ref="5874667150"/>
    <nd ref="5874667149"/>
    <nd ref="10102319558"/>
    <nd ref="9960976437"/>
    <tag k="crossing" v="traffic_signals"/>
    <tag k="crossing:island" v="no"/>
    <tag k="crossing:markings" v="dashes"/>
    <tag k="crossing:signals" v="yes"/>
    <tag k="footway" v="crossing"/>
    <tag k="highway" v="footway"/>
    <tag k="surface" v="asphalt"/>
  </way>
  <way id="621869817">
    <nd ref="6089300946"/>
    <nd ref="10102319565"/>
    <nd ref="5874667137"/>
    <nd ref="5874667151"/>
    <nd ref="6089300937"/>
    <tag k="bicycle" v="yes"/>
    <tag k="crossing" v="traffic_signals"/>
    <tag k="crossing:island" v="no"/>
    <tag k="crossing:markings" v="dashes"/>
    <tag k="crossing:signals" v="yes"/>
    <tag k="foot" v="yes"/>
    <tag k="footway" v="crossing"/>
    <tag k="highway" v="footway"/>
    <tag k="lit" v="yes"/>
    <tag k="surface" v="asphalt"/>
  </way>
  <way id="621869818">
    <nd ref="6089300957"/>
    <nd ref="8727141792"/>
    <nd ref="6763105517"/>
    <nd ref="6763105515"/>
    <nd ref="6763105514"/>
    <nd ref="6763105511"/>
    <nd ref="5874667144"/>
    <tag k="highway" v="footway"/>
    <tag k="maxspeed" v="10"/>
  </way>
  <way id="638976544">
    <nd ref="5874667132"/>
    <nd ref="9630841219"/>
    <nd ref="5874667141"/>
    <nd ref="9960961205"/>
    <nd ref="6089300941"/>
    <nd ref="9357235625"/>
    <nd ref="7066425015"/>
    <tag k="highway" v="residential"/>
    <tag k="lanes" v="3"/>
    <tag k="lanes:backward" v="2"/>
    <tag k="lanes:forward" v="2"/>
    <tag k="lit" v="yes"/>
    <tag k="name" v="Paul Street"/>
    <tag k="surface" v="asphalt"/>
    <tag k="turn:lanes:backward" v="none|right"/>
    <tag k="turn:lanes:forward" v="none|right"/>
  </way>
  <way id="638976545">
    <nd ref="6021496455"/>
    <nd ref="11484006902"/>
    <tag k="cycleway:both" v="no"/>
    <tag k="highway" v="residential"/>
    <tag k="lanes" v="1"/>
    <tag k="lit" v="yes"/>
    <tag k="maxspeed" v="50"/>
    <tag k="name" v="Tweed Place"/>
    <tag k="oneway" v="yes"/>
    <tag k="sidewalk" v="both"/>
    <tag k="source:maxspeed" v="AU:urban"/>
    <tag k="surface" v="paving_stones"/>
  </way>
  <way id="638976547">
    <nd ref="9544769011"/>
    <nd ref="8755644797"/>
    <nd ref="6763209674"/>
    <nd ref="7066425028"/>
    <nd ref="8755644812"/>
    <nd ref="6763105508"/>
    <nd ref="7066425029"/>
    <nd ref="5874667132"/>
    <tag k="highway" v="living_street"/>
    <tag k="lanes" v="1"/>
    <tag k="lit" v="yes"/>
    <tag k="maxspeed" v="10"/>
    <tag k="noname" v="yes"/>
    <tag k="oneway" v="yes"/>
    <tag k="parking:condition" v="no_stopping"/>
    <tag k="surface" v="paving_stones"/>
  </way>
  <way id="638976549">
    <nd ref="5874667136"/>
    <nd ref="5874667138"/>
    <nd ref="5874667146"/>
    <tag k="footway" v="sidewalk"/>
    <tag k="highway" v="footway"/>
  </way>
  <way id="639023903">
    <nd ref="1845672322"/>
    <nd ref="7066425005"/>
    <nd ref="7066425004"/>
    <nd ref="8090776496"/>
    <nd ref="1845672321"/>
    <nd ref="12035170824"/>
    <nd ref="1823375472"/>
    <tag k="hgv" v="destination"/>
    <tag k="highway" v="service"/>
    <tag k="maxspeed" v="50"/>
    <tag k="maxweight" v="3"/>
    <tag k="name" v="Navins Lane"/>
    <tag k="service" v="alley"/>
    <tag k="sidewalk:both" v="yes"/>
    <tag k="source:maxspeed" v="AU:urban"/>
    <tag k="source:name" v="NSW LPI Base Map"/>
    <tag k="source:name:date" v="2015-12"/>
    <tag k="surface" v="asphalt"/>
    <tag k="width" v="4"/>
  </way>
  <way id="639023905">
    <nd ref="2679574471"/>
    <nd ref="7066424998"/>
    <nd ref="3956879750"/>
    <tag k="highway" v="living_street"/>
    <tag k="lanes" v="1"/>
    <tag k="maxspeed" v="10"/>
    <tag k="name" v="Portman Lane"/>
    <tag k="oneway" v="no"/>
    <tag k="surface" v="paving_stones"/>
    <tag k="width" v="4"/>
  </way>
  <way id="639023906">
    <nd ref="1823375451"/>
    <nd ref="7066425003"/>
    <nd ref="9630865963"/>
    <nd ref="1823375553"/>
    <nd ref="10003333227"/>
    <nd ref="5125745320"/>
    <nd ref="1823375517"/>
    <tag k="highway" v="residential"/>
    <tag k="maxweight" v="3"/>
    <tag k="name" v="Merton Street"/>
    <tag k="source" v="survey"/>
    <tag k="surface" v="asphalt"/>
  </way>
  <way id="639023907">
    <nd ref="11052140759"/>
    <nd ref="7066425022"/>
    <nd ref="7066425023"/>
    <nd ref="7066425025"/>
    <tag k="dual_carriageway" v="yes"/>
    <tag k="highway" v="residential"/>
    <tag k="lanes" v="1"/>
    <tag k="lit" v="yes"/>
    <tag k="maxspeed" v="50"/>
    <tag k="name" v="Geddes Avenue"/>
    <tag k="oneway" v="yes"/>
    <tag k="source:maxspeed" v="AU:urban"/>
    <tag k="surface" v="asphalt"/>
  </way>
  <way id="639023908">
    <nd ref="1823375451"/>
    <nd ref="3956879747"/>
    <nd ref="1823375468"/>
    <nd ref="9630907857"/>
    <tag k="bicycle" v="designated"/>
    <tag k="highway" v="residential"/>
    <tag k="maxspeed" v="50"/>
    <tag k="name" v="Portman Street"/>
    <tag k="source" v="physical inspection"/>
    <tag k="surface" v="asphalt"/>
  </way>
  <way id="639029269">
    <nd ref="3956879742"/>
    <nd ref="6763101961"/>
    <nd ref="6763105486"/>
    <nd ref="6763101955"/>
    <tag k="highway" v="footway"/>
  </way>
  <way id="639029270">
    <nd ref="6021876124"/>
    <nd ref="6021876123"/>
    <tag k="handrail" v="yes"/>
    <tag k="highway" v="steps"/>
    <tag k="incline" v="up"/>
    <tag k="ramp" v="no"/>
  </way>
  <way id="639029271">
    <nd ref="6021876124"/>
    <nd ref="6763101983"/>
    <nd ref="6763101982"/>
    <nd ref="6763101965"/>
    <tag k="highway" v="footway"/>
    <tag k="incline" v="down"/>
  </way>
  <way id="644263884">
    <nd ref="6059640391"/>
    <nd ref="6059640400"/>
    <nd ref="11445742421"/>
    <nd ref="11445742422"/>
    <nd ref="11445742423"/>
    <nd ref="11445742424"/>
    <nd ref="6059640389"/>
    <nd ref="6059640397"/>
    <nd ref="11445742419"/>
    <nd ref="11445742420"/>
    <nd ref="11445742418"/>
    <nd ref="11445742417"/>
    <nd ref="11445742416"/>
    <nd ref="11445742415"/>
    <nd ref="6059640391"/>
    <tag k="building" v="hotel"/>
    <tag k="building:levels" v="7"/>
    <tag k="name" v="ValueSuites Green Square"/>
    <tag k="tourism" v="hotel"/>
  </way>
  <way id="648634602">
    <nd ref="11536196046"/>
    <nd ref="6774203567"/>
    <nd ref="6774203568"/>
    <nd ref="11945247320"/>
    <nd ref="6774203569"/>
    <nd ref="6774203570"/>
    <nd ref="11052140744"/>
    <tag k="footway" v="sidewalk"/>
    <tag k="highway" v="footway"/>
    <tag k="surface" v="paved"/>
  </way>
  <way id="648634604">
    <nd ref="5874667148"/>
    <nd ref="5874667142"/>
    <nd ref="9920608632"/>
    <nd ref="9920562981"/>
    <nd ref="9630841222"/>
    <tag k="footway" v="sidewalk"/>
    <tag k="highway" v="footway"/>
  </way>
  <way id="648634605">
    <nd ref="5874667146"/>
    <nd ref="6089300956"/>
    <nd ref="12295955798"/>
    <nd ref="5874667147"/>
    <nd ref="9629022324"/>
    <nd ref="9630841218"/>
    <nd ref="9960976422"/>
    <nd ref="5874667148"/>
    <nd ref="6089300953"/>
    <nd ref="9920562976"/>
    <nd ref="6089300947"/>
    <nd ref="6089300951"/>
    <nd ref="7888578527"/>
    <nd ref="9920562972"/>
    <nd ref="9630841222"/>
    <tag k="footway" v="sidewalk"/>
    <tag k="highway" v="footway"/>
    <tag k="surface" v="paving_stones"/>
  </way>
  <way id="648634606">
    <nd ref="11927704369"/>
    <nd ref="11434934493"/>
    <nd ref="9630865955"/>
    <tag k="footway" v="sidewalk"/>
    <tag k="highway" v="footway"/>
  </way>
  <way id="648634607">
    <nd ref="5874667144"/>
    <nd ref="6089300959"/>
    <nd ref="5874667145"/>
    <nd ref="5874667146"/>
    <tag k="footway" v="sidewalk"/>
    <tag k="highway" v="footway"/>
  </way>
  <way id="648634608">
    <nd ref="6763209665"/>
    <nd ref="11484006896"/>
    <nd ref="9998653900"/>
    <nd ref="9998653908"/>
    <nd ref="9998653901"/>
    <tag k="bicycle" v="yes"/>
    <tag k="footway" v="sidewalk"/>
    <tag k="highway" v="footway"/>
    <tag k="source:bicycle" v="survey;no end shared path sign"/>
    <tag k="surface" v="paving_stones"/>
  </way>
  <way id="648634609">
    <nd ref="6089300966"/>
    <nd ref="11484006901"/>
    <nd ref="6089300967"/>
    <nd ref="8755644798"/>
    <nd ref="8755644801"/>
    <nd ref="8755644800"/>
    <nd ref="8755644799"/>
    <nd ref="6089300970"/>
    <nd ref="6089300966"/>
    <tag k="landuse" v="construction"/>
  </way>
  <way id="676684898">
    <nd ref="6336703197"/>
    <nd ref="6336703198"/>
    <tag k="highway" v="service"/>
    <tag k="service" v="parking_aisle"/>
    <tag k="surface" v="asphalt"/>
  </way>
  <way id="676684899">
    <nd ref="6336703199"/>
    <nd ref="6336703197"/>
    <tag k="highway" v="service"/>
    <tag k="surface" v="asphalt"/>
  </way>
  <way id="676684900">
    <nd ref="6336703209"/>
    <nd ref="6336703201"/>
    <nd ref="6336703200"/>
    <nd ref="6336703202"/>
    <tag k="highway" v="service"/>
  </way>
  <way id="676684901">
    <nd ref="6336703211"/>
    <nd ref="11263998258"/>
    <nd ref="6336703199"/>
    <nd ref="6336703210"/>
    <nd ref="6336703209"/>
    <nd ref="6336703208"/>
    <nd ref="6336703207"/>
    <nd ref="6336703206"/>
    <nd ref="6336703205"/>
    <nd ref="6336703204"/>
    <nd ref="6336703203"/>
    <nd ref="6336703202"/>
    <nd ref="6336703208"/>
    <tag k="highway" v="service"/>
  </way>
  <way id="678561162">
    <nd ref="6353688185"/>
    <nd ref="6353688186"/>
    <nd ref="6353688187"/>
    <nd ref="6353688188"/>
    <nd ref="6353688189"/>
    <nd ref="8276859644"/>
    <nd ref="6353688190"/>
    <nd ref="6353688191"/>
    <nd ref="6353688192"/>
    <nd ref="6353688193"/>
    <nd ref="6353688194"/>
    <nd ref="6353688195"/>
    <nd ref="8315333928"/>
    <nd ref="8315333921"/>
    <nd ref="8315333927"/>
    <nd ref="6353688196"/>
    <nd ref="8315333926"/>
    <nd ref="8315333920"/>
    <nd ref="8315333925"/>
    <nd ref="6353688197"/>
    <nd ref="8315333924"/>
    <nd ref="8315333919"/>
    <nd ref="8315333923"/>
    <nd ref="6353688198"/>
    <nd ref="8315333922"/>
    <nd ref="6353688199"/>
    <nd ref="8315333929"/>
    <nd ref="8315333930"/>
    <nd ref="8315333932"/>
    <nd ref="6353688200"/>
    <nd ref="8276859592"/>
    <nd ref="6353688185"/>
    <tag k="building" v="retail"/>
    <tag k="name" v="Ferrari Maserati Sydney"/>
  </way>
  <way id="683495275">
    <nd ref="6401946767"/>
    <nd ref="6401946771"/>
    <nd ref="6401946768"/>
    <nd ref="6401946769"/>
    <nd ref="6401946770"/>
    <nd ref="6401946767"/>
    <tag k="addr:housenumber" v="17"/>
    <tag k="addr:postcode" v="2015"/>
    <tag k="addr:state" v="NSW"/>
    <tag k="addr:street" v="Victoria Street"/>
    <tag k="addr:suburb" v="Beaconsfield"/>
    <tag k="building" v="residential"/>
    <tag k="building:levels" v="2"/>
    <tag k="building:material" v="masonry"/>
    <tag k="height" v="6.5"/>
    <tag k="note" v="Building Type: Terrace house"/>
    <tag k="roof:colour" v="darkgrey"/>
    <tag k="source" v="survey;aerial imagery;sit visit"/>
  </way>
  <way id="683495276">
    <nd ref="6401946767"/>
    <nd ref="6401946771"/>
    <nd ref="6401946772"/>
    <nd ref="6401946773"/>
    <nd ref="6401946767"/>
    <tag k="addr:housenumber" v="15"/>
    <tag k="addr:postcode" v="2015"/>
    <tag k="addr:state" v="NSW"/>
    <tag k="addr:street" v="Victoria Street"/>
    <tag k="addr:suburb" v="Beaconsfield"/>
    <tag k="building" v="residential"/>
    <tag k="building:levels" v="2"/>
    <tag k="building:material" v="masonry"/>
    <tag k="height" v="6.5"/>
    <tag k="note" v="Building Type: Terrace House"/>
    <tag k="roof:colour" v="darkgrey"/>
    <tag k="source" v="aerial imagery;survey;sit visit"/>
  </way>
  <way id="683495277">
    <nd ref="6401946773"/>
    <nd ref="6401946772"/>
    <nd ref="6401946774"/>
    <nd ref="6401946775"/>
    <nd ref="6401946773"/>
    <tag k="addr:housenumber" v="13"/>
    <tag k="addr:postcode" v="2015"/>
    <tag k="addr:state" v="NSW"/>
    <tag k="addr:street" v="Victoria Street"/>
    <tag k="addr:suburb" v="Beaconsfield"/>
    <tag k="building" v="residential"/>
    <tag k="building:levels" v="2"/>
    <tag k="building:material" v="masonry"/>
    <tag k="height" v="6.5"/>
    <tag k="note" v="Building Type: Terrace House"/>
    <tag k="roof:colour" v="darkgrey"/>
    <tag k="source" v="survey;aerial imagery;sit visit"/>
  </way>
  <way id="683495278">
    <nd ref="6401946775"/>
    <nd ref="6401946774"/>
    <nd ref="6401946776"/>
    <nd ref="6401946777"/>
    <nd ref="6401946782"/>
    <nd ref="6401946778"/>
    <nd ref="6401946779"/>
    <nd ref="6401946780"/>
    <nd ref="6401946775"/>
    <tag k="addr:housenumber" v="9"/>
    <tag k="addr:postcode" v="2015"/>
    <tag k="addr:state" v="NSW"/>
    <tag k="addr:street" v="Victoria Street"/>
    <tag k="addr:suburb" v="Beaconsfield"/>
    <tag k="building" v="residential"/>
    <tag k="building:levels" v="2"/>
    <tag k="building:material" v="masonry"/>
    <tag k="height" v="6"/>
    <tag k="note" v="Building Type: House"/>
    <tag k="source" v="aerial imagery;Sit visit;survey"/>
  </way>
  <way id="683495279">
    <nd ref="6401946781"/>
    <nd ref="6401946778"/>
    <nd ref="6401946782"/>
    <nd ref="6401946783"/>
    <nd ref="6401946784"/>
    <nd ref="6401946781"/>
    <tag k="addr:housenumber" v="7c"/>
    <tag k="addr:postcode" v="2015"/>
    <tag k="addr:state" v="NSW"/>
    <tag k="addr:street" v="Victoria Street"/>
    <tag k="addr:suburb" v="Beaconsfield"/>
    <tag k="building" v="residential"/>
    <tag k="building:levels" v="2"/>
    <tag k="building:material" v="masonry"/>
    <tag k="height" v="6.5"/>
    <tag k="note" v="Building Type: Terrace House"/>
    <tag k="source" v="survey;aerial imagery;site visit"/>
  </way>
  <way id="683495280">
    <nd ref="6401946784"/>
    <nd ref="6401946783"/>
    <nd ref="6401947085"/>
    <nd ref="6401947087"/>
    <nd ref="6401947086"/>
    <nd ref="6401946784"/>
    <tag k="addr:housenumber" v="7b"/>
    <tag k="addr:postcode" v="2015"/>
    <tag k="addr:state" v="NSW"/>
    <tag k="addr:street" v="Victoria Street"/>
    <tag k="addr:suburb" v="Beaconsfield"/>
    <tag k="building" v="residential"/>
    <tag k="building:levels" v="2"/>
    <tag k="building:material" v="masonry"/>
    <tag k="height" v="6.5"/>
    <tag k="note" v="Building Type: Terrace House"/>
    <tag k="source" v="survey;aerial imagery;site visit"/>
  </way>
  <way id="683495281">
    <nd ref="6401947086"/>
    <nd ref="6401947087"/>
    <nd ref="6401947088"/>
    <nd ref="6401947091"/>
    <nd ref="6401947089"/>
    <nd ref="6401947086"/>
    <tag k="addr:housenumber" v="7a"/>
    <tag k="addr:postcode" v="2015"/>
    <tag k="addr:state" v="NSW"/>
    <tag k="addr:street" v="Victoria Street"/>
    <tag k="addr:suburb" v="Beaconsfield"/>
    <tag k="building" v="residential"/>
    <tag k="building:material" v="masonry"/>
    <tag k="note" v="Building Type: Terrace House"/>
    <tag k="source" v="survey;aerial imagery;sit visit"/>
  </way>
  <way id="683495282">
    <nd ref="6401947090"/>
    <nd ref="6401947089"/>
    <nd ref="6401947091"/>
    <nd ref="6401947092"/>
    <nd ref="6401947093"/>
    <nd ref="6401947094"/>
    <nd ref="6401947090"/>
    <tag k="addr:housenumber" v="1"/>
    <tag k="addr:postcode" v="2015"/>
    <tag k="addr:state" v="NSW"/>
    <tag k="addr:street" v="Victoria Street"/>
    <tag k="addr:suburb" v="Beaconsfield"/>
    <tag k="building" v="residential"/>
    <tag k="building:levels" v="2"/>
    <tag k="building:material" v="cement_block"/>
    <tag k="height" v="6.5"/>
    <tag k="source" v="survey;aerial imagery;sit visit"/>
  </way>
  <way id="683495283">
    <nd ref="6401947092"/>
    <nd ref="6401947091"/>
    <nd ref="6401947095"/>
    <nd ref="6401947096"/>
    <nd ref="6401947097"/>
    <nd ref="6401947092"/>
    <tag k="addr:housenumber" v="3"/>
    <tag k="addr:postcode" v="2015"/>
    <tag k="addr:state" v="NSW"/>
    <tag k="addr:street" v="Victoria Street"/>
    <tag k="addr:suburb" v="Beaconsfield"/>
    <tag k="building" v="residential"/>
    <tag k="building:levels" v="2"/>
    <tag k="height" v="6.5"/>
    <tag k="source" v="survey;aerial imagery;sit visit"/>
  </way>
  <way id="683503677">
    <nd ref="775914149"/>
    <nd ref="775914154"/>
    <nd ref="775914144"/>
    <nd ref="6402024638"/>
    <nd ref="775914149"/>
    <tag k="building" v="commercial"/>
    <tag k="name" v="Coates Hire Alexandria"/>
  </way>
  <way id="683503678">
    <nd ref="775914166"/>
    <nd ref="9891336283"/>
    <nd ref="6402024639"/>
    <nd ref="9891336284"/>
    <nd ref="6402024640"/>
    <nd ref="6402024638"/>
    <nd ref="775914149"/>
    <nd ref="6402024641"/>
    <nd ref="775914169"/>
    <nd ref="775914179"/>
    <nd ref="775914166"/>
    <tag k="landuse" v="commercial"/>
  </way>
  <way id="684278710">
    <nd ref="6410536667"/>
    <nd ref="6410536668"/>
    <nd ref="6410536669"/>
    <nd ref="6410536670"/>
    <nd ref="6410536671"/>
    <nd ref="6410536672"/>
    <nd ref="6410536673"/>
    <nd ref="6410536674"/>
    <nd ref="6410536675"/>
    <nd ref="6410536676"/>
    <nd ref="6410536667"/>
    <tag k="addr:housenumber" v="87"/>
    <tag k="addr:postcode" v="2015"/>
    <tag k="addr:state" v="NSW"/>
    <tag k="addr:street" v="Queen Street"/>
    <tag k="addr:suburb" v="Beaconsfield"/>
    <tag k="building" v="residential"/>
    <tag k="building:levels" v="1"/>
    <tag k="height" v="3.5"/>
  </way>
  <way id="684278711">
    <nd ref="6410536677"/>
    <nd ref="6410536678"/>
    <nd ref="6410536679"/>
    <nd ref="6410536680"/>
    <nd ref="6410536681"/>
    <nd ref="6410536682"/>
    <nd ref="6410536683"/>
    <nd ref="6410536677"/>
    <tag k="addr:housenumber" v="9"/>
    <tag k="addr:postcode" v="2015"/>
    <tag k="addr:state" v="NSW"/>
    <tag k="addr:street" v="Queen Street"/>
    <tag k="addr:suburb" v="Beaconsfield"/>
    <tag k="building" v="residential"/>
    <tag k="building:levels" v="1"/>
    <tag k="height" v="3.5"/>
  </way>
  <way id="684278712">
    <nd ref="6410536684"/>
    <nd ref="6410536885"/>
    <nd ref="6410536886"/>
    <nd ref="6410536887"/>
    <nd ref="6410536888"/>
    <nd ref="6410536684"/>
    <tag k="addr:housenumber" v="3"/>
    <tag k="addr:postcode" v="2015"/>
    <tag k="addr:state" v="NSW"/>
    <tag k="addr:street" v="Queen Street"/>
    <tag k="addr:suburb" v="Beaconsfield"/>
    <tag k="building" v="residential"/>
    <tag k="building:levels" v="1"/>
    <tag k="height" v="3.5"/>
  </way>
  <way id="684278713">
    <nd ref="6410536889"/>
    <nd ref="6410536890"/>
    <nd ref="6410536891"/>
    <nd ref="6410536892"/>
    <nd ref="6410536893"/>
    <nd ref="6410536894"/>
    <nd ref="6410536895"/>
    <nd ref="6410536889"/>
    <tag k="addr:housenumber" v="1"/>
    <tag k="addr:postcode" v="2015"/>
    <tag k="addr:state" v="NSW"/>
    <tag k="addr:street" v="Queen Street"/>
    <tag k="addr:suburb" v="Beaconsfield"/>
    <tag k="building" v="residential"/>
    <tag k="building:levels" v="1"/>
    <tag k="height" v="3.5"/>
  </way>
  <way id="684278718">
    <nd ref="6410536918"/>
    <nd ref="6410536919"/>
    <nd ref="6410536920"/>
    <nd ref="6410536921"/>
    <nd ref="6410536918"/>
    <tag k="addr:housenumber" v="12-14"/>
    <tag k="addr:postcode" v="2015"/>
    <tag k="addr:state" v="NSW"/>
    <tag k="addr:street" v="Victoria Street"/>
    <tag k="addr:suburb" v="Beaconsfield"/>
    <tag k="building" v="yes"/>
    <tag k="building:levels" v="2"/>
    <tag k="height" v="6"/>
  </way>
  <way id="684278719">
    <nd ref="6410536922"/>
    <nd ref="6410536923"/>
    <nd ref="6410536924"/>
    <nd ref="6410536925"/>
    <nd ref="6410536922"/>
    <tag k="addr:housenumber" v="10"/>
    <tag k="addr:postcode" v="2015"/>
    <tag k="addr:state" v="NSW"/>
    <tag k="addr:street" v="Victoria Street"/>
    <tag k="addr:suburb" v="Beaconsfield"/>
    <tag k="building" v="residential"/>
    <tag k="building:levels" v="1"/>
    <tag k="height" v="3"/>
  </way>
  <way id="684278720">
    <nd ref="6410536926"/>
    <nd ref="6410536927"/>
    <nd ref="6410536928"/>
    <nd ref="6410536929"/>
    <nd ref="6410536926"/>
    <tag k="addr:housenumber" v="6-14"/>
    <tag k="addr:postcode" v="2015"/>
    <tag k="addr:state" v="NSW"/>
    <tag k="addr:street" v="Victoria Street"/>
    <tag k="addr:suburb" v="Beaconsfield"/>
    <tag k="building" v="residential"/>
    <tag k="building:levels" v="2"/>
    <tag k="height" v="6"/>
  </way>
  <way id="684278721">
    <nd ref="6410536930"/>
    <nd ref="6410536931"/>
    <nd ref="6410536932"/>
    <nd ref="6410536933"/>
    <nd ref="6410536930"/>
    <tag k="addr:housenumber" v="2"/>
    <tag k="addr:postcode" v="2015"/>
    <tag k="addr:state" v="NSW"/>
    <tag k="addr:street" v="Victoria Street"/>
    <tag k="addr:suburb" v="Beaconsfield"/>
    <tag k="landuse" v="retail"/>
  </way>
  <way id="684278732">
    <nd ref="6410537012"/>
    <nd ref="6410537013"/>
    <nd ref="6410537014"/>
    <nd ref="6410537015"/>
    <nd ref="6410537016"/>
    <nd ref="6410537017"/>
    <nd ref="6410537012"/>
    <tag k="addr:housenumber" v="2"/>
    <tag k="addr:street" v="Johnson Street"/>
    <tag k="building" v="commercial"/>
    <tag k="name" v="J.A. Wales Printers"/>
  </way>
  <way id="700878733">
    <nd ref="1823375407"/>
    <nd ref="12013971996"/>
    <nd ref="12013971995"/>
    <nd ref="1823375426"/>
    <tag k="highway" v="service"/>
    <tag k="name" v="Emanuel Lane"/>
    <tag k="parking:condition:left" v="free"/>
    <tag k="parking:lane:left" v="parallel"/>
    <tag k="parking:lane:left:parallel" v="on_street"/>
    <tag k="parking:lane:right" v="no_stopping"/>
    <tag k="service" v="alley"/>
    <tag k="source" v="Bing"/>
    <tag k="surface" v="paved"/>
  </way>
  <way id="701285233">
    <nd ref="6586189654"/>
    <nd ref="4337878249"/>
    <nd ref="6586189656"/>
    <nd ref="9160254390"/>
    <nd ref="9160254389"/>
    <nd ref="6586189653"/>
    <nd ref="6586189657"/>
    <nd ref="6586189658"/>
    <nd ref="8158053132"/>
    <nd ref="6586189655"/>
    <tag k="highway" v="unclassified"/>
    <tag k="lanes" v="2"/>
    <tag k="name" v="Kingsborough Way"/>
    <tag k="source:geometry" v="NSW LPI Base Map"/>
    <tag k="source:name" v="NSW LPI Base Map"/>
    <tag k="surface" v="asphalt"/>
  </way>
  <way id="720742376">
    <nd ref="4064559639"/>
    <nd ref="5300552947"/>
    <tag k="bicycle" v="designated"/>
    <tag k="foot" v="designated"/>
    <tag k="highway" v="cycleway"/>
    <tag k="maxspeed" v="50"/>
  </way>
  <way id="720742377">
    <nd ref="6763101955"/>
    <nd ref="6763101969"/>
    <tag k="bicycle" v="designated"/>
    <tag k="foot" v="designated"/>
    <tag k="highway" v="cycleway"/>
    <tag k="oneway" v="no"/>
    <tag k="segregated" v="no"/>
  </way>
  <way id="720742378">
    <nd ref="5300552947"/>
    <nd ref="6763101968"/>
    <tag k="bicycle" v="designated"/>
    <tag k="foot" v="designated"/>
    <tag k="highway" v="cycleway"/>
    <tag k="note" v="There is no evidence of maxspeed or maxspeed:advisory for this section on the ground.  (10) signs on the ground are maxspeed:advisory, maxspeed is normally 50 due to state law covering roads and road related areas"/>
    <tag k="oneway" v="no"/>
    <tag k="segregated" v="no"/>
    <tag k="tunnel" v="covered"/>
  </way>
  <way id="720742379">
    <nd ref="6763101968"/>
    <nd ref="6763101955"/>
    <tag k="bicycle" v="designated"/>
    <tag k="foot" v="designated"/>
    <tag k="highway" v="cycleway"/>
    <tag k="oneway" v="no"/>
    <tag k="segregated" v="no"/>
  </way>
  <way id="720742380">
    <nd ref="6763101962"/>
    <nd ref="6763101963"/>
    <nd ref="6763101964"/>
    <nd ref="6763101971"/>
    <nd ref="6763101970"/>
    <tag k="bicycle" v="yes"/>
    <tag k="footway" v="sidewalk"/>
    <tag k="highway" v="footway"/>
    <tag k="source:bicycle" v="survey;no end shared path sign"/>
    <tag k="surface" v="paving_stones"/>
    <tag k="tunnel" v="covered"/>
  </way>
  <way id="720742381">
    <nd ref="6763101970"/>
    <nd ref="6763101965"/>
    <tag k="bicycle" v="yes"/>
    <tag k="footway" v="sidewalk"/>
    <tag k="highway" v="footway"/>
    <tag k="source:bicycle" v="survey;no end shared path sign"/>
  </way>
  <way id="720742382">
    <nd ref="6763101973"/>
    <nd ref="7895181244"/>
    <nd ref="7905473533"/>
    <tag k="bicycle" v="designated"/>
    <tag k="foot" v="designated"/>
    <tag k="highway" v="cycleway"/>
    <tag k="maxspeed" v="10"/>
    <tag k="oneway" v="no"/>
    <tag k="segregated" v="no"/>
    <tag k="surface" v="asphalt"/>
  </way>
  <way id="720742383">
    <nd ref="6763101965"/>
    <nd ref="6021876125"/>
    <tag k="highway" v="footway"/>
  </way>
  <way id="720742384">
    <nd ref="6763101965"/>
    <nd ref="6763105493"/>
    <nd ref="8727141790"/>
    <nd ref="6089300957"/>
    <tag k="bicycle" v="yes"/>
    <tag k="footway" v="sidewalk"/>
    <tag k="highway" v="footway"/>
    <tag k="source:bicycle" v="survey;no end shared path sign"/>
  </way>
  <way id="720742386">
    <nd ref="6763105493"/>
    <nd ref="6763105494"/>
    <nd ref="6763105495"/>
    <tag k="highway" v="footway"/>
  </way>
  <way id="720742387">
    <nd ref="6763105495"/>
    <nd ref="4585475280"/>
    <tag k="highway" v="footway"/>
  </way>
  <way id="720742388">
    <nd ref="6021496455"/>
    <nd ref="11685959848"/>
    <nd ref="6763105497"/>
    <tag k="highway" v="service"/>
    <tag k="service" v="driveway"/>
  </way>
  <way id="720742389">
    <nd ref="6763105511"/>
    <nd ref="6763105512"/>
    <nd ref="6763105513"/>
    <tag k="bicycle" v="designated"/>
    <tag k="foot" v="designated"/>
    <tag k="highway" v="cycleway"/>
  </way>
  <way id="720742390">
    <nd ref="6763105515"/>
    <nd ref="6021496454"/>
    <nd ref="6763105516"/>
    <tag k="highway" v="footway"/>
  </way>
  <way id="720742391">
    <nd ref="6763105517"/>
    <nd ref="6021496453"/>
    <nd ref="6763105518"/>
    <tag k="highway" v="footway"/>
  </way>
  <way id="720791110">
    <nd ref="6763209656"/>
    <nd ref="6763209657"/>
    <nd ref="6763209658"/>
    <nd ref="6763209659"/>
    <nd ref="6763209656"/>
    <tag k="landuse" v="grass"/>
  </way>
  <way id="720791111">
    <nd ref="6763209665"/>
    <nd ref="6763209666"/>
    <tag k="handrail" v="yes"/>
    <tag k="highway" v="steps"/>
    <tag k="incline" v="up"/>
    <tag k="step_count" v="7"/>
  </way>
  <way id="720791112">
    <nd ref="6021496457"/>
    <nd ref="7905473548"/>
    <nd ref="6763209666"/>
    <tag k="footway" v="sidewalk"/>
    <tag k="highway" v="footway"/>
  </way>
  <way id="720791113">
    <nd ref="6763209667"/>
    <nd ref="6763209671"/>
    <nd ref="6763209668"/>
    <nd ref="6763209669"/>
    <nd ref="6763209670"/>
    <nd ref="9549150605"/>
    <nd ref="6763209667"/>
    <tag k="building:part" v="yes"/>
    <tag k="roof:shape" v="skillion"/>
  </way>
  <way id="720791114">
    <nd ref="6763209672"/>
    <nd ref="11484006914"/>
    <nd ref="6763209673"/>
    <tag k="handrail" v="yes"/>
    <tag k="highway" v="steps"/>
    <tag k="incline" v="up"/>
  </way>
  <way id="720791115">
    <nd ref="6763209673"/>
    <nd ref="11484006915"/>
    <nd ref="6763209674"/>
    <tag k="footway" v="sidewalk"/>
    <tag k="highway" v="footway"/>
    <tag k="surface" v="paving_stones"/>
  </way>
  <way id="720818077">
    <nd ref="7905473548"/>
    <nd ref="11685959842"/>
    <nd ref="11685959848"/>
    <nd ref="11685959846"/>
    <nd ref="6763105495"/>
    <nd ref="9549197676"/>
    <nd ref="6763101973"/>
    <tag k="bicycle" v="yes"/>
    <tag k="footway" v="sidewalk"/>
    <tag k="highway" v="footway"/>
    <tag k="lit" v="yes"/>
    <tag k="segregated" v="no"/>
    <tag k="source:bicycle" v="survey;no end shared path sign"/>
    <tag k="surface" v="paving_stones"/>
  </way>
  <way id="721775203">
    <nd ref="8530395952"/>
    <nd ref="4337878251"/>
    <nd ref="6770787965"/>
    <tag k="bicycle" v="designated"/>
    <tag k="crossing" v="traffic_signals"/>
    <tag k="cycleway" v="crossing"/>
    <tag k="foot" v="designated"/>
    <tag k="highway" v="cycleway"/>
    <tag k="maxspeed" v="50"/>
    <tag k="oneway" v="no"/>
    <tag k="segregated" v="no"/>
    <tag k="source" v="survey"/>
    <tag k="surface" v="asphalt"/>
  </way>
  <way id="721775204">
    <nd ref="6770787969"/>
    <nd ref="6770787968"/>
    <tag k="bicycle" v="designated"/>
    <tag k="foot" v="designated"/>
    <tag k="highway" v="cycleway"/>
    <tag k="oneway" v="no"/>
    <tag k="segregated" v="no"/>
    <tag k="tunnel" v="covered"/>
  </way>
  <way id="721775205">
    <nd ref="6770787968"/>
    <nd ref="12618163264"/>
    <nd ref="6770787966"/>
    <tag k="bicycle" v="designated"/>
    <tag k="foot" v="designated"/>
    <tag k="highway" v="cycleway"/>
    <tag k="maxspeed" v="50"/>
    <tag k="segregated" v="no"/>
    <tag k="source" v="survey"/>
    <tag k="surface" v="asphalt"/>
  </way>
  <way id="721898342">
    <nd ref="9630865963"/>
    <nd ref="9630865954"/>
    <nd ref="9630865953"/>
    <nd ref="9630865952"/>
    <nd ref="9630865951"/>
    <nd ref="9630865950"/>
    <nd ref="9630865949"/>
    <nd ref="9630865948"/>
    <tag k="footway" v="sidewalk"/>
    <tag k="highway" v="footway"/>
  </way>
  <way id="722174545">
    <nd ref="1823375277"/>
    <nd ref="6774161694"/>
    <nd ref="7877404881"/>
    <nd ref="6774161693"/>
    <nd ref="9631035903"/>
    <nd ref="7066425018"/>
    <nd ref="9631035906"/>
    <nd ref="6089300960"/>
    <tag k="highway" v="residential"/>
    <tag k="lanes" v="2"/>
    <tag k="lit" v="yes"/>
    <tag k="maxspeed" v="40"/>
    <tag k="name" v="Paul Street"/>
    <tag k="source:maxspeed" v="AU:urban"/>
    <tag k="surface" v="asphalt"/>
    <tag k="traffic_calming" v="island"/>
  </way>
  <way id="756564600">
    <nd ref="673985950"/>
    <nd ref="5663268542"/>
    <nd ref="9494687347"/>
    <nd ref="5663268541"/>
    <tag k="highway" v="primary"/>
    <tag k="lit" v="yes"/>
    <tag k="maxspeed" v="50"/>
    <tag k="name" v="Botany Road"/>
    <tag k="sidewalk:left" v="separate"/>
    <tag k="sidewalk:right" v="yes"/>
    <tag k="source:maxspeed" v="bing"/>
    <tag k="surface" v="asphalt"/>
  </way>
  <way id="756564601">
    <nd ref="7066424988"/>
    <nd ref="7066425010"/>
    <nd ref="8519344353"/>
    <nd ref="5663268545"/>
    <nd ref="7895181245"/>
    <nd ref="1837594591"/>
    <tag k="highway" v="primary"/>
    <tag k="lanes" v="5"/>
    <tag k="lanes:backward" v="2"/>
    <tag k="lanes:forward" v="3"/>
    <tag k="lit" v="yes"/>
    <tag k="maxspeed" v="50"/>
    <tag k="name" v="Bourke Street"/>
    <tag k="surface" v="asphalt"/>
    <tag k="turn:lanes:forward" v="left;through|through|slight_right"/>
  </way>
  <way id="756564602">
    <nd ref="1823375472"/>
    <nd ref="3956879738"/>
    <nd ref="3956879741"/>
    <nd ref="10003333237"/>
    <nd ref="5125745321"/>
    <nd ref="1823375374"/>
    <tag k="hgv" v="destination"/>
    <tag k="highway" v="residential"/>
    <tag k="maxspeed" v="40"/>
    <tag k="maxweight" v="3"/>
    <tag k="name" v="Elizabeth Street"/>
    <tag k="surface" v="asphalt"/>
  </way>
  <way id="756564603">
    <nd ref="11052140749"/>
    <nd ref="5874667137"/>
    <nd ref="10102319566"/>
    <nd ref="11052140747"/>
    <nd ref="7066425014"/>
    <nd ref="9920608637"/>
    <nd ref="9357235624"/>
    <nd ref="7066425013"/>
    <tag k="dual_carriageway" v="yes"/>
    <tag k="highway" v="residential"/>
    <tag k="lanes" v="1"/>
    <tag k="lit" v="yes"/>
    <tag k="maxspeed" v="50"/>
    <tag k="maxweight" v="3"/>
    <tag k="name" v="Geddes Avenue"/>
    <tag k="oneway" v="yes"/>
    <tag k="source:maxspeed" v="AU:urban"/>
    <tag k="surface" v="asphalt"/>
  </way>
  <way id="756564604">
    <nd ref="7066425013"/>
    <nd ref="8663752242"/>
    <nd ref="11052140746"/>
    <nd ref="7181176540"/>
    <nd ref="11052140740"/>
    <tag k="dual_carriageway" v="yes"/>
    <tag k="highway" v="residential"/>
    <tag k="lanes" v="2"/>
    <tag k="maxspeed" v="50"/>
    <tag k="maxweight" v="3"/>
    <tag k="name" v="Geddes Avenue"/>
    <tag k="oneway" v="yes"/>
    <tag k="source:maxspeed" v="AU:urban"/>
    <tag k="surface" v="asphalt"/>
  </way>
  <way id="756564605">
    <nd ref="11052140749"/>
    <nd ref="5874667128"/>
    <nd ref="9920608642"/>
    <nd ref="11052140755"/>
    <nd ref="6089300960"/>
    <tag k="highway" v="residential"/>
    <tag k="lanes" v="3"/>
    <tag k="lanes:backward" v="2"/>
    <tag k="lanes:forward" v="1"/>
    <tag k="lit" v="yes"/>
    <tag k="name" v="Paul Street"/>
    <tag k="surface" v="asphalt"/>
    <tag k="turn:lanes:backward" v="none|right"/>
  </way>
  <way id="756564607">
    <nd ref="7066425015"/>
    <nd ref="11052140758"/>
    <nd ref="11052140753"/>
    <nd ref="9920608641"/>
    <nd ref="5874667131"/>
    <tag k="highway" v="residential"/>
    <tag k="lanes" v="4"/>
    <tag k="lanes:backward" v="2"/>
    <tag k="lanes:forward" v="2"/>
    <tag k="lit" v="yes"/>
    <tag k="name" v="Paul Street"/>
    <tag k="surface" v="asphalt"/>
    <tag k="turn:lanes:forward" v="none|right"/>
  </way>
  <way id="756564608">
    <nd ref="5874667151"/>
    <nd ref="5874667128"/>
    <nd ref="5874667150"/>
    <tag k="bicycle" v="dismount"/>
    <tag k="crossing" v="traffic_signals"/>
    <tag k="crossing:island" v="no"/>
    <tag k="crossing:markings" v="no"/>
    <tag k="crossing:signals" v="yes"/>
    <tag k="cycleway" v="crossing"/>
    <tag k="highway" v="cycleway"/>
    <tag k="lit" v="yes"/>
    <tag k="surface" v="asphalt"/>
  </way>
  <way id="756564610">
    <nd ref="11052140788"/>
    <nd ref="11052140783"/>
    <nd ref="11052140781"/>
    <nd ref="11052140782"/>
    <nd ref="9629037723"/>
    <nd ref="9629037724"/>
    <nd ref="9629037725"/>
    <nd ref="11052140779"/>
    <nd ref="9629037726"/>
    <tag k="foot" v="no"/>
    <tag k="highway" v="cycleway"/>
    <tag k="oneway" v="no"/>
    <tag k="surface" v="asphalt"/>
  </way>
  <way id="756564614">
    <nd ref="3956861993"/>
    <nd ref="4585475280"/>
    <nd ref="6021496455"/>
    <tag k="highway" v="residential"/>
    <tag k="lanes" v="2"/>
    <tag k="lit" v="yes"/>
    <tag k="maxspeed" v="50"/>
    <tag k="name" v="Tweed Place"/>
    <tag k="oneway" v="no"/>
    <tag k="source:maxspeed" v="AU:urban"/>
    <tag k="surface" v="paving_stones"/>
  </way>
  <way id="761913538">
    <nd ref="7118689921"/>
    <nd ref="7157815982"/>
    <nd ref="7157815981"/>
    <nd ref="7157828985"/>
    <nd ref="7157828986"/>
    <nd ref="7157815984"/>
    <nd ref="7157815983"/>
    <nd ref="7157828987"/>
    <nd ref="7157828988"/>
    <nd ref="7118689930"/>
    <nd ref="7118689931"/>
    <nd ref="7118689932"/>
    <nd ref="7118689933"/>
    <nd ref="7118689934"/>
    <nd ref="7118689935"/>
    <nd ref="7118689936"/>
    <nd ref="7118689921"/>
    <tag k="building" v="fire_station"/>
  </way>
  <way id="761913539">
    <nd ref="7118689937"/>
    <nd ref="7118689938"/>
    <nd ref="7118689939"/>
    <nd ref="7118689940"/>
    <nd ref="7118689937"/>
    <tag k="generator:method" v="photovoltaic"/>
    <tag k="generator:output:electricity" v="yes"/>
    <tag k="generator:place" v="roof"/>
    <tag k="generator:solar:modules" v="558"/>
    <tag k="generator:source" v="solar"/>
    <tag k="generator:type" v="solar_photovoltaic_panel"/>
    <tag k="power" v="generator"/>
    <tag k="source" v="LPI NSW Imagery"/>
    <tag k="source:date" v="2018-04-07"/>
  </way>
  <way id="761913568">
    <nd ref="7118682240"/>
    <nd ref="7118682241"/>
    <nd ref="7118682242"/>
    <nd ref="7118682243"/>
    <nd ref="7118682244"/>
    <nd ref="7118682245"/>
    <nd ref="7118682246"/>
    <nd ref="7118682247"/>
    <nd ref="7118682248"/>
    <nd ref="7118682249"/>
    <nd ref="7118682250"/>
    <nd ref="7118682251"/>
    <nd ref="7118682240"/>
    <tag k="generator:method" v="photovoltaic"/>
    <tag k="generator:output:electricity" v="yes"/>
    <tag k="generator:place" v="roof"/>
    <tag k="generator:source" v="solar"/>
    <tag k="generator:type" v="solar_photovoltaic_panel"/>
    <tag k="power" v="generator"/>
    <tag k="source" v="LPI NSW Imagery"/>
    <tag k="source:date" v="2018-04-07"/>
  </way>
  <way id="766396092">
    <nd ref="772608735"/>
    <nd ref="772608739"/>
    <nd ref="772608727"/>
    <nd ref="7157815977"/>
    <nd ref="7157815978"/>
    <nd ref="772608744"/>
    <nd ref="7157815979"/>
    <nd ref="7118689936"/>
    <nd ref="7118689935"/>
    <nd ref="7118689932"/>
    <nd ref="7118689931"/>
    <nd ref="7157828990"/>
    <nd ref="7157828989"/>
    <nd ref="7157828992"/>
    <nd ref="7157828991"/>
    <nd ref="7157815980"/>
    <nd ref="772608735"/>
    <tag k="addr:housenumber" v="177-187"/>
    <tag k="addr:postcode" v="2015"/>
    <tag k="addr:state" v="NSW"/>
    <tag k="addr:street" v="Wyndham Street"/>
    <tag k="addr:suburb" v="Alexandria"/>
    <tag k="amenity" v="fire_station"/>
    <tag k="branch" v="Alexandria"/>
    <tag k="name" v="Alexandra Fire Station (013)"/>
    <tag k="official_name" v="Fire and Rescue NSW Station 013 Alexandria"/>
    <tag k="operator" v="Fire and Rescue NSW"/>
    <tag k="operator:wikidata" v="Q5451532"/>
    <tag k="phone" v="+61 2 9318 4320"/>
    <tag k="source" v="fire.nsw.gov.au"/>
    <tag k="website" v="https://www.fire.nsw.gov.au/page.php?id=9210&amp;station=7"/>
  </way>
  <way id="767845796">
    <nd ref="7169184020"/>
    <nd ref="7169184026"/>
    <nd ref="7169184025"/>
    <nd ref="7169184024"/>
    <nd ref="7169184023"/>
    <nd ref="7169184022"/>
    <nd ref="7169184021"/>
    <nd ref="7169184015"/>
    <nd ref="7169184019"/>
    <nd ref="7169184016"/>
    <nd ref="7169184018"/>
    <nd ref="7169184017"/>
    <nd ref="7169184020"/>
    <tag k="fixme" v="Number of solar panels"/>
    <tag k="generator:method" v="photovoltaic"/>
    <tag k="generator:output:electricity" v="small_installation"/>
    <tag k="generator:place" v="roof"/>
    <tag k="generator:solar:modules" v="fixme"/>
    <tag k="generator:source" v="solar"/>
    <tag k="generator:type" v="solar_photovoltaic_panel"/>
    <tag k="power" v="generator"/>
    <tag k="source" v="LPI NSW Imagery"/>
    <tag k="source:date" v="2018-04-07"/>
  </way>
  <way id="767845797">
    <nd ref="7169184036"/>
    <nd ref="7169184035"/>
    <nd ref="7169184034"/>
    <nd ref="7169184027"/>
    <nd ref="7169184028"/>
    <nd ref="7169184033"/>
    <nd ref="7169184032"/>
    <nd ref="7169184031"/>
    <nd ref="7169184030"/>
    <nd ref="7169184029"/>
    <nd ref="7169184036"/>
    <tag k="fixme" v="Number of solar panels"/>
    <tag k="generator:method" v="photovoltaic"/>
    <tag k="generator:output:electricity" v="small_installation"/>
    <tag k="generator:place" v="roof"/>
    <tag k="generator:solar:modules" v="fixme"/>
    <tag k="generator:source" v="solar"/>
    <tag k="generator:type" v="solar_photovoltaic_panel"/>
    <tag k="power" v="generator"/>
    <tag k="source" v="LPI NSW Imagery"/>
    <tag k="source:date" v="2018-04-07"/>
  </way>
  <way id="767845798">
    <nd ref="7169184042"/>
    <nd ref="7169184041"/>
    <nd ref="7169184040"/>
    <nd ref="7169184039"/>
    <nd ref="7169184038"/>
    <nd ref="7169184037"/>
    <nd ref="7169184042"/>
    <tag k="fixme" v="Number of solar panels"/>
    <tag k="generator:method" v="photovoltaic"/>
    <tag k="generator:output:electricity" v="small_installation"/>
    <tag k="generator:place" v="roof"/>
    <tag k="generator:solar:modules" v="fixme"/>
    <tag k="generator:source" v="solar"/>
    <tag k="generator:type" v="solar_photovoltaic_panel"/>
    <tag k="power" v="generator"/>
    <tag k="source" v="LPI NSW Imagery"/>
    <tag k="source:date" v="2018-04-07"/>
  </way>
  <way id="767845799">
    <nd ref="7169184043"/>
    <nd ref="7169184045"/>
    <nd ref="7169184046"/>
    <nd ref="7169184044"/>
    <nd ref="7169184048"/>
    <nd ref="7169184049"/>
    <nd ref="7169184050"/>
    <nd ref="7169184047"/>
    <nd ref="7169184043"/>
    <tag k="fixme" v="Number of solar panels"/>
    <tag k="generator:method" v="photovoltaic"/>
    <tag k="generator:output:electricity" v="small_installation"/>
    <tag k="generator:place" v="roof"/>
    <tag k="generator:solar:modules" v="fixme"/>
    <tag k="generator:source" v="solar"/>
    <tag k="generator:type" v="solar_photovoltaic_panel"/>
    <tag k="power" v="generator"/>
    <tag k="source" v="LPI NSW Imagery"/>
    <tag k="source:date" v="2018-04-07"/>
  </way>
  <way id="767845800">
    <nd ref="7169184055"/>
    <nd ref="7169184060"/>
    <nd ref="7169184059"/>
    <nd ref="7169184062"/>
    <nd ref="7169184063"/>
    <nd ref="7169184064"/>
    <nd ref="7169184061"/>
    <nd ref="7169184058"/>
    <nd ref="7169184057"/>
    <nd ref="7169184052"/>
    <nd ref="7169184053"/>
    <nd ref="7169184051"/>
    <nd ref="7169184054"/>
    <nd ref="7169184056"/>
    <nd ref="7169184055"/>
    <tag k="fixme" v="Number of solar panels"/>
    <tag k="generator:method" v="photovoltaic"/>
    <tag k="generator:output:electricity" v="small_installation"/>
    <tag k="generator:place" v="roof"/>
    <tag k="generator:solar:modules" v="fixme"/>
    <tag k="generator:source" v="solar"/>
    <tag k="generator:type" v="solar_photovoltaic_panel"/>
    <tag k="power" v="generator"/>
    <tag k="source" v="LPI NSW Imagery"/>
    <tag k="source:date" v="2018-04-07"/>
  </way>
  <way id="767845801">
    <nd ref="7169184072"/>
    <nd ref="7169184073"/>
    <nd ref="7169184074"/>
    <nd ref="7169184065"/>
    <nd ref="7169184071"/>
    <nd ref="7169184069"/>
    <nd ref="7169184070"/>
    <nd ref="7169184066"/>
    <nd ref="7169184068"/>
    <nd ref="7169184067"/>
    <nd ref="7169184072"/>
    <tag k="fixme" v="Number of solar panels"/>
    <tag k="generator:method" v="photovoltaic"/>
    <tag k="generator:output:electricity" v="small_installation"/>
    <tag k="generator:place" v="roof"/>
    <tag k="generator:solar:modules" v="fixme"/>
    <tag k="generator:source" v="solar"/>
    <tag k="generator:type" v="solar_photovoltaic_panel"/>
    <tag k="power" v="generator"/>
    <tag k="source" v="LPI NSW Imagery"/>
    <tag k="source:date" v="2018-04-07"/>
  </way>
  <way id="767845802">
    <nd ref="7169184079"/>
    <nd ref="775904298"/>
    <nd ref="7169184080"/>
    <nd ref="7169184078"/>
    <nd ref="7169184075"/>
    <nd ref="7169184076"/>
    <nd ref="7169184077"/>
    <nd ref="7169184081"/>
    <nd ref="7169184079"/>
    <tag k="addr:country" v="AU"/>
    <tag k="addr:housenumber" v="34-42"/>
    <tag k="addr:street" v="Bourke Road"/>
    <tag k="building" v="industrial"/>
    <tag k="name" v="Creative City Depot"/>
    <tag k="operator" v="City of Sydney"/>
  </way>
  <way id="767845803">
    <nd ref="7169186085"/>
    <nd ref="7169184084"/>
    <nd ref="7169184083"/>
    <nd ref="7169184082"/>
    <nd ref="7169186085"/>
    <tag k="generator:method" v="photovoltaic"/>
    <tag k="generator:output:electricity" v="small_installation"/>
    <tag k="generator:place" v="roof"/>
    <tag k="generator:solar:modules" v="38"/>
    <tag k="generator:source" v="solar"/>
    <tag k="generator:type" v="solar_photovoltaic_panel"/>
    <tag k="power" v="generator"/>
    <tag k="source" v="LPI NSW Imagery"/>
    <tag k="source:date" v="2018-04-07"/>
  </way>
  <way id="767845804">
    <nd ref="7169186089"/>
    <nd ref="7169186088"/>
    <nd ref="7169186087"/>
    <nd ref="7169186086"/>
    <nd ref="7169186089"/>
    <tag k="generator:method" v="photovoltaic"/>
    <tag k="generator:output:electricity" v="small_installation"/>
    <tag k="generator:place" v="roof"/>
    <tag k="generator:solar:modules" v="40"/>
    <tag k="generator:source" v="solar"/>
    <tag k="generator:type" v="solar_photovoltaic_panel"/>
    <tag k="power" v="generator"/>
    <tag k="source" v="LPI NSW Imagery"/>
    <tag k="source:date" v="2018-04-07"/>
  </way>
  <way id="767845805">
    <nd ref="7169186093"/>
    <nd ref="7169186092"/>
    <nd ref="7169186091"/>
    <nd ref="7169186090"/>
    <nd ref="7169186093"/>
    <tag k="generator:method" v="photovoltaic"/>
    <tag k="generator:output:electricity" v="small_installation"/>
    <tag k="generator:place" v="roof"/>
    <tag k="generator:solar:modules" v="38"/>
    <tag k="generator:source" v="solar"/>
    <tag k="generator:type" v="solar_photovoltaic_panel"/>
    <tag k="power" v="generator"/>
    <tag k="source" v="LPI NSW Imagery"/>
    <tag k="source:date" v="2018-04-07"/>
  </way>
  <way id="767845806">
    <nd ref="7169186097"/>
    <nd ref="7169186096"/>
    <nd ref="7169186095"/>
    <nd ref="7169186094"/>
    <nd ref="7169186097"/>
    <tag k="generator:method" v="photovoltaic"/>
    <tag k="generator:output:electricity" v="small_installation"/>
    <tag k="generator:place" v="roof"/>
    <tag k="generator:solar:modules" v="40"/>
    <tag k="generator:source" v="solar"/>
    <tag k="generator:type" v="solar_photovoltaic_panel"/>
    <tag k="power" v="generator"/>
    <tag k="source" v="LPI NSW Imagery"/>
    <tag k="source:date" v="2018-04-07"/>
  </way>
  <way id="767845807">
    <nd ref="7169186101"/>
    <nd ref="7169186100"/>
    <nd ref="7169186099"/>
    <nd ref="7169186098"/>
    <nd ref="7169186101"/>
    <tag k="generator:method" v="photovoltaic"/>
    <tag k="generator:output:electricity" v="small_installation"/>
    <tag k="generator:place" v="roof"/>
    <tag k="generator:solar:modules" v="40"/>
    <tag k="generator:source" v="solar"/>
    <tag k="generator:type" v="solar_photovoltaic_panel"/>
    <tag k="power" v="generator"/>
    <tag k="source" v="LPI NSW Imagery"/>
    <tag k="source:date" v="2018-04-07"/>
  </way>
  <way id="767845808">
    <nd ref="7169186105"/>
    <nd ref="7169186104"/>
    <nd ref="7169186103"/>
    <nd ref="7169186102"/>
    <nd ref="7169186105"/>
    <tag k="generator:method" v="photovoltaic"/>
    <tag k="generator:output:electricity" v="small_installation"/>
    <tag k="generator:place" v="roof"/>
    <tag k="generator:solar:modules" v="40"/>
    <tag k="generator:source" v="solar"/>
    <tag k="generator:type" v="solar_photovoltaic_panel"/>
    <tag k="power" v="generator"/>
    <tag k="source" v="LPI NSW Imagery"/>
    <tag k="source:date" v="2018-04-07"/>
  </way>
  <way id="767845809">
    <nd ref="7169186109"/>
    <nd ref="7169186108"/>
    <nd ref="7169186107"/>
    <nd ref="7169186106"/>
    <nd ref="7169186109"/>
    <tag k="generator:method" v="photovoltaic"/>
    <tag k="generator:output:electricity" v="small_installation"/>
    <tag k="generator:place" v="roof"/>
    <tag k="generator:solar:modules" v="40"/>
    <tag k="generator:source" v="solar"/>
    <tag k="generator:type" v="solar_photovoltaic_panel"/>
    <tag k="power" v="generator"/>
    <tag k="source" v="LPI NSW Imagery"/>
    <tag k="source:date" v="2018-04-07"/>
  </way>
  <way id="767845810">
    <nd ref="7169186113"/>
    <nd ref="7169186112"/>
    <nd ref="7169186111"/>
    <nd ref="7169186110"/>
    <nd ref="7169186113"/>
    <tag k="generator:method" v="photovoltaic"/>
    <tag k="generator:output:electricity" v="small_installation"/>
    <tag k="generator:place" v="roof"/>
    <tag k="generator:solar:modules" v="40"/>
    <tag k="generator:source" v="solar"/>
    <tag k="generator:type" v="solar_photovoltaic_panel"/>
    <tag k="power" v="generator"/>
    <tag k="source" v="LPI NSW Imagery"/>
    <tag k="source:date" v="2018-04-07"/>
  </way>
  <way id="767845811">
    <nd ref="7169186119"/>
    <nd ref="7169186118"/>
    <nd ref="7169186117"/>
    <nd ref="7169186116"/>
    <nd ref="7169186115"/>
    <nd ref="7169186114"/>
    <nd ref="7169186119"/>
    <tag k="generator:method" v="photovoltaic"/>
    <tag k="generator:output:electricity" v="small_installation"/>
    <tag k="generator:place" v="roof"/>
    <tag k="generator:solar:modules" v="14"/>
    <tag k="generator:source" v="solar"/>
    <tag k="generator:type" v="solar_photovoltaic_panel"/>
    <tag k="power" v="generator"/>
    <tag k="source" v="LPI NSW Imagery"/>
    <tag k="source:date" v="2018-04-07"/>
  </way>
  <way id="767845812">
    <nd ref="7169186123"/>
    <nd ref="7169186122"/>
    <nd ref="7169186121"/>
    <nd ref="7169186120"/>
    <nd ref="7169186123"/>
    <tag k="generator:method" v="photovoltaic"/>
    <tag k="generator:output:electricity" v="small_installation"/>
    <tag k="generator:place" v="roof"/>
    <tag k="generator:solar:modules" v="20"/>
    <tag k="generator:source" v="solar"/>
    <tag k="generator:type" v="solar_photovoltaic_panel"/>
    <tag k="power" v="generator"/>
    <tag k="source" v="LPI NSW Imagery"/>
    <tag k="source:date" v="2018-04-07"/>
  </way>
  <way id="767845813">
    <nd ref="7169186129"/>
    <nd ref="7169186128"/>
    <nd ref="7169186127"/>
    <nd ref="7169186126"/>
    <nd ref="7169186125"/>
    <nd ref="7169186124"/>
    <nd ref="7169186129"/>
    <tag k="generator:method" v="photovoltaic"/>
    <tag k="generator:output:electricity" v="small_installation"/>
    <tag k="generator:place" v="roof"/>
    <tag k="generator:solar:modules" v="45"/>
    <tag k="generator:source" v="solar"/>
    <tag k="generator:type" v="solar_photovoltaic_panel"/>
    <tag k="power" v="generator"/>
    <tag k="source" v="LPI NSW Imagery"/>
    <tag k="source:date" v="2018-04-07"/>
  </way>
  <way id="767845814">
    <nd ref="7169186135"/>
    <nd ref="7169186134"/>
    <nd ref="7169186133"/>
    <nd ref="7169186132"/>
    <nd ref="7169186131"/>
    <nd ref="7169186130"/>
    <nd ref="7169186135"/>
    <tag k="generator:method" v="photovoltaic"/>
    <tag k="generator:output:electricity" v="small_installation"/>
    <tag k="generator:place" v="roof"/>
    <tag k="generator:solar:modules" v="41"/>
    <tag k="generator:source" v="solar"/>
    <tag k="generator:type" v="solar_photovoltaic_panel"/>
    <tag k="power" v="generator"/>
    <tag k="source" v="LPI NSW Imagery"/>
    <tag k="source:date" v="2018-04-07"/>
  </way>
  <way id="767845815">
    <nd ref="7169186141"/>
    <nd ref="7169186140"/>
    <nd ref="7169186139"/>
    <nd ref="7169186138"/>
    <nd ref="7169186137"/>
    <nd ref="7169186136"/>
    <nd ref="7169186141"/>
    <tag k="generator:method" v="photovoltaic"/>
    <tag k="generator:output:electricity" v="small_installation"/>
    <tag k="generator:place" v="roof"/>
    <tag k="generator:solar:modules" v="37"/>
    <tag k="generator:source" v="solar"/>
    <tag k="generator:type" v="solar_photovoltaic_panel"/>
    <tag k="power" v="generator"/>
    <tag k="source" v="LPI NSW Imagery"/>
    <tag k="source:date" v="2018-04-07"/>
  </way>
  <way id="767845816">
    <nd ref="7169186147"/>
    <nd ref="7169186146"/>
    <nd ref="7169186145"/>
    <nd ref="7169186144"/>
    <nd ref="7169186143"/>
    <nd ref="7169186142"/>
    <nd ref="7169186147"/>
    <tag k="generator:method" v="photovoltaic"/>
    <tag k="generator:output:electricity" v="small_installation"/>
    <tag k="generator:place" v="roof"/>
    <tag k="generator:solar:modules" v="33"/>
    <tag k="generator:source" v="solar"/>
    <tag k="generator:type" v="solar_photovoltaic_panel"/>
    <tag k="power" v="generator"/>
    <tag k="source" v="LPI NSW Imagery"/>
    <tag k="source:date" v="2018-04-07"/>
  </way>
  <way id="767845817">
    <nd ref="7169186153"/>
    <nd ref="7169186152"/>
    <nd ref="7169186151"/>
    <nd ref="7169186150"/>
    <nd ref="7169186149"/>
    <nd ref="7169186148"/>
    <nd ref="7169186153"/>
    <tag k="generator:method" v="photovoltaic"/>
    <tag k="generator:output:electricity" v="small_installation"/>
    <tag k="generator:place" v="roof"/>
    <tag k="generator:solar:modules" v="29"/>
    <tag k="generator:source" v="solar"/>
    <tag k="generator:type" v="solar_photovoltaic_panel"/>
    <tag k="power" v="generator"/>
    <tag k="source" v="LPI NSW Imagery"/>
    <tag k="source:date" v="2018-04-07"/>
  </way>
  <way id="767845818">
    <nd ref="7169186155"/>
    <nd ref="7169186157"/>
    <nd ref="7169186158"/>
    <nd ref="7169186159"/>
    <nd ref="7169186154"/>
    <nd ref="7169186156"/>
    <nd ref="7169186155"/>
    <tag k="generator:method" v="photovoltaic"/>
    <tag k="generator:output:electricity" v="small_installation"/>
    <tag k="generator:place" v="roof"/>
    <tag k="generator:solar:modules" v="25"/>
    <tag k="generator:source" v="solar"/>
    <tag k="generator:type" v="solar_photovoltaic_panel"/>
    <tag k="power" v="generator"/>
    <tag k="source" v="LPI NSW Imagery"/>
    <tag k="source:date" v="2018-04-07"/>
  </way>
  <way id="767845819">
    <nd ref="7169186160"/>
    <nd ref="7169186164"/>
    <nd ref="7169186165"/>
    <nd ref="7169186161"/>
    <nd ref="7169186162"/>
    <nd ref="7169186166"/>
    <nd ref="7169186167"/>
    <nd ref="7169186163"/>
    <nd ref="7169186170"/>
    <nd ref="7169186171"/>
    <nd ref="7169186168"/>
    <nd ref="7169186169"/>
    <nd ref="7169186160"/>
    <tag k="building" v="yes"/>
    <tag k="generator:method" v="photovoltaic"/>
    <tag k="generator:output:electricity" v="small_installation"/>
    <tag k="generator:place" v="roof"/>
    <tag k="generator:solar:modules" v="35"/>
    <tag k="generator:source" v="solar"/>
    <tag k="generator:type" v="solar_photovoltaic_panel"/>
    <tag k="power" v="generator"/>
    <tag k="source" v="LPI NSW Imagery"/>
    <tag k="source:date" v="2018-04-07"/>
  </way>
  <way id="767845820">
    <nd ref="7169186175"/>
    <nd ref="7169186174"/>
    <nd ref="7169186173"/>
    <nd ref="7169186172"/>
    <nd ref="7169186175"/>
    <tag k="generator:method" v="photovoltaic"/>
    <tag k="generator:output:electricity" v="small_installation"/>
    <tag k="generator:place" v="roof"/>
    <tag k="generator:solar:modules" v="4"/>
    <tag k="generator:source" v="solar"/>
    <tag k="generator:type" v="solar_photovoltaic_panel"/>
    <tag k="power" v="generator"/>
    <tag k="source" v="LPI NSW Imagery"/>
    <tag k="source:date" v="2018-04-07"/>
  </way>
  <way id="767845821">
    <nd ref="7169186179"/>
    <nd ref="7169186178"/>
    <nd ref="7169186177"/>
    <nd ref="7169186176"/>
    <nd ref="7169186179"/>
    <tag k="generator:method" v="photovoltaic"/>
    <tag k="generator:output:electricity" v="small_installation"/>
    <tag k="generator:place" v="roof"/>
    <tag k="generator:solar:modules" v="4"/>
    <tag k="generator:source" v="solar"/>
    <tag k="generator:type" v="solar_photovoltaic_panel"/>
    <tag k="power" v="generator"/>
    <tag k="source" v="LPI NSW Imagery"/>
    <tag k="source:date" v="2018-04-07"/>
  </way>
  <way id="767845822">
    <nd ref="7169186181"/>
    <nd ref="7169186193"/>
    <nd ref="7169186192"/>
    <nd ref="7169186191"/>
    <nd ref="7169186190"/>
    <nd ref="7169186180"/>
    <nd ref="7169186181"/>
    <tag k="generator:method" v="photovoltaic"/>
    <tag k="generator:output:electricity" v="small_installation"/>
    <tag k="generator:place" v="roof"/>
    <tag k="generator:solar:modules" v="5"/>
    <tag k="generator:source" v="solar"/>
    <tag k="generator:type" v="solar_photovoltaic_panel"/>
    <tag k="power" v="generator"/>
    <tag k="source" v="LPI NSW Imagery"/>
    <tag k="source:date" v="2018-04-07"/>
  </way>
  <way id="767845823">
    <nd ref="7169186185"/>
    <nd ref="7169186184"/>
    <nd ref="7169186183"/>
    <nd ref="7169186182"/>
    <nd ref="7169186185"/>
    <tag k="generator:method" v="photovoltaic"/>
    <tag k="generator:output:electricity" v="small_installation"/>
    <tag k="generator:place" v="roof"/>
    <tag k="generator:solar:modules" v="6"/>
    <tag k="generator:source" v="solar"/>
    <tag k="generator:type" v="solar_photovoltaic_panel"/>
    <tag k="power" v="generator"/>
    <tag k="source" v="LPI NSW Imagery"/>
    <tag k="source:date" v="2018-04-07"/>
  </way>
  <way id="767845824">
    <nd ref="7169186189"/>
    <nd ref="7169186188"/>
    <nd ref="7169186187"/>
    <nd ref="7169186186"/>
    <nd ref="7169186189"/>
    <tag k="generator:method" v="photovoltaic"/>
    <tag k="generator:output:electricity" v="small_installation"/>
    <tag k="generator:place" v="roof"/>
    <tag k="generator:solar:modules" v="6"/>
    <tag k="generator:source" v="solar"/>
    <tag k="generator:type" v="solar_photovoltaic_panel"/>
    <tag k="power" v="generator"/>
    <tag k="source" v="LPI NSW Imagery"/>
    <tag k="source:date" v="2018-04-07"/>
  </way>
  <way id="767845825">
    <nd ref="7169186197"/>
    <nd ref="7169186196"/>
    <nd ref="7169186195"/>
    <nd ref="7169186194"/>
    <nd ref="7169186197"/>
    <tag k="generator:method" v="photovoltaic"/>
    <tag k="generator:output:electricity" v="small_installation"/>
    <tag k="generator:place" v="roof"/>
    <tag k="generator:solar:modules" v="6"/>
    <tag k="generator:source" v="solar"/>
    <tag k="generator:type" v="solar_photovoltaic_panel"/>
    <tag k="power" v="generator"/>
    <tag k="source" v="LPI NSW Imagery"/>
    <tag k="source:date" v="2018-04-07"/>
  </way>
  <way id="767845826">
    <nd ref="7169186201"/>
    <nd ref="7169186200"/>
    <nd ref="7169186199"/>
    <nd ref="7169186198"/>
    <nd ref="7169186201"/>
    <tag k="generator:method" v="photovoltaic"/>
    <tag k="generator:output:electricity" v="small_installation"/>
    <tag k="generator:place" v="roof"/>
    <tag k="generator:solar:modules" v="6"/>
    <tag k="generator:source" v="solar"/>
    <tag k="generator:type" v="solar_photovoltaic_panel"/>
    <tag k="power" v="generator"/>
    <tag k="source" v="LPI NSW Imagery"/>
    <tag k="source:date" v="2018-04-07"/>
  </way>
  <way id="767845827">
    <nd ref="7169186205"/>
    <nd ref="7169186204"/>
    <nd ref="7169186203"/>
    <nd ref="7169186202"/>
    <nd ref="7169186205"/>
    <tag k="generator:method" v="photovoltaic"/>
    <tag k="generator:output:electricity" v="small_installation"/>
    <tag k="generator:place" v="roof"/>
    <tag k="generator:solar:modules" v="6"/>
    <tag k="generator:source" v="solar"/>
    <tag k="generator:type" v="solar_photovoltaic_panel"/>
    <tag k="power" v="generator"/>
    <tag k="source" v="LPI NSW Imagery"/>
    <tag k="source:date" v="2018-04-07"/>
  </way>
  <way id="767845828">
    <nd ref="7169186209"/>
    <nd ref="7169186208"/>
    <nd ref="7169186207"/>
    <nd ref="7169186206"/>
    <nd ref="7169186209"/>
    <tag k="generator:method" v="photovoltaic"/>
    <tag k="generator:output:electricity" v="small_installation"/>
    <tag k="generator:place" v="roof"/>
    <tag k="generator:solar:modules" v="6"/>
    <tag k="generator:source" v="solar"/>
    <tag k="generator:type" v="solar_photovoltaic_panel"/>
    <tag k="power" v="generator"/>
    <tag k="source" v="LPI NSW Imagery"/>
    <tag k="source:date" v="2018-04-07"/>
  </way>
  <way id="767845829">
    <nd ref="7169186213"/>
    <nd ref="7169186212"/>
    <nd ref="7169186211"/>
    <nd ref="7169186210"/>
    <nd ref="7169186213"/>
    <tag k="generator:method" v="photovoltaic"/>
    <tag k="generator:output:electricity" v="small_installation"/>
    <tag k="generator:place" v="roof"/>
    <tag k="generator:solar:modules" v="6"/>
    <tag k="generator:source" v="solar"/>
    <tag k="generator:type" v="solar_photovoltaic_panel"/>
    <tag k="power" v="generator"/>
    <tag k="source" v="LPI NSW Imagery"/>
    <tag k="source:date" v="2018-04-07"/>
  </way>
  <way id="767845830">
    <nd ref="7169186217"/>
    <nd ref="7169186216"/>
    <nd ref="7169186215"/>
    <nd ref="7169186214"/>
    <nd ref="7169186217"/>
    <tag k="generator:method" v="photovoltaic"/>
    <tag k="generator:output:electricity" v="small_installation"/>
    <tag k="generator:place" v="roof"/>
    <tag k="generator:solar:modules" v="2"/>
    <tag k="generator:source" v="solar"/>
    <tag k="generator:type" v="solar_photovoltaic_panel"/>
    <tag k="power" v="generator"/>
    <tag k="source" v="LPI NSW Imagery"/>
    <tag k="source:date" v="2018-04-07"/>
  </way>
  <way id="767845831">
    <nd ref="7169186221"/>
    <nd ref="7169186220"/>
    <nd ref="7169186219"/>
    <nd ref="7169186218"/>
    <nd ref="7169186221"/>
    <tag k="generator:method" v="photovoltaic"/>
    <tag k="generator:output:electricity" v="small_installation"/>
    <tag k="generator:place" v="roof"/>
    <tag k="generator:solar:modules" v="4"/>
    <tag k="generator:source" v="solar"/>
    <tag k="generator:type" v="solar_photovoltaic_panel"/>
    <tag k="power" v="generator"/>
    <tag k="source" v="LPI NSW Imagery"/>
    <tag k="source:date" v="2018-04-07"/>
  </way>
  <way id="767845832">
    <nd ref="7169186225"/>
    <nd ref="7169186224"/>
    <nd ref="7169186223"/>
    <nd ref="7169186222"/>
    <nd ref="7169186225"/>
    <tag k="generator:method" v="photovoltaic"/>
    <tag k="generator:output:electricity" v="small_installation"/>
    <tag k="generator:place" v="roof"/>
    <tag k="generator:solar:modules" v="4"/>
    <tag k="generator:source" v="solar"/>
    <tag k="generator:type" v="solar_photovoltaic_panel"/>
    <tag k="power" v="generator"/>
    <tag k="source" v="LPI NSW Imagery"/>
    <tag k="source:date" v="2018-04-07"/>
  </way>
  <way id="767845833">
    <nd ref="7169186229"/>
    <nd ref="7169186228"/>
    <nd ref="7169186227"/>
    <nd ref="7169186226"/>
    <nd ref="7169186229"/>
    <tag k="generator:method" v="photovoltaic"/>
    <tag k="generator:output:electricity" v="small_installation"/>
    <tag k="generator:place" v="roof"/>
    <tag k="generator:solar:modules" v="4"/>
    <tag k="generator:source" v="solar"/>
    <tag k="generator:type" v="solar_photovoltaic_panel"/>
    <tag k="power" v="generator"/>
    <tag k="source" v="LPI NSW Imagery"/>
    <tag k="source:date" v="2018-04-07"/>
  </way>
  <way id="767845834">
    <nd ref="7169186233"/>
    <nd ref="7169186232"/>
    <nd ref="7169186231"/>
    <nd ref="7169186230"/>
    <nd ref="7169186233"/>
    <tag k="generator:method" v="photovoltaic"/>
    <tag k="generator:output:electricity" v="small_installation"/>
    <tag k="generator:place" v="roof"/>
    <tag k="generator:solar:modules" v="8"/>
    <tag k="generator:source" v="solar"/>
    <tag k="generator:type" v="solar_photovoltaic_panel"/>
    <tag k="power" v="generator"/>
    <tag k="source" v="LPI NSW Imagery"/>
    <tag k="source:date" v="2018-04-07"/>
  </way>
  <way id="767845835">
    <nd ref="7169186237"/>
    <nd ref="7169186236"/>
    <nd ref="7169186235"/>
    <nd ref="7169186234"/>
    <nd ref="7169186237"/>
    <tag k="generator:method" v="photovoltaic"/>
    <tag k="generator:output:electricity" v="small_installation"/>
    <tag k="generator:place" v="roof"/>
    <tag k="generator:solar:modules" v="13"/>
    <tag k="generator:source" v="solar"/>
    <tag k="generator:type" v="solar_photovoltaic_panel"/>
    <tag k="power" v="generator"/>
    <tag k="source" v="LPI NSW Imagery"/>
    <tag k="source:date" v="2018-04-07"/>
  </way>
  <way id="767845836">
    <nd ref="7169186241"/>
    <nd ref="7169186240"/>
    <nd ref="7169186239"/>
    <nd ref="7169186238"/>
    <nd ref="7169186241"/>
    <tag k="generator:method" v="photovoltaic"/>
    <tag k="generator:output:electricity" v="small_installation"/>
    <tag k="generator:place" v="roof"/>
    <tag k="generator:solar:modules" v="15"/>
    <tag k="generator:source" v="solar"/>
    <tag k="generator:type" v="solar_photovoltaic_panel"/>
    <tag k="power" v="generator"/>
    <tag k="source" v="LPI NSW Imagery"/>
    <tag k="source:date" v="2018-04-07"/>
  </way>
  <way id="767845837">
    <nd ref="7169186246"/>
    <nd ref="7169186245"/>
    <nd ref="7169186244"/>
    <nd ref="7169186243"/>
    <nd ref="7169186242"/>
    <nd ref="7169186246"/>
    <tag k="generator:method" v="photovoltaic"/>
    <tag k="generator:output:electricity" v="small_installation"/>
    <tag k="generator:place" v="roof"/>
    <tag k="generator:solar:modules" v="28"/>
    <tag k="generator:source" v="solar"/>
    <tag k="generator:type" v="solar_photovoltaic_panel"/>
    <tag k="power" v="generator"/>
    <tag k="source" v="LPI NSW Imagery"/>
    <tag k="source:date" v="2018-04-07"/>
  </way>
  <way id="781658619">
    <nd ref="7297890720"/>
    <nd ref="7899178516"/>
    <nd ref="7297890721"/>
    <nd ref="9160254393"/>
    <nd ref="7297890722"/>
    <nd ref="9160254391"/>
    <nd ref="7297890723"/>
    <nd ref="7297890724"/>
    <nd ref="7297890725"/>
    <nd ref="7297890726"/>
    <nd ref="7297890720"/>
    <tag k="leisure" v="park"/>
  </way>
  <way id="788383077">
    <nd ref="7370898127"/>
    <nd ref="772608712"/>
    <nd ref="772608716"/>
    <nd ref="7157815979"/>
    <nd ref="7370898127"/>
    <tag k="addr:housenumber" v="177-187"/>
    <tag k="addr:street" v="Wyndham Street"/>
    <tag k="building" v="office"/>
    <tag k="building:levels" v="4"/>
    <tag k="name" v="Rail Operations Centre (ROC)"/>
  </way>
  <way id="791790681">
    <nd ref="1836724601"/>
    <nd ref="8519344349"/>
    <nd ref="1836724608"/>
    <nd ref="11263969753"/>
    <nd ref="7895181247"/>
    <nd ref="1837594591"/>
    <tag k="cycleway:both" v="no"/>
    <tag k="highway" v="primary"/>
    <tag k="maxspeed" v="60"/>
    <tag k="name" v="Botany Road"/>
    <tag k="surface" v="asphalt"/>
  </way>
  <way id="806263895">
    <nd ref="1844755334"/>
    <nd ref="1844755240"/>
    <nd ref="5663268547"/>
    <nd ref="5598447505"/>
    <nd ref="1844755274"/>
    <nd ref="8519344347"/>
    <nd ref="5598447506"/>
    <nd ref="1844755200"/>
    <nd ref="11263989101"/>
    <tag k="highway" v="secondary"/>
    <tag k="lanes" v="4"/>
    <tag k="maxspeed" v="50"/>
    <tag k="maxweight:conditional" v="4.5 @ (21:00-06:00)"/>
    <tag k="name" v="Wyndham Street"/>
    <tag k="surface" v="asphalt"/>
  </way>
  <way id="806263896">
    <nd ref="250421656"/>
    <nd ref="11263989103"/>
    <nd ref="1844755265"/>
    <nd ref="1844755334"/>
    <tag k="cycleway:both" v="no"/>
    <tag k="highway" v="tertiary"/>
    <tag k="lanes" v="4"/>
    <tag k="maxspeed" v="50"/>
    <tag k="name" v="Bourke Road"/>
    <tag k="surface" v="asphalt"/>
  </way>
  <way id="821998792">
    <nd ref="5874667143"/>
    <nd ref="11052140794"/>
    <nd ref="9630907859"/>
    <nd ref="7674951479"/>
    <tag k="dual_carriageway" v="yes"/>
    <tag k="highway" v="residential"/>
    <tag k="lanes" v="2"/>
    <tag k="name" v="Zetland Avenue"/>
    <tag k="oneway" v="yes"/>
  </way>
  <way id="822359989">
    <nd ref="7678495470"/>
    <nd ref="7678495471"/>
    <nd ref="7678495472"/>
    <nd ref="8158053147"/>
    <nd ref="8151225607"/>
    <nd ref="11927695249"/>
    <nd ref="11927695250"/>
    <nd ref="7678495473"/>
    <nd ref="12149680639"/>
    <nd ref="12149680640"/>
    <nd ref="12149680642"/>
    <nd ref="12149680641"/>
    <nd ref="7678495475"/>
    <nd ref="7678495476"/>
    <nd ref="7678495477"/>
    <nd ref="7678495478"/>
    <nd ref="7678495479"/>
    <nd ref="7678495470"/>
    <tag k="landuse" v="residential"/>
  </way>
  <way id="824091914">
    <nd ref="673985927"/>
    <nd ref="8663717703"/>
    <nd ref="11445783283"/>
    <nd ref="11084425675"/>
    <nd ref="8663717704"/>
    <nd ref="11445742447"/>
    <nd ref="12073076682"/>
    <nd ref="7694285058"/>
    <tag k="check_date" v="2024-10-28"/>
    <tag k="construction" v="cycleway"/>
    <tag k="highway" v="construction"/>
    <tag k="name" v="Ngamuru Avenue Cycleway"/>
    <tag k="opening_date" v="2023-12"/>
    <tag k="operator" v="City of Sydney"/>
  </way>
  <way id="828644715">
    <nd ref="9544838187"/>
    <nd ref="8049252438"/>
    <nd ref="7735410192"/>
    <nd ref="9033931156"/>
    <nd ref="8049252442"/>
    <nd ref="8049252443"/>
    <nd ref="8049252444"/>
    <nd ref="8049252445"/>
    <nd ref="8049252446"/>
    <nd ref="8049252447"/>
    <tag k="highway" v="residential"/>
    <tag k="lanes" v="2"/>
    <tag k="lit" v="yes"/>
    <tag k="maxspeed" v="40"/>
    <tag k="name" v="Sonny Leonard Street"/>
    <tag k="parking:condition:left" v="free"/>
    <tag k="parking:condition:left:conditional" v="ticket @ (08:00-22:00)"/>
    <tag k="parking:condition:left:maxstay:conditional" v="2 hours @ (08:00-22:00)"/>
    <tag k="parking:condition:right" v="free"/>
    <tag k="parking:condition:right:conditional" v="ticket @ (08:00-22:00)"/>
    <tag k="parking:condition:right:maxstay:conditional" v="2 hours @ (08:00-22:00)"/>
    <tag k="parking:lane:left" v="parallel"/>
    <tag k="parking:lane:left:parallel" v="street_side"/>
    <tag k="parking:lane:right" v="parallel"/>
    <tag k="parking:lane:right:parallel" v="street_side"/>
    <tag k="surface" v="asphalt"/>
  </way>
  <way id="843149241">
    <nd ref="7865286234"/>
    <nd ref="9036621385"/>
    <nd ref="7865286235"/>
    <nd ref="9036621386"/>
    <nd ref="9036621387"/>
    <nd ref="9494672799"/>
    <nd ref="9036621388"/>
    <nd ref="9036621389"/>
    <nd ref="9036621390"/>
    <nd ref="9036621391"/>
    <nd ref="9036621392"/>
    <nd ref="9036621393"/>
    <nd ref="7865286236"/>
    <nd ref="7865286237"/>
    <nd ref="7865286238"/>
    <nd ref="7865286239"/>
    <nd ref="9036621408"/>
    <nd ref="9036621407"/>
    <nd ref="9036621406"/>
    <nd ref="9036621405"/>
    <nd ref="9036621404"/>
    <nd ref="9036621403"/>
    <nd ref="9036621402"/>
    <nd ref="9036621401"/>
    <nd ref="9036621400"/>
    <nd ref="9036621399"/>
    <nd ref="9036621398"/>
    <nd ref="9494672800"/>
    <nd ref="9036621397"/>
    <nd ref="7865286240"/>
    <nd ref="7865286241"/>
    <nd ref="7865286242"/>
    <nd ref="9036621396"/>
    <nd ref="9036621395"/>
    <nd ref="9036621394"/>
    <nd ref="7865286243"/>
    <nd ref="7865286244"/>
    <nd ref="9036621384"/>
    <nd ref="7865286234"/>
    <tag k="addr:housenumber" v="8"/>
    <tag k="addr:postcode" v="2017"/>
    <tag k="addr:state" v="NSW"/>
    <tag k="addr:street" v="Sonny Leonard Street"/>
    <tag k="addr:suburb" v="Zetland"/>
    <tag k="building" v="apartments"/>
    <tag k="building:levels" v="7"/>
    <tag k="building:levels:underground" v="2"/>
    <tag k="name" v="Oasis"/>
    <tag k="roof:levels" v="0"/>
  </way>
  <way id="843149242">
    <nd ref="7865286245"/>
    <nd ref="8049252454"/>
    <nd ref="7865286246"/>
    <nd ref="8083017108"/>
    <nd ref="8083017107"/>
    <nd ref="7865286247"/>
    <nd ref="7865286248"/>
    <nd ref="8083017109"/>
    <nd ref="8083017110"/>
    <nd ref="8083017111"/>
    <nd ref="8083017112"/>
    <nd ref="7865286249"/>
    <nd ref="9036621382"/>
    <nd ref="9036621383"/>
    <nd ref="7865286250"/>
    <nd ref="9523063251"/>
    <nd ref="9523063250"/>
    <nd ref="9523063249"/>
    <nd ref="7865286245"/>
    <tag k="addr:housenumber" v="1"/>
    <tag k="addr:postcode" v="2017"/>
    <tag k="addr:state" v="NSW"/>
    <tag k="addr:street" v="Sonny Leonard Street"/>
    <tag k="addr:suburb" v="Zetland"/>
    <tag k="building" v="apartments"/>
    <tag k="building:levels" v="6"/>
    <tag k="building:levels:underground" v="2"/>
    <tag k="name" v="Soho"/>
    <tag k="roof:levels" v="0"/>
  </way>
  <way id="843149243">
    <nd ref="7865286251"/>
    <nd ref="7865286252"/>
    <nd ref="7865286253"/>
    <nd ref="7865286254"/>
    <nd ref="9036621409"/>
    <nd ref="9036621410"/>
    <nd ref="7865286255"/>
    <nd ref="7865286256"/>
    <nd ref="7865286257"/>
    <nd ref="7865286258"/>
    <nd ref="7865286251"/>
    <tag k="building" v="apartments"/>
    <tag k="building:levels" v="10"/>
    <tag k="name" v="Uno"/>
    <tag k="roof:levels" v="0"/>
  </way>
  <way id="843149244">
    <nd ref="7865286259"/>
    <nd ref="7877840817"/>
    <nd ref="7865286260"/>
    <nd ref="7877840818"/>
    <nd ref="7865286261"/>
    <nd ref="9036621413"/>
    <nd ref="7865286262"/>
    <nd ref="7865286259"/>
    <tag k="building" v="apartments"/>
    <tag k="building:levels" v="8"/>
    <tag k="roof:levels" v="0"/>
  </way>
  <way id="843149245">
    <nd ref="7865286263"/>
    <nd ref="7865286264"/>
    <nd ref="7865286265"/>
    <nd ref="9036621412"/>
    <nd ref="9036621411"/>
    <nd ref="7865286266"/>
    <nd ref="7865286263"/>
    <tag k="addr:housenumber" v="25"/>
    <tag k="addr:street" v="Geddes Avenue"/>
    <tag k="building" v="apartments"/>
    <tag k="name" v="Uno"/>
    <tag k="website" v="https://www.bridgehill.com.au/en/projects/uno-green-square/"/>
  </way>
  <way id="843151960">
    <nd ref="7877404882"/>
    <nd ref="11685959851"/>
    <nd ref="7877404877"/>
    <nd ref="7865326325"/>
    <nd ref="9631035904"/>
    <nd ref="11052140738"/>
    <nd ref="9631035907"/>
    <nd ref="7865326326"/>
    <nd ref="7865326327"/>
    <nd ref="7888578529"/>
    <tag k="footway" v="sidewalk"/>
    <tag k="highway" v="footway"/>
    <tag k="lit" v="yes"/>
    <tag k="surface" v="concrete"/>
  </way>
  <way id="844476416">
    <nd ref="7877404878"/>
    <nd ref="7877404879"/>
    <nd ref="7877404880"/>
    <nd ref="7996780848"/>
    <nd ref="8049252439"/>
    <nd ref="7996780849"/>
    <nd ref="8049252457"/>
    <nd ref="7996780850"/>
    <nd ref="7996780851"/>
    <nd ref="6089300937"/>
    <tag k="footway" v="sidewalk"/>
    <tag k="highway" v="footway"/>
    <tag k="lit" v="yes"/>
    <tag k="surface" v="concrete"/>
  </way>
  <way id="845539019">
    <nd ref="9960961206"/>
    <nd ref="10102319559"/>
    <nd ref="7066425025"/>
    <nd ref="7888578528"/>
    <nd ref="7888578531"/>
    <tag k="crossing" v="unmarked"/>
    <tag k="crossing:island" v="yes"/>
    <tag k="crossing:markings" v="no"/>
    <tag k="footway" v="crossing"/>
    <tag k="highway" v="footway"/>
    <tag k="surface" v="asphalt"/>
  </way>
  <way id="845539020">
    <nd ref="9631035902"/>
    <nd ref="9631035909"/>
    <nd ref="9160247634"/>
    <nd ref="7888578531"/>
    <nd ref="7888578529"/>
    <tag k="footway" v="sidewalk"/>
    <tag k="highway" v="footway"/>
    <tag k="surface" v="concrete"/>
  </way>
  <way id="845539022">
    <nd ref="7888578532"/>
    <nd ref="7888578534"/>
    <tag k="handrail" v="yes"/>
    <tag k="highway" v="steps"/>
  </way>
  <way id="845539023">
    <nd ref="7888578534"/>
    <nd ref="7888578535"/>
    <tag k="highway" v="footway"/>
  </way>
  <way id="845539024">
    <nd ref="7888578538"/>
    <nd ref="7888578542"/>
    <nd ref="7888578541"/>
    <nd ref="7888578543"/>
    <nd ref="10102264811"/>
    <nd ref="7888578537"/>
    <nd ref="9920572334"/>
    <nd ref="10102333117"/>
    <nd ref="9920572333"/>
    <nd ref="7888578538"/>
    <tag k="leisure" v="park"/>
    <tag k="name" v="The Drying Green"/>
    <tag k="opening_hours" v="24/7"/>
    <tag k="start_date" v="2022-10-15"/>
  </way>
  <way id="845539025">
    <nd ref="7888578539"/>
    <nd ref="7888578540"/>
    <nd ref="4585475268"/>
    <nd ref="4585475267"/>
    <nd ref="8256351315"/>
    <nd ref="4585475265"/>
    <nd ref="8256351311"/>
    <nd ref="8256351312"/>
    <nd ref="4585475264"/>
    <nd ref="3956862000"/>
    <nd ref="3956861998"/>
    <nd ref="3956862003"/>
    <nd ref="7888578539"/>
  </way>
  <way id="845539026">
    <nd ref="11052140741"/>
    <nd ref="1836724612"/>
    <nd ref="11733794924"/>
    <nd ref="11733794925"/>
    <nd ref="1845672336"/>
    <tag k="highway" v="primary"/>
    <tag k="lanes" v="5"/>
    <tag k="lanes:backward" v="3"/>
    <tag k="lanes:forward" v="2"/>
    <tag k="maxspeed" v="50"/>
    <tag k="name" v="Botany Road"/>
    <tag k="sidewalk:left" v="separate"/>
    <tag k="source:maxspeed" v="bing"/>
    <tag k="surface" v="paved"/>
    <tag k="turn:lanes:backward" v="||right"/>
  </way>
  <way id="846244096">
    <nd ref="7895181248"/>
    <nd ref="11263969751"/>
    <nd ref="7895181249"/>
    <nd ref="7895181250"/>
    <nd ref="7895181251"/>
    <nd ref="5663268548"/>
    <tag k="bicycle" v="dismount"/>
    <tag k="highway" v="footway"/>
    <tag k="oneway" v="no"/>
    <tag k="segregated" v="no"/>
    <tag k="source" v="lpi_imagery"/>
    <tag k="surface" v="concrete"/>
  </way>
  <way id="846244097">
    <nd ref="5663268548"/>
    <nd ref="5663268549"/>
    <nd ref="5663268550"/>
    <tag k="crossing" v="traffic_signals"/>
    <tag k="footway" v="crossing"/>
    <tag k="highway" v="footway"/>
    <tag k="oneway" v="no"/>
    <tag k="segregated" v="no"/>
    <tag k="source" v="lpi_imagery"/>
    <tag k="surface" v="asphalt"/>
  </way>
  <way id="846612195">
    <nd ref="7899178509"/>
    <nd ref="8083376320"/>
    <nd ref="7899178519"/>
    <nd ref="6586189658"/>
    <tag k="highway" v="footway"/>
    <tag k="surface" v="paving_stones"/>
  </way>
  <way id="846612197">
    <nd ref="7899178513"/>
    <nd ref="9160254385"/>
    <nd ref="9160254386"/>
    <nd ref="9160254387"/>
    <nd ref="9160254388"/>
    <nd ref="7899178514"/>
    <nd ref="7899178515"/>
    <tag k="footway" v="sidewalk"/>
    <tag k="highway" v="footway"/>
    <tag k="surface" v="paving_stones"/>
  </way>
  <way id="846612198">
    <nd ref="1941652427"/>
    <nd ref="9807559883"/>
    <nd ref="9160254392"/>
    <nd ref="9160254394"/>
    <nd ref="7899178518"/>
    <tag k="highway" v="footway"/>
  </way>
  <way id="846612199">
    <nd ref="7899178515"/>
    <nd ref="7899178519"/>
    <nd ref="8158053144"/>
    <nd ref="8158053133"/>
    <nd ref="7899178520"/>
    <tag k="footway" v="sidewalk"/>
    <tag k="highway" v="footway"/>
  </way>
  <way id="846612200">
    <nd ref="7899178515"/>
    <nd ref="7899178518"/>
    <nd ref="7899178516"/>
    <nd ref="9807559884"/>
    <nd ref="7899178517"/>
    <tag k="highway" v="footway"/>
  </way>
  <way id="847195179">
    <nd ref="7905473533"/>
    <nd ref="7905473534"/>
    <nd ref="7905473535"/>
    <nd ref="7905473536"/>
    <nd ref="7905473537"/>
    <nd ref="11484006897"/>
    <nd ref="11484006908"/>
    <nd ref="11484006909"/>
    <nd ref="11484006896"/>
    <tag k="bicycle" v="yes"/>
    <tag k="footway" v="sidewalk"/>
    <tag k="highway" v="footway"/>
    <tag k="source:bicycle" v="survey;no end shared path sign"/>
    <tag k="surface" v="paving_stones"/>
  </way>
  <way id="847195180">
    <nd ref="7905473534"/>
    <nd ref="7905473539"/>
    <nd ref="7905473540"/>
    <nd ref="7905473541"/>
    <nd ref="7905473542"/>
    <nd ref="7905473543"/>
    <nd ref="7905473544"/>
    <nd ref="7888578535"/>
    <tag k="bicycle" v="yes"/>
    <tag k="highway" v="footway"/>
    <tag k="incline" v="up"/>
    <tag k="source:bicycle" v="survey;no end shared path sign"/>
    <tag k="surface" v="paving_stones"/>
  </way>
  <way id="847195181">
    <nd ref="7905473540"/>
    <nd ref="7905473545"/>
    <tag k="highway" v="footway"/>
  </way>
  <way id="847195182">
    <nd ref="7905473545"/>
    <nd ref="7905473546"/>
    <nd ref="7905473547"/>
    <tag k="highway" v="footway"/>
  </way>
  <way id="847195183">
    <nd ref="7905473547"/>
    <nd ref="7888578532"/>
    <tag k="highway" v="footway"/>
    <tag k="layer" v="-1"/>
    <tag k="tunnel" v="yes"/>
  </way>
  <way id="847195184">
    <nd ref="7888578535"/>
    <nd ref="5809738705"/>
    <nd ref="9549197668"/>
    <nd ref="7905473548"/>
    <tag k="bicycle" v="yes"/>
    <tag k="highway" v="footway"/>
    <tag k="source:bicycle" v="survey;no end shared path sign"/>
  </way>
  <way id="864037235">
    <nd ref="8049252439"/>
    <nd ref="8049252440"/>
    <nd ref="8049252441"/>
    <nd ref="8049252458"/>
    <nd ref="8049252459"/>
    <nd ref="8049252460"/>
    <nd ref="9544170686"/>
    <nd ref="8049252461"/>
    <nd ref="8049252462"/>
    <nd ref="8049252463"/>
    <nd ref="8049252447"/>
    <tag k="footway" v="sidewalk"/>
    <tag k="highway" v="footway"/>
    <tag k="lit" v="yes"/>
    <tag k="surface" v="concrete"/>
  </way>
  <way id="864037236">
    <nd ref="8049252440"/>
    <nd ref="8049252438"/>
    <nd ref="8049252456"/>
    <tag k="crossing" v="marked"/>
    <tag k="crossing:markings" v="yes"/>
    <tag k="footway" v="crossing"/>
    <tag k="highway" v="footway"/>
    <tag k="lit" v="yes"/>
    <tag k="surface" v="concrete"/>
    <tag k="traffic_calming" v="table"/>
  </way>
  <way id="864037237">
    <nd ref="8049252442"/>
    <nd ref="8049252458"/>
    <nd ref="8049252449"/>
    <nd ref="8049252450"/>
    <nd ref="8083017115"/>
    <nd ref="8049252451"/>
    <nd ref="8083017114"/>
    <nd ref="8049252453"/>
    <nd ref="8049252454"/>
    <tag k="highway" v="service"/>
    <tag k="lanes" v="2"/>
    <tag k="service" v="driveway"/>
  </way>
  <way id="864037238">
    <nd ref="8049252455"/>
    <nd ref="8049252456"/>
    <nd ref="8049252457"/>
    <tag k="footway" v="sidewalk"/>
    <tag k="highway" v="footway"/>
    <tag k="lit" v="yes"/>
    <tag k="surface" v="concrete"/>
  </way>
  <way id="864037239">
    <nd ref="8049252464"/>
    <nd ref="9357235622"/>
    <tag k="proposed" v="footway"/>
    <tag k="source" v="https://www.cityofsydney.nsw.gov.au/building-new-infrastructure/building-green-square-ashmore-connector"/>
  </way>
  <way id="867185361">
    <nd ref="8083348803"/>
    <nd ref="8083348800"/>
    <nd ref="8158053136"/>
    <nd ref="8158053145"/>
    <nd ref="8158053138"/>
    <nd ref="8158053143"/>
    <nd ref="8158053135"/>
    <nd ref="8158053142"/>
    <nd ref="8158053139"/>
    <nd ref="8158053141"/>
    <nd ref="8158053140"/>
    <nd ref="8158053137"/>
    <nd ref="8083348789"/>
    <nd ref="8083348801"/>
    <nd ref="8083348802"/>
    <nd ref="8083348803"/>
    <tag k="addr:housenumber" v="8"/>
    <tag k="addr:postcode" v="2017"/>
    <tag k="addr:state" v="NSW"/>
    <tag k="addr:street" v="Kingsborough Way"/>
    <tag k="addr:suburb" v="Zetland"/>
    <tag k="building" v="apartments"/>
    <tag k="building:levels" v="13"/>
  </way>
  <way id="867185362">
    <nd ref="8083348807"/>
    <nd ref="8083348791"/>
    <nd ref="8083348804"/>
    <nd ref="8083348786"/>
    <nd ref="8083348790"/>
    <nd ref="8083348805"/>
    <nd ref="8083348806"/>
    <nd ref="8083348807"/>
    <tag k="addr:housenumber" v="6"/>
    <tag k="addr:postcode" v="2017"/>
    <tag k="addr:state" v="NSW"/>
    <tag k="addr:street" v="Kingsborough Way"/>
    <tag k="addr:suburb" v="Zetland"/>
    <tag k="building" v="apartments"/>
    <tag k="building:levels" v="8"/>
  </way>
  <way id="867185363">
    <nd ref="8083348811"/>
    <nd ref="8154635688"/>
    <nd ref="8154635689"/>
    <nd ref="8083348808"/>
    <nd ref="8083348792"/>
    <nd ref="8083348809"/>
    <nd ref="8083348810"/>
    <nd ref="8083348811"/>
    <tag k="building" v="terrace"/>
  </way>
  <way id="867185364">
    <nd ref="8083348815"/>
    <nd ref="8083348812"/>
    <nd ref="8083348813"/>
    <nd ref="8083348811"/>
    <nd ref="8083348810"/>
    <nd ref="8083348815"/>
    <tag k="building" v="yes"/>
  </way>
  <way id="867185365">
    <nd ref="8083376319"/>
    <nd ref="8083348816"/>
    <nd ref="8083348795"/>
    <nd ref="8083348794"/>
    <nd ref="8083348793"/>
    <nd ref="8083376317"/>
    <nd ref="8083376318"/>
    <nd ref="8083376319"/>
    <tag k="building" v="apartments"/>
  </way>
  <way id="868000837">
    <nd ref="8090776490"/>
    <nd ref="8090776491"/>
    <nd ref="8090776492"/>
    <nd ref="8090776493"/>
    <nd ref="8090776494"/>
    <nd ref="8090776495"/>
    <nd ref="8090776490"/>
    <tag k="addr:housenumber" v="811"/>
    <tag k="addr:postcode" v="2017"/>
    <tag k="addr:state" v="NSW"/>
    <tag k="addr:street" v="Elizabeth Street"/>
    <tag k="addr:suburb" v="Zetland"/>
    <tag k="landuse" v="residential"/>
    <tag k="name" v="Eminence"/>
    <tag k="operator" v="Meriton"/>
    <tag k="residential" v="apartments"/>
  </way>
  <way id="871534634">
    <nd ref="8117713082"/>
    <nd ref="8117713083"/>
    <nd ref="8117713087"/>
    <nd ref="8117713086"/>
    <tag k="footway" v="sidewalk"/>
    <tag k="highway" v="footway"/>
    <tag k="surface" v="concrete"/>
  </way>
  <way id="871534635">
    <nd ref="8117713094"/>
    <nd ref="8117713096"/>
    <nd ref="8117713095"/>
    <nd ref="2830871832"/>
    <tag k="footway" v="sidewalk"/>
    <tag k="highway" v="footway"/>
    <tag k="surface" v="concrete"/>
  </way>
  <way id="875756906">
    <nd ref="8151239312"/>
    <nd ref="8151262785"/>
    <nd ref="8151262750"/>
    <nd ref="8151239313"/>
    <nd ref="8151239311"/>
    <nd ref="8151239312"/>
    <tag k="addr:country" v="AU"/>
    <tag k="addr:housenumber" v="59"/>
    <tag k="addr:postcode" v="2017"/>
    <tag k="addr:state" v="NSW"/>
    <tag k="addr:street" v="Portman Street"/>
    <tag k="addr:suburb" v="Zetland"/>
    <tag k="building" v="yes"/>
  </way>
  <way id="875756907">
    <nd ref="8151239313"/>
    <nd ref="8151262750"/>
    <nd ref="8151262751"/>
    <nd ref="8151239314"/>
    <nd ref="8151239313"/>
    <tag k="addr:country" v="AU"/>
    <tag k="addr:housenumber" v="57"/>
    <tag k="addr:postcode" v="2017"/>
    <tag k="addr:state" v="NSW"/>
    <tag k="addr:street" v="Portman Street"/>
    <tag k="addr:suburb" v="Zetland"/>
    <tag k="building" v="yes"/>
  </way>
  <way id="875756908">
    <nd ref="8151262754"/>
    <nd ref="8151262752"/>
    <nd ref="8151239314"/>
    <nd ref="8151262751"/>
    <nd ref="8151262753"/>
    <nd ref="8151262754"/>
    <tag k="addr:country" v="AU"/>
    <tag k="addr:housenumber" v="55"/>
    <tag k="addr:postcode" v="2017"/>
    <tag k="addr:state" v="NSW"/>
    <tag k="addr:street" v="Portman Street"/>
    <tag k="addr:suburb" v="Zetland"/>
    <tag k="building" v="yes"/>
  </way>
  <way id="875756909">
    <nd ref="8151262756"/>
    <nd ref="8151262754"/>
    <nd ref="8151262753"/>
    <nd ref="8151262755"/>
    <nd ref="8151239315"/>
    <nd ref="8151262756"/>
    <tag k="addr:country" v="AU"/>
    <tag k="addr:housenumber" v="53"/>
    <tag k="addr:postcode" v="2017"/>
    <tag k="addr:state" v="NSW"/>
    <tag k="addr:street" v="Portman Street"/>
    <tag k="addr:suburb" v="Zetland"/>
    <tag k="building" v="yes"/>
  </way>
  <way id="875756910">
    <nd ref="8151239315"/>
    <nd ref="8151262755"/>
    <nd ref="8151262757"/>
    <nd ref="8151239316"/>
    <nd ref="8151239315"/>
    <tag k="addr:country" v="AU"/>
    <tag k="addr:housenumber" v="51"/>
    <tag k="addr:postcode" v="2017"/>
    <tag k="addr:state" v="NSW"/>
    <tag k="addr:street" v="Portman Street"/>
    <tag k="addr:suburb" v="Zetland"/>
    <tag k="building" v="yes"/>
  </way>
  <way id="875756911">
    <nd ref="8151262760"/>
    <nd ref="8151262758"/>
    <nd ref="8151239316"/>
    <nd ref="8151262757"/>
    <nd ref="8151262759"/>
    <nd ref="8151262717"/>
    <nd ref="8151262760"/>
    <tag k="addr:country" v="AU"/>
    <tag k="addr:housenumber" v="49"/>
    <tag k="addr:postcode" v="2017"/>
    <tag k="addr:state" v="NSW"/>
    <tag k="addr:street" v="Portman Street"/>
    <tag k="addr:suburb" v="Zetland"/>
    <tag k="building" v="yes"/>
  </way>
  <way id="875756912">
    <nd ref="8151262717"/>
    <nd ref="8151262759"/>
    <nd ref="8151262761"/>
    <nd ref="8151262719"/>
    <nd ref="8151262718"/>
    <nd ref="8151262717"/>
    <tag k="addr:country" v="AU"/>
    <tag k="addr:housenumber" v="47"/>
    <tag k="addr:postcode" v="2017"/>
    <tag k="addr:state" v="NSW"/>
    <tag k="addr:street" v="Portman Street"/>
    <tag k="addr:suburb" v="Zetland"/>
    <tag k="building" v="yes"/>
  </way>
  <way id="875756913">
    <nd ref="8151262719"/>
    <nd ref="8151262761"/>
    <nd ref="8151262762"/>
    <nd ref="8151262720"/>
    <nd ref="8151262719"/>
    <tag k="addr:country" v="AU"/>
    <tag k="addr:housenumber" v="45"/>
    <tag k="addr:postcode" v="2017"/>
    <tag k="addr:state" v="NSW"/>
    <tag k="addr:street" v="Portman Street"/>
    <tag k="addr:suburb" v="Zetland"/>
    <tag k="building" v="yes"/>
  </way>
  <way id="875756914">
    <nd ref="8151262720"/>
    <nd ref="8151262762"/>
    <nd ref="8151262763"/>
    <nd ref="8151262721"/>
    <nd ref="8151262720"/>
    <tag k="addr:country" v="AU"/>
    <tag k="addr:housenumber" v="43"/>
    <tag k="addr:postcode" v="2017"/>
    <tag k="addr:state" v="NSW"/>
    <tag k="addr:street" v="Portman Street"/>
    <tag k="addr:suburb" v="Zetland"/>
    <tag k="building" v="yes"/>
  </way>
  <way id="875756915">
    <nd ref="8151239310"/>
    <nd ref="8151262721"/>
    <nd ref="8151262763"/>
    <nd ref="8151262764"/>
    <nd ref="8151262722"/>
    <nd ref="8151239306"/>
    <nd ref="8151239307"/>
    <nd ref="8151239308"/>
    <nd ref="8151262723"/>
    <nd ref="8151239310"/>
    <tag k="addr:country" v="AU"/>
    <tag k="addr:housenumber" v="41"/>
    <tag k="addr:postcode" v="2017"/>
    <tag k="addr:state" v="NSW"/>
    <tag k="addr:street" v="Portman Street"/>
    <tag k="addr:suburb" v="Zetland"/>
    <tag k="building" v="yes"/>
  </way>
  <way id="875756916">
    <nd ref="8151239309"/>
    <nd ref="8151262722"/>
    <nd ref="8151262764"/>
    <nd ref="8151262765"/>
    <nd ref="8151262725"/>
    <nd ref="8151262724"/>
    <nd ref="8151239309"/>
    <tag k="addr:country" v="AU"/>
    <tag k="addr:housenumber" v="39"/>
    <tag k="addr:postcode" v="2017"/>
    <tag k="addr:state" v="NSW"/>
    <tag k="addr:street" v="Portman Street"/>
    <tag k="addr:suburb" v="Zetland"/>
    <tag k="building" v="yes"/>
  </way>
  <way id="875756917">
    <nd ref="8151262724"/>
    <nd ref="8151262725"/>
    <nd ref="8151262765"/>
    <nd ref="8151262766"/>
    <nd ref="8151262726"/>
    <nd ref="8151239305"/>
    <nd ref="8151262724"/>
    <tag k="addr:country" v="AU"/>
    <tag k="addr:housenumber" v="37"/>
    <tag k="addr:postcode" v="2017"/>
    <tag k="addr:state" v="NSW"/>
    <tag k="addr:street" v="Portman Street"/>
    <tag k="addr:suburb" v="Zetland"/>
    <tag k="building" v="yes"/>
  </way>
  <way id="875756918">
    <nd ref="8151239301"/>
    <nd ref="8151239305"/>
    <nd ref="8151262726"/>
    <nd ref="8151262766"/>
    <nd ref="8151262767"/>
    <nd ref="8151262727"/>
    <nd ref="8151239303"/>
    <nd ref="8151239304"/>
    <nd ref="8151239301"/>
    <tag k="addr:country" v="AU"/>
    <tag k="addr:housenumber" v="35"/>
    <tag k="addr:postcode" v="2017"/>
    <tag k="addr:state" v="NSW"/>
    <tag k="addr:street" v="Portman Street"/>
    <tag k="addr:suburb" v="Zetland"/>
    <tag k="building" v="yes"/>
  </way>
  <way id="875756919">
    <nd ref="8151239302"/>
    <nd ref="8151262727"/>
    <nd ref="8151262767"/>
    <nd ref="8151262768"/>
    <nd ref="8151262728"/>
    <nd ref="8151239302"/>
    <tag k="addr:country" v="AU"/>
    <tag k="addr:housenumber" v="33"/>
    <tag k="addr:postcode" v="2017"/>
    <tag k="addr:state" v="NSW"/>
    <tag k="addr:street" v="Portman Street"/>
    <tag k="addr:suburb" v="Zetland"/>
    <tag k="building" v="yes"/>
  </way>
  <way id="875756920">
    <nd ref="8151239300"/>
    <nd ref="8151262728"/>
    <nd ref="8151262768"/>
    <nd ref="8151262769"/>
    <nd ref="8151262730"/>
    <nd ref="8151262729"/>
    <nd ref="8151239300"/>
    <tag k="addr:country" v="AU"/>
    <tag k="addr:housenumber" v="31"/>
    <tag k="addr:postcode" v="2017"/>
    <tag k="addr:state" v="NSW"/>
    <tag k="addr:street" v="Portman Street"/>
    <tag k="addr:suburb" v="Zetland"/>
    <tag k="building" v="yes"/>
  </way>
  <way id="875756921">
    <nd ref="8151262730"/>
    <nd ref="8151262769"/>
    <nd ref="8151262770"/>
    <nd ref="8151262731"/>
    <nd ref="8151262730"/>
    <tag k="addr:country" v="AU"/>
    <tag k="addr:housenumber" v="29"/>
    <tag k="addr:postcode" v="2017"/>
    <tag k="addr:state" v="NSW"/>
    <tag k="addr:street" v="Portman Street"/>
    <tag k="addr:suburb" v="Zetland"/>
    <tag k="building" v="yes"/>
  </way>
  <way id="875756922">
    <nd ref="8151239292"/>
    <nd ref="8151262731"/>
    <nd ref="8151262770"/>
    <nd ref="8151262771"/>
    <nd ref="8151262733"/>
    <nd ref="8151262732"/>
    <nd ref="8151239292"/>
    <tag k="addr:country" v="AU"/>
    <tag k="addr:housenumber" v="27"/>
    <tag k="addr:postcode" v="2017"/>
    <tag k="addr:state" v="NSW"/>
    <tag k="addr:street" v="Portman Street"/>
    <tag k="addr:suburb" v="Zetland"/>
    <tag k="building" v="yes"/>
  </way>
  <way id="875756923">
    <nd ref="8151262733"/>
    <nd ref="8151262771"/>
    <nd ref="8151262772"/>
    <nd ref="8151262734"/>
    <nd ref="8151262733"/>
    <tag k="addr:country" v="AU"/>
    <tag k="addr:housenumber" v="25"/>
    <tag k="addr:postcode" v="2017"/>
    <tag k="addr:state" v="NSW"/>
    <tag k="addr:street" v="Portman Street"/>
    <tag k="addr:suburb" v="Zetland"/>
    <tag k="building" v="yes"/>
  </way>
  <way id="875756924">
    <nd ref="8151262734"/>
    <nd ref="8151262772"/>
    <nd ref="8151262773"/>
    <nd ref="8151262735"/>
    <nd ref="8151262734"/>
    <tag k="addr:country" v="AU"/>
    <tag k="addr:housenumber" v="23"/>
    <tag k="addr:postcode" v="2017"/>
    <tag k="addr:state" v="NSW"/>
    <tag k="addr:street" v="Portman Street"/>
    <tag k="addr:suburb" v="Zetland"/>
    <tag k="building" v="yes"/>
  </way>
  <way id="875756925">
    <nd ref="8151239293"/>
    <nd ref="8151262735"/>
    <nd ref="8151262773"/>
    <nd ref="8151262774"/>
    <nd ref="8151262737"/>
    <nd ref="8151239295"/>
    <nd ref="8151239294"/>
    <nd ref="8151239293"/>
    <tag k="addr:country" v="AU"/>
    <tag k="addr:housenumber" v="21"/>
    <tag k="addr:postcode" v="2017"/>
    <tag k="addr:state" v="NSW"/>
    <tag k="addr:street" v="Portman Street"/>
    <tag k="addr:suburb" v="Zetland"/>
    <tag k="building" v="yes"/>
  </way>
  <way id="875756926">
    <nd ref="8151262737"/>
    <nd ref="8151262774"/>
    <nd ref="8151262775"/>
    <nd ref="8151262738"/>
    <nd ref="8151262736"/>
    <nd ref="8151262737"/>
    <tag k="addr:country" v="AU"/>
    <tag k="addr:housenumber" v="19"/>
    <tag k="addr:postcode" v="2017"/>
    <tag k="addr:state" v="NSW"/>
    <tag k="addr:street" v="Portman Street"/>
    <tag k="addr:suburb" v="Zetland"/>
    <tag k="building" v="yes"/>
  </way>
  <way id="875756927">
    <nd ref="8151262738"/>
    <nd ref="8151262775"/>
    <nd ref="8151262776"/>
    <nd ref="8151262739"/>
    <nd ref="8151262738"/>
    <tag k="addr:country" v="AU"/>
    <tag k="addr:housenumber" v="17"/>
    <tag k="addr:postcode" v="2017"/>
    <tag k="addr:state" v="NSW"/>
    <tag k="addr:street" v="Portman Street"/>
    <tag k="addr:suburb" v="Zetland"/>
    <tag k="building" v="yes"/>
  </way>
  <way id="875756928">
    <nd ref="8151239296"/>
    <nd ref="8151262739"/>
    <nd ref="8151262776"/>
    <nd ref="8151262777"/>
    <nd ref="8151262741"/>
    <nd ref="8151262740"/>
    <nd ref="8151239296"/>
    <tag k="addr:country" v="AU"/>
    <tag k="addr:housenumber" v="15"/>
    <tag k="addr:postcode" v="2017"/>
    <tag k="addr:state" v="NSW"/>
    <tag k="addr:street" v="Portman Street"/>
    <tag k="addr:suburb" v="Zetland"/>
    <tag k="building" v="yes"/>
  </way>
  <way id="875756929">
    <nd ref="8151262740"/>
    <nd ref="8151262741"/>
    <nd ref="8151262777"/>
    <nd ref="8151262778"/>
    <nd ref="8151262742"/>
    <nd ref="8151262740"/>
    <tag k="addr:country" v="AU"/>
    <tag k="addr:housenumber" v="13"/>
    <tag k="addr:postcode" v="2017"/>
    <tag k="addr:state" v="NSW"/>
    <tag k="addr:street" v="Portman Street"/>
    <tag k="addr:suburb" v="Zetland"/>
    <tag k="building" v="yes"/>
  </way>
  <way id="875756930">
    <nd ref="8151262742"/>
    <nd ref="8151262778"/>
    <nd ref="8151262779"/>
    <nd ref="8151262743"/>
    <nd ref="8151262742"/>
    <tag k="addr:country" v="AU"/>
    <tag k="addr:housenumber" v="11"/>
    <tag k="addr:postcode" v="2017"/>
    <tag k="addr:state" v="NSW"/>
    <tag k="addr:street" v="Portman Street"/>
    <tag k="addr:suburb" v="Zetland"/>
    <tag k="building" v="yes"/>
  </way>
  <way id="875756931">
    <nd ref="8151262743"/>
    <nd ref="8151262779"/>
    <nd ref="8151262780"/>
    <nd ref="8151262744"/>
    <nd ref="8151262743"/>
    <tag k="addr:country" v="AU"/>
    <tag k="addr:housenumber" v="9"/>
    <tag k="addr:postcode" v="2017"/>
    <tag k="addr:state" v="NSW"/>
    <tag k="addr:street" v="Portman Street"/>
    <tag k="addr:suburb" v="Zetland"/>
    <tag k="building" v="yes"/>
  </way>
  <way id="875756932">
    <nd ref="8151262744"/>
    <nd ref="8151262780"/>
    <nd ref="8151262781"/>
    <nd ref="8151262745"/>
    <nd ref="8151239298"/>
    <nd ref="8151239297"/>
    <nd ref="8151262744"/>
    <tag k="addr:country" v="AU"/>
    <tag k="addr:housenumber" v="7"/>
    <tag k="addr:postcode" v="2017"/>
    <tag k="addr:state" v="NSW"/>
    <tag k="addr:street" v="Portman Street"/>
    <tag k="addr:suburb" v="Zetland"/>
    <tag k="building" v="yes"/>
  </way>
  <way id="875756933">
    <nd ref="8151239299"/>
    <nd ref="8151262745"/>
    <nd ref="8151262781"/>
    <nd ref="8151262782"/>
    <nd ref="8151262747"/>
    <nd ref="8151262746"/>
    <nd ref="8151239299"/>
    <tag k="addr:country" v="AU"/>
    <tag k="addr:housenumber" v="5"/>
    <tag k="addr:postcode" v="2017"/>
    <tag k="addr:state" v="NSW"/>
    <tag k="addr:street" v="Portman Street"/>
    <tag k="addr:suburb" v="Zetland"/>
    <tag k="building" v="yes"/>
  </way>
  <way id="875756934">
    <nd ref="8151262747"/>
    <nd ref="8151262782"/>
    <nd ref="8151262783"/>
    <nd ref="8151262748"/>
    <nd ref="8151262747"/>
    <tag k="addr:country" v="AU"/>
    <tag k="addr:housenumber" v="3"/>
    <tag k="addr:postcode" v="2017"/>
    <tag k="addr:state" v="NSW"/>
    <tag k="addr:street" v="Portman Street"/>
    <tag k="addr:suburb" v="Zetland"/>
    <tag k="building" v="yes"/>
  </way>
  <way id="875756935">
    <nd ref="8151262748"/>
    <nd ref="8151262783"/>
    <nd ref="8151262784"/>
    <nd ref="8151262749"/>
    <nd ref="8151262748"/>
    <tag k="addr:country" v="AU"/>
    <tag k="addr:housenumber" v="1"/>
    <tag k="addr:postcode" v="2017"/>
    <tag k="addr:state" v="NSW"/>
    <tag k="addr:street" v="Portman Street"/>
    <tag k="addr:suburb" v="Zetland"/>
    <tag k="building" v="yes"/>
  </way>
  <way id="875789609">
    <nd ref="8151495881"/>
    <nd ref="8151495880"/>
    <nd ref="8151495878"/>
    <nd ref="8151495879"/>
    <nd ref="8151495881"/>
    <tag k="addr:country" v="AU"/>
    <tag k="addr:housenumber" v="54B"/>
    <tag k="addr:postcode" v="2017"/>
    <tag k="addr:state" v="NSW"/>
    <tag k="addr:street" v="Portman Street"/>
    <tag k="addr:suburb" v="Zetland"/>
    <tag k="building" v="yes"/>
  </way>
  <way id="875789610">
    <nd ref="8151495915"/>
    <nd ref="8151511458"/>
    <nd ref="8151495886"/>
    <nd ref="8151495887"/>
    <nd ref="8151495915"/>
    <tag k="addr:country" v="AU"/>
    <tag k="addr:housenumber" v="60"/>
    <tag k="addr:postcode" v="2017"/>
    <tag k="addr:state" v="NSW"/>
    <tag k="addr:street" v="Portman Street"/>
    <tag k="addr:suburb" v="Zetland"/>
    <tag k="building" v="yes"/>
  </way>
  <way id="875789611">
    <nd ref="8151495916"/>
    <nd ref="8151495915"/>
    <nd ref="8151495887"/>
    <nd ref="8151495888"/>
    <nd ref="8151495889"/>
    <nd ref="8151495916"/>
    <tag k="addr:country" v="AU"/>
    <tag k="addr:housenumber" v="58"/>
    <tag k="addr:postcode" v="2017"/>
    <tag k="addr:state" v="NSW"/>
    <tag k="addr:street" v="Portman Street"/>
    <tag k="addr:suburb" v="Zetland"/>
    <tag k="building" v="yes"/>
  </way>
  <way id="875789612">
    <nd ref="8151495879"/>
    <nd ref="8151495916"/>
    <nd ref="8151495889"/>
    <nd ref="8151495878"/>
    <nd ref="8151495879"/>
    <tag k="addr:country" v="AU"/>
    <tag k="addr:housenumber" v="56"/>
    <tag k="addr:postcode" v="2017"/>
    <tag k="addr:state" v="NSW"/>
    <tag k="addr:street" v="Portman Street"/>
    <tag k="addr:suburb" v="Zetland"/>
    <tag k="building" v="yes"/>
  </way>
  <way id="875789613">
    <nd ref="8151511417"/>
    <nd ref="8151495881"/>
    <nd ref="8151495880"/>
    <nd ref="8151495890"/>
    <nd ref="8151511417"/>
    <tag k="addr:country" v="AU"/>
    <tag k="addr:housenumber" v="54A"/>
    <tag k="addr:postcode" v="2017"/>
    <tag k="addr:state" v="NSW"/>
    <tag k="addr:street" v="Portman Street"/>
    <tag k="addr:suburb" v="Zetland"/>
    <tag k="building" v="yes"/>
  </way>
  <way id="875789614">
    <nd ref="8151511418"/>
    <nd ref="8151511417"/>
    <nd ref="8151495890"/>
    <nd ref="8151495891"/>
    <nd ref="8151511418"/>
    <tag k="addr:country" v="AU"/>
    <tag k="addr:housenumber" v="54"/>
    <tag k="addr:postcode" v="2017"/>
    <tag k="addr:state" v="NSW"/>
    <tag k="addr:street" v="Portman Street"/>
    <tag k="addr:suburb" v="Zetland"/>
    <tag k="building" v="yes"/>
  </way>
  <way id="875789615">
    <nd ref="8151511419"/>
    <nd ref="8151511418"/>
    <nd ref="8151495891"/>
    <nd ref="8151495892"/>
    <nd ref="8151495893"/>
    <nd ref="8151511419"/>
    <tag k="addr:country" v="AU"/>
    <tag k="addr:housenumber" v="52"/>
    <tag k="addr:postcode" v="2017"/>
    <tag k="addr:state" v="NSW"/>
    <tag k="addr:street" v="Portman Street"/>
    <tag k="addr:suburb" v="Zetland"/>
    <tag k="building" v="yes"/>
  </way>
  <way id="875789616">
    <nd ref="8151511420"/>
    <nd ref="8151511419"/>
    <nd ref="8151495893"/>
    <nd ref="8151495885"/>
    <nd ref="8151495894"/>
    <nd ref="8151511420"/>
    <tag k="addr:country" v="AU"/>
    <tag k="addr:housenumber" v="50"/>
    <tag k="addr:postcode" v="2017"/>
    <tag k="addr:state" v="NSW"/>
    <tag k="addr:street" v="Portman Street"/>
    <tag k="addr:suburb" v="Zetland"/>
    <tag k="building" v="yes"/>
  </way>
  <way id="875789617">
    <nd ref="8151511421"/>
    <nd ref="8151511420"/>
    <nd ref="8151495894"/>
    <nd ref="8151495895"/>
    <nd ref="8151495896"/>
    <nd ref="8151511421"/>
    <tag k="addr:country" v="AU"/>
    <tag k="addr:housenumber" v="48"/>
    <tag k="addr:postcode" v="2017"/>
    <tag k="addr:state" v="NSW"/>
    <tag k="addr:street" v="Portman Street"/>
    <tag k="addr:suburb" v="Zetland"/>
    <tag k="building" v="yes"/>
  </way>
  <way id="875789618">
    <nd ref="8151511423"/>
    <nd ref="8151511421"/>
    <nd ref="8151495896"/>
    <nd ref="8151495897"/>
    <nd ref="8151511423"/>
    <tag k="addr:country" v="AU"/>
    <tag k="addr:housenumber" v="46"/>
    <tag k="addr:postcode" v="2017"/>
    <tag k="addr:state" v="NSW"/>
    <tag k="addr:street" v="Portman Street"/>
    <tag k="addr:suburb" v="Zetland"/>
    <tag k="building" v="yes"/>
  </way>
  <way id="875789619">
    <nd ref="8151511425"/>
    <nd ref="8151511423"/>
    <nd ref="8151495897"/>
    <nd ref="8151511422"/>
    <nd ref="8151511424"/>
    <nd ref="8151511425"/>
    <tag k="addr:country" v="AU"/>
    <tag k="addr:housenumber" v="44"/>
    <tag k="addr:postcode" v="2017"/>
    <tag k="addr:state" v="NSW"/>
    <tag k="addr:street" v="Portman Street"/>
    <tag k="addr:suburb" v="Zetland"/>
    <tag k="building" v="yes"/>
  </way>
  <way id="875789620">
    <nd ref="8151511427"/>
    <nd ref="8151511425"/>
    <nd ref="8151511424"/>
    <nd ref="8151511426"/>
    <nd ref="8151511427"/>
    <tag k="addr:country" v="AU"/>
    <tag k="addr:housenumber" v="42"/>
    <tag k="addr:postcode" v="2017"/>
    <tag k="addr:state" v="NSW"/>
    <tag k="addr:street" v="Portman Street"/>
    <tag k="addr:suburb" v="Zetland"/>
    <tag k="building" v="yes"/>
  </way>
  <way id="875789621">
    <nd ref="8151511428"/>
    <nd ref="8151511427"/>
    <nd ref="8151511426"/>
    <nd ref="8151495884"/>
    <nd ref="8151495899"/>
    <nd ref="8151495898"/>
    <nd ref="8151511428"/>
    <tag k="addr:country" v="AU"/>
    <tag k="addr:housenumber" v="40"/>
    <tag k="addr:postcode" v="2017"/>
    <tag k="addr:state" v="NSW"/>
    <tag k="addr:street" v="Portman Street"/>
    <tag k="addr:suburb" v="Zetland"/>
    <tag k="building" v="yes"/>
  </way>
  <way id="875789622">
    <nd ref="8151511429"/>
    <nd ref="8151511428"/>
    <nd ref="8151495898"/>
    <nd ref="8151495899"/>
    <nd ref="8151495900"/>
    <nd ref="8151495901"/>
    <nd ref="8151511429"/>
    <tag k="addr:country" v="AU"/>
    <tag k="addr:housenumber" v="38"/>
    <tag k="addr:postcode" v="2017"/>
    <tag k="addr:state" v="NSW"/>
    <tag k="addr:street" v="Portman Street"/>
    <tag k="addr:suburb" v="Zetland"/>
    <tag k="building" v="yes"/>
  </way>
  <way id="875789623">
    <nd ref="8151511430"/>
    <nd ref="8151511429"/>
    <nd ref="8151495901"/>
    <nd ref="8151495902"/>
    <nd ref="8151495903"/>
    <nd ref="8151511430"/>
    <tag k="addr:country" v="AU"/>
    <tag k="addr:housenumber" v="36"/>
    <tag k="addr:postcode" v="2017"/>
    <tag k="addr:state" v="NSW"/>
    <tag k="addr:street" v="Portman Street"/>
    <tag k="addr:suburb" v="Zetland"/>
    <tag k="building" v="yes"/>
  </way>
  <way id="875789624">
    <nd ref="8151511431"/>
    <nd ref="8151511430"/>
    <nd ref="8151495903"/>
    <nd ref="8151495904"/>
    <nd ref="8151511431"/>
    <tag k="addr:country" v="AU"/>
    <tag k="addr:housenumber" v="34"/>
    <tag k="addr:postcode" v="2017"/>
    <tag k="addr:state" v="NSW"/>
    <tag k="addr:street" v="Portman Street"/>
    <tag k="addr:suburb" v="Zetland"/>
    <tag k="building" v="yes"/>
  </way>
  <way id="875789625">
    <nd ref="8151511432"/>
    <nd ref="8151511431"/>
    <nd ref="8151495904"/>
    <nd ref="8151495905"/>
    <nd ref="8151495906"/>
    <nd ref="8151511432"/>
    <tag k="addr:country" v="AU"/>
    <tag k="addr:housenumber" v="30"/>
    <tag k="addr:postcode" v="2017"/>
    <tag k="addr:state" v="NSW"/>
    <tag k="addr:street" v="Portman Street"/>
    <tag k="addr:suburb" v="Zetland"/>
    <tag k="building" v="yes"/>
  </way>
  <way id="875789626">
    <nd ref="8151511433"/>
    <nd ref="8151511432"/>
    <nd ref="8151495906"/>
    <nd ref="8151495883"/>
    <nd ref="8151495907"/>
    <nd ref="8151511433"/>
    <tag k="addr:country" v="AU"/>
    <tag k="addr:housenumber" v="28"/>
    <tag k="addr:postcode" v="2017"/>
    <tag k="addr:state" v="NSW"/>
    <tag k="addr:street" v="Portman Street"/>
    <tag k="addr:suburb" v="Zetland"/>
    <tag k="building" v="yes"/>
  </way>
  <way id="875789627">
    <nd ref="8151511435"/>
    <nd ref="8151511433"/>
    <nd ref="8151495907"/>
    <nd ref="8151495882"/>
    <nd ref="8151511434"/>
    <nd ref="8151511435"/>
    <tag k="addr:country" v="AU"/>
    <tag k="addr:housenumber" v="26"/>
    <tag k="addr:postcode" v="2017"/>
    <tag k="addr:state" v="NSW"/>
    <tag k="addr:street" v="Portman Street"/>
    <tag k="addr:suburb" v="Zetland"/>
    <tag k="building" v="yes"/>
  </way>
  <way id="875789628">
    <nd ref="8151511437"/>
    <nd ref="8151511435"/>
    <nd ref="8151511434"/>
    <nd ref="8151511436"/>
    <nd ref="8151511437"/>
    <tag k="addr:country" v="AU"/>
    <tag k="addr:housenumber" v="24"/>
    <tag k="addr:postcode" v="2017"/>
    <tag k="addr:state" v="NSW"/>
    <tag k="addr:street" v="Portman Street"/>
    <tag k="addr:suburb" v="Zetland"/>
    <tag k="building" v="yes"/>
  </way>
  <way id="875789629">
    <nd ref="8151511439"/>
    <nd ref="8151511437"/>
    <nd ref="8151511436"/>
    <nd ref="8151511438"/>
    <nd ref="8151495908"/>
    <nd ref="8151511439"/>
    <tag k="addr:country" v="AU"/>
    <tag k="addr:housenumber" v="22"/>
    <tag k="addr:postcode" v="2017"/>
    <tag k="addr:state" v="NSW"/>
    <tag k="addr:street" v="Portman Street"/>
    <tag k="addr:suburb" v="Zetland"/>
    <tag k="building" v="yes"/>
  </way>
  <way id="875789630">
    <nd ref="8151511440"/>
    <nd ref="8151511439"/>
    <nd ref="8151495908"/>
    <nd ref="8151495909"/>
    <nd ref="8151511440"/>
    <tag k="addr:country" v="AU"/>
    <tag k="addr:housenumber" v="20"/>
    <tag k="addr:postcode" v="2017"/>
    <tag k="addr:state" v="NSW"/>
    <tag k="addr:street" v="Portman Street"/>
    <tag k="addr:suburb" v="Zetland"/>
    <tag k="building" v="yes"/>
  </way>
  <way id="875789631">
    <nd ref="8151511442"/>
    <nd ref="8151511440"/>
    <nd ref="8151495909"/>
    <nd ref="8151495910"/>
    <nd ref="8151511442"/>
    <tag k="addr:country" v="AU"/>
    <tag k="addr:housenumber" v="18"/>
    <tag k="addr:postcode" v="2017"/>
    <tag k="addr:state" v="NSW"/>
    <tag k="addr:street" v="Portman Street"/>
    <tag k="addr:suburb" v="Zetland"/>
    <tag k="building" v="yes"/>
  </way>
  <way id="875789632">
    <nd ref="8151511444"/>
    <nd ref="8151511442"/>
    <nd ref="8151495910"/>
    <nd ref="8151511441"/>
    <nd ref="8151511443"/>
    <nd ref="8151511444"/>
    <tag k="addr:country" v="AU"/>
    <tag k="addr:housenumber" v="16"/>
    <tag k="addr:postcode" v="2017"/>
    <tag k="addr:state" v="NSW"/>
    <tag k="addr:street" v="Portman Street"/>
    <tag k="addr:suburb" v="Zetland"/>
    <tag k="building" v="yes"/>
  </way>
  <way id="875789633">
    <nd ref="8151511446"/>
    <nd ref="8151511444"/>
    <nd ref="8151511443"/>
    <nd ref="8151511445"/>
    <nd ref="8151495911"/>
    <nd ref="8151511446"/>
    <tag k="addr:country" v="AU"/>
    <tag k="addr:housenumber" v="14"/>
    <tag k="addr:postcode" v="2017"/>
    <tag k="addr:state" v="NSW"/>
    <tag k="addr:street" v="Portman Street"/>
    <tag k="addr:suburb" v="Zetland"/>
    <tag k="building" v="yes"/>
  </way>
  <way id="875789634">
    <nd ref="8151511447"/>
    <nd ref="8151511446"/>
    <nd ref="8151495911"/>
    <nd ref="8151495912"/>
    <nd ref="8151511447"/>
    <tag k="addr:country" v="AU"/>
    <tag k="addr:housenumber" v="12"/>
    <tag k="addr:postcode" v="2017"/>
    <tag k="addr:state" v="NSW"/>
    <tag k="addr:street" v="Portman Street"/>
    <tag k="addr:suburb" v="Zetland"/>
    <tag k="building" v="yes"/>
  </way>
  <way id="875789635">
    <nd ref="8151511449"/>
    <nd ref="8151511447"/>
    <nd ref="8151495912"/>
    <nd ref="8151495913"/>
    <nd ref="8151511449"/>
    <tag k="addr:country" v="AU"/>
    <tag k="addr:housenumber" v="10"/>
    <tag k="addr:postcode" v="2017"/>
    <tag k="addr:state" v="NSW"/>
    <tag k="addr:street" v="Portman Street"/>
    <tag k="addr:suburb" v="Zetland"/>
    <tag k="building" v="yes"/>
  </way>
  <way id="875789636">
    <nd ref="8151511451"/>
    <nd ref="8151511449"/>
    <nd ref="8151495913"/>
    <nd ref="8151511448"/>
    <nd ref="8151511450"/>
    <nd ref="8151511451"/>
    <tag k="addr:country" v="AU"/>
    <tag k="addr:housenumber" v="8"/>
    <tag k="addr:postcode" v="2017"/>
    <tag k="addr:state" v="NSW"/>
    <tag k="addr:street" v="Portman Street"/>
    <tag k="addr:suburb" v="Zetland"/>
    <tag k="building" v="yes"/>
  </way>
  <way id="875789637">
    <nd ref="8151511453"/>
    <nd ref="8151511451"/>
    <nd ref="8151511450"/>
    <nd ref="8151511452"/>
    <nd ref="8151511453"/>
    <tag k="addr:country" v="AU"/>
    <tag k="addr:housenumber" v="6"/>
    <tag k="addr:postcode" v="2017"/>
    <tag k="addr:state" v="NSW"/>
    <tag k="addr:street" v="Portman Street"/>
    <tag k="addr:suburb" v="Zetland"/>
    <tag k="building" v="yes"/>
  </way>
  <way id="875789638">
    <nd ref="8151511455"/>
    <nd ref="8151511453"/>
    <nd ref="8151511452"/>
    <nd ref="8151511454"/>
    <nd ref="8151511455"/>
    <tag k="addr:country" v="AU"/>
    <tag k="addr:housenumber" v="4"/>
    <tag k="addr:postcode" v="2017"/>
    <tag k="addr:state" v="NSW"/>
    <tag k="addr:street" v="Portman Street"/>
    <tag k="addr:suburb" v="Zetland"/>
    <tag k="building" v="yes"/>
  </way>
  <way id="875789639">
    <nd ref="8151511456"/>
    <nd ref="8151511455"/>
    <nd ref="8151511454"/>
    <nd ref="8151495914"/>
    <nd ref="8151511457"/>
    <nd ref="8151511456"/>
    <tag k="addr:country" v="AU"/>
    <tag k="addr:housenumber" v="2"/>
    <tag k="addr:postcode" v="2017"/>
    <tag k="addr:state" v="NSW"/>
    <tag k="addr:street" v="Portman Street"/>
    <tag k="addr:suburb" v="Zetland"/>
    <tag k="building" v="yes"/>
  </way>
  <way id="875795565">
    <nd ref="8151552687"/>
    <nd ref="8151552685"/>
    <nd ref="8151552684"/>
    <nd ref="8151552686"/>
    <nd ref="8151552687"/>
    <tag k="addr:country" v="AU"/>
    <tag k="addr:housenumber" v="950"/>
    <tag k="addr:postcode" v="2017"/>
    <tag k="addr:state" v="NSW"/>
    <tag k="addr:street" v="Elizabeth Street"/>
    <tag k="addr:suburb" v="Zetland"/>
    <tag k="building" v="yes"/>
  </way>
  <way id="875795566">
    <nd ref="8151552689"/>
    <nd ref="8151552687"/>
    <nd ref="8151552686"/>
    <nd ref="8151552688"/>
    <nd ref="8151552689"/>
    <tag k="addr:country" v="AU"/>
    <tag k="addr:housenumber" v="948"/>
    <tag k="addr:postcode" v="2017"/>
    <tag k="addr:state" v="NSW"/>
    <tag k="addr:street" v="Elizabeth Street"/>
    <tag k="addr:suburb" v="Zetland"/>
    <tag k="building" v="yes"/>
  </way>
  <way id="875795567">
    <nd ref="8151561626"/>
    <nd ref="8151552689"/>
    <nd ref="8151552688"/>
    <nd ref="8151561627"/>
    <nd ref="8151561626"/>
    <tag k="addr:country" v="AU"/>
    <tag k="addr:housenumber" v="946"/>
    <tag k="addr:postcode" v="2017"/>
    <tag k="addr:state" v="NSW"/>
    <tag k="addr:street" v="Elizabeth Street"/>
    <tag k="addr:suburb" v="Zetland"/>
    <tag k="building" v="yes"/>
  </way>
  <way id="875795568">
    <nd ref="8151552705"/>
    <nd ref="8151561627"/>
    <nd ref="8151561626"/>
    <nd ref="8151552704"/>
    <nd ref="8151552705"/>
    <tag k="addr:country" v="AU"/>
    <tag k="addr:housenumber" v="944"/>
    <tag k="addr:postcode" v="2017"/>
    <tag k="addr:state" v="NSW"/>
    <tag k="addr:street" v="Elizabeth Street"/>
    <tag k="addr:suburb" v="Zetland"/>
    <tag k="building" v="yes"/>
  </way>
  <way id="875795569">
    <nd ref="8151552707"/>
    <nd ref="8151552705"/>
    <nd ref="8151552704"/>
    <nd ref="8151552706"/>
    <nd ref="8151552707"/>
    <tag k="addr:country" v="AU"/>
    <tag k="addr:housenumber" v="942B"/>
    <tag k="addr:postcode" v="2017"/>
    <tag k="addr:state" v="NSW"/>
    <tag k="addr:street" v="Elizabeth Street"/>
    <tag k="addr:suburb" v="Zetland"/>
    <tag k="building" v="yes"/>
  </way>
  <way id="875795570">
    <nd ref="8151552709"/>
    <nd ref="8151552707"/>
    <nd ref="8151552706"/>
    <nd ref="12035566849"/>
    <nd ref="8151552708"/>
    <nd ref="8151552709"/>
    <tag k="addr:country" v="AU"/>
    <tag k="addr:housenumber" v="942A"/>
    <tag k="addr:postcode" v="2017"/>
    <tag k="addr:state" v="NSW"/>
    <tag k="addr:street" v="Elizabeth Street"/>
    <tag k="addr:suburb" v="Zetland"/>
    <tag k="building" v="yes"/>
  </way>
  <way id="875795571">
    <nd ref="8151552711"/>
    <nd ref="8151552709"/>
    <nd ref="8151552708"/>
    <nd ref="8151552710"/>
    <nd ref="8151552711"/>
    <tag k="addr:country" v="AU"/>
    <tag k="addr:housenumber" v="942"/>
    <tag k="addr:postcode" v="2017"/>
    <tag k="addr:state" v="NSW"/>
    <tag k="addr:street" v="Elizabeth Street"/>
    <tag k="addr:suburb" v="Zetland"/>
    <tag k="building" v="yes"/>
  </way>
  <way id="875795572">
    <nd ref="8151552713"/>
    <nd ref="8151552711"/>
    <nd ref="8151552710"/>
    <nd ref="8151552712"/>
    <nd ref="8151552713"/>
    <tag k="addr:country" v="AU"/>
    <tag k="addr:housenumber" v="940A"/>
    <tag k="addr:postcode" v="2017"/>
    <tag k="addr:state" v="NSW"/>
    <tag k="addr:street" v="Elizabeth Street"/>
    <tag k="addr:suburb" v="Zetland"/>
    <tag k="building" v="yes"/>
  </way>
  <way id="875795573">
    <nd ref="8151552715"/>
    <nd ref="8151552713"/>
    <nd ref="8151552712"/>
    <nd ref="8151552714"/>
    <nd ref="8151552715"/>
    <tag k="addr:country" v="AU"/>
    <tag k="addr:housenumber" v="940"/>
    <tag k="addr:postcode" v="2017"/>
    <tag k="addr:state" v="NSW"/>
    <tag k="addr:street" v="Elizabeth Street"/>
    <tag k="addr:suburb" v="Zetland"/>
    <tag k="building" v="yes"/>
  </way>
  <way id="875795574">
    <nd ref="8151561617"/>
    <nd ref="8151552715"/>
    <nd ref="8151552714"/>
    <nd ref="8151552716"/>
    <nd ref="8151561617"/>
    <tag k="addr:country" v="AU"/>
    <tag k="addr:housenumber" v="938A"/>
    <tag k="addr:postcode" v="2017"/>
    <tag k="addr:state" v="NSW"/>
    <tag k="addr:street" v="Elizabeth Street"/>
    <tag k="addr:suburb" v="Zetland"/>
    <tag k="building" v="yes"/>
  </way>
  <way id="875795575">
    <nd ref="8151561619"/>
    <nd ref="8151561617"/>
    <nd ref="8151552716"/>
    <nd ref="8151561618"/>
    <nd ref="8151561619"/>
    <tag k="addr:country" v="AU"/>
    <tag k="addr:housenumber" v="938"/>
    <tag k="addr:postcode" v="2017"/>
    <tag k="addr:state" v="NSW"/>
    <tag k="addr:street" v="Elizabeth Street"/>
    <tag k="addr:suburb" v="Zetland"/>
    <tag k="building" v="yes"/>
  </way>
  <way id="875795576">
    <nd ref="8151552701"/>
    <nd ref="8151561619"/>
    <nd ref="8151561618"/>
    <nd ref="8151561620"/>
    <nd ref="8151552702"/>
    <nd ref="8151552701"/>
    <tag k="addr:country" v="AU"/>
    <tag k="addr:housenumber" v="936"/>
    <tag k="addr:postcode" v="2017"/>
    <tag k="addr:state" v="NSW"/>
    <tag k="addr:street" v="Elizabeth Street"/>
    <tag k="addr:suburb" v="Zetland"/>
    <tag k="building" v="yes"/>
  </way>
  <way id="875795577">
    <nd ref="8151552702"/>
    <nd ref="8151561620"/>
    <nd ref="8151561621"/>
    <nd ref="8151552703"/>
    <nd ref="8151552700"/>
    <nd ref="8151552699"/>
    <nd ref="8151552702"/>
    <tag k="addr:country" v="AU"/>
    <tag k="addr:housenumber" v="934"/>
    <tag k="addr:postcode" v="2017"/>
    <tag k="addr:state" v="NSW"/>
    <tag k="addr:street" v="Elizabeth Street"/>
    <tag k="addr:suburb" v="Zetland"/>
    <tag k="building" v="yes"/>
  </way>
  <way id="875795578">
    <nd ref="8151552694"/>
    <nd ref="8151552703"/>
    <nd ref="8151561621"/>
    <nd ref="8151561622"/>
    <nd ref="8151552695"/>
    <nd ref="8151552694"/>
    <tag k="addr:country" v="AU"/>
    <tag k="addr:housenumber" v="932"/>
    <tag k="addr:postcode" v="2017"/>
    <tag k="addr:state" v="NSW"/>
    <tag k="addr:street" v="Elizabeth Street"/>
    <tag k="addr:suburb" v="Zetland"/>
    <tag k="building" v="yes"/>
  </way>
  <way id="875795579">
    <nd ref="8151552691"/>
    <nd ref="8151552695"/>
    <nd ref="8151561622"/>
    <nd ref="8151561623"/>
    <nd ref="8151552696"/>
    <nd ref="8151552691"/>
    <tag k="addr:country" v="AU"/>
    <tag k="addr:housenumber" v="930"/>
    <tag k="addr:postcode" v="2017"/>
    <tag k="addr:state" v="NSW"/>
    <tag k="addr:street" v="Elizabeth Street"/>
    <tag k="addr:suburb" v="Zetland"/>
    <tag k="building" v="yes"/>
  </way>
  <way id="875795580">
    <nd ref="8151552692"/>
    <nd ref="8151552696"/>
    <nd ref="8151561623"/>
    <nd ref="8151561624"/>
    <nd ref="8151552697"/>
    <nd ref="8151552692"/>
    <tag k="addr:country" v="AU"/>
    <tag k="addr:housenumber" v="928"/>
    <tag k="addr:postcode" v="2017"/>
    <tag k="addr:state" v="NSW"/>
    <tag k="addr:street" v="Elizabeth Street"/>
    <tag k="addr:suburb" v="Zetland"/>
    <tag k="building" v="yes"/>
  </way>
  <way id="875795581">
    <nd ref="8151552693"/>
    <nd ref="8151552697"/>
    <nd ref="8151561624"/>
    <nd ref="8151561625"/>
    <nd ref="8151552698"/>
    <nd ref="8151552693"/>
    <tag k="addr:country" v="AU"/>
    <tag k="addr:housenumber" v="926"/>
    <tag k="addr:postcode" v="2017"/>
    <tag k="addr:state" v="NSW"/>
    <tag k="addr:street" v="Elizabeth Street"/>
    <tag k="addr:suburb" v="Zetland"/>
    <tag k="building" v="yes"/>
  </way>
  <way id="875797895">
    <nd ref="8151566986"/>
    <nd ref="8151566987"/>
    <nd ref="8151566988"/>
    <nd ref="8151566989"/>
    <nd ref="8151566990"/>
    <nd ref="8151566991"/>
    <nd ref="8741145929"/>
    <nd ref="8741145928"/>
    <nd ref="8151566992"/>
    <nd ref="8764499867"/>
    <nd ref="8151566993"/>
    <nd ref="8741145927"/>
    <nd ref="8741145930"/>
    <nd ref="8151566986"/>
    <tag k="addr:housenumber" v="811"/>
    <tag k="addr:postcode" v="2017"/>
    <tag k="addr:state" v="NSW"/>
    <tag k="addr:street" v="Elizabeth Street"/>
    <tag k="addr:suburb" v="Zetland"/>
    <tag k="building" v="apartments"/>
    <tag k="building:levels" v="4"/>
  </way>
  <way id="875797897">
    <nd ref="8151567001"/>
    <nd ref="8151567002"/>
    <nd ref="8741145926"/>
    <nd ref="8151567003"/>
    <nd ref="8741145925"/>
    <nd ref="8151567004"/>
    <nd ref="8151567001"/>
    <tag k="addr:postcode" v="2017"/>
    <tag k="addr:state" v="NSW"/>
    <tag k="addr:street" v="Zetland Avenue"/>
    <tag k="addr:suburb" v="Zetland"/>
    <tag k="building" v="apartments"/>
    <tag k="building:levels" v="15"/>
  </way>
  <way id="875951376">
    <nd ref="8152818834"/>
    <nd ref="8152818835"/>
    <nd ref="8152818836"/>
    <nd ref="8152818837"/>
    <nd ref="8152818834"/>
    <tag k="check_date" v="2023-11-10"/>
    <tag k="leisure" v="park"/>
    <tag k="name" v="Tilford Street Reserve"/>
  </way>
  <way id="875951377">
    <nd ref="8152818838"/>
    <nd ref="12035566843"/>
    <nd ref="12035566842"/>
    <nd ref="8152818846"/>
    <nd ref="8152818847"/>
    <nd ref="8152818848"/>
    <nd ref="8152818849"/>
    <nd ref="8152818852"/>
    <nd ref="8152818850"/>
    <nd ref="8152818851"/>
    <nd ref="8152818839"/>
    <nd ref="8152818840"/>
    <nd ref="8152818835"/>
    <nd ref="8152818836"/>
    <nd ref="8152818841"/>
    <nd ref="8152818842"/>
    <nd ref="8153556915"/>
    <nd ref="8153556900"/>
    <nd ref="8153556906"/>
    <nd ref="8152818843"/>
    <nd ref="8153556904"/>
    <nd ref="8152818844"/>
    <nd ref="8152818845"/>
    <nd ref="12035566850"/>
    <nd ref="8152818838"/>
    <tag k="landuse" v="residential"/>
  </way>
  <way id="875979481">
    <nd ref="8153017083"/>
    <nd ref="8153017082"/>
    <nd ref="8153020551"/>
    <nd ref="8153017081"/>
    <nd ref="8153017083"/>
    <tag k="addr:country" v="AU"/>
    <tag k="addr:housenumber" v="1"/>
    <tag k="addr:postcode" v="2017"/>
    <tag k="addr:state" v="NSW"/>
    <tag k="addr:street" v="McPherson Lane"/>
    <tag k="addr:suburb" v="Zetland"/>
    <tag k="building" v="yes"/>
  </way>
  <way id="875979482">
    <nd ref="8153017105"/>
    <nd ref="8153017066"/>
    <nd ref="8153017065"/>
    <nd ref="8153017104"/>
    <nd ref="8153017105"/>
    <tag k="addr:country" v="AU"/>
    <tag k="addr:housenumber" v="904"/>
    <tag k="addr:postcode" v="2017"/>
    <tag k="addr:state" v="NSW"/>
    <tag k="addr:street" v="Elizabeth Street"/>
    <tag k="addr:suburb" v="Zetland"/>
    <tag k="building" v="yes"/>
  </way>
  <way id="875979483">
    <nd ref="8153017103"/>
    <nd ref="8153017104"/>
    <nd ref="8153017065"/>
    <nd ref="8153017109"/>
    <nd ref="8153017110"/>
    <nd ref="8153017107"/>
    <nd ref="8153017103"/>
    <tag k="addr:country" v="AU"/>
    <tag k="addr:housenumber" v="906"/>
    <tag k="addr:postcode" v="2017"/>
    <tag k="addr:state" v="NSW"/>
    <tag k="addr:street" v="Elizabeth Street"/>
    <tag k="addr:suburb" v="Zetland"/>
    <tag k="building" v="yes"/>
  </way>
  <way id="875979484">
    <nd ref="8153017107"/>
    <nd ref="8153017110"/>
    <nd ref="8153017111"/>
    <nd ref="8153017102"/>
    <nd ref="8153017106"/>
    <nd ref="8153017107"/>
    <tag k="addr:country" v="AU"/>
    <tag k="addr:housenumber" v="908"/>
    <tag k="addr:postcode" v="2017"/>
    <tag k="addr:state" v="NSW"/>
    <tag k="addr:street" v="Elizabeth Street"/>
    <tag k="addr:suburb" v="Zetland"/>
    <tag k="building" v="yes"/>
  </way>
  <way id="875979485">
    <nd ref="8153017102"/>
    <nd ref="8153017111"/>
    <nd ref="8153017112"/>
    <nd ref="8153017100"/>
    <nd ref="8153017101"/>
    <nd ref="8153017102"/>
    <tag k="addr:country" v="AU"/>
    <tag k="addr:housenumber" v="910"/>
    <tag k="addr:postcode" v="2017"/>
    <tag k="addr:state" v="NSW"/>
    <tag k="addr:street" v="Elizabeth Street"/>
    <tag k="addr:suburb" v="Zetland"/>
    <tag k="building" v="yes"/>
  </way>
  <way id="875979486">
    <nd ref="8153017100"/>
    <nd ref="8153017112"/>
    <nd ref="8153017113"/>
    <nd ref="8153017099"/>
    <nd ref="8153017100"/>
    <tag k="addr:country" v="AU"/>
    <tag k="addr:housenumber" v="912A"/>
    <tag k="addr:postcode" v="2017"/>
    <tag k="addr:state" v="NSW"/>
    <tag k="addr:street" v="Elizabeth Street"/>
    <tag k="addr:suburb" v="Zetland"/>
    <tag k="building" v="yes"/>
  </way>
  <way id="875979487">
    <nd ref="8153017099"/>
    <nd ref="8153017113"/>
    <nd ref="8153017114"/>
    <nd ref="8153017098"/>
    <nd ref="8153017099"/>
    <tag k="addr:country" v="AU"/>
    <tag k="addr:housenumber" v="914"/>
    <tag k="addr:postcode" v="2017"/>
    <tag k="addr:state" v="NSW"/>
    <tag k="addr:street" v="Elizabeth Street"/>
    <tag k="addr:suburb" v="Zetland"/>
    <tag k="building" v="yes"/>
  </way>
  <way id="875979488">
    <nd ref="8153017097"/>
    <nd ref="8153017098"/>
    <nd ref="8153017114"/>
    <nd ref="8153017115"/>
    <nd ref="8153017096"/>
    <nd ref="8153017097"/>
    <tag k="addr:country" v="AU"/>
    <tag k="addr:housenumber" v="914A"/>
    <tag k="addr:postcode" v="2017"/>
    <tag k="addr:state" v="NSW"/>
    <tag k="addr:street" v="Elizabeth Street"/>
    <tag k="addr:suburb" v="Zetland"/>
    <tag k="building" v="yes"/>
  </way>
  <way id="875979489">
    <nd ref="8153020517"/>
    <nd ref="8153017095"/>
    <nd ref="8153017090"/>
    <nd ref="8153017096"/>
    <nd ref="8153017115"/>
    <nd ref="8153017116"/>
    <nd ref="8153020517"/>
    <tag k="addr:country" v="AU"/>
    <tag k="addr:housenumber" v="916"/>
    <tag k="addr:postcode" v="2017"/>
    <tag k="addr:state" v="NSW"/>
    <tag k="addr:street" v="Elizabeth Street"/>
    <tag k="addr:suburb" v="Zetland"/>
    <tag k="building" v="yes"/>
  </way>
  <way id="875979490">
    <nd ref="8153017091"/>
    <nd ref="8153020517"/>
    <nd ref="8153017116"/>
    <nd ref="8153020518"/>
    <nd ref="8153017094"/>
    <nd ref="8153017089"/>
    <nd ref="8153017088"/>
    <nd ref="8153017093"/>
    <nd ref="8153017092"/>
    <nd ref="8153017087"/>
    <nd ref="8153017091"/>
    <tag k="addr:country" v="AU"/>
    <tag k="addr:housenumber" v="918"/>
    <tag k="addr:postcode" v="2017"/>
    <tag k="addr:state" v="NSW"/>
    <tag k="addr:street" v="Elizabeth Street"/>
    <tag k="addr:suburb" v="Zetland"/>
    <tag k="building" v="yes"/>
  </way>
  <way id="875979491">
    <nd ref="8153017092"/>
    <nd ref="8153017093"/>
    <nd ref="8153017094"/>
    <nd ref="8153020518"/>
    <nd ref="8153020519"/>
    <nd ref="8153017086"/>
    <nd ref="8153017092"/>
    <tag k="addr:country" v="AU"/>
    <tag k="addr:housenumber" v="920"/>
    <tag k="addr:postcode" v="2017"/>
    <tag k="addr:state" v="NSW"/>
    <tag k="addr:street" v="Elizabeth Street"/>
    <tag k="addr:suburb" v="Zetland"/>
    <tag k="building" v="yes"/>
  </way>
  <way id="875979492">
    <nd ref="8153017084"/>
    <nd ref="8153017086"/>
    <nd ref="8153020519"/>
    <nd ref="8153020520"/>
    <nd ref="8153017085"/>
    <nd ref="8153017084"/>
    <tag k="addr:country" v="AU"/>
    <tag k="addr:housenumber" v="922"/>
    <tag k="addr:postcode" v="2017"/>
    <tag k="addr:state" v="NSW"/>
    <tag k="addr:street" v="Elizabeth Street"/>
    <tag k="addr:suburb" v="Zetland"/>
    <tag k="building" v="yes"/>
  </way>
  <way id="875979493">
    <nd ref="8153020553"/>
    <nd ref="8153020521"/>
    <nd ref="8153017085"/>
    <nd ref="8153020520"/>
    <nd ref="8153020552"/>
    <nd ref="8153020553"/>
    <tag k="addr:country" v="AU"/>
    <tag k="addr:housenumber" v="924"/>
    <tag k="addr:postcode" v="2017"/>
    <tag k="addr:state" v="NSW"/>
    <tag k="addr:street" v="Elizabeth Street"/>
    <tag k="addr:suburb" v="Zetland"/>
    <tag k="building" v="yes"/>
  </way>
  <way id="875979494">
    <nd ref="8153020554"/>
    <nd ref="8153020556"/>
    <nd ref="8153017083"/>
    <nd ref="8153017082"/>
    <nd ref="8153020528"/>
    <nd ref="8153020554"/>
    <tag k="addr:country" v="AU"/>
    <tag k="addr:housenumber" v="876"/>
    <tag k="addr:postcode" v="2017"/>
    <tag k="addr:state" v="NSW"/>
    <tag k="addr:street" v="Elizabeth Street"/>
    <tag k="addr:suburb" v="Zetland"/>
    <tag k="building" v="yes"/>
  </way>
  <way id="875979495">
    <nd ref="8153017080"/>
    <nd ref="8153020554"/>
    <nd ref="8153020528"/>
    <nd ref="8153017079"/>
    <nd ref="8153017080"/>
    <tag k="addr:country" v="AU"/>
    <tag k="addr:housenumber" v="878"/>
    <tag k="addr:postcode" v="2017"/>
    <tag k="addr:state" v="NSW"/>
    <tag k="addr:street" v="Elizabeth Street"/>
    <tag k="addr:suburb" v="Zetland"/>
    <tag k="building" v="yes"/>
  </way>
  <way id="875979496">
    <nd ref="8153020555"/>
    <nd ref="8153020550"/>
    <nd ref="8153020527"/>
    <nd ref="8153020547"/>
    <nd ref="8153017078"/>
    <nd ref="8153020555"/>
    <tag k="addr:country" v="AU"/>
    <tag k="addr:housenumber" v="880"/>
    <tag k="addr:postcode" v="2017"/>
    <tag k="addr:state" v="NSW"/>
    <tag k="addr:street" v="Elizabeth Street"/>
    <tag k="addr:suburb" v="Zetland"/>
    <tag k="building" v="yes"/>
  </way>
  <way id="875979497">
    <nd ref="8153017078"/>
    <nd ref="8153020547"/>
    <nd ref="8153020546"/>
    <nd ref="8153020545"/>
    <nd ref="8153017077"/>
    <nd ref="8153017078"/>
    <tag k="addr:country" v="AU"/>
    <tag k="addr:housenumber" v="882"/>
    <tag k="addr:postcode" v="2017"/>
    <tag k="addr:state" v="NSW"/>
    <tag k="addr:street" v="Elizabeth Street"/>
    <tag k="addr:suburb" v="Zetland"/>
    <tag k="building" v="yes"/>
  </way>
  <way id="875979498">
    <nd ref="8153017077"/>
    <nd ref="8153020545"/>
    <nd ref="8153020544"/>
    <nd ref="8153020543"/>
    <nd ref="8153017076"/>
    <nd ref="8153017077"/>
    <tag k="addr:country" v="AU"/>
    <tag k="addr:housenumber" v="884"/>
    <tag k="addr:postcode" v="2017"/>
    <tag k="addr:state" v="NSW"/>
    <tag k="addr:street" v="Elizabeth Street"/>
    <tag k="addr:suburb" v="Zetland"/>
    <tag k="building" v="yes"/>
  </way>
  <way id="875979499">
    <nd ref="8153017076"/>
    <nd ref="8153020543"/>
    <nd ref="8153020542"/>
    <nd ref="8153020541"/>
    <nd ref="8153017075"/>
    <nd ref="8153017076"/>
    <tag k="addr:country" v="AU"/>
    <tag k="addr:housenumber" v="886"/>
    <tag k="addr:postcode" v="2017"/>
    <tag k="addr:state" v="NSW"/>
    <tag k="addr:street" v="Elizabeth Street"/>
    <tag k="addr:suburb" v="Zetland"/>
    <tag k="building" v="yes"/>
  </way>
  <way id="875979500">
    <nd ref="8153017075"/>
    <nd ref="8153020541"/>
    <nd ref="8153020540"/>
    <nd ref="8153017074"/>
    <nd ref="8153017075"/>
    <tag k="addr:country" v="AU"/>
    <tag k="addr:housenumber" v="888"/>
    <tag k="addr:postcode" v="2017"/>
    <tag k="addr:state" v="NSW"/>
    <tag k="addr:street" v="Elizabeth Street"/>
    <tag k="addr:suburb" v="Zetland"/>
    <tag k="building" v="yes"/>
  </way>
  <way id="875979501">
    <nd ref="8153017064"/>
    <nd ref="8153017074"/>
    <nd ref="8153020540"/>
    <nd ref="8153020539"/>
    <nd ref="8153020538"/>
    <nd ref="8153017073"/>
    <nd ref="8153017064"/>
    <tag k="addr:country" v="AU"/>
    <tag k="addr:housenumber" v="890"/>
    <tag k="addr:postcode" v="2017"/>
    <tag k="addr:state" v="NSW"/>
    <tag k="addr:street" v="Elizabeth Street"/>
    <tag k="addr:suburb" v="Zetland"/>
    <tag k="building" v="yes"/>
  </way>
  <way id="875979502">
    <nd ref="8153017073"/>
    <nd ref="8153020538"/>
    <nd ref="8153020537"/>
    <nd ref="8153020526"/>
    <nd ref="8153020525"/>
    <nd ref="8153020524"/>
    <nd ref="8153020536"/>
    <nd ref="8153017072"/>
    <nd ref="8153017073"/>
    <tag k="addr:country" v="AU"/>
    <tag k="addr:housenumber" v="892"/>
    <tag k="addr:postcode" v="2017"/>
    <tag k="addr:state" v="NSW"/>
    <tag k="addr:street" v="Elizabeth Street"/>
    <tag k="addr:suburb" v="Zetland"/>
    <tag k="building" v="yes"/>
  </way>
  <way id="875979503">
    <nd ref="8153017072"/>
    <nd ref="8153020536"/>
    <nd ref="8153020549"/>
    <nd ref="8153020548"/>
    <nd ref="8153020535"/>
    <nd ref="8153017071"/>
    <nd ref="8153017072"/>
    <tag k="addr:country" v="AU"/>
    <tag k="addr:housenumber" v="894"/>
    <tag k="addr:postcode" v="2017"/>
    <tag k="addr:state" v="NSW"/>
    <tag k="addr:street" v="Elizabeth Street"/>
    <tag k="addr:suburb" v="Zetland"/>
    <tag k="building" v="yes"/>
  </way>
  <way id="875979504">
    <nd ref="8153017071"/>
    <nd ref="8153020535"/>
    <nd ref="8153020534"/>
    <nd ref="8153017070"/>
    <nd ref="8153017071"/>
    <tag k="addr:country" v="AU"/>
    <tag k="addr:housenumber" v="896"/>
    <tag k="addr:postcode" v="2017"/>
    <tag k="addr:state" v="NSW"/>
    <tag k="addr:street" v="Elizabeth Street"/>
    <tag k="addr:suburb" v="Zetland"/>
    <tag k="building" v="yes"/>
  </way>
  <way id="875979505">
    <nd ref="8153017070"/>
    <nd ref="8153020534"/>
    <nd ref="8153020533"/>
    <nd ref="8153020523"/>
    <nd ref="8153020532"/>
    <nd ref="8153017069"/>
    <nd ref="8153017070"/>
    <tag k="addr:country" v="AU"/>
    <tag k="addr:housenumber" v="896A"/>
    <tag k="addr:postcode" v="2017"/>
    <tag k="addr:state" v="NSW"/>
    <tag k="addr:street" v="Elizabeth Street"/>
    <tag k="addr:suburb" v="Zetland"/>
    <tag k="building" v="yes"/>
  </way>
  <way id="875979506">
    <nd ref="8153017069"/>
    <nd ref="8153020532"/>
    <nd ref="8153020531"/>
    <nd ref="8153017068"/>
    <nd ref="8153017069"/>
    <tag k="addr:country" v="AU"/>
    <tag k="addr:housenumber" v="898"/>
    <tag k="addr:postcode" v="2017"/>
    <tag k="addr:state" v="NSW"/>
    <tag k="addr:street" v="Elizabeth Street"/>
    <tag k="addr:suburb" v="Zetland"/>
    <tag k="building" v="yes"/>
  </way>
  <way id="875979507">
    <nd ref="8153017068"/>
    <nd ref="8153020531"/>
    <nd ref="8153020530"/>
    <nd ref="8153020522"/>
    <nd ref="8153020529"/>
    <nd ref="8153017067"/>
    <nd ref="8153017068"/>
    <tag k="addr:country" v="AU"/>
    <tag k="addr:housenumber" v="900"/>
    <tag k="addr:postcode" v="2017"/>
    <tag k="addr:state" v="NSW"/>
    <tag k="addr:street" v="Elizabeth Street"/>
    <tag k="addr:suburb" v="Zetland"/>
    <tag k="building" v="yes"/>
  </way>
  <way id="875979508">
    <nd ref="8153017067"/>
    <nd ref="8153020529"/>
    <nd ref="8153017108"/>
    <nd ref="8153017105"/>
    <nd ref="8153017066"/>
    <nd ref="8153017067"/>
    <tag k="addr:country" v="AU"/>
    <tag k="addr:housenumber" v="902"/>
    <tag k="addr:postcode" v="2017"/>
    <tag k="addr:state" v="NSW"/>
    <tag k="addr:street" v="Elizabeth Street"/>
    <tag k="addr:suburb" v="Zetland"/>
    <tag k="building" v="yes"/>
  </way>
  <way id="875980318">
    <nd ref="8153013231"/>
    <nd ref="8153013232"/>
    <nd ref="8153013233"/>
    <nd ref="8153013234"/>
    <nd ref="8153013231"/>
    <tag k="check_date" v="2023-11-10"/>
    <tag k="leisure" v="park"/>
    <tag k="name" v="The Green"/>
  </way>
  <way id="875980319">
    <nd ref="8153013235"/>
    <nd ref="8153013236"/>
    <nd ref="8153013237"/>
    <nd ref="8153013238"/>
    <nd ref="8153013235"/>
    <tag k="check_date" v="2023-11-10"/>
    <tag k="leisure" v="park"/>
    <tag k="name" v="The Green"/>
  </way>
  <way id="876017094">
    <nd ref="8153427749"/>
    <nd ref="8153427767"/>
    <nd ref="8153427739"/>
    <nd ref="8153427740"/>
    <nd ref="8153427749"/>
    <tag k="addr:country" v="AU"/>
    <tag k="addr:housenumber" v="94"/>
    <tag k="addr:postcode" v="2017"/>
    <tag k="addr:state" v="NSW"/>
    <tag k="addr:street" v="Portman Street"/>
    <tag k="addr:suburb" v="Zetland"/>
    <tag k="building" v="yes"/>
  </way>
  <way id="876017095">
    <nd ref="8153427750"/>
    <nd ref="8153427749"/>
    <nd ref="8153427740"/>
    <nd ref="8153427721"/>
    <nd ref="8153427741"/>
    <nd ref="8153427750"/>
    <tag k="addr:country" v="AU"/>
    <tag k="addr:housenumber" v="92"/>
    <tag k="addr:postcode" v="2017"/>
    <tag k="addr:state" v="NSW"/>
    <tag k="addr:street" v="Portman Street"/>
    <tag k="addr:suburb" v="Zetland"/>
    <tag k="building" v="yes"/>
  </way>
  <way id="876017096">
    <nd ref="8153427751"/>
    <nd ref="8153427750"/>
    <nd ref="8153427741"/>
    <nd ref="8153427722"/>
    <nd ref="8153427742"/>
    <nd ref="8153427751"/>
    <tag k="addr:country" v="AU"/>
    <tag k="addr:housenumber" v="90"/>
    <tag k="addr:postcode" v="2017"/>
    <tag k="addr:state" v="NSW"/>
    <tag k="addr:street" v="Portman Street"/>
    <tag k="addr:suburb" v="Zetland"/>
    <tag k="building" v="yes"/>
  </way>
  <way id="876017097">
    <nd ref="8153427752"/>
    <nd ref="8153427751"/>
    <nd ref="8153427742"/>
    <nd ref="8153427723"/>
    <nd ref="8153427724"/>
    <nd ref="8153427743"/>
    <nd ref="8153427752"/>
    <tag k="addr:country" v="AU"/>
    <tag k="addr:housenumber" v="88"/>
    <tag k="addr:postcode" v="2017"/>
    <tag k="addr:state" v="NSW"/>
    <tag k="addr:street" v="Portman Street"/>
    <tag k="addr:suburb" v="Zetland"/>
    <tag k="building" v="yes"/>
  </way>
  <way id="876017098">
    <nd ref="8153427753"/>
    <nd ref="8153427752"/>
    <nd ref="8153427743"/>
    <nd ref="8153427725"/>
    <nd ref="8153427744"/>
    <nd ref="8153427753"/>
    <tag k="addr:country" v="AU"/>
    <tag k="addr:housenumber" v="86"/>
    <tag k="addr:postcode" v="2017"/>
    <tag k="addr:state" v="NSW"/>
    <tag k="addr:street" v="Portman Street"/>
    <tag k="addr:suburb" v="Zetland"/>
    <tag k="building" v="yes"/>
  </way>
  <way id="876017099">
    <nd ref="8153427754"/>
    <nd ref="8153427753"/>
    <nd ref="8153427744"/>
    <nd ref="8153427745"/>
    <nd ref="8153427754"/>
    <tag k="addr:country" v="AU"/>
    <tag k="addr:housenumber" v="84A"/>
    <tag k="addr:postcode" v="2017"/>
    <tag k="addr:state" v="NSW"/>
    <tag k="addr:street" v="Portman Street"/>
    <tag k="addr:suburb" v="Zetland"/>
    <tag k="building" v="yes"/>
  </way>
  <way id="876017100">
    <nd ref="8153427755"/>
    <nd ref="8153427754"/>
    <nd ref="8153427745"/>
    <nd ref="8153427746"/>
    <nd ref="8153427755"/>
    <tag k="addr:country" v="AU"/>
    <tag k="addr:housenumber" v="84"/>
    <tag k="addr:postcode" v="2017"/>
    <tag k="addr:state" v="NSW"/>
    <tag k="addr:street" v="Portman Street"/>
    <tag k="addr:suburb" v="Zetland"/>
    <tag k="building" v="yes"/>
  </way>
  <way id="876017101">
    <nd ref="8153427756"/>
    <nd ref="8153427755"/>
    <nd ref="8153427746"/>
    <nd ref="8153427747"/>
    <nd ref="8153427756"/>
    <tag k="addr:country" v="AU"/>
    <tag k="addr:housenumber" v="82A"/>
    <tag k="addr:postcode" v="2017"/>
    <tag k="addr:state" v="NSW"/>
    <tag k="addr:street" v="Portman Street"/>
    <tag k="addr:suburb" v="Zetland"/>
    <tag k="building" v="yes"/>
  </way>
  <way id="876017102">
    <nd ref="8153427757"/>
    <nd ref="8153427756"/>
    <nd ref="8153427747"/>
    <nd ref="8153427748"/>
    <nd ref="8153427757"/>
    <tag k="addr:country" v="AU"/>
    <tag k="addr:housenumber" v="82"/>
    <tag k="addr:postcode" v="2017"/>
    <tag k="addr:state" v="NSW"/>
    <tag k="addr:street" v="Portman Street"/>
    <tag k="addr:suburb" v="Zetland"/>
    <tag k="building" v="yes"/>
  </way>
  <way id="876017103">
    <nd ref="8153427758"/>
    <nd ref="8153427757"/>
    <nd ref="8153427748"/>
    <nd ref="8153427726"/>
    <nd ref="8153427738"/>
    <nd ref="8153427736"/>
    <nd ref="8153427758"/>
    <tag k="addr:country" v="AU"/>
    <tag k="addr:housenumber" v="80"/>
    <tag k="addr:postcode" v="2017"/>
    <tag k="addr:state" v="NSW"/>
    <tag k="addr:street" v="Portman Street"/>
    <tag k="addr:suburb" v="Zetland"/>
    <tag k="building" v="yes"/>
  </way>
  <way id="876017104">
    <nd ref="8153427759"/>
    <nd ref="8153427758"/>
    <nd ref="8153427736"/>
    <nd ref="8153427737"/>
    <nd ref="8153427759"/>
    <tag k="addr:country" v="AU"/>
    <tag k="addr:housenumber" v="78"/>
    <tag k="addr:postcode" v="2017"/>
    <tag k="addr:state" v="NSW"/>
    <tag k="addr:street" v="Portman Street"/>
    <tag k="addr:suburb" v="Zetland"/>
    <tag k="building" v="yes"/>
  </way>
  <way id="876017105">
    <nd ref="8153427760"/>
    <nd ref="8153427759"/>
    <nd ref="8153427737"/>
    <nd ref="8153427719"/>
    <nd ref="8153427720"/>
    <nd ref="8153427717"/>
    <nd ref="8153427760"/>
    <tag k="addr:country" v="AU"/>
    <tag k="addr:housenumber" v="76"/>
    <tag k="addr:postcode" v="2017"/>
    <tag k="addr:state" v="NSW"/>
    <tag k="addr:street" v="Portman Street"/>
    <tag k="addr:suburb" v="Zetland"/>
    <tag k="building" v="yes"/>
  </way>
  <way id="876017106">
    <nd ref="8153427761"/>
    <nd ref="8153427760"/>
    <nd ref="8153427717"/>
    <nd ref="8153427718"/>
    <nd ref="8153427761"/>
    <tag k="addr:country" v="AU"/>
    <tag k="addr:housenumber" v="74"/>
    <tag k="addr:postcode" v="2017"/>
    <tag k="addr:state" v="NSW"/>
    <tag k="addr:street" v="Portman Street"/>
    <tag k="addr:suburb" v="Zetland"/>
    <tag k="building" v="yes"/>
  </way>
  <way id="876017107">
    <nd ref="8153427762"/>
    <nd ref="8153427761"/>
    <nd ref="8153427718"/>
    <nd ref="8153427735"/>
    <nd ref="8153427734"/>
    <nd ref="8153427762"/>
    <tag k="addr:country" v="AU"/>
    <tag k="addr:housenumber" v="72"/>
    <tag k="addr:postcode" v="2017"/>
    <tag k="addr:state" v="NSW"/>
    <tag k="addr:street" v="Portman Street"/>
    <tag k="addr:suburb" v="Zetland"/>
    <tag k="building" v="yes"/>
  </way>
  <way id="876017108">
    <nd ref="8153427763"/>
    <nd ref="8153427762"/>
    <nd ref="8153427734"/>
    <nd ref="8153427733"/>
    <nd ref="8153427763"/>
    <tag k="addr:country" v="AU"/>
    <tag k="addr:housenumber" v="70"/>
    <tag k="addr:postcode" v="2017"/>
    <tag k="addr:state" v="NSW"/>
    <tag k="addr:street" v="Portman Street"/>
    <tag k="addr:suburb" v="Zetland"/>
    <tag k="building" v="yes"/>
  </way>
  <way id="876017109">
    <nd ref="8153427764"/>
    <nd ref="8153427763"/>
    <nd ref="8153427733"/>
    <nd ref="8153427732"/>
    <nd ref="8153427764"/>
    <tag k="addr:country" v="AU"/>
    <tag k="addr:housenumber" v="68"/>
    <tag k="addr:postcode" v="2017"/>
    <tag k="addr:state" v="NSW"/>
    <tag k="addr:street" v="Portman Street"/>
    <tag k="addr:suburb" v="Zetland"/>
    <tag k="building" v="yes"/>
  </way>
  <way id="876017110">
    <nd ref="8153427765"/>
    <nd ref="8153427764"/>
    <nd ref="8153427732"/>
    <nd ref="8153427731"/>
    <nd ref="8153427765"/>
    <tag k="addr:country" v="AU"/>
    <tag k="addr:housenumber" v="66"/>
    <tag k="addr:postcode" v="2017"/>
    <tag k="addr:state" v="NSW"/>
    <tag k="addr:street" v="Portman Street"/>
    <tag k="addr:suburb" v="Zetland"/>
    <tag k="building" v="yes"/>
  </way>
  <way id="876017111">
    <nd ref="8153427766"/>
    <nd ref="8153427765"/>
    <nd ref="8153427731"/>
    <nd ref="8153427727"/>
    <nd ref="8153427728"/>
    <nd ref="8153427729"/>
    <nd ref="8153427766"/>
    <tag k="addr:country" v="AU"/>
    <tag k="addr:housenumber" v="64"/>
    <tag k="addr:postcode" v="2017"/>
    <tag k="addr:state" v="NSW"/>
    <tag k="addr:street" v="Portman Street"/>
    <tag k="addr:suburb" v="Zetland"/>
    <tag k="building" v="yes"/>
  </way>
  <way id="876017112">
    <nd ref="8153427768"/>
    <nd ref="8153427766"/>
    <nd ref="8153427729"/>
    <nd ref="8153427730"/>
    <nd ref="8153427768"/>
    <tag k="addr:country" v="AU"/>
    <tag k="addr:housenumber" v="62"/>
    <tag k="addr:postcode" v="2017"/>
    <tag k="addr:state" v="NSW"/>
    <tag k="addr:street" v="Portman Street"/>
    <tag k="addr:suburb" v="Zetland"/>
    <tag k="building" v="yes"/>
  </way>
  <way id="876017113">
    <nd ref="8153427774"/>
    <nd ref="8153427795"/>
    <nd ref="8153013236"/>
    <nd ref="8153013237"/>
    <nd ref="8153427787"/>
    <nd ref="8153427775"/>
    <nd ref="8153427774"/>
    <tag k="addr:country" v="AU"/>
    <tag k="addr:housenumber" v="61"/>
    <tag k="addr:postcode" v="2017"/>
    <tag k="addr:state" v="NSW"/>
    <tag k="addr:street" v="Portman Street"/>
    <tag k="addr:suburb" v="Zetland"/>
    <tag k="building" v="yes"/>
  </way>
  <way id="876017114">
    <nd ref="8153427775"/>
    <nd ref="8153427787"/>
    <nd ref="8153427788"/>
    <nd ref="8153427784"/>
    <nd ref="8153427773"/>
    <nd ref="8153427775"/>
    <tag k="addr:country" v="AU"/>
    <tag k="addr:housenumber" v="63"/>
    <tag k="addr:postcode" v="2017"/>
    <tag k="addr:state" v="NSW"/>
    <tag k="addr:street" v="Portman Street"/>
    <tag k="addr:suburb" v="Zetland"/>
    <tag k="building" v="yes"/>
  </way>
  <way id="876017115">
    <nd ref="8153427784"/>
    <nd ref="8153427788"/>
    <nd ref="8153427789"/>
    <nd ref="8153427783"/>
    <nd ref="8153427784"/>
    <tag k="addr:country" v="AU"/>
    <tag k="addr:housenumber" v="65"/>
    <tag k="addr:postcode" v="2017"/>
    <tag k="addr:state" v="NSW"/>
    <tag k="addr:street" v="Portman Street"/>
    <tag k="addr:suburb" v="Zetland"/>
    <tag k="building" v="yes"/>
  </way>
  <way id="876017116">
    <nd ref="8153427782"/>
    <nd ref="8153427783"/>
    <nd ref="8153427789"/>
    <nd ref="8153427790"/>
    <nd ref="8153427780"/>
    <nd ref="8153427772"/>
    <nd ref="8153427782"/>
    <tag k="addr:country" v="AU"/>
    <tag k="addr:housenumber" v="67"/>
    <tag k="addr:postcode" v="2017"/>
    <tag k="addr:state" v="NSW"/>
    <tag k="addr:street" v="Portman Street"/>
    <tag k="addr:suburb" v="Zetland"/>
    <tag k="building" v="yes"/>
  </way>
  <way id="876017117">
    <nd ref="8153427780"/>
    <nd ref="8153427790"/>
    <nd ref="8153427791"/>
    <nd ref="8153427785"/>
    <nd ref="8153427786"/>
    <nd ref="8153427779"/>
    <nd ref="8153427781"/>
    <nd ref="8153427780"/>
    <tag k="addr:country" v="AU"/>
    <tag k="addr:housenumber" v="69"/>
    <tag k="addr:postcode" v="2017"/>
    <tag k="addr:state" v="NSW"/>
    <tag k="addr:street" v="Portman Street"/>
    <tag k="addr:suburb" v="Zetland"/>
    <tag k="building" v="yes"/>
  </way>
  <way id="876017118">
    <nd ref="8153427779"/>
    <nd ref="8153427786"/>
    <nd ref="8153427785"/>
    <nd ref="8153427791"/>
    <nd ref="8153427792"/>
    <nd ref="8153427778"/>
    <nd ref="8153427779"/>
    <tag k="addr:country" v="AU"/>
    <tag k="addr:housenumber" v="71"/>
    <tag k="addr:postcode" v="2017"/>
    <tag k="addr:state" v="NSW"/>
    <tag k="addr:street" v="Portman Street"/>
    <tag k="addr:suburb" v="Zetland"/>
    <tag k="building" v="yes"/>
  </way>
  <way id="876017119">
    <nd ref="8153427778"/>
    <nd ref="8153427792"/>
    <nd ref="8153427793"/>
    <nd ref="8153427777"/>
    <nd ref="8153427769"/>
    <nd ref="8153427770"/>
    <nd ref="8153427778"/>
    <tag k="addr:country" v="AU"/>
    <tag k="addr:housenumber" v="73"/>
    <tag k="addr:postcode" v="2017"/>
    <tag k="addr:state" v="NSW"/>
    <tag k="addr:street" v="Portman Street"/>
    <tag k="addr:suburb" v="Zetland"/>
    <tag k="building" v="yes"/>
  </way>
  <way id="876017120">
    <nd ref="8153427771"/>
    <nd ref="8153427777"/>
    <nd ref="8153427793"/>
    <nd ref="8153427794"/>
    <nd ref="8153427776"/>
    <nd ref="8153427771"/>
    <tag k="addr:country" v="AU"/>
    <tag k="addr:housenumber" v="75"/>
    <tag k="addr:postcode" v="2017"/>
    <tag k="addr:state" v="NSW"/>
    <tag k="addr:street" v="Portman Street"/>
    <tag k="addr:suburb" v="Zetland"/>
    <tag k="building" v="yes"/>
  </way>
  <way id="876030495">
    <nd ref="8153562554"/>
    <nd ref="8153562553"/>
    <nd ref="8153562546"/>
    <nd ref="8153562545"/>
    <nd ref="8153562554"/>
    <tag k="addr:country" v="AU"/>
    <tag k="addr:housenumber" v="19"/>
    <tag k="addr:postcode" v="2017"/>
    <tag k="addr:state" v="NSW"/>
    <tag k="addr:street" v="Tilford Street"/>
    <tag k="addr:suburb" v="Zetland"/>
    <tag k="building" v="yes"/>
  </way>
  <way id="876030496">
    <nd ref="8153562555"/>
    <nd ref="8153562554"/>
    <nd ref="8153562545"/>
    <nd ref="8153562544"/>
    <nd ref="8153562555"/>
    <tag k="addr:country" v="AU"/>
    <tag k="addr:housenumber" v="17"/>
    <tag k="addr:postcode" v="2017"/>
    <tag k="addr:state" v="NSW"/>
    <tag k="addr:street" v="Tilford Street"/>
    <tag k="addr:suburb" v="Zetland"/>
    <tag k="building" v="yes"/>
  </way>
  <way id="876030497">
    <nd ref="8153562556"/>
    <nd ref="8153562555"/>
    <nd ref="8153562544"/>
    <nd ref="8153562543"/>
    <nd ref="8153562556"/>
    <tag k="addr:country" v="AU"/>
    <tag k="addr:housenumber" v="15"/>
    <tag k="addr:postcode" v="2017"/>
    <tag k="addr:state" v="NSW"/>
    <tag k="addr:street" v="Tilford Street"/>
    <tag k="addr:suburb" v="Zetland"/>
    <tag k="building" v="yes"/>
  </way>
  <way id="876030498">
    <nd ref="8153562557"/>
    <nd ref="8153562556"/>
    <nd ref="8153562543"/>
    <nd ref="8153562542"/>
    <nd ref="8153562557"/>
    <tag k="addr:country" v="AU"/>
    <tag k="addr:housenumber" v="13"/>
    <tag k="addr:postcode" v="2017"/>
    <tag k="addr:state" v="NSW"/>
    <tag k="addr:street" v="Tilford Street"/>
    <tag k="addr:suburb" v="Zetland"/>
    <tag k="building" v="yes"/>
  </way>
  <way id="876030499">
    <nd ref="8153562558"/>
    <nd ref="8153562557"/>
    <nd ref="8153562542"/>
    <nd ref="8153562541"/>
    <nd ref="8153562558"/>
    <tag k="addr:country" v="AU"/>
    <tag k="addr:housenumber" v="11"/>
    <tag k="addr:postcode" v="2017"/>
    <tag k="addr:state" v="NSW"/>
    <tag k="addr:street" v="Tilford Street"/>
    <tag k="addr:suburb" v="Zetland"/>
    <tag k="building" v="yes"/>
  </way>
  <way id="876030500">
    <nd ref="8153562559"/>
    <nd ref="8153562558"/>
    <nd ref="8153562541"/>
    <nd ref="8153562540"/>
    <nd ref="8153562559"/>
    <tag k="addr:country" v="AU"/>
    <tag k="addr:housenumber" v="9"/>
    <tag k="addr:postcode" v="2017"/>
    <tag k="addr:state" v="NSW"/>
    <tag k="addr:street" v="Tilford Street"/>
    <tag k="addr:suburb" v="Zetland"/>
    <tag k="building" v="yes"/>
  </way>
  <way id="876030501">
    <nd ref="8153562561"/>
    <nd ref="8153562559"/>
    <nd ref="8153562540"/>
    <nd ref="8153562539"/>
    <nd ref="8153562560"/>
    <nd ref="8153562561"/>
    <tag k="addr:country" v="AU"/>
    <tag k="addr:housenumber" v="7"/>
    <tag k="addr:postcode" v="2017"/>
    <tag k="addr:state" v="NSW"/>
    <tag k="addr:street" v="Tilford Street"/>
    <tag k="addr:suburb" v="Zetland"/>
    <tag k="building" v="yes"/>
  </way>
  <way id="876030502">
    <nd ref="8153562563"/>
    <nd ref="8153562561"/>
    <nd ref="8153562560"/>
    <nd ref="8153562562"/>
    <nd ref="8153562563"/>
    <tag k="addr:country" v="AU"/>
    <tag k="addr:housenumber" v="5"/>
    <tag k="addr:postcode" v="2017"/>
    <tag k="addr:state" v="NSW"/>
    <tag k="addr:street" v="Tilford Street"/>
    <tag k="addr:suburb" v="Zetland"/>
    <tag k="building" v="yes"/>
  </way>
  <way id="876030503">
    <nd ref="8152818835"/>
    <nd ref="8153562563"/>
    <nd ref="8153562562"/>
    <nd ref="8152818836"/>
    <nd ref="8152818835"/>
    <tag k="addr:country" v="AU"/>
    <tag k="addr:housenumber" v="3"/>
    <tag k="addr:postcode" v="2017"/>
    <tag k="addr:state" v="NSW"/>
    <tag k="addr:street" v="Tilford Street"/>
    <tag k="addr:suburb" v="Zetland"/>
    <tag k="building" v="yes"/>
  </way>
  <way id="876032281">
    <nd ref="8153582036"/>
    <nd ref="8153582047"/>
    <nd ref="8153582035"/>
    <nd ref="8153582034"/>
    <nd ref="8153582036"/>
    <tag k="addr:country" v="AU"/>
    <tag k="addr:housenumber" v="809"/>
    <tag k="addr:postcode" v="2017"/>
    <tag k="addr:state" v="NSW"/>
    <tag k="addr:street" v="Elizabeth Street"/>
    <tag k="addr:suburb" v="Zetland"/>
    <tag k="building" v="yes"/>
  </way>
  <way id="876032282">
    <nd ref="8153582037"/>
    <nd ref="8153582036"/>
    <nd ref="8153582034"/>
    <nd ref="8153582032"/>
    <nd ref="8153582033"/>
    <nd ref="8153582037"/>
    <tag k="addr:country" v="AU"/>
    <tag k="addr:housenumber" v="807"/>
    <tag k="addr:postcode" v="2017"/>
    <tag k="addr:state" v="NSW"/>
    <tag k="addr:street" v="Elizabeth Street"/>
    <tag k="addr:suburb" v="Zetland"/>
    <tag k="building" v="yes"/>
  </way>
  <way id="876032283">
    <nd ref="8153582038"/>
    <nd ref="8153582037"/>
    <nd ref="8153582033"/>
    <nd ref="8153582030"/>
    <nd ref="8153582031"/>
    <nd ref="8153582038"/>
    <tag k="addr:country" v="AU"/>
    <tag k="addr:housenumber" v="805"/>
    <tag k="addr:postcode" v="2017"/>
    <tag k="addr:state" v="NSW"/>
    <tag k="addr:street" v="Elizabeth Street"/>
    <tag k="addr:suburb" v="Zetland"/>
    <tag k="building" v="yes"/>
  </way>
  <way id="876032284">
    <nd ref="8153576216"/>
    <nd ref="8153582038"/>
    <nd ref="8153582031"/>
    <nd ref="8153582029"/>
    <nd ref="8153582017"/>
    <nd ref="8153576216"/>
    <tag k="addr:country" v="AU"/>
    <tag k="addr:housenumber" v="803"/>
    <tag k="addr:postcode" v="2017"/>
    <tag k="addr:state" v="NSW"/>
    <tag k="addr:street" v="Elizabeth Street"/>
    <tag k="addr:suburb" v="Zetland"/>
    <tag k="building" v="yes"/>
  </way>
  <way id="876032285">
    <nd ref="8153582017"/>
    <nd ref="8153582029"/>
    <nd ref="8153576214"/>
    <nd ref="8153582039"/>
    <nd ref="8153582027"/>
    <nd ref="8153582017"/>
    <tag k="addr:country" v="AU"/>
    <tag k="addr:housenumber" v="801"/>
    <tag k="addr:postcode" v="2017"/>
    <tag k="addr:state" v="NSW"/>
    <tag k="addr:street" v="Elizabeth Street"/>
    <tag k="addr:suburb" v="Zetland"/>
    <tag k="building" v="yes"/>
  </way>
  <way id="876032286">
    <nd ref="8153582027"/>
    <nd ref="8153582039"/>
    <nd ref="8153582040"/>
    <nd ref="8153582028"/>
    <nd ref="8153582027"/>
    <tag k="addr:country" v="AU"/>
    <tag k="addr:housenumber" v="799"/>
    <tag k="addr:postcode" v="2017"/>
    <tag k="addr:state" v="NSW"/>
    <tag k="addr:street" v="Elizabeth Street"/>
    <tag k="addr:suburb" v="Zetland"/>
    <tag k="building" v="yes"/>
  </way>
  <way id="876032287">
    <nd ref="8153576215"/>
    <nd ref="8153582028"/>
    <nd ref="8153582040"/>
    <nd ref="8153582041"/>
    <nd ref="8153582024"/>
    <nd ref="8153582026"/>
    <nd ref="8153576215"/>
    <tag k="addr:country" v="AU"/>
    <tag k="addr:housenumber" v="797"/>
    <tag k="addr:postcode" v="2017"/>
    <tag k="addr:state" v="NSW"/>
    <tag k="addr:street" v="Elizabeth Street"/>
    <tag k="addr:suburb" v="Zetland"/>
    <tag k="building" v="yes"/>
  </way>
  <way id="876032288">
    <nd ref="8153582043"/>
    <nd ref="8153582042"/>
    <nd ref="8153582026"/>
    <nd ref="8153582024"/>
    <nd ref="8153582025"/>
    <nd ref="8153582043"/>
    <tag k="addr:country" v="AU"/>
    <tag k="addr:housenumber" v="795"/>
    <tag k="addr:postcode" v="2017"/>
    <tag k="addr:state" v="NSW"/>
    <tag k="addr:street" v="Elizabeth Street"/>
    <tag k="addr:suburb" v="Zetland"/>
    <tag k="building" v="yes"/>
  </way>
  <way id="876032289">
    <nd ref="8153582044"/>
    <nd ref="8153582043"/>
    <nd ref="8153582025"/>
    <nd ref="8153582022"/>
    <nd ref="8153582023"/>
    <nd ref="8153582044"/>
    <tag k="addr:country" v="AU"/>
    <tag k="addr:housenumber" v="793"/>
    <tag k="addr:postcode" v="2017"/>
    <tag k="addr:state" v="NSW"/>
    <tag k="addr:street" v="Elizabeth Street"/>
    <tag k="addr:suburb" v="Zetland"/>
    <tag k="building" v="yes"/>
  </way>
  <way id="876032290">
    <nd ref="8153582045"/>
    <nd ref="8153582044"/>
    <nd ref="8153582023"/>
    <nd ref="8153582020"/>
    <nd ref="8153582021"/>
    <nd ref="8153582045"/>
    <tag k="addr:country" v="AU"/>
    <tag k="addr:housenumber" v="791"/>
    <tag k="addr:postcode" v="2017"/>
    <tag k="addr:state" v="NSW"/>
    <tag k="addr:street" v="Elizabeth Street"/>
    <tag k="addr:suburb" v="Zetland"/>
    <tag k="building" v="yes"/>
  </way>
  <way id="876032291">
    <nd ref="8153582046"/>
    <nd ref="8153582045"/>
    <nd ref="8153582021"/>
    <nd ref="8153582019"/>
    <nd ref="8153582046"/>
    <tag k="addr:country" v="AU"/>
    <tag k="addr:housenumber" v="789"/>
    <tag k="addr:postcode" v="2017"/>
    <tag k="addr:state" v="NSW"/>
    <tag k="addr:street" v="Elizabeth Street"/>
    <tag k="addr:suburb" v="Zetland"/>
    <tag k="building" v="yes"/>
  </way>
  <way id="876032292">
    <nd ref="8153582048"/>
    <nd ref="8153582046"/>
    <nd ref="8153582019"/>
    <nd ref="8153582018"/>
    <nd ref="5796144451"/>
    <nd ref="8153582048"/>
    <tag k="addr:country" v="AU"/>
    <tag k="addr:housenumber" v="787"/>
    <tag k="addr:postcode" v="2017"/>
    <tag k="addr:state" v="NSW"/>
    <tag k="addr:street" v="Elizabeth Street"/>
    <tag k="addr:suburb" v="Zetland"/>
    <tag k="building" v="yes"/>
  </way>
  <way id="876034080">
    <nd ref="8153581742"/>
    <nd ref="8153581741"/>
    <nd ref="8153581740"/>
    <nd ref="8153581739"/>
    <nd ref="8153581738"/>
    <nd ref="8153581742"/>
    <tag k="addr:country" v="AU"/>
    <tag k="addr:housenumber" v="15-17"/>
    <tag k="addr:postcode" v="2017"/>
    <tag k="addr:state" v="NSW"/>
    <tag k="addr:street" v="Merton Street"/>
    <tag k="addr:suburb" v="Zetland"/>
    <tag k="building" v="commercial"/>
  </way>
  <way id="876034081">
    <nd ref="8153581753"/>
    <nd ref="8153581747"/>
    <nd ref="8153581746"/>
    <nd ref="8153581745"/>
    <nd ref="8153581744"/>
    <nd ref="8153581752"/>
    <nd ref="8153581753"/>
    <tag k="addr:country" v="AU"/>
    <tag k="addr:housenumber" v="13"/>
    <tag k="addr:postcode" v="2017"/>
    <tag k="addr:state" v="NSW"/>
    <tag k="addr:street" v="Merton Street"/>
    <tag k="addr:suburb" v="Zetland"/>
    <tag k="building" v="residential"/>
  </way>
  <way id="876034082">
    <nd ref="8153581753"/>
    <nd ref="8153581752"/>
    <nd ref="8153581751"/>
    <nd ref="8153581750"/>
    <nd ref="8153581749"/>
    <nd ref="8153581748"/>
    <nd ref="8153581753"/>
    <tag k="addr:country" v="AU"/>
    <tag k="addr:housenumber" v="11"/>
    <tag k="addr:postcode" v="2017"/>
    <tag k="addr:state" v="NSW"/>
    <tag k="addr:street" v="Merton Street"/>
    <tag k="addr:suburb" v="Zetland"/>
    <tag k="building" v="residential"/>
  </way>
  <way id="876034083">
    <nd ref="8153581758"/>
    <nd ref="8153581743"/>
    <nd ref="8153581756"/>
    <nd ref="8153581755"/>
    <nd ref="8153581754"/>
    <nd ref="8153581758"/>
    <tag k="addr:country" v="AU"/>
    <tag k="addr:housenumber" v="9"/>
    <tag k="addr:postcode" v="2017"/>
    <tag k="addr:state" v="NSW"/>
    <tag k="addr:street" v="Merton Street"/>
    <tag k="addr:suburb" v="Zetland"/>
    <tag k="building" v="residential"/>
  </way>
  <way id="876034084">
    <nd ref="8153581763"/>
    <nd ref="8153581758"/>
    <nd ref="8153581754"/>
    <nd ref="8153581757"/>
    <nd ref="8153581762"/>
    <nd ref="8153581763"/>
    <tag k="addr:country" v="AU"/>
    <tag k="addr:housenumber" v="7"/>
    <tag k="addr:postcode" v="2017"/>
    <tag k="addr:state" v="NSW"/>
    <tag k="addr:street" v="Merton Street"/>
    <tag k="addr:suburb" v="Zetland"/>
    <tag k="building" v="residential"/>
  </way>
  <way id="876034085">
    <nd ref="8153581764"/>
    <nd ref="8153581763"/>
    <nd ref="8153581762"/>
    <nd ref="8153581761"/>
    <nd ref="8153581760"/>
    <nd ref="8153581759"/>
    <nd ref="8153581764"/>
    <tag k="addr:country" v="AU"/>
    <tag k="addr:housenumber" v="5"/>
    <tag k="addr:postcode" v="2017"/>
    <tag k="addr:state" v="NSW"/>
    <tag k="addr:street" v="Merton Street"/>
    <tag k="addr:suburb" v="Zetland"/>
    <tag k="building" v="residential"/>
  </way>
  <way id="876046560">
    <nd ref="8153669433"/>
    <nd ref="5796144465"/>
    <nd ref="8153669494"/>
    <nd ref="8153669462"/>
    <nd ref="8153669428"/>
    <nd ref="8153669430"/>
    <nd ref="8153669432"/>
    <nd ref="8153669433"/>
    <tag k="addr:country" v="AU"/>
    <tag k="addr:housenumber" v="733"/>
    <tag k="addr:postcode" v="2017"/>
    <tag k="addr:state" v="NSW"/>
    <tag k="addr:street" v="Merton Street"/>
    <tag k="addr:suburb" v="Zetland"/>
    <tag k="building" v="yes"/>
  </way>
  <way id="876046561">
    <nd ref="8153669430"/>
    <nd ref="8153669428"/>
    <nd ref="8153669427"/>
    <nd ref="8153669463"/>
    <nd ref="8153669464"/>
    <nd ref="8153669431"/>
    <nd ref="8153669430"/>
    <tag k="addr:country" v="AU"/>
    <tag k="addr:housenumber" v="735-737"/>
    <tag k="addr:postcode" v="2017"/>
    <tag k="addr:state" v="NSW"/>
    <tag k="addr:street" v="Merton Street"/>
    <tag k="addr:suburb" v="Zetland"/>
    <tag k="building" v="yes"/>
  </way>
  <way id="876046562">
    <nd ref="8153669429"/>
    <nd ref="8153669431"/>
    <nd ref="8153669464"/>
    <nd ref="8153669465"/>
    <nd ref="8153669440"/>
    <nd ref="8153669438"/>
    <nd ref="8153669429"/>
    <tag k="addr:country" v="AU"/>
    <tag k="addr:housenumber" v="739"/>
    <tag k="addr:postcode" v="2017"/>
    <tag k="addr:state" v="NSW"/>
    <tag k="addr:street" v="Merton Street"/>
    <tag k="addr:suburb" v="Zetland"/>
    <tag k="building" v="yes"/>
  </way>
  <way id="876046563">
    <nd ref="8153669440"/>
    <nd ref="8153669465"/>
    <nd ref="8153669466"/>
    <nd ref="8153669439"/>
    <nd ref="8153669440"/>
    <tag k="addr:country" v="AU"/>
    <tag k="addr:housenumber" v="741"/>
    <tag k="addr:postcode" v="2017"/>
    <tag k="addr:state" v="NSW"/>
    <tag k="addr:street" v="Merton Street"/>
    <tag k="addr:suburb" v="Zetland"/>
    <tag k="building" v="yes"/>
  </way>
  <way id="876046564">
    <nd ref="8153669469"/>
    <nd ref="8153669467"/>
    <nd ref="8153669439"/>
    <nd ref="8153669466"/>
    <nd ref="8153669468"/>
    <nd ref="8153669469"/>
    <tag k="addr:country" v="AU"/>
    <tag k="addr:housenumber" v="743"/>
    <tag k="addr:postcode" v="2017"/>
    <tag k="addr:state" v="NSW"/>
    <tag k="addr:street" v="Merton Street"/>
    <tag k="addr:suburb" v="Zetland"/>
    <tag k="building" v="yes"/>
  </way>
  <way id="876046565">
    <nd ref="8153669471"/>
    <nd ref="8153669469"/>
    <nd ref="8153669468"/>
    <nd ref="8153669470"/>
    <nd ref="8153669447"/>
    <nd ref="8153669471"/>
    <tag k="addr:country" v="AU"/>
    <tag k="addr:housenumber" v="745"/>
    <tag k="addr:postcode" v="2017"/>
    <tag k="addr:state" v="NSW"/>
    <tag k="addr:street" v="Merton Street"/>
    <tag k="addr:suburb" v="Zetland"/>
    <tag k="building" v="yes"/>
  </way>
  <way id="876046566">
    <nd ref="8153669447"/>
    <nd ref="8153669470"/>
    <nd ref="8153669472"/>
    <nd ref="8153669445"/>
    <nd ref="8153669446"/>
    <nd ref="8153669447"/>
    <tag k="addr:country" v="AU"/>
    <tag k="addr:housenumber" v="747"/>
    <tag k="addr:postcode" v="2017"/>
    <tag k="addr:state" v="NSW"/>
    <tag k="addr:street" v="Merton Street"/>
    <tag k="addr:suburb" v="Zetland"/>
    <tag k="building" v="yes"/>
  </way>
  <way id="876046567">
    <nd ref="8153669445"/>
    <nd ref="8153669472"/>
    <nd ref="8153669473"/>
    <nd ref="8153669444"/>
    <nd ref="8153669445"/>
    <tag k="addr:country" v="AU"/>
    <tag k="addr:housenumber" v="747A"/>
    <tag k="addr:postcode" v="2017"/>
    <tag k="addr:state" v="NSW"/>
    <tag k="addr:street" v="Merton Street"/>
    <tag k="addr:suburb" v="Zetland"/>
    <tag k="building" v="yes"/>
  </way>
  <way id="876046568">
    <nd ref="8153669434"/>
    <nd ref="8153669444"/>
    <nd ref="8153669473"/>
    <nd ref="8153669474"/>
    <nd ref="8153669441"/>
    <nd ref="8153669443"/>
    <nd ref="8153669434"/>
    <tag k="addr:country" v="AU"/>
    <tag k="addr:housenumber" v="749"/>
    <tag k="addr:postcode" v="2017"/>
    <tag k="addr:state" v="NSW"/>
    <tag k="addr:street" v="Merton Street"/>
    <tag k="addr:suburb" v="Zetland"/>
    <tag k="building" v="yes"/>
  </way>
  <way id="876046569">
    <nd ref="8153669441"/>
    <nd ref="8153669474"/>
    <nd ref="8153669475"/>
    <nd ref="8153669442"/>
    <nd ref="8153669441"/>
    <tag k="addr:country" v="AU"/>
    <tag k="addr:housenumber" v="751"/>
    <tag k="addr:postcode" v="2017"/>
    <tag k="addr:state" v="NSW"/>
    <tag k="addr:street" v="Merton Street"/>
    <tag k="addr:suburb" v="Zetland"/>
    <tag k="building" v="yes"/>
  </way>
  <way id="876046570">
    <nd ref="8153669478"/>
    <nd ref="8153669476"/>
    <nd ref="8153669442"/>
    <nd ref="8153669475"/>
    <nd ref="8153669477"/>
    <nd ref="8153669478"/>
    <tag k="addr:country" v="AU"/>
    <tag k="addr:housenumber" v="753"/>
    <tag k="addr:postcode" v="2017"/>
    <tag k="addr:state" v="NSW"/>
    <tag k="addr:street" v="Merton Street"/>
    <tag k="addr:suburb" v="Zetland"/>
    <tag k="building" v="yes"/>
  </way>
  <way id="876046571">
    <nd ref="8153669480"/>
    <nd ref="8153669478"/>
    <nd ref="8153669477"/>
    <nd ref="8153669479"/>
    <nd ref="8153669426"/>
    <nd ref="8153669480"/>
    <tag k="addr:country" v="AU"/>
    <tag k="addr:housenumber" v="755"/>
    <tag k="addr:postcode" v="2017"/>
    <tag k="addr:state" v="NSW"/>
    <tag k="addr:street" v="Merton Street"/>
    <tag k="addr:suburb" v="Zetland"/>
    <tag k="building" v="yes"/>
  </way>
  <way id="876046572">
    <nd ref="8153669482"/>
    <nd ref="8153669480"/>
    <nd ref="8153669426"/>
    <nd ref="8153669425"/>
    <nd ref="8153669448"/>
    <nd ref="8153669482"/>
    <tag k="addr:country" v="AU"/>
    <tag k="addr:housenumber" v="757-761"/>
    <tag k="addr:postcode" v="2017"/>
    <tag k="addr:state" v="NSW"/>
    <tag k="addr:street" v="Merton Street"/>
    <tag k="addr:suburb" v="Zetland"/>
    <tag k="building" v="yes"/>
  </way>
  <way id="876046573">
    <nd ref="8153669448"/>
    <nd ref="8153669425"/>
    <nd ref="8153669481"/>
    <nd ref="8153669483"/>
    <nd ref="8153669449"/>
    <nd ref="8153669448"/>
    <tag k="addr:country" v="AU"/>
    <tag k="addr:housenumber" v="763"/>
    <tag k="addr:postcode" v="2017"/>
    <tag k="addr:state" v="NSW"/>
    <tag k="addr:street" v="Merton Street"/>
    <tag k="addr:suburb" v="Zetland"/>
    <tag k="building" v="yes"/>
  </way>
  <way id="876046574">
    <nd ref="8153669449"/>
    <nd ref="8153669483"/>
    <nd ref="8153669484"/>
    <nd ref="8153669451"/>
    <nd ref="8153669449"/>
    <tag k="addr:country" v="AU"/>
    <tag k="addr:housenumber" v="765"/>
    <tag k="addr:postcode" v="2017"/>
    <tag k="addr:state" v="NSW"/>
    <tag k="addr:street" v="Merton Street"/>
    <tag k="addr:suburb" v="Zetland"/>
    <tag k="building" v="yes"/>
  </way>
  <way id="876046575">
    <nd ref="8153669451"/>
    <nd ref="8153669484"/>
    <nd ref="8153669485"/>
    <nd ref="8153669450"/>
    <nd ref="8153669451"/>
    <tag k="addr:country" v="AU"/>
    <tag k="addr:housenumber" v="767"/>
    <tag k="addr:postcode" v="2017"/>
    <tag k="addr:state" v="NSW"/>
    <tag k="addr:street" v="Merton Street"/>
    <tag k="addr:suburb" v="Zetland"/>
    <tag k="building" v="yes"/>
  </way>
  <way id="876046576">
    <nd ref="8153669435"/>
    <nd ref="8153669450"/>
    <nd ref="8153669485"/>
    <nd ref="8153669486"/>
    <nd ref="8153669453"/>
    <nd ref="8153669452"/>
    <nd ref="8153669435"/>
    <tag k="addr:country" v="AU"/>
    <tag k="addr:housenumber" v="769"/>
    <tag k="addr:postcode" v="2017"/>
    <tag k="addr:state" v="NSW"/>
    <tag k="addr:street" v="Merton Street"/>
    <tag k="addr:suburb" v="Zetland"/>
    <tag k="building" v="yes"/>
  </way>
  <way id="876046577">
    <nd ref="8153669453"/>
    <nd ref="8153669486"/>
    <nd ref="8153669487"/>
    <nd ref="8153669454"/>
    <nd ref="8153669453"/>
    <tag k="addr:country" v="AU"/>
    <tag k="addr:housenumber" v="771"/>
    <tag k="addr:postcode" v="2017"/>
    <tag k="addr:state" v="NSW"/>
    <tag k="addr:street" v="Merton Street"/>
    <tag k="addr:suburb" v="Zetland"/>
    <tag k="building" v="yes"/>
  </way>
  <way id="876046578">
    <nd ref="8153669454"/>
    <nd ref="8153669487"/>
    <nd ref="8153669488"/>
    <nd ref="8153669456"/>
    <nd ref="8153669454"/>
    <tag k="addr:country" v="AU"/>
    <tag k="addr:housenumber" v="771A"/>
    <tag k="addr:postcode" v="2017"/>
    <tag k="addr:state" v="NSW"/>
    <tag k="addr:street" v="Merton Street"/>
    <tag k="addr:suburb" v="Zetland"/>
    <tag k="building" v="yes"/>
  </way>
  <way id="876046579">
    <nd ref="8153669456"/>
    <nd ref="8153669488"/>
    <nd ref="8153669489"/>
    <nd ref="8153669455"/>
    <nd ref="8153669456"/>
    <tag k="addr:country" v="AU"/>
    <tag k="addr:housenumber" v="771B"/>
    <tag k="addr:postcode" v="2017"/>
    <tag k="addr:state" v="NSW"/>
    <tag k="addr:street" v="Merton Street"/>
    <tag k="addr:suburb" v="Zetland"/>
    <tag k="building" v="yes"/>
  </way>
  <way id="876046580">
    <nd ref="8153669436"/>
    <nd ref="8153669455"/>
    <nd ref="8153669489"/>
    <nd ref="8153669490"/>
    <nd ref="8153669457"/>
    <nd ref="8153669436"/>
    <tag k="addr:country" v="AU"/>
    <tag k="addr:housenumber" v="773"/>
    <tag k="addr:postcode" v="2017"/>
    <tag k="addr:state" v="NSW"/>
    <tag k="addr:street" v="Merton Street"/>
    <tag k="addr:suburb" v="Zetland"/>
    <tag k="building" v="yes"/>
  </way>
  <way id="876046581">
    <nd ref="8153669437"/>
    <nd ref="8153669457"/>
    <nd ref="8153669490"/>
    <nd ref="8153669491"/>
    <nd ref="8153669459"/>
    <nd ref="8153669437"/>
    <tag k="addr:country" v="AU"/>
    <tag k="addr:housenumber" v="775"/>
    <tag k="addr:postcode" v="2017"/>
    <tag k="addr:state" v="NSW"/>
    <tag k="addr:street" v="Merton Street"/>
    <tag k="addr:suburb" v="Zetland"/>
    <tag k="building" v="yes"/>
  </way>
  <way id="876046582">
    <nd ref="8153669459"/>
    <nd ref="8153669491"/>
    <nd ref="8153669492"/>
    <nd ref="8153669461"/>
    <nd ref="8153669458"/>
    <nd ref="8153669459"/>
    <tag k="addr:country" v="AU"/>
    <tag k="addr:housenumber" v="777"/>
    <tag k="addr:postcode" v="2017"/>
    <tag k="addr:state" v="NSW"/>
    <tag k="addr:street" v="Merton Street"/>
    <tag k="addr:suburb" v="Zetland"/>
    <tag k="building" v="yes"/>
  </way>
  <way id="876046583">
    <nd ref="8153669461"/>
    <nd ref="8153669492"/>
    <nd ref="8153669493"/>
    <nd ref="8153669460"/>
    <nd ref="8153669461"/>
    <tag k="addr:country" v="AU"/>
    <tag k="addr:housenumber" v="779A"/>
    <tag k="addr:postcode" v="2017"/>
    <tag k="addr:state" v="NSW"/>
    <tag k="addr:street" v="Merton Street"/>
    <tag k="addr:suburb" v="Zetland"/>
    <tag k="building" v="yes"/>
  </way>
  <way id="876152352">
    <nd ref="8154635679"/>
    <nd ref="8154635680"/>
    <nd ref="8154635681"/>
    <nd ref="8154635682"/>
    <nd ref="8154635683"/>
    <nd ref="8154635684"/>
    <nd ref="8154635685"/>
    <nd ref="9807563274"/>
    <nd ref="8158053134"/>
    <nd ref="8154635686"/>
    <nd ref="8154635687"/>
    <nd ref="8154635679"/>
    <tag k="landuse" v="residential"/>
    <tag k="name" v="The Reserve"/>
    <tag k="residential" v="apartments"/>
  </way>
  <way id="876544191">
    <nd ref="8158053146"/>
    <nd ref="11927695248"/>
    <nd ref="8158053148"/>
    <tag k="highway" v="service"/>
    <tag k="service" v="driveway"/>
  </way>
  <way id="876544192">
    <nd ref="8158053149"/>
    <nd ref="8727141793"/>
    <nd ref="8158053150"/>
    <tag k="highway" v="service"/>
    <tag k="service" v="driveway"/>
  </way>
  <way id="886450355">
    <nd ref="8242724488"/>
    <nd ref="8242724489"/>
    <nd ref="8242724490"/>
    <nd ref="8242724491"/>
    <nd ref="8315264312"/>
    <nd ref="8315264315"/>
    <nd ref="8242724492"/>
    <nd ref="8242724488"/>
    <tag k="addr:housenumber" v="944"/>
    <tag k="addr:postcode" v="2017"/>
    <tag k="addr:street" v="Bourke Street"/>
    <tag k="building" v="yes"/>
    <tag k="building:levels" v="2"/>
    <tag k="check_date" v="2023-11-10"/>
    <tag k="name" v="RPA HealthOne Green Square"/>
  </way>
  <way id="890529387">
    <nd ref="8276859547"/>
    <nd ref="8276859548"/>
    <nd ref="8276859549"/>
    <nd ref="8276859550"/>
    <nd ref="8276859547"/>
    <tag k="building" v="yes"/>
  </way>
  <way id="890529394">
    <nd ref="8276859584"/>
    <nd ref="8276859585"/>
    <nd ref="8276859586"/>
    <nd ref="8276859587"/>
    <nd ref="8276859588"/>
    <nd ref="8276859589"/>
    <nd ref="8276859584"/>
    <tag k="building" v="house"/>
  </way>
  <way id="890529395">
    <nd ref="8276859590"/>
    <nd ref="8276859591"/>
    <nd ref="8315333931"/>
    <nd ref="8276859596"/>
    <nd ref="8276859597"/>
    <nd ref="8276859593"/>
    <nd ref="8276859590"/>
    <tag k="building" v="house"/>
  </way>
  <way id="890529396">
    <nd ref="8276859594"/>
    <nd ref="8276859595"/>
    <nd ref="8276859596"/>
    <nd ref="8276859597"/>
    <nd ref="8276859594"/>
    <tag k="building" v="house"/>
  </way>
  <way id="890529397">
    <nd ref="8276859598"/>
    <nd ref="8276859599"/>
    <nd ref="8276859600"/>
    <nd ref="8276859601"/>
    <nd ref="8276859598"/>
    <tag k="building" v="house"/>
  </way>
  <way id="890529398">
    <nd ref="8276859602"/>
    <nd ref="8276859603"/>
    <nd ref="8276859604"/>
    <nd ref="8276859605"/>
    <nd ref="8276859606"/>
    <nd ref="8276859607"/>
    <nd ref="8276859608"/>
    <nd ref="8276859609"/>
    <nd ref="8276859602"/>
    <tag k="building" v="house"/>
  </way>
  <way id="890529399">
    <nd ref="8276859610"/>
    <nd ref="8276859611"/>
    <nd ref="8276859612"/>
    <nd ref="8276859613"/>
    <nd ref="8276859610"/>
    <tag k="building" v="house"/>
  </way>
  <way id="890529400">
    <nd ref="8276859614"/>
    <nd ref="8276859615"/>
    <nd ref="8276859616"/>
    <nd ref="8276859617"/>
    <nd ref="8276859614"/>
    <tag k="building" v="house"/>
  </way>
  <way id="890529401">
    <nd ref="8276859618"/>
    <nd ref="8276859619"/>
    <nd ref="8276859620"/>
    <nd ref="8276859621"/>
    <nd ref="8276859622"/>
    <nd ref="8276859623"/>
    <nd ref="8276859624"/>
    <nd ref="8276859625"/>
    <nd ref="8276859626"/>
    <nd ref="8276859618"/>
    <tag k="building" v="house"/>
  </way>
  <way id="890529402">
    <nd ref="8276859627"/>
    <nd ref="8276859628"/>
    <nd ref="8276859629"/>
    <nd ref="8276859630"/>
    <nd ref="8276859627"/>
    <tag k="building" v="house"/>
  </way>
  <way id="890529403">
    <nd ref="8276859631"/>
    <nd ref="8276859632"/>
    <nd ref="8276859633"/>
    <nd ref="8276859634"/>
    <nd ref="8276859635"/>
    <nd ref="8276859636"/>
    <nd ref="8276859631"/>
    <tag k="building" v="house"/>
  </way>
  <way id="890529404">
    <nd ref="8276859637"/>
    <nd ref="8276859638"/>
    <nd ref="8276859639"/>
    <nd ref="8276859640"/>
    <nd ref="8276859641"/>
    <nd ref="8276859642"/>
    <nd ref="8276859637"/>
    <tag k="building" v="house"/>
  </way>
  <way id="890529405">
    <nd ref="8276859643"/>
    <nd ref="8276859644"/>
    <nd ref="8276859645"/>
    <nd ref="8276859646"/>
    <nd ref="8276859647"/>
    <nd ref="8276859648"/>
    <nd ref="8276859643"/>
    <tag k="building" v="house"/>
  </way>
  <way id="890529406">
    <nd ref="8276859649"/>
    <nd ref="8276859650"/>
    <nd ref="8276859651"/>
    <nd ref="8276859652"/>
    <nd ref="8276859649"/>
    <tag k="building" v="house"/>
  </way>
  <way id="890529407">
    <nd ref="8276859653"/>
    <nd ref="8276859654"/>
    <nd ref="8276859655"/>
    <nd ref="8276859656"/>
    <nd ref="8276859653"/>
    <tag k="building" v="house"/>
  </way>
  <way id="890529408">
    <nd ref="8276859657"/>
    <nd ref="8276859658"/>
    <nd ref="8276859659"/>
    <nd ref="8276859661"/>
    <nd ref="8276859660"/>
    <nd ref="8276859657"/>
    <tag k="building" v="house"/>
  </way>
  <way id="890529409">
    <nd ref="8276859661"/>
    <nd ref="8276859662"/>
    <nd ref="8276859663"/>
    <nd ref="8276859664"/>
    <nd ref="8276859661"/>
    <tag k="building" v="house"/>
  </way>
  <way id="890529410">
    <nd ref="8276859665"/>
    <nd ref="8276859666"/>
    <nd ref="8276859667"/>
    <nd ref="8276859663"/>
    <nd ref="8276859665"/>
    <tag k="building" v="house"/>
  </way>
  <way id="890529411">
    <nd ref="8276859668"/>
    <nd ref="8276859669"/>
    <nd ref="8276859670"/>
    <nd ref="8276859671"/>
    <nd ref="8276859668"/>
    <tag k="building" v="house"/>
  </way>
  <way id="890529412">
    <nd ref="8276859672"/>
    <nd ref="8276859673"/>
    <nd ref="8276859674"/>
    <nd ref="8276859675"/>
    <nd ref="8276859672"/>
    <tag k="building" v="house"/>
  </way>
  <way id="890529413">
    <nd ref="8276859676"/>
    <nd ref="8276859677"/>
    <nd ref="8276859678"/>
    <nd ref="8276859679"/>
    <nd ref="8276859676"/>
    <tag k="building" v="house"/>
  </way>
  <way id="890529414">
    <nd ref="8276859680"/>
    <nd ref="8276859681"/>
    <nd ref="8276859682"/>
    <nd ref="8276859683"/>
    <nd ref="8276859680"/>
    <tag k="building" v="house"/>
  </way>
  <way id="890529415">
    <nd ref="8276859684"/>
    <nd ref="8276859685"/>
    <nd ref="8276859686"/>
    <nd ref="8276859687"/>
    <nd ref="8276859684"/>
    <tag k="building" v="house"/>
  </way>
  <way id="890529416">
    <nd ref="8276859688"/>
    <nd ref="8276859689"/>
    <nd ref="8276859690"/>
    <nd ref="8276859691"/>
    <nd ref="8276859692"/>
    <nd ref="8276859693"/>
    <nd ref="8276859688"/>
    <tag k="building" v="yes"/>
  </way>
  <way id="890529417">
    <nd ref="8276859694"/>
    <nd ref="8276859695"/>
    <nd ref="8276859696"/>
    <nd ref="8276859697"/>
    <nd ref="8276859698"/>
    <nd ref="8276859699"/>
    <nd ref="8276859694"/>
    <tag k="access" v="private"/>
    <tag k="amenity" v="parking"/>
  </way>
  <way id="890914145">
    <nd ref="3597656097"/>
    <nd ref="8280329821"/>
    <nd ref="8280329824"/>
    <nd ref="10053427611"/>
    <nd ref="8280329823"/>
    <nd ref="8280329822"/>
    <nd ref="10003333235"/>
    <nd ref="8280329820"/>
    <nd ref="10003333219"/>
    <tag k="footway" v="sidewalk"/>
    <tag k="highway" v="footway"/>
    <tag k="surface" v="concrete"/>
  </way>
  <way id="891830786">
    <nd ref="8288988025"/>
    <nd ref="8288988024"/>
    <nd ref="8288988023"/>
    <nd ref="8288988022"/>
    <nd ref="8288988021"/>
    <nd ref="8288988020"/>
    <nd ref="8288988019"/>
    <nd ref="8288988018"/>
    <nd ref="8288988017"/>
    <nd ref="8288970810"/>
    <nd ref="8288970816"/>
    <nd ref="8288988025"/>
    <tag k="building" v="yes"/>
  </way>
  <way id="891830787">
    <nd ref="8288988031"/>
    <nd ref="8288988030"/>
    <nd ref="8288988029"/>
    <nd ref="8288988028"/>
    <nd ref="8288988027"/>
    <nd ref="8288988026"/>
    <nd ref="8288988031"/>
    <tag k="building" v="yes"/>
  </way>
  <way id="891830788">
    <nd ref="8288988040"/>
    <nd ref="8288988039"/>
    <nd ref="8288988038"/>
    <nd ref="8288988037"/>
    <nd ref="8288988036"/>
    <nd ref="8288988035"/>
    <nd ref="8288988034"/>
    <nd ref="8288988033"/>
    <nd ref="8288988032"/>
    <nd ref="8288988040"/>
    <tag k="building" v="yes"/>
  </way>
  <way id="891830789">
    <nd ref="8288988046"/>
    <nd ref="8288988045"/>
    <nd ref="8288988044"/>
    <nd ref="8288988043"/>
    <nd ref="8288988042"/>
    <nd ref="8288988041"/>
    <nd ref="8288988046"/>
    <tag k="building" v="yes"/>
  </way>
  <way id="891830790">
    <nd ref="8288988050"/>
    <nd ref="8288988049"/>
    <nd ref="8288988048"/>
    <nd ref="8288988047"/>
    <nd ref="8288988050"/>
    <tag k="building" v="warehouse"/>
  </way>
  <way id="891830791">
    <nd ref="8288988059"/>
    <nd ref="8288988058"/>
    <nd ref="8288988057"/>
    <nd ref="8288988056"/>
    <nd ref="8288988055"/>
    <nd ref="8288988054"/>
    <nd ref="8288988053"/>
    <nd ref="8288988052"/>
    <nd ref="8288988051"/>
    <nd ref="8288988059"/>
    <tag k="addr:housenumber" v="23"/>
    <tag k="addr:street" v="Mandible Street"/>
    <tag k="building" v="office"/>
  </way>
  <way id="894607498">
    <nd ref="8315264312"/>
    <nd ref="8315264313"/>
    <nd ref="8315333918"/>
    <nd ref="8315264314"/>
    <nd ref="8315264315"/>
    <nd ref="8315264312"/>
    <tag k="building" v="yes"/>
  </way>
  <way id="894607499">
    <nd ref="8315264314"/>
    <nd ref="8315264316"/>
    <nd ref="8315333917"/>
    <nd ref="8315333918"/>
    <nd ref="8315264314"/>
    <tag k="building" v="yes"/>
  </way>
  <way id="905037217">
    <nd ref="9150717569"/>
    <nd ref="9629037720"/>
    <nd ref="9630865948"/>
    <nd ref="9150717568"/>
    <nd ref="9150717567"/>
    <nd ref="9150717566"/>
    <nd ref="9150717565"/>
    <nd ref="9630841227"/>
    <nd ref="8404870569"/>
    <tag k="bicycle" v="designated"/>
    <tag k="foot" v="no"/>
    <tag k="highway" v="cycleway"/>
    <tag k="lanes" v="1"/>
    <tag k="oneway" v="yes"/>
    <tag k="surface" v="asphalt"/>
  </way>
  <way id="917228125">
    <nd ref="8519344336"/>
    <nd ref="8519344337"/>
    <nd ref="8519344338"/>
    <nd ref="8519344339"/>
    <tag k="footway" v="sidewalk"/>
    <tag k="highway" v="footway"/>
    <tag k="surface" v="concrete"/>
  </way>
  <way id="917228126">
    <nd ref="8519344341"/>
    <nd ref="8519344342"/>
    <nd ref="8519344343"/>
    <nd ref="8519344344"/>
    <nd ref="8519344345"/>
    <nd ref="8519344346"/>
    <tag k="highway" v="footway"/>
    <tag k="surface" v="concrete"/>
  </way>
  <way id="917228127">
    <nd ref="7895181250"/>
    <nd ref="8519344335"/>
    <nd ref="8519344336"/>
    <tag k="crossing" v="traffic_signals"/>
    <tag k="footway" v="crossing"/>
    <tag k="highway" v="footway"/>
    <tag k="surface" v="asphalt"/>
  </way>
  <way id="917228128">
    <nd ref="5663268550"/>
    <nd ref="8519344340"/>
    <nd ref="1844755265"/>
    <nd ref="8519344341"/>
    <tag k="crossing" v="traffic_signals"/>
    <tag k="footway" v="crossing"/>
    <tag k="highway" v="footway"/>
    <tag k="surface" v="asphalt"/>
  </way>
  <way id="917228129">
    <nd ref="8519344346"/>
    <nd ref="8519344347"/>
    <nd ref="8519344339"/>
    <tag k="crossing" v="traffic_signals"/>
    <tag k="footway" v="crossing"/>
    <tag k="highway" v="footway"/>
    <tag k="surface" v="asphalt"/>
  </way>
  <way id="917228131">
    <nd ref="12618172346"/>
    <nd ref="8519344351"/>
    <nd ref="8519344348"/>
    <tag k="crossing" v="marked"/>
    <tag k="crossing:island" v="no"/>
    <tag k="crossing:markings" v="yes"/>
    <tag k="footway" v="crossing"/>
    <tag k="highway" v="footway"/>
    <tag k="surface" v="asphalt"/>
  </way>
  <way id="917228132">
    <nd ref="8519344349"/>
    <nd ref="9036533363"/>
    <nd ref="8519344350"/>
    <nd ref="8519344351"/>
    <nd ref="8519344352"/>
    <nd ref="11263969752"/>
    <nd ref="9036533362"/>
    <nd ref="8519344353"/>
    <tag k="highway" v="primary_link"/>
    <tag k="lanes" v="1"/>
    <tag k="oneway" v="yes"/>
    <tag k="surface" v="asphalt"/>
  </way>
  <way id="918488797">
    <nd ref="8530390812"/>
    <nd ref="8530390814"/>
    <nd ref="8530390813"/>
    <nd ref="8530395972"/>
    <nd ref="8530390815"/>
    <nd ref="2830871831"/>
    <tag k="bicycle" v="designated"/>
    <tag k="foot" v="designated"/>
    <tag k="highway" v="cycleway"/>
    <tag k="segregated" v="no"/>
  </way>
  <way id="918488798">
    <nd ref="2830871831"/>
    <nd ref="671952469"/>
    <nd ref="4064559639"/>
    <tag k="bicycle" v="designated"/>
    <tag k="crossing" v="traffic_signals"/>
    <tag k="crossing:island" v="no"/>
    <tag k="cycleway" v="crossing"/>
    <tag k="foot" v="designated"/>
    <tag k="highway" v="cycleway"/>
    <tag k="name" v="George Street Cycleway"/>
    <tag k="segregated" v="yes"/>
  </way>
  <way id="918488799">
    <nd ref="6770787966"/>
    <nd ref="6770787967"/>
    <nd ref="4064559639"/>
    <tag k="bicycle" v="designated"/>
    <tag k="crossing" v="traffic_signals"/>
    <tag k="crossing:island" v="no"/>
    <tag k="cycleway" v="crossing"/>
    <tag k="foot" v="designated"/>
    <tag k="highway" v="cycleway"/>
    <tag k="segregated" v="no"/>
    <tag k="source" v="survey"/>
    <tag k="surface" v="asphalt"/>
  </way>
  <way id="918488800">
    <nd ref="2830871838"/>
    <nd ref="8530395921"/>
    <tag k="bicycle" v="designated"/>
    <tag k="foot" v="designated"/>
    <tag k="highway" v="cycleway"/>
    <tag k="name" v="George Street Cycleway"/>
    <tag k="source:start_date" v="https://lsre.com.au/selling/new-sydney-cycleway-boosts-livability/"/>
    <tag k="start_date" v="2014-06-14"/>
    <tag k="surface" v="concrete"/>
  </way>
  <way id="918488801">
    <nd ref="2830871836"/>
    <nd ref="8117713082"/>
    <tag k="bicycle" v="designated"/>
    <tag k="foot" v="designated"/>
    <tag k="highway" v="cycleway"/>
    <tag k="name" v="Allen Street Cycleway"/>
    <tag k="segregated" v="no"/>
    <tag k="surface" v="concrete"/>
  </way>
  <way id="918488802">
    <nd ref="4118634334"/>
    <nd ref="5598410083"/>
    <nd ref="11258683514"/>
    <nd ref="4118634333"/>
    <tag k="bicycle" v="designated"/>
    <tag k="foot" v="designated"/>
    <tag k="highway" v="cycleway"/>
    <tag k="name" v="Mandible Street Cycleway"/>
    <tag k="segregated" v="no"/>
    <tag k="source" v="knowledge;nearmap"/>
    <tag k="surface" v="asphalt"/>
  </way>
  <way id="918488803">
    <nd ref="4118634333"/>
    <nd ref="2041297304"/>
    <nd ref="1829424116"/>
    <tag k="bicycle" v="designated"/>
    <tag k="crossing" v="traffic_signals"/>
    <tag k="crossing:island" v="no"/>
    <tag k="cycleway" v="crossing"/>
    <tag k="foot" v="designated"/>
    <tag k="highway" v="cycleway"/>
    <tag k="name" v="Mandible Street Cycleway"/>
    <tag k="segregated" v="no"/>
    <tag k="source" v="knowledge;nearmap"/>
    <tag k="surface" v="asphalt"/>
  </way>
  <way id="918488811">
    <nd ref="5663203837"/>
    <nd ref="8117713086"/>
    <nd ref="2830871835"/>
    <tag k="bicycle" v="designated"/>
    <tag k="foot" v="designated"/>
    <tag k="highway" v="cycleway"/>
    <tag k="name" v="Allen Street Cycleway"/>
    <tag k="segregated" v="no"/>
    <tag k="surface" v="concrete"/>
  </way>
  <way id="918488812">
    <nd ref="2830871833"/>
    <nd ref="8117713094"/>
    <nd ref="8117713088"/>
    <nd ref="8117713089"/>
    <tag k="bicycle" v="designated"/>
    <tag k="foot" v="designated"/>
    <tag k="highway" v="cycleway"/>
    <tag k="name" v="Allen Street Cycleway"/>
    <tag k="segregated" v="no"/>
    <tag k="surface" v="concrete"/>
  </way>
  <way id="918488816">
    <nd ref="8530395949"/>
    <nd ref="8530395950"/>
    <tag k="foot" v="yes"/>
    <tag k="highway" v="cycleway"/>
    <tag k="oneway" v="no"/>
    <tag k="segregated" v="no"/>
    <tag k="surface" v="paving_stones"/>
  </way>
  <way id="918488818">
    <nd ref="8530395950"/>
    <nd ref="8530395953"/>
    <nd ref="8530395952"/>
    <tag k="crossing" v="traffic_signals"/>
    <tag k="footway" v="crossing"/>
    <tag k="highway" v="footway"/>
  </way>
  <way id="918488819">
    <nd ref="6770787965"/>
    <nd ref="6770787969"/>
    <tag k="bicycle" v="designated"/>
    <tag k="foot" v="designated"/>
    <tag k="highway" v="cycleway"/>
    <tag k="oneway" v="no"/>
    <tag k="segregated" v="no"/>
  </way>
  <way id="918488820">
    <nd ref="8530395950"/>
    <nd ref="8530395954"/>
    <nd ref="8530395959"/>
    <tag k="bicycle" v="designated"/>
    <tag k="crossing" v="traffic_signals"/>
    <tag k="crossing:island" v="no"/>
    <tag k="cycleway" v="crossing"/>
    <tag k="foot" v="designated"/>
    <tag k="highway" v="cycleway"/>
  </way>
  <way id="918488821">
    <nd ref="8530395956"/>
    <nd ref="8530395960"/>
    <nd ref="8530395957"/>
    <tag k="crossing" v="traffic_signals"/>
    <tag k="crossing:island" v="no"/>
    <tag k="footway" v="crossing"/>
    <tag k="highway" v="footway"/>
    <tag k="surface" v="asphalt"/>
  </way>
  <way id="918488822">
    <nd ref="8530395958"/>
    <nd ref="1146792445"/>
    <nd ref="8530395955"/>
    <tag k="bicycle" v="designated"/>
    <tag k="crossing" v="traffic_signals"/>
    <tag k="crossing:island" v="no"/>
    <tag k="cycleway" v="crossing"/>
    <tag k="foot" v="designated"/>
    <tag k="highway" v="cycleway"/>
    <tag k="surface" v="asphalt"/>
  </way>
  <way id="918488823">
    <nd ref="8530395959"/>
    <nd ref="8530395961"/>
    <nd ref="8530395958"/>
    <tag k="bicycle" v="designated"/>
    <tag k="cycleway" v="traffic_island"/>
    <tag k="foot" v="designated"/>
    <tag k="highway" v="cycleway"/>
    <tag k="segregated" v="no"/>
    <tag k="surface" v="paving_stones"/>
  </way>
  <way id="918488824">
    <nd ref="8530395957"/>
    <nd ref="8530395961"/>
    <tag k="footway" v="traffic_island"/>
    <tag k="highway" v="footway"/>
    <tag k="surface" v="paving_stones"/>
  </way>
  <way id="918488825">
    <nd ref="8530395956"/>
    <nd ref="6770787969"/>
    <tag k="highway" v="footway"/>
  </way>
  <way id="918488826">
    <nd ref="8530395955"/>
    <nd ref="8530395962"/>
    <nd ref="8530395963"/>
    <nd ref="8530395964"/>
    <nd ref="8530395965"/>
    <nd ref="12618163265"/>
    <nd ref="8530395966"/>
    <tag k="bicycle" v="designated"/>
    <tag k="foot" v="designated"/>
    <tag k="highway" v="cycleway"/>
    <tag k="segregated" v="no"/>
    <tag k="surface" v="paving_stones"/>
  </way>
  <way id="918488827">
    <nd ref="8530395967"/>
    <nd ref="8530395968"/>
    <nd ref="8530395966"/>
    <tag k="bicycle" v="designated"/>
    <tag k="crossing" v="traffic_signals"/>
    <tag k="crossing:island" v="no"/>
    <tag k="cycleway" v="crossing"/>
    <tag k="foot" v="designated"/>
    <tag k="highway" v="cycleway"/>
  </way>
  <way id="918488828">
    <nd ref="8530395967"/>
    <nd ref="8530390813"/>
    <tag k="bicycle" v="designated"/>
    <tag k="foot" v="designated"/>
    <tag k="highway" v="cycleway"/>
    <tag k="segregated" v="no"/>
  </way>
  <way id="918488829">
    <nd ref="8519344348"/>
    <nd ref="8530395969"/>
    <nd ref="8530395970"/>
    <nd ref="8530395971"/>
    <nd ref="8530390815"/>
    <tag k="bicycle" v="designated"/>
    <tag k="foot" v="designated"/>
    <tag k="highway" v="cycleway"/>
    <tag k="segregated" v="no"/>
  </way>
  <way id="918488830">
    <nd ref="6763101972"/>
    <nd ref="6021919063"/>
    <nd ref="6763101973"/>
    <tag k="crossing" v="zebra"/>
    <tag k="crossing:island" v="no"/>
    <tag k="footway" v="crossing"/>
    <tag k="highway" v="footway"/>
    <tag k="traffic_calming" v="table"/>
  </way>
  <way id="918488831">
    <nd ref="6763101962"/>
    <nd ref="6763101972"/>
    <tag k="bicycle" v="designated"/>
    <tag k="foot" v="designated"/>
    <tag k="highway" v="cycleway"/>
    <tag k="maxspeed" v="10"/>
    <tag k="oneway" v="no"/>
    <tag k="segregated" v="no"/>
    <tag k="surface" v="asphalt"/>
  </way>
  <way id="918488832">
    <nd ref="8530395955"/>
    <nd ref="12035170831"/>
    <nd ref="12035170830"/>
    <nd ref="12035170829"/>
    <nd ref="12035170828"/>
    <nd ref="8117713085"/>
    <nd ref="8117713086"/>
    <tag k="footway" v="sidewalk"/>
    <tag k="highway" v="footway"/>
    <tag k="surface" v="concrete"/>
  </way>
  <way id="918488833">
    <nd ref="8117713091"/>
    <nd ref="2041297303"/>
    <nd ref="8117713092"/>
    <nd ref="8117713093"/>
    <nd ref="1851019011"/>
    <nd ref="8117713094"/>
    <tag k="crossing" v="traffic_signals"/>
    <tag k="crossing:island" v="no"/>
    <tag k="footway" v="crossing"/>
    <tag k="highway" v="footway"/>
    <tag k="surface" v="asphalt"/>
  </way>
  <way id="934895880">
    <nd ref="8663717702"/>
    <nd ref="11445783284"/>
    <nd ref="8663717705"/>
    <nd ref="8663717707"/>
    <nd ref="11445783282"/>
    <nd ref="8663717706"/>
    <nd ref="29167953"/>
    <tag k="check_date" v="2024-10-28"/>
    <tag k="construction" v="residential"/>
    <tag k="cycleway" v="separate"/>
    <tag k="highway" v="construction"/>
    <tag k="name" v="Ngamuru Avenue"/>
    <tag k="name:etymology" v="A word from the Gadigal language - nga (see), muru (path). This means 'to see'."/>
    <tag k="name:pronunciation" v="ing-a-mu-ru"/>
    <tag k="note" v="Proposed road to be used by local, emergency vehicles and public transport. To be confirmed when opened."/>
    <tag k="sidewalk:left" v="separate"/>
    <tag k="source:name" v="https://meetings.cityofsydney.nsw.gov.au/ieDecisionDetails.aspx?ID=5351"/>
    <tag k="source:name:etymology" v="https://meetings.cityofsydney.nsw.gov.au/ieDecisionDetails.aspx?ID=5351"/>
    <tag k="source:name:pronunciation" v="https://meetings.cityofsydney.nsw.gov.au/ieDecisionDetails.aspx?ID=5351"/>
  </way>
  <way id="934898262">
    <nd ref="8663752239"/>
    <nd ref="8663752240"/>
    <nd ref="8663752241"/>
    <nd ref="11052140739"/>
    <nd ref="8663752242"/>
    <nd ref="10102319562"/>
    <nd ref="9357235627"/>
    <nd ref="9494687346"/>
    <nd ref="9357235623"/>
    <tag k="highway" v="proposed"/>
    <tag k="name" v="Hinchcliffe Street"/>
    <tag k="proposed" v="residential"/>
  </way>
  <way id="936779097">
    <nd ref="8680068868"/>
    <nd ref="8680068869"/>
    <nd ref="8680068870"/>
    <nd ref="8680068871"/>
    <nd ref="8680068872"/>
    <nd ref="8680068873"/>
    <nd ref="8680068874"/>
    <nd ref="8680068875"/>
    <nd ref="8680068876"/>
    <nd ref="8680068877"/>
    <nd ref="8680068878"/>
    <nd ref="8680068879"/>
    <nd ref="8680068880"/>
    <nd ref="8680068881"/>
    <nd ref="8680068882"/>
    <nd ref="8680068883"/>
    <nd ref="8680068884"/>
    <nd ref="8680068885"/>
    <nd ref="8680068886"/>
    <nd ref="8680068887"/>
    <nd ref="8680068868"/>
    <tag k="building" v="commercial"/>
  </way>
  <way id="942451523">
    <nd ref="8727141790"/>
    <nd ref="8727141791"/>
    <tag k="footway" v="sidewalk"/>
    <tag k="highway" v="footway"/>
    <tag k="lit" v="yes"/>
    <tag k="surface" v="paving_stones"/>
  </way>
  <way id="942451524">
    <nd ref="8727141792"/>
    <nd ref="8727141793"/>
    <nd ref="8727141794"/>
    <tag k="footway" v="sidewalk"/>
    <tag k="highway" v="footway"/>
    <tag k="lit" v="yes"/>
    <tag k="surface" v="paving_stones"/>
  </way>
  <way id="942451525">
    <nd ref="8727141791"/>
    <nd ref="8727141798"/>
    <nd ref="8727141795"/>
    <tag k="handrail" v="yes"/>
    <tag k="highway" v="steps"/>
  </way>
  <way id="942451526">
    <nd ref="8727141794"/>
    <nd ref="8727141797"/>
    <nd ref="8727141799"/>
    <nd ref="8727141796"/>
    <tag k="handrail" v="yes"/>
    <tag k="highway" v="steps"/>
  </way>
  <way id="942451527">
    <nd ref="8727141794"/>
    <nd ref="4585475278"/>
    <nd ref="8727141791"/>
    <tag k="footway" v="sidewalk"/>
    <tag k="highway" v="footway"/>
  </way>
  <way id="942451528">
    <nd ref="8727141797"/>
    <nd ref="8727141798"/>
    <nd ref="8727141799"/>
    <nd ref="8727141795"/>
    <tag k="highway" v="footway"/>
    <tag k="incline" v="up"/>
  </way>
  <way id="944104266">
    <nd ref="9629037727"/>
    <nd ref="9630865954"/>
    <nd ref="8741117030"/>
    <nd ref="10003333224"/>
    <nd ref="8741117029"/>
    <tag k="bicycle" v="yes"/>
    <tag k="highway" v="pedestrian"/>
    <tag k="name" v="Frog Park Lane"/>
    <tag k="surface" v="paved"/>
  </way>
  <way id="944104267">
    <nd ref="1845672326"/>
    <nd ref="8741117030"/>
    <tag k="highway" v="steps"/>
  </way>
  <way id="945780090">
    <nd ref="8755644796"/>
    <nd ref="8756939924"/>
    <nd ref="8756939926"/>
    <nd ref="8755644797"/>
    <tag k="fixme" v="Will become &quot;Fellmonger Place&quot; when permanent"/>
    <tag k="highway" v="pedestrian"/>
    <tag k="lit" v="yes"/>
    <tag k="name" v="Small Lane"/>
    <tag k="note" v="Small Lane is a temporary activation area linking Green Square Plaza and Ebsworth"/>
    <tag k="surface" v="asphalt"/>
  </way>
  <way id="945780091">
    <nd ref="8755644799"/>
    <nd ref="8755644800"/>
    <nd ref="8755644801"/>
    <nd ref="8755644798"/>
    <nd ref="8756939924"/>
    <nd ref="8755644803"/>
    <nd ref="8755644811"/>
    <nd ref="8755644805"/>
    <nd ref="8755644802"/>
    <nd ref="8756939927"/>
    <nd ref="8756939926"/>
    <nd ref="8755644799"/>
    <tag k="area" v="yes"/>
    <tag k="highway" v="pedestrian"/>
    <tag k="lit" v="yes"/>
    <tag k="name" v="Small Lane"/>
    <tag k="note" v="Small Lane is a temporary activation area linking Green Square Plaza and Ebsworth St"/>
    <tag k="surface" v="asphalt"/>
  </way>
  <way id="945780092">
    <nd ref="8755644802"/>
    <nd ref="5809738708"/>
    <nd ref="8755644809"/>
    <nd ref="8755644810"/>
    <nd ref="8755644803"/>
    <nd ref="8755644811"/>
    <nd ref="8755644805"/>
    <nd ref="8755644802"/>
    <tag k="area" v="yes"/>
    <tag k="check_date" v="2023-11-10"/>
    <tag k="landuse" v="construction"/>
  </way>
  <way id="976202090">
    <nd ref="9033952766"/>
    <nd ref="9033952767"/>
    <nd ref="9033952768"/>
    <nd ref="9033952769"/>
    <nd ref="9033952770"/>
    <nd ref="9033952771"/>
    <nd ref="11445742425"/>
    <nd ref="11445742426"/>
    <nd ref="11445742427"/>
    <nd ref="9033952772"/>
    <nd ref="9033952766"/>
    <tag k="landuse" v="construction"/>
  </way>
  <way id="976204214">
    <nd ref="9034009346"/>
    <nd ref="9034009347"/>
    <nd ref="9034009350"/>
    <nd ref="9034009359"/>
    <nd ref="9034009348"/>
    <nd ref="9034009346"/>
    <tag k="building" v="yes"/>
  </way>
  <way id="976204215">
    <nd ref="9034009349"/>
    <nd ref="9034009350"/>
    <nd ref="9034009347"/>
    <nd ref="9034009351"/>
    <nd ref="9034009349"/>
    <tag k="building" v="yes"/>
  </way>
  <way id="976204216">
    <nd ref="9034009349"/>
    <nd ref="9034009352"/>
    <nd ref="9034009353"/>
    <nd ref="9034009354"/>
    <nd ref="9034009351"/>
    <nd ref="9034009349"/>
    <tag k="building" v="yes"/>
  </way>
  <way id="976204217">
    <nd ref="9034009353"/>
    <nd ref="9034009355"/>
    <nd ref="9034009357"/>
    <nd ref="9034009356"/>
    <nd ref="9034009354"/>
    <nd ref="9034009353"/>
    <tag k="building" v="yes"/>
  </way>
  <way id="976204218">
    <nd ref="780682793"/>
    <nd ref="9034009355"/>
    <nd ref="9034009357"/>
    <nd ref="9034009358"/>
    <nd ref="780682795"/>
    <nd ref="780682793"/>
    <tag k="building" v="yes"/>
  </way>
  <way id="990240189">
    <nd ref="7674951479"/>
    <nd ref="9629037721"/>
    <nd ref="9630865947"/>
    <nd ref="9630841226"/>
    <nd ref="8404870576"/>
    <tag k="dual_carriageway" v="yes"/>
    <tag k="highway" v="residential"/>
    <tag k="lanes" v="2"/>
    <tag k="name" v="Zetland Avenue"/>
    <tag k="oneway" v="yes"/>
  </way>
  <way id="990240190">
    <nd ref="8404870570"/>
    <nd ref="9630841225"/>
    <nd ref="11052140792"/>
    <nd ref="9629011116"/>
    <nd ref="9629037719"/>
    <nd ref="9150717562"/>
    <tag k="dual_carriageway" v="yes"/>
    <tag k="highway" v="residential"/>
    <tag k="lanes" v="2"/>
    <tag k="name" v="Zetland Avenue"/>
    <tag k="oneway" v="yes"/>
  </way>
  <way id="991440963">
    <nd ref="5809738710"/>
    <nd ref="9357235623"/>
    <nd ref="5809738711"/>
    <nd ref="9160247643"/>
    <nd ref="9160247644"/>
    <nd ref="9160247645"/>
    <nd ref="5809738709"/>
    <nd ref="5809738710"/>
    <tag k="landuse" v="construction"/>
  </way>
  <way id="1010212403">
    <nd ref="3956879750"/>
    <nd ref="9320839451"/>
    <nd ref="9630865962"/>
    <nd ref="1823375468"/>
    <tag k="construction" v="living_street"/>
    <tag k="highway" v="construction"/>
    <tag k="lanes" v="1"/>
    <tag k="maxspeed" v="10"/>
    <tag k="name" v="Portman Lane"/>
    <tag k="oneway" v="no"/>
    <tag k="surface" v="paving_stones"/>
  </way>
  <way id="1014236434">
    <nd ref="1823375407"/>
    <nd ref="9544170686"/>
    <nd ref="8049252447"/>
    <tag k="highway" v="pedestrian"/>
    <tag k="name" v="Hinchcliffe Street"/>
    <tag k="surface" v="paved"/>
  </way>
  <way id="1014236435">
    <nd ref="4585475276"/>
    <nd ref="6763209674"/>
    <tag k="highway" v="proposed"/>
    <tag k="name" v="Barker Street"/>
  </way>
  <way id="1014236436">
    <nd ref="5809738710"/>
    <nd ref="9357235626"/>
    <nd ref="10102319563"/>
    <nd ref="9357235624"/>
    <tag k="highway" v="proposed"/>
    <tag k="name" v="Barker Street"/>
  </way>
  <way id="1014236437">
    <nd ref="9357235625"/>
    <nd ref="9357235626"/>
    <nd ref="9357235627"/>
    <tag k="highway" v="proposed"/>
    <tag k="name" v="Woolpack Street"/>
  </way>
  <way id="1023606257">
    <nd ref="9439443043"/>
    <nd ref="9439443044"/>
    <nd ref="9439443045"/>
    <nd ref="9439443046"/>
    <nd ref="9439443043"/>
    <tag k="addr:housenumber" v="900"/>
    <tag k="addr:postcode" v="2017"/>
    <tag k="addr:state" v="NSW"/>
    <tag k="addr:street" v="Bourke Street"/>
    <tag k="addr:suburb" v="Zetland"/>
    <tag k="man_made" v="pumping_station"/>
    <tag k="operator" v="Sydney Water"/>
    <tag k="operator:wikidata" v="Q14476248"/>
    <tag k="pumping_station" v="water"/>
    <tag k="utility" v="water"/>
  </way>
  <way id="1029941819">
    <nd ref="9630841228"/>
    <nd ref="9630865949"/>
    <tag k="footway" v="sidewalk"/>
    <tag k="highway" v="footway"/>
  </way>
  <way id="1029966908">
    <nd ref="9494672787"/>
    <nd ref="9494672788"/>
    <nd ref="9494672789"/>
    <nd ref="9494672790"/>
    <nd ref="9494672787"/>
    <tag k="building" v="construction"/>
    <tag k="building:levels" v="16"/>
    <tag k="building:levels:underground" v="2"/>
    <tag k="construction" v="residential"/>
    <tag k="description" v="D/2015/688/"/>
    <tag k="name" v="Site 9A"/>
    <tag k="source" v="https://online2.cityofsydney.nsw.gov.au/DA/IndividualApplication?tpklapappl=1567077;https://cdn.online.cityofsydney.nsw.gov.au/dasearch/determined/1567077-14927837.PDF"/>
  </way>
  <way id="1029966909">
    <nd ref="9494672791"/>
    <nd ref="9494672792"/>
    <nd ref="9494672793"/>
    <nd ref="9494672794"/>
    <nd ref="9494672791"/>
    <tag k="building" v="construction"/>
    <tag k="building:levels" v="11"/>
    <tag k="building:levels:underground" v="2"/>
    <tag k="construction" v="residential"/>
    <tag k="name" v="Site 9B"/>
    <tag k="source" v="https://online2.cityofsydney.nsw.gov.au/DA/IndividualApplication?tpklapappl=1567077;https://cdn.online.cityofsydney.nsw.gov.au/dasearch/determined/1567077-14927837.PDF"/>
  </way>
  <way id="1029966910">
    <nd ref="9494672795"/>
    <nd ref="9494672796"/>
    <nd ref="9494672797"/>
    <nd ref="11945247324"/>
    <nd ref="11945247323"/>
    <nd ref="11945247322"/>
    <nd ref="11945247321"/>
    <nd ref="9494672798"/>
    <nd ref="9494672795"/>
    <tag k="addr:housenumber" v="12"/>
    <tag k="addr:state" v="NSW"/>
    <tag k="addr:street" v="Hinchcliffe Street"/>
    <tag k="addr:suburb" v="Zetland"/>
    <tag k="building" v="apartments"/>
    <tag k="source" v="https://online2.cityofsydney.nsw.gov.au/DA/IndividualApplication?tpklapappl=1567077;https://cdn.online.cityofsydney.nsw.gov.au/dasearch/determined/1567077-14927837.PDF"/>
  </way>
  <way id="1029966911">
    <nd ref="9494672799"/>
    <nd ref="9494672800"/>
    <tag k="highway" v="footway"/>
    <tag k="lit" v="yes"/>
    <tag k="surface" v="paving_stones"/>
    <tag k="tunnel" v="building_passage"/>
  </way>
  <way id="1029966912">
    <nd ref="9494672800"/>
    <nd ref="8049252464"/>
    <tag k="highway" v="footway"/>
    <tag k="lit" v="yes"/>
    <tag k="surface" v="paving_stones"/>
  </way>
  <way id="1029966913">
    <nd ref="8049252456"/>
    <nd ref="9494672799"/>
    <tag k="highway" v="footway"/>
    <tag k="lit" v="yes"/>
    <tag k="surface" v="paving_stones"/>
  </way>
  <way id="1029966914">
    <nd ref="9036621384"/>
    <nd ref="8049252464"/>
    <nd ref="9494672801"/>
    <nd ref="9494672802"/>
    <tag k="barrier" v="fence"/>
  </way>
  <way id="1029967568">
    <nd ref="9494687346"/>
    <nd ref="9494687347"/>
    <tag k="highway" v="proposed"/>
    <tag k="proposed" v="footway"/>
    <tag k="source" v="https://www.cityofsydney.nsw.gov.au/building-new-infrastructure/building-green-square-ashmore-connector"/>
  </way>
  <way id="1029973673">
    <nd ref="9494648288"/>
    <nd ref="9494648289"/>
    <nd ref="9494648290"/>
    <nd ref="9494648291"/>
    <nd ref="9494648288"/>
    <tag k="addr:full" v="330-332 Botany Road Alexandria"/>
    <tag k="building:levels" v="12"/>
    <tag k="building:levels:underground" v="1"/>
    <tag k="proposed:building" v="yes"/>
    <tag k="source" v="https://cdn.online.cityofsydney.nsw.gov.au/dasearch/onexhibition/1573566-14832882.PDF"/>
  </way>
  <way id="1029973674">
    <nd ref="9494648292"/>
    <nd ref="9494648293"/>
    <nd ref="9494648294"/>
    <nd ref="9494648295"/>
    <nd ref="9494648292"/>
    <tag k="addr:full" v="330-332 Botany Road Alexandria"/>
    <tag k="building:levels" v="9"/>
    <tag k="building:levels:underground" v="1"/>
    <tag k="proposed:building" v="yes"/>
    <tag k="source" v="https://cdn.online.cityofsydney.nsw.gov.au/dasearch/onexhibition/1573566-14832882.PDF"/>
  </way>
  <way id="1033672318">
    <nd ref="9523063252"/>
    <nd ref="9523063253"/>
    <nd ref="9523063254"/>
    <nd ref="9523063255"/>
    <nd ref="9523063256"/>
    <nd ref="9523063257"/>
    <nd ref="9523063263"/>
    <nd ref="9523063262"/>
    <nd ref="9523063264"/>
    <nd ref="9523063258"/>
    <nd ref="9523063259"/>
    <nd ref="9523063260"/>
    <nd ref="9523063261"/>
    <nd ref="9523063252"/>
    <tag k="access" v="private"/>
    <tag k="leisure" v="swimming_pool"/>
    <tag k="location" v="roof"/>
  </way>
  <way id="1033672319">
    <nd ref="9523063265"/>
    <nd ref="9523063266"/>
    <nd ref="9523063267"/>
    <nd ref="9523063268"/>
    <nd ref="9523063265"/>
    <tag k="access" v="private"/>
    <tag k="leisure" v="swimming_pool"/>
    <tag k="location" v="roof"/>
    <tag k="swimming_pool" v="outdoor"/>
  </way>
  <way id="1035896245">
    <nd ref="8049252447"/>
    <nd ref="9549448976"/>
    <nd ref="8663752239"/>
    <tag k="highway" v="residential"/>
    <tag k="lanes" v="2"/>
    <tag k="lit" v="yes"/>
    <tag k="maxspeed" v="40"/>
    <tag k="name" v="Hinchcliffe Street"/>
    <tag k="surface" v="asphalt"/>
  </way>
  <way id="1035965855">
    <nd ref="6763105510"/>
    <nd ref="9544769010"/>
    <tag k="highway" v="living_street"/>
    <tag k="lanes" v="1"/>
    <tag k="lit" v="yes"/>
    <tag k="maxspeed" v="10"/>
    <tag k="noname" v="yes"/>
    <tag k="oneway" v="yes"/>
    <tag k="parking:condition:left" v="disabled"/>
    <tag k="parking:condition:right" v="no_stopping"/>
    <tag k="parking:lane:left" v="perpendicular"/>
    <tag k="parking:lane:left:capacity" v="2"/>
    <tag k="surface" v="paving_stones"/>
  </way>
  <way id="1035965856">
    <nd ref="11484006902"/>
    <nd ref="6021496456"/>
    <nd ref="6763105509"/>
    <nd ref="6021496457"/>
    <nd ref="11484006903"/>
    <nd ref="11484006904"/>
    <nd ref="11484006905"/>
    <nd ref="6021496458"/>
    <nd ref="11484006906"/>
    <nd ref="11484006907"/>
    <nd ref="6763105510"/>
    <tag k="highway" v="living_street"/>
    <tag k="lanes" v="1"/>
    <tag k="lit" v="yes"/>
    <tag k="maxspeed" v="10"/>
    <tag k="noname" v="yes"/>
    <tag k="oneway" v="yes"/>
    <tag k="parking:condition" v="no_stopping"/>
    <tag k="surface" v="paving_stones"/>
  </way>
  <way id="1035965857">
    <nd ref="9544769010"/>
    <nd ref="9544769011"/>
    <tag k="highway" v="living_street"/>
    <tag k="lanes" v="1"/>
    <tag k="lit" v="yes"/>
    <tag k="maxspeed" v="10"/>
    <tag k="noname" v="yes"/>
    <tag k="oneway" v="yes"/>
    <tag k="parking:condition:left" v="loading_zone"/>
    <tag k="parking:condition:right" v="no_stopping"/>
    <tag k="parking:lane:left" v="perpendicular"/>
    <tag k="surface" v="paving_stones"/>
  </way>
  <way id="1035968799">
    <nd ref="9544834607"/>
    <nd ref="7066425017"/>
    <nd ref="9544834606"/>
    <tag k="highway" v="residential"/>
    <tag k="lanes" v="2"/>
    <tag k="name" v="Ebsworth Street"/>
    <tag k="parking:condition" v="ticket"/>
    <tag k="parking:condition:maxstay" v="2 hours @ (08:00-22:00)"/>
    <tag k="surface" v="asphalt"/>
  </way>
  <way id="1035968800">
    <nd ref="3956861993"/>
    <nd ref="6021496453"/>
    <nd ref="9544834607"/>
    <tag k="highway" v="residential"/>
    <tag k="lanes" v="2"/>
    <tag k="name" v="Ebsworth Street"/>
    <tag k="surface" v="asphalt"/>
  </way>
  <way id="1035968801">
    <nd ref="9544834609"/>
    <nd ref="6021919063"/>
    <nd ref="3956861990"/>
    <tag k="highway" v="residential"/>
    <tag k="name" v="Ebsworth Street"/>
    <tag k="surface" v="asphalt"/>
  </way>
  <way id="1035968802">
    <nd ref="3956861993"/>
    <nd ref="6763105494"/>
    <nd ref="9544834608"/>
    <tag k="highway" v="residential"/>
    <tag k="name" v="Ebsworth Street"/>
    <tag k="surface" v="asphalt"/>
  </way>
  <way id="1035976005">
    <nd ref="7066425018"/>
    <nd ref="9549448975"/>
    <nd ref="7996780849"/>
    <nd ref="9544838188"/>
    <tag k="highway" v="residential"/>
    <tag k="lanes" v="2"/>
    <tag k="lit" v="yes"/>
    <tag k="maxspeed" v="40"/>
    <tag k="name" v="Sonny Leonard Street"/>
    <tag k="surface" v="asphalt"/>
  </way>
  <way id="1035976006">
    <nd ref="9544838188"/>
    <nd ref="9544838187"/>
    <tag k="highway" v="residential"/>
    <tag k="lanes" v="2"/>
    <tag k="lit" v="yes"/>
    <tag k="maxspeed" v="40"/>
    <tag k="name" v="Sonny Leonard Street"/>
    <tag k="parking:condition:left" v="disabled"/>
    <tag k="parking:condition:right" v="free"/>
    <tag k="parking:condition:right:conditional" v="ticket @ (08:00-22:00)"/>
    <tag k="parking:condition:right:maxstay:conditional" v="2 hours @ (08:00-22:00)"/>
    <tag k="parking:lane:left" v="parallel"/>
    <tag k="parking:lane:left:parallel" v="street_side"/>
    <tag k="parking:lane:right" v="parallel"/>
    <tag k="parking:lane:right:parallel" v="street_side"/>
    <tag k="surface" v="asphalt"/>
  </way>
  <way id="1036490644">
    <nd ref="9549150598"/>
    <nd ref="9549150599"/>
    <nd ref="9549150600"/>
    <nd ref="9549150604"/>
    <nd ref="9549150601"/>
    <nd ref="9549150602"/>
    <nd ref="9549150603"/>
    <nd ref="9549150585"/>
    <nd ref="9549150586"/>
    <nd ref="9549150587"/>
    <nd ref="9549150588"/>
    <nd ref="9549150594"/>
    <nd ref="9549150595"/>
    <nd ref="9549150596"/>
    <nd ref="9549150597"/>
    <nd ref="9549150589"/>
    <nd ref="9549150590"/>
    <nd ref="9549150591"/>
    <nd ref="9549150592"/>
    <nd ref="9549150593"/>
    <nd ref="9549150598"/>
    <tag k="leisure" v="garden"/>
    <tag k="level" v="-1"/>
  </way>
  <way id="1036493358">
    <nd ref="9549197015"/>
    <nd ref="9549197016"/>
    <nd ref="9549204417"/>
    <nd ref="9549204418"/>
    <nd ref="9549204419"/>
    <nd ref="9549204420"/>
    <nd ref="9549204421"/>
    <nd ref="9549204422"/>
    <nd ref="9549204428"/>
    <nd ref="9549204423"/>
    <nd ref="9549197670"/>
    <nd ref="9549204427"/>
    <nd ref="9549204424"/>
    <nd ref="9549204425"/>
    <nd ref="9549204426"/>
    <nd ref="9549197015"/>
  </way>
  <way id="1036495186">
    <nd ref="9549197669"/>
    <nd ref="9549197670"/>
    <tag k="access" v="yes"/>
    <tag k="covered" v="yes"/>
    <tag k="handrail" v="yes"/>
    <tag k="highway" v="steps"/>
    <tag k="incline" v="up"/>
    <tag k="indoor" v="no"/>
    <tag k="surface" v="paving_stones"/>
    <tag k="tactile_paving" v="no"/>
    <tag k="tunnel" v="building_passage"/>
  </way>
  <way id="1036495187">
    <nd ref="9549197668"/>
    <nd ref="9549197671"/>
    <nd ref="9549197669"/>
    <tag k="highway" v="footway"/>
  </way>
  <way id="1036495188">
    <nd ref="9549197670"/>
    <nd ref="9549197672"/>
    <nd ref="9549197673"/>
    <nd ref="9549197678"/>
    <nd ref="9549197674"/>
    <nd ref="9549204417"/>
    <tag k="highway" v="footway"/>
    <tag k="surface" v="paved"/>
  </way>
  <way id="1036495189">
    <nd ref="9549197672"/>
    <nd ref="9549197677"/>
    <nd ref="9549197678"/>
    <tag k="highway" v="footway"/>
    <tag k="surface" v="paved"/>
  </way>
  <way id="1036495190">
    <nd ref="9549204417"/>
    <nd ref="9549197675"/>
    <tag k="covered" v="yes"/>
    <tag k="highway" v="footway"/>
    <tag k="incline" v="down"/>
    <tag k="surface" v="paved"/>
    <tag k="tunnel" v="building_passage"/>
  </way>
  <way id="1036495191">
    <nd ref="9549197675"/>
    <nd ref="9549197676"/>
    <tag k="highway" v="footway"/>
  </way>
  <way id="1036503423">
    <nd ref="9549299803"/>
    <nd ref="9549299804"/>
    <nd ref="9549299805"/>
    <nd ref="9549299806"/>
    <nd ref="9549299807"/>
    <nd ref="9549299808"/>
    <nd ref="9549299809"/>
    <nd ref="9549299810"/>
    <nd ref="9549299803"/>
    <tag k="building" v="yes"/>
    <tag k="building:architecture" v="brutalist"/>
  </way>
  <way id="1036503424">
    <nd ref="9549299811"/>
    <nd ref="9549299812"/>
    <nd ref="9549299813"/>
    <nd ref="9549299814"/>
    <nd ref="9549299815"/>
    <nd ref="9549299816"/>
    <nd ref="9549312317"/>
    <nd ref="9549312318"/>
    <nd ref="9549312319"/>
    <nd ref="9549312320"/>
    <nd ref="9549299811"/>
    <tag k="building" v="office"/>
    <tag k="building:levels" v="2"/>
  </way>
  <way id="1047141424">
    <nd ref="9150717562"/>
    <nd ref="9630907860"/>
    <nd ref="9629022324"/>
    <nd ref="5874667132"/>
    <tag k="dual_carriageway" v="yes"/>
    <tag k="highway" v="residential"/>
    <tag k="lanes" v="2"/>
    <tag k="name" v="Zetland Avenue"/>
    <tag k="oneway" v="yes"/>
  </way>
  <way id="1047361844">
    <nd ref="9630794412"/>
    <nd ref="9630794413"/>
    <nd ref="9630794414"/>
    <nd ref="9630794415"/>
    <nd ref="9920601512"/>
    <nd ref="9920601511"/>
    <nd ref="9630794416"/>
    <nd ref="9630841217"/>
    <nd ref="9960961148"/>
    <nd ref="9630841218"/>
    <nd ref="9630841219"/>
    <nd ref="9630841220"/>
    <tag k="bicycle" v="designated"/>
    <tag k="foot" v="no"/>
    <tag k="highway" v="cycleway"/>
    <tag k="lanes" v="1"/>
    <tag k="oneway" v="yes"/>
    <tag k="surface" v="asphalt"/>
  </way>
  <way id="1047366730">
    <nd ref="9630865955"/>
    <nd ref="9630865956"/>
    <nd ref="9630865957"/>
    <nd ref="9630865958"/>
    <nd ref="9630865959"/>
    <nd ref="9630865960"/>
    <nd ref="9630865961"/>
    <nd ref="11434934494"/>
    <nd ref="9630865962"/>
    <nd ref="7066425001"/>
    <tag k="footway" v="sidewalk"/>
    <tag k="highway" v="footway"/>
  </way>
  <way id="1047367826">
    <nd ref="11052140780"/>
    <nd ref="8741117028"/>
    <nd ref="9630865961"/>
    <tag k="crossing" v="uncontrolled"/>
    <tag k="crossing:island" v="no"/>
    <tag k="crossing:markings" v="zebra"/>
    <tag k="footway" v="crossing"/>
    <tag k="highway" v="footway"/>
    <tag k="surface" v="paved"/>
    <tag k="traffic_calming" v="table"/>
  </way>
  <way id="1047390445">
    <nd ref="8049252457"/>
    <nd ref="9631035906"/>
    <nd ref="9631035907"/>
    <nd ref="9631035902"/>
    <tag k="footway" v="sidewalk"/>
    <tag k="highway" v="footway"/>
    <tag k="surface" v="paving_stones"/>
  </way>
  <way id="1047391486">
    <nd ref="5874667140"/>
    <nd ref="9631117564"/>
    <tag k="highway" v="cycleway"/>
  </way>
  <way id="1047391487">
    <nd ref="9630841220"/>
    <nd ref="9631117565"/>
    <tag k="highway" v="cycleway"/>
    <tag k="oneway" v="no"/>
  </way>
  <way id="1047598762">
    <nd ref="7674951479"/>
    <nd ref="9150717562"/>
    <tag k="cycleway:left" v="separate"/>
    <tag k="cycleway:right" v="no"/>
    <tag k="highway" v="residential"/>
    <tag k="lanes" v="3"/>
    <tag k="lanes:backward" v="2"/>
    <tag k="lanes:forward" v="1"/>
    <tag k="maxspeed" v="50"/>
    <tag k="name" v="Portman Street"/>
    <tag k="source" v="physical inspection"/>
    <tag k="surface" v="asphalt"/>
    <tag k="turn:lanes:backward" v="|right"/>
  </way>
  <way id="1047598763">
    <nd ref="9150717562"/>
    <nd ref="9630794413"/>
    <nd ref="9629022325"/>
    <nd ref="11052140793"/>
    <nd ref="9960961203"/>
    <nd ref="6089300950"/>
    <nd ref="5874667122"/>
    <tag k="cycleway:left" v="separate"/>
    <tag k="cycleway:right" v="no"/>
    <tag k="highway" v="residential"/>
    <tag k="lanes" v="3"/>
    <tag k="lanes:backward" v="2"/>
    <tag k="lanes:forward" v="1"/>
    <tag k="maxspeed" v="50"/>
    <tag k="name" v="Portman Street"/>
    <tag k="source" v="physical inspection"/>
    <tag k="surface" v="asphalt"/>
    <tag k="turn:lanes:backward" v="|right"/>
  </way>
  <way id="1050687890">
    <nd ref="6763101969"/>
    <nd ref="6763105487"/>
    <nd ref="6763101962"/>
    <tag k="bicycle" v="designated"/>
    <tag k="foot" v="designated"/>
    <tag k="highway" v="cycleway"/>
    <tag k="tunnel" v="covered"/>
  </way>
  <way id="1050687891">
    <nd ref="6763101983"/>
    <nd ref="6763101984"/>
    <nd ref="6763105485"/>
    <nd ref="6763105486"/>
    <tag k="highway" v="footway"/>
    <tag k="tunnel" v="covered"/>
  </way>
  <way id="1051676897">
    <nd ref="9664467502"/>
    <nd ref="9664467503"/>
    <nd ref="9664467504"/>
    <nd ref="9664467505"/>
    <nd ref="9664467502"/>
    <tag k="landuse" v="residential"/>
  </way>
  <way id="1051676899">
    <nd ref="9664467510"/>
    <nd ref="9664467511"/>
    <nd ref="9664467512"/>
    <nd ref="9664467513"/>
    <nd ref="9664467510"/>
    <tag k="landuse" v="residential"/>
  </way>
  <way id="1051676912">
    <nd ref="9664503836"/>
    <nd ref="11536196253"/>
    <nd ref="9664503837"/>
    <nd ref="9664503838"/>
    <nd ref="9664503839"/>
    <nd ref="11536196252"/>
    <nd ref="9664503836"/>
    <tag k="landuse" v="retail"/>
  </way>
  <way id="1051676913">
    <nd ref="9664503840"/>
    <nd ref="9664503841"/>
    <nd ref="9664503842"/>
    <nd ref="9664503843"/>
    <nd ref="9664503840"/>
    <tag k="landuse" v="residential"/>
  </way>
  <way id="1051676914">
    <nd ref="9664503844"/>
    <nd ref="9664503845"/>
    <nd ref="9664503846"/>
    <nd ref="9664503847"/>
    <nd ref="9664503844"/>
    <tag k="landuse" v="residential"/>
  </way>
  <way id="1063069632">
    <nd ref="9765626668"/>
    <nd ref="9765626669"/>
    <nd ref="9765626670"/>
    <nd ref="9765626671"/>
    <nd ref="9765626672"/>
    <nd ref="9765626673"/>
    <nd ref="9765626668"/>
    <tag k="landuse" v="residential"/>
  </way>
  <way id="1068360579">
    <nd ref="8680068887"/>
    <nd ref="9807563275"/>
    <nd ref="8680068888"/>
    <tag k="barrier" v="fence"/>
  </way>
  <way id="1068360580">
    <nd ref="9807563276"/>
    <nd ref="9807563277"/>
    <nd ref="9807563278"/>
    <nd ref="9807563279"/>
    <nd ref="9807563276"/>
    <tag k="landuse" v="grass"/>
  </way>
  <way id="1079001768">
    <nd ref="775914169"/>
    <nd ref="9891336283"/>
    <nd ref="6402024639"/>
    <nd ref="9891336284"/>
    <nd ref="775914099"/>
    <nd ref="775914169"/>
    <tag k="addr:housenumber" v="340A"/>
    <tag k="addr:postcode" v="2015"/>
    <tag k="addr:state" v="NSW"/>
    <tag k="addr:street" v="Botany Road"/>
    <tag k="addr:suburb" v="Alexandria"/>
    <tag k="area" v="yes"/>
    <tag k="brand" v="Mercedes-Benz"/>
    <tag k="building" v="commercial"/>
    <tag k="name" v="Perfect Auto Body"/>
  </way>
  <way id="1079914826">
    <nd ref="9898797313"/>
    <nd ref="9898797314"/>
    <nd ref="9898797315"/>
    <nd ref="9898797316"/>
    <nd ref="9898804617"/>
    <nd ref="9898804618"/>
    <nd ref="9898804619"/>
    <nd ref="9898804620"/>
    <nd ref="9898804621"/>
    <nd ref="9898804622"/>
    <nd ref="9898804623"/>
    <nd ref="11258683499"/>
    <nd ref="9898797313"/>
    <tag k="landuse" v="industrial"/>
  </way>
  <way id="1080071910">
    <nd ref="1572445673"/>
    <nd ref="5114365184"/>
    <nd ref="1572445675"/>
    <nd ref="5114365186"/>
    <nd ref="1572445677"/>
    <nd ref="1572445679"/>
    <nd ref="1572445682"/>
    <nd ref="1572445684"/>
    <nd ref="3924251543"/>
    <nd ref="5114365189"/>
    <nd ref="1572445686"/>
    <nd ref="3924251545"/>
    <tag k="electrified" v="contact_line"/>
    <tag k="frequency" v="0"/>
    <tag k="gauge" v="1435"/>
    <tag k="layer" v="-2"/>
    <tag k="loading_gauge" v="3200"/>
    <tag k="loading_gauge:ref" v="wide"/>
    <tag k="location" v="underground"/>
    <tag k="maxspeed" v="60"/>
    <tag k="oneway" v="yes"/>
    <tag k="operator" v="RailCorp"/>
    <tag k="passenger_lines" v="2"/>
    <tag k="railway" v="rail"/>
    <tag k="railway:etcs" v="2"/>
    <tag k="railway:traffic_mode" v="passenger"/>
    <tag k="ref" v="Down Airport"/>
    <tag k="source" v="professional_knowledge;extrapolation;LPI Basemap"/>
    <tag k="tunnel" v="yes"/>
    <tag k="usage" v="main"/>
    <tag k="voltage" v="1500"/>
  </way>
  <way id="1082473711">
    <nd ref="9920562972"/>
    <nd ref="9920562974"/>
    <nd ref="9920562983"/>
    <nd ref="9920562975"/>
    <nd ref="9920608631"/>
    <nd ref="9920562976"/>
    <tag k="highway" v="footway"/>
    <tag k="lit" v="no"/>
    <tag k="surface" v="concrete:plates"/>
  </way>
  <way id="1082473712">
    <nd ref="9920562977"/>
    <nd ref="9920562978"/>
    <nd ref="9920562979"/>
    <nd ref="9920562980"/>
    <nd ref="9920562977"/>
    <tag k="amenity" v="shelter"/>
    <tag k="building" v="yes"/>
    <tag k="power_supply" v="no"/>
  </way>
  <way id="1082473713">
    <nd ref="9920562981"/>
    <nd ref="9920562982"/>
    <nd ref="9920562983"/>
    <tag k="highway" v="footway"/>
    <tag k="lit" v="yes"/>
    <tag k="surface" v="paved"/>
  </way>
  <way id="1082473714">
    <nd ref="9920563014"/>
    <nd ref="9920563015"/>
    <nd ref="9920572319"/>
    <nd ref="9920563016"/>
    <nd ref="9920572317"/>
    <nd ref="9920572318"/>
    <nd ref="9920563014"/>
    <tag k="landuse" v="grass"/>
  </way>
  <way id="1082473715">
    <nd ref="9920572320"/>
    <nd ref="9920572321"/>
    <nd ref="9920572322"/>
    <nd ref="9920572323"/>
    <nd ref="9920572324"/>
    <nd ref="9920572325"/>
    <nd ref="10102264812"/>
    <nd ref="10102264813"/>
    <nd ref="10102264811"/>
    <nd ref="7888578537"/>
    <nd ref="9920572334"/>
    <nd ref="10102333117"/>
    <nd ref="10102264816"/>
    <nd ref="10102264815"/>
    <nd ref="10102264814"/>
    <nd ref="9920572320"/>
    <tag k="landuse" v="grass"/>
    <tag k="note" v="Update when park is completed and imagery available (mapped using my own drone imagery)"/>
  </way>
  <way id="1082473716">
    <nd ref="9920572327"/>
    <nd ref="9920572328"/>
    <tag k="barrier" v="retaining_wall"/>
    <tag k="material" v="concrete"/>
  </way>
  <way id="1082473717">
    <nd ref="9920572329"/>
    <nd ref="9920572330"/>
    <nd ref="9920572331"/>
    <tag k="amenity" v="bench"/>
    <tag k="backrest" v="no"/>
    <tag k="material" v="concrete"/>
  </way>
  <way id="1082476090">
    <nd ref="9920572246"/>
    <nd ref="9920572247"/>
    <nd ref="9920572248"/>
    <nd ref="9920572249"/>
    <nd ref="9920572250"/>
    <nd ref="9920572246"/>
    <tag k="building" v="toilets"/>
  </way>
  <way id="1082476091">
    <nd ref="9920572251"/>
    <nd ref="9920572252"/>
    <nd ref="9920572253"/>
    <nd ref="9920572254"/>
    <nd ref="9920572255"/>
    <nd ref="9920572256"/>
    <nd ref="9920572257"/>
    <nd ref="9920572258"/>
    <nd ref="9920572259"/>
    <nd ref="9920572251"/>
    <tag k="natural" v="wetland"/>
  </way>
  <way id="1082476092">
    <nd ref="9920572260"/>
    <nd ref="9920572261"/>
    <nd ref="9920572262"/>
    <nd ref="9920572263"/>
    <nd ref="9920572264"/>
    <nd ref="9920572265"/>
    <nd ref="9920572266"/>
    <nd ref="9920572260"/>
    <tag k="natural" v="wetland"/>
  </way>
  <way id="1082476612">
    <nd ref="9920592539"/>
    <nd ref="9920592540"/>
    <nd ref="9920592534"/>
    <nd ref="9921721519"/>
    <nd ref="9920592535"/>
    <nd ref="9921721518"/>
    <nd ref="9920592539"/>
    <tag k="colour" v="red"/>
    <tag k="description" v="Red decorative light installed in ground"/>
    <tag k="height" v="0"/>
    <tag k="highway" v="street_lamp"/>
    <tag k="lamp_mount" v="ground"/>
    <tag k="support" v="ground"/>
  </way>
  <way id="1082476613">
    <nd ref="9920592541"/>
    <nd ref="9921719316"/>
    <nd ref="9920592542"/>
    <nd ref="9921721517"/>
    <nd ref="9920592543"/>
    <nd ref="9920592544"/>
    <nd ref="9920592541"/>
    <tag k="colour" v="green"/>
    <tag k="description" v="Green decorative light installed in ground"/>
    <tag k="height" v="0"/>
    <tag k="highway" v="street_lamp"/>
    <tag k="lamp_mount" v="ground"/>
    <tag k="support" v="ground"/>
  </way>
  <way id="1082476614">
    <nd ref="9920592545"/>
    <nd ref="9921721518"/>
    <nd ref="9920592546"/>
    <nd ref="9921721519"/>
    <nd ref="9920592547"/>
    <nd ref="9920592548"/>
    <nd ref="9920592545"/>
    <tag k="colour" v="blue"/>
    <tag k="description" v="Blue decorative light installed in ground"/>
    <tag k="height" v="0"/>
    <tag k="highway" v="street_lamp"/>
    <tag k="lamp_mount" v="ground"/>
    <tag k="support" v="ground"/>
  </way>
  <way id="1082477910">
    <nd ref="9920597219"/>
    <nd ref="9920597220"/>
    <nd ref="9920597221"/>
    <nd ref="9920597222"/>
    <nd ref="9920597223"/>
    <nd ref="9920597224"/>
    <nd ref="9920597225"/>
    <nd ref="9920597226"/>
    <nd ref="9920597227"/>
    <nd ref="9920597228"/>
    <nd ref="9920597229"/>
    <nd ref="9920597230"/>
    <nd ref="9920597231"/>
    <nd ref="9920597219"/>
    <tag k="leisure" v="garden"/>
  </way>
  <way id="1082477911">
    <nd ref="9920597232"/>
    <nd ref="9920597233"/>
    <nd ref="9920597234"/>
    <nd ref="9920597235"/>
    <nd ref="9920597236"/>
    <nd ref="9920597237"/>
    <nd ref="9920597232"/>
    <tag k="leisure" v="garden"/>
  </way>
  <way id="1082477912">
    <nd ref="9920597238"/>
    <nd ref="9920597239"/>
    <nd ref="9920597240"/>
    <nd ref="9920597241"/>
    <nd ref="9920597242"/>
    <nd ref="9920597238"/>
    <tag k="leisure" v="garden"/>
  </way>
  <way id="1082477913">
    <nd ref="9920597243"/>
    <nd ref="9920597244"/>
    <nd ref="9920597245"/>
    <nd ref="9920597246"/>
    <nd ref="9920597243"/>
    <tag k="natural" v="grassland"/>
  </way>
  <way id="1082477914">
    <nd ref="9920597247"/>
    <nd ref="9920597248"/>
    <nd ref="9920597249"/>
    <nd ref="9920597250"/>
    <nd ref="9920597247"/>
    <tag k="natural" v="grassland"/>
  </way>
  <way id="1082480348">
    <nd ref="9920608631"/>
    <nd ref="9920608632"/>
    <tag k="highway" v="footway"/>
    <tag k="surface" v="paving_stones"/>
  </way>
  <way id="1082480349">
    <nd ref="9960976449"/>
    <nd ref="7888578521"/>
    <nd ref="7066425022"/>
    <nd ref="9920608635"/>
    <nd ref="11052140768"/>
    <tag k="crossing" v="traffic_signals"/>
    <tag k="crossing:island" v="no"/>
    <tag k="crossing:markings" v="dashes"/>
    <tag k="footway" v="crossing"/>
    <tag k="highway" v="footway"/>
    <tag k="surface" v="asphalt"/>
  </way>
  <way id="1082480351">
    <nd ref="9920608636"/>
    <nd ref="10102319564"/>
    <nd ref="9920608637"/>
    <nd ref="9920608638"/>
    <nd ref="9357235622"/>
    <tag k="crossing" v="unmarked"/>
    <tag k="crossing:island" v="yes"/>
    <tag k="crossing:markings" v="no"/>
    <tag k="footway" v="crossing"/>
    <tag k="highway" v="footway"/>
    <tag k="surface" v="asphalt"/>
  </way>
  <way id="1082480352">
    <nd ref="11052140751"/>
    <nd ref="9920608641"/>
    <nd ref="6089300942"/>
    <tag k="crossing" v="traffic_signals"/>
    <tag k="crossing:island" v="no"/>
    <tag k="crossing:markings" v="dashes"/>
    <tag k="crossing:signals" v="yes"/>
    <tag k="footway" v="crossing"/>
    <tag k="highway" v="footway"/>
    <tag k="surface" v="asphalt"/>
  </way>
  <way id="1082480353">
    <nd ref="7865326327"/>
    <nd ref="9920608642"/>
    <nd ref="7996780851"/>
    <tag k="crossing" v="traffic_signals"/>
    <tag k="crossing:island" v="no"/>
    <tag k="crossing:markings" v="dashes"/>
    <tag k="crossing:signals" v="yes"/>
    <tag k="footway" v="crossing"/>
    <tag k="highway" v="footway"/>
    <tag k="surface" v="asphalt"/>
  </way>
  <way id="1082604070">
    <nd ref="9921721525"/>
    <nd ref="9921721532"/>
    <nd ref="9921721551"/>
    <nd ref="9921721545"/>
    <nd ref="9921721533"/>
    <nd ref="9921721524"/>
    <nd ref="9921721523"/>
    <nd ref="9921721522"/>
    <nd ref="9921721525"/>
    <tag k="colour" v="red"/>
    <tag k="description" v="Red decorative light installed in ground"/>
    <tag k="height" v="0"/>
    <tag k="highway" v="street_lamp"/>
    <tag k="lamp_mount" v="ground"/>
    <tag k="support" v="ground"/>
  </way>
  <way id="1082604071">
    <nd ref="9921721536"/>
    <nd ref="9921721521"/>
    <nd ref="9921721537"/>
    <nd ref="9921721538"/>
    <nd ref="9921721520"/>
    <nd ref="9921721539"/>
    <nd ref="9921721536"/>
    <tag k="colour" v="yellow"/>
    <tag k="description" v="Yellow decorative light installed in ground"/>
    <tag k="height" v="0"/>
    <tag k="highway" v="street_lamp"/>
    <tag k="lamp_mount" v="ground"/>
    <tag k="support" v="ground"/>
  </way>
  <way id="1082604072">
    <nd ref="9921721546"/>
    <nd ref="9921721547"/>
    <nd ref="9921721548"/>
    <nd ref="9921721520"/>
    <nd ref="9921721521"/>
    <nd ref="9921721549"/>
    <nd ref="9921721546"/>
    <tag k="colour" v="blue"/>
    <tag k="description" v="Blue decorative light installed in ground"/>
    <tag k="height" v="0"/>
    <tag k="highway" v="street_lamp"/>
    <tag k="lamp_mount" v="ground"/>
    <tag k="support" v="ground"/>
  </way>
  <way id="1083097436">
    <nd ref="9926155561"/>
    <nd ref="9926155563"/>
    <nd ref="9926155564"/>
    <nd ref="9926155566"/>
    <nd ref="9926155561"/>
    <tag k="playground" v="splash_pad"/>
  </way>
  <way id="1087145946">
    <nd ref="9960961186"/>
    <nd ref="9960961155"/>
  </way>
  <way id="1087145947">
    <nd ref="9960961162"/>
    <nd ref="9960961187"/>
  </way>
  <way id="1087145948">
    <nd ref="9960961190"/>
    <nd ref="9960961163"/>
  </way>
  <way id="1087145949">
    <nd ref="9960961166"/>
    <nd ref="9960961191"/>
  </way>
  <way id="1087145950">
    <nd ref="9960961193"/>
    <nd ref="9960961167"/>
  </way>
  <way id="1087145951">
    <nd ref="9960961168"/>
    <nd ref="9960961194"/>
  </way>
  <way id="1087145952">
    <nd ref="9960961182"/>
    <nd ref="9960961175"/>
  </way>
  <way id="1087145953">
    <nd ref="9960961183"/>
    <nd ref="9960961182"/>
  </way>
  <way id="1087145954">
    <nd ref="9960961154"/>
    <nd ref="9960976417"/>
    <nd ref="9960976418"/>
    <nd ref="9960976419"/>
    <nd ref="9960976420"/>
    <nd ref="9960976421"/>
    <tag k="barrier" v="kerb"/>
  </way>
  <way id="1087145955">
    <nd ref="9960961199"/>
    <nd ref="9960961212"/>
    <nd ref="9960961213"/>
    <nd ref="9960961214"/>
    <nd ref="9960961215"/>
    <nd ref="11052140789"/>
    <tag k="barrier" v="kerb"/>
  </way>
  <way id="1087145956">
    <nd ref="9960961183"/>
    <nd ref="9960961150"/>
    <nd ref="9960961149"/>
    <nd ref="9960961148"/>
    <nd ref="9960976421"/>
  </way>
  <way id="1087145957">
    <nd ref="9960961194"/>
    <nd ref="9960961182"/>
  </way>
  <way id="1087145958">
    <nd ref="9960961191"/>
    <nd ref="9960961193"/>
  </way>
  <way id="1087145959">
    <nd ref="9960961187"/>
    <nd ref="9960961190"/>
  </way>
  <way id="1087145960">
    <nd ref="9960961154"/>
    <nd ref="9630794415"/>
    <nd ref="9960961152"/>
    <nd ref="9960961151"/>
    <nd ref="9960961186"/>
  </way>
  <way id="1087145961">
    <nd ref="9960961155"/>
    <nd ref="9960961159"/>
  </way>
  <way id="1087145962">
    <nd ref="9960961187"/>
    <nd ref="9960961186"/>
  </way>
  <way id="1087145963">
    <nd ref="9960961160"/>
    <nd ref="9960961162"/>
  </way>
  <way id="1087145964">
    <nd ref="9960961163"/>
    <nd ref="9960961161"/>
  </way>
  <way id="1087145965">
    <nd ref="9960961191"/>
    <nd ref="9960961190"/>
  </way>
  <way id="1087145966">
    <nd ref="9960961165"/>
    <nd ref="9960961166"/>
  </way>
  <way id="1087145967">
    <nd ref="9960961171"/>
    <nd ref="9960961168"/>
  </way>
  <way id="1087145968">
    <nd ref="9960961194"/>
    <nd ref="9960961193"/>
  </way>
  <way id="1087145969">
    <nd ref="9960961167"/>
    <nd ref="9960961164"/>
  </way>
  <way id="1087145970">
    <nd ref="9960961155"/>
    <nd ref="9960961159"/>
    <nd ref="9960961158"/>
    <nd ref="9960961157"/>
    <nd ref="9960961156"/>
    <nd ref="9960961155"/>
    <tag k="landuse" v="grass"/>
  </way>
  <way id="1087145971">
    <nd ref="9960961163"/>
    <nd ref="9960961161"/>
    <nd ref="9960961160"/>
    <nd ref="9960961162"/>
    <nd ref="9960961163"/>
    <tag k="landuse" v="grass"/>
  </way>
  <way id="1087145974">
    <nd ref="9960961165"/>
    <nd ref="9960961166"/>
    <nd ref="9960961167"/>
    <nd ref="9960961164"/>
    <nd ref="9960961165"/>
    <tag k="landuse" v="grass"/>
  </way>
  <way id="1087145975">
    <nd ref="9960961171"/>
    <nd ref="9960961168"/>
    <nd ref="9960961169"/>
    <nd ref="9960961170"/>
    <nd ref="9960961171"/>
    <tag k="landuse" v="grass"/>
  </way>
  <way id="1087145976">
    <nd ref="9960961172"/>
    <nd ref="9960961181"/>
    <nd ref="9960961184"/>
    <nd ref="9960961180"/>
  </way>
  <way id="1087145977">
    <nd ref="9960961175"/>
    <nd ref="9960961172"/>
  </way>
  <way id="1087145978">
    <nd ref="9960961175"/>
    <nd ref="9960961172"/>
    <nd ref="9960961173"/>
    <nd ref="9960961174"/>
    <nd ref="9960961175"/>
    <tag k="landuse" v="grass"/>
  </way>
  <way id="1087145979">
    <nd ref="9960961180"/>
    <nd ref="9960961176"/>
  </way>
  <way id="1087145980">
    <nd ref="9960961180"/>
    <nd ref="9960961179"/>
    <nd ref="9960961178"/>
    <nd ref="9960961177"/>
    <nd ref="9960961176"/>
    <nd ref="9960961180"/>
    <tag k="landuse" v="grass"/>
  </way>
  <way id="1087145981">
    <nd ref="9960961176"/>
    <nd ref="9960961183"/>
  </way>
  <way id="1087145982">
    <nd ref="9960961159"/>
    <nd ref="9960961185"/>
    <nd ref="9960961188"/>
    <nd ref="9960961160"/>
  </way>
  <way id="1087145983">
    <nd ref="9960961161"/>
    <nd ref="9960961189"/>
    <nd ref="9960961192"/>
    <nd ref="9960961165"/>
  </way>
  <way id="1087145984">
    <nd ref="9960961164"/>
    <nd ref="9960961195"/>
    <nd ref="9960961196"/>
    <nd ref="9960961171"/>
  </way>
  <way id="1087145985">
    <nd ref="9960961211"/>
    <nd ref="9960961199"/>
    <tag k="barrier" v="kerb"/>
  </way>
  <way id="1087145986">
    <nd ref="9960976483"/>
    <nd ref="9960961207"/>
    <nd ref="9960976449"/>
    <nd ref="9960961208"/>
    <nd ref="9960961209"/>
    <nd ref="9960961210"/>
    <nd ref="9960961211"/>
    <tag k="barrier" v="kerb"/>
  </way>
  <way id="1087145987">
    <nd ref="9960961199"/>
    <nd ref="9960961198"/>
    <nd ref="9960961197"/>
    <nd ref="9960961211"/>
  </way>
  <way id="1087145988">
    <nd ref="9960976437"/>
    <nd ref="6089300951"/>
    <tag k="footway" v="link"/>
    <tag k="highway" v="footway"/>
    <tag k="surface" v="paved"/>
  </way>
  <way id="1087145990">
    <nd ref="7888578527"/>
    <nd ref="9960961206"/>
    <tag k="footway" v="link"/>
    <tag k="highway" v="footway"/>
    <tag k="surface" v="asphalt"/>
  </way>
  <way id="1087145991">
    <nd ref="9960976483"/>
    <nd ref="9960976482"/>
    <tag k="barrier" v="kerb"/>
  </way>
  <way id="1087145992">
    <nd ref="9960976488"/>
    <nd ref="9960976487"/>
    <nd ref="9960976486"/>
    <nd ref="9960976491"/>
    <tag k="barrier" v="kerb"/>
  </way>
  <way id="1087145993">
    <nd ref="9960976491"/>
    <nd ref="9960961206"/>
    <nd ref="9960976482"/>
    <tag k="barrier" v="kerb"/>
  </way>
  <way id="1087145994">
    <nd ref="9960976421"/>
    <nd ref="9960976422"/>
    <nd ref="9960976423"/>
    <nd ref="9960976424"/>
    <nd ref="9960976425"/>
    <nd ref="9960976426"/>
    <nd ref="9960976427"/>
    <nd ref="9960976428"/>
    <nd ref="9960976429"/>
    <nd ref="9960976430"/>
    <nd ref="9960976431"/>
    <nd ref="9960976432"/>
    <nd ref="9960976433"/>
    <nd ref="11052140751"/>
    <nd ref="9960976434"/>
    <nd ref="9960976435"/>
    <nd ref="9960976436"/>
    <nd ref="9960976437"/>
    <nd ref="9960976438"/>
    <nd ref="9960976439"/>
    <nd ref="9960976488"/>
    <tag k="barrier" v="kerb"/>
  </way>
  <way id="1087145995">
    <nd ref="9960976444"/>
    <nd ref="9960976443"/>
    <nd ref="9960976442"/>
    <nd ref="9960976441"/>
    <nd ref="9960976440"/>
    <nd ref="9960976444"/>
    <tag k="landuse" v="flowerbed"/>
  </way>
  <way id="1087145997">
    <nd ref="9920562972"/>
    <nd ref="9960976449"/>
    <tag k="footway" v="link"/>
    <tag k="highway" v="footway"/>
    <tag k="surface" v="paving_stones"/>
  </way>
  <way id="1087146001">
    <nd ref="9960976459"/>
    <nd ref="9960976455"/>
  </way>
  <way id="1087146002">
    <nd ref="9960976459"/>
    <nd ref="9960976455"/>
    <nd ref="9960976454"/>
    <nd ref="9960976453"/>
    <nd ref="9960976459"/>
    <tag k="landuse" v="flowerbed"/>
  </way>
  <way id="1087146003">
    <nd ref="9960976455"/>
    <nd ref="9960976457"/>
    <nd ref="9960976456"/>
    <nd ref="9960976458"/>
    <nd ref="9960976459"/>
  </way>
  <way id="1087146004">
    <nd ref="9960976469"/>
    <nd ref="9960976468"/>
    <nd ref="9960976467"/>
    <nd ref="9960976466"/>
    <nd ref="9960976465"/>
    <nd ref="9960976464"/>
    <nd ref="9960976463"/>
    <nd ref="9960976462"/>
    <nd ref="9960976461"/>
    <nd ref="9960976460"/>
    <nd ref="9960976469"/>
    <tag k="landuse" v="flowerbed"/>
  </way>
  <way id="1087146005">
    <nd ref="9960976481"/>
    <nd ref="9960976480"/>
    <nd ref="9960976479"/>
    <nd ref="9960976478"/>
    <nd ref="9960976477"/>
    <nd ref="9960976476"/>
    <nd ref="9960976475"/>
    <nd ref="9960976474"/>
    <nd ref="9960976473"/>
    <nd ref="9960976472"/>
    <nd ref="9960976471"/>
    <nd ref="9960976470"/>
    <nd ref="9960976481"/>
    <tag k="landuse" v="flowerbed"/>
  </way>
  <way id="1087146006">
    <nd ref="9960976482"/>
    <nd ref="9960976485"/>
    <nd ref="9960976484"/>
    <nd ref="9960976483"/>
  </way>
  <way id="1087146007">
    <nd ref="9960976491"/>
    <nd ref="9960976490"/>
    <nd ref="9960976489"/>
    <nd ref="9960976488"/>
  </way>
  <way id="1087146008">
    <nd ref="9960976496"/>
    <nd ref="9960976495"/>
    <nd ref="9960976494"/>
    <nd ref="9960976493"/>
    <nd ref="9960976492"/>
    <nd ref="9960976496"/>
    <tag k="barrier" v="kerb"/>
    <tag k="kerb" v="raised"/>
    <tag k="tactile_paving" v="no"/>
    <tag k="wheelchair" v="no"/>
  </way>
  <way id="1087146009">
    <nd ref="9960976500"/>
    <nd ref="9960976497"/>
    <nd ref="9960976498"/>
    <nd ref="9960976499"/>
    <nd ref="9960976500"/>
    <tag k="barrier" v="kerb"/>
    <tag k="kerb" v="raised"/>
    <tag k="tactile_paving" v="no"/>
    <tag k="wheelchair" v="no"/>
  </way>
  <way id="1087146010">
    <nd ref="11052140765"/>
    <nd ref="11052140764"/>
    <nd ref="9960976506"/>
    <nd ref="9960976505"/>
    <nd ref="11052140765"/>
    <tag k="barrier" v="kerb"/>
    <tag k="kerb" v="raised"/>
    <tag k="tactile_paving" v="no"/>
    <tag k="wheelchair" v="no"/>
  </way>
  <way id="1087146011">
    <nd ref="9960976515"/>
    <nd ref="9960976514"/>
    <nd ref="9960976513"/>
    <nd ref="9960976512"/>
    <nd ref="9960976515"/>
    <tag k="barrier" v="kerb"/>
    <tag k="kerb" v="raised"/>
    <tag k="tactile_paving" v="no"/>
    <tag k="wheelchair" v="no"/>
  </way>
  <way id="1088082766">
    <nd ref="9969319991"/>
    <nd ref="9969320000"/>
    <nd ref="9969319992"/>
    <nd ref="9969319993"/>
    <nd ref="9969319994"/>
    <nd ref="9969319995"/>
    <nd ref="9969319996"/>
    <nd ref="9969319997"/>
    <nd ref="772607509"/>
    <nd ref="9969319998"/>
    <nd ref="772607511"/>
    <nd ref="772607515"/>
    <nd ref="9969319991"/>
    <tag k="landuse" v="construction"/>
  </way>
  <way id="1088082767">
    <nd ref="9969319999"/>
    <nd ref="9969320001"/>
    <nd ref="9969319994"/>
    <nd ref="9969319993"/>
    <nd ref="9969319992"/>
    <nd ref="9969320000"/>
    <nd ref="9969320002"/>
    <nd ref="9969319999"/>
    <tag k="landuse" v="commercial"/>
  </way>
  <way id="1090882357">
    <nd ref="3125298587"/>
    <nd ref="3125298590"/>
    <tag k="foot" v="designated"/>
    <tag k="highway" v="footway"/>
    <tag k="name" v="Wyndham Street"/>
    <tag k="segregated" v="no"/>
    <tag k="source" v="nearmap, survey"/>
    <tag k="surface" v="asphalt"/>
  </way>
  <way id="1090882358">
    <nd ref="5663268550"/>
    <nd ref="5663268551"/>
    <nd ref="5663268554"/>
    <tag k="crossing" v="marked"/>
    <tag k="crossing:markings" v="yes"/>
    <tag k="footway" v="crossing"/>
    <tag k="highway" v="footway"/>
    <tag k="oneway" v="no"/>
    <tag k="segregated" v="no"/>
    <tag k="source" v="lpi_imagery"/>
    <tag k="surface" v="asphalt"/>
  </way>
  <way id="1090882359">
    <nd ref="7895181244"/>
    <nd ref="7895181245"/>
    <nd ref="12618172344"/>
    <tag k="crossing" v="traffic_signals"/>
    <tag k="footway" v="crossing"/>
    <tag k="highway" v="footway"/>
    <tag k="oneway" v="no"/>
    <tag k="segregated" v="no"/>
    <tag k="source" v="lpi_imagery"/>
    <tag k="surface" v="asphalt"/>
  </way>
  <way id="1090882360">
    <nd ref="3125298590"/>
    <nd ref="9991792458"/>
    <nd ref="9991792459"/>
    <tag k="crossing" v="traffic_signals"/>
    <tag k="footway" v="crossing"/>
    <tag k="highway" v="footway"/>
    <tag k="surface" v="concrete"/>
  </way>
  <way id="1091729213">
    <nd ref="9998653904"/>
    <nd ref="9998653905"/>
    <nd ref="9998653906"/>
    <tag k="access" v="no"/>
    <tag k="construction" v="footway"/>
    <tag k="crossing" v="traffic_signals"/>
    <tag k="crossing:island" v="no"/>
    <tag k="crossing:markings" v="dashes"/>
    <tag k="footway" v="crossing"/>
    <tag k="highway" v="footway"/>
    <tag k="surface" v="asphalt"/>
  </way>
  <way id="1091729214">
    <nd ref="6774203571"/>
    <nd ref="11052140745"/>
    <nd ref="6089300938"/>
    <nd ref="9998653907"/>
    <tag k="crossing" v="traffic_signals"/>
    <tag k="crossing:island" v="no"/>
    <tag k="crossing:markings" v="dashes"/>
    <tag k="footway" v="crossing"/>
    <tag k="highway" v="footway"/>
    <tag k="surface" v="asphalt"/>
  </way>
  <way id="1091729215">
    <nd ref="9998653908"/>
    <nd ref="9998653909"/>
    <tag k="bicycle" v="yes"/>
    <tag k="highway" v="footway"/>
    <tag k="surface" v="paving_stones"/>
  </way>
  <way id="1092245066">
    <nd ref="12035566851"/>
    <nd ref="12035566860"/>
    <nd ref="12035566858"/>
    <nd ref="10003333221"/>
    <nd ref="10003333220"/>
    <nd ref="10003333219"/>
    <tag k="footway" v="sidewalk"/>
    <tag k="highway" v="footway"/>
  </way>
  <way id="1092245068">
    <nd ref="10003306707"/>
    <nd ref="10003306710"/>
    <nd ref="10003333223"/>
    <nd ref="10003333222"/>
    <nd ref="10003333224"/>
    <nd ref="10003333229"/>
    <nd ref="10003333225"/>
    <nd ref="10003333228"/>
    <nd ref="10003333230"/>
    <tag k="footway" v="sidewalk"/>
    <tag k="highway" v="footway"/>
  </way>
  <way id="1092245069">
    <nd ref="10003333226"/>
    <nd ref="10003333227"/>
    <nd ref="10003333228"/>
    <tag k="crossing" v="unmarked"/>
    <tag k="crossing:markings" v="no"/>
    <tag k="footway" v="crossing"/>
    <tag k="highway" v="footway"/>
    <tag k="surface" v="asphalt"/>
  </way>
  <way id="1092245070">
    <nd ref="10003333219"/>
    <nd ref="5125745319"/>
    <nd ref="10003333229"/>
    <tag k="crossing" v="unmarked"/>
    <tag k="crossing:markings" v="no"/>
    <tag k="footway" v="crossing"/>
    <tag k="highway" v="footway"/>
    <tag k="surface" v="concrete"/>
  </way>
  <way id="1092245071">
    <nd ref="10003333230"/>
    <nd ref="10003333231"/>
    <nd ref="10003333232"/>
    <tag k="crossing" v="unmarked"/>
    <tag k="crossing:markings" v="no"/>
    <tag k="footway" v="crossing"/>
    <tag k="highway" v="footway"/>
    <tag k="surface" v="concrete"/>
  </way>
  <way id="1092245072">
    <nd ref="10003333233"/>
    <nd ref="10003333234"/>
    <nd ref="10003333235"/>
    <tag k="crossing" v="unmarked"/>
    <tag k="crossing:markings" v="no"/>
    <tag k="footway" v="crossing"/>
    <tag k="highway" v="footway"/>
  </way>
  <way id="1092245073">
    <nd ref="10003333236"/>
    <nd ref="10003333237"/>
    <nd ref="10003333238"/>
    <tag k="crossing" v="unmarked"/>
    <tag k="crossing:markings" v="no"/>
    <tag k="footway" v="crossing"/>
    <tag k="highway" v="footway"/>
    <tag k="surface" v="asphalt"/>
  </way>
  <way id="1092245074">
    <nd ref="10003333236"/>
    <nd ref="10003333239"/>
    <nd ref="10003333226"/>
    <tag k="highway" v="footway"/>
    <tag k="surface" v="concrete"/>
  </way>
  <way id="1092245075">
    <nd ref="10003333238"/>
    <nd ref="12035566845"/>
    <nd ref="10003333240"/>
    <nd ref="12035566846"/>
    <nd ref="10003333233"/>
    <tag k="footway" v="sidewalk"/>
    <tag k="highway" v="footway"/>
  </way>
  <way id="1094038330">
    <nd ref="7905473533"/>
    <nd ref="1836724609"/>
    <nd ref="11451595526"/>
    <nd ref="5598448147"/>
    <tag k="crossing" v="traffic_signals"/>
    <tag k="footway" v="crossing"/>
    <tag k="highway" v="footway"/>
    <tag k="maxspeed" v="10"/>
    <tag k="oneway" v="no"/>
    <tag k="segregated" v="no"/>
    <tag k="surface" v="asphalt"/>
  </way>
  <way id="1103976725">
    <nd ref="11052140750"/>
    <nd ref="7066425024"/>
    <nd ref="5874667149"/>
    <nd ref="11052140749"/>
    <tag k="dual_carriageway" v="yes"/>
    <tag k="highway" v="residential"/>
    <tag k="lanes" v="2"/>
    <tag k="lit" v="yes"/>
    <tag k="maxspeed" v="50"/>
    <tag k="name" v="Geddes Avenue"/>
    <tag k="oneway" v="yes"/>
    <tag k="source:maxspeed" v="AU:urban"/>
    <tag k="surface" v="asphalt"/>
    <tag k="turn:lanes" v="none|right"/>
  </way>
  <way id="1103976726">
    <nd ref="5874667131"/>
    <nd ref="10102319558"/>
    <nd ref="10102319559"/>
    <tag k="dual_carriageway" v="yes"/>
    <tag k="highway" v="residential"/>
    <tag k="lanes" v="1"/>
    <tag k="lit" v="yes"/>
    <tag k="maxspeed" v="50"/>
    <tag k="name" v="Geddes Avenue"/>
    <tag k="oneway" v="yes"/>
    <tag k="source:maxspeed" v="AU:urban"/>
    <tag k="surface" v="asphalt"/>
    <tag k="turn:lanes" v="none|right"/>
  </way>
  <way id="1103976727">
    <nd ref="10102319559"/>
    <nd ref="11052140761"/>
    <nd ref="10102319560"/>
    <nd ref="11052140762"/>
    <nd ref="7888578521"/>
    <nd ref="5874667122"/>
    <tag k="dual_carriageway" v="yes"/>
    <tag k="highway" v="residential"/>
    <tag k="lanes" v="2"/>
    <tag k="lit" v="yes"/>
    <tag k="maxspeed" v="50"/>
    <tag k="name" v="Geddes Avenue"/>
    <tag k="oneway" v="yes"/>
    <tag k="source:maxspeed" v="AU:urban"/>
    <tag k="surface" v="asphalt"/>
    <tag k="turn:lanes" v="left|right"/>
  </way>
  <way id="1103976728">
    <nd ref="11052140742"/>
    <nd ref="10102319561"/>
    <nd ref="10102319562"/>
    <nd ref="11052140766"/>
    <nd ref="10102319563"/>
    <nd ref="10102319564"/>
    <tag k="dual_carriageway" v="yes"/>
    <tag k="highway" v="residential"/>
    <tag k="lanes" v="1"/>
    <tag k="maxspeed" v="50"/>
    <tag k="maxweight" v="3"/>
    <tag k="name" v="Geddes Avenue"/>
    <tag k="oneway" v="yes"/>
    <tag k="source:maxspeed" v="AU:urban"/>
    <tag k="surface" v="asphalt"/>
  </way>
  <way id="1103976729">
    <nd ref="6089300945"/>
    <nd ref="10102319561"/>
    <nd ref="7181176540"/>
    <nd ref="7181176539"/>
    <nd ref="9920608639"/>
    <tag k="crossing" v="traffic_signals"/>
    <tag k="crossing:island" v="no"/>
    <tag k="crossing:markings" v="dashes"/>
    <tag k="footway" v="crossing"/>
    <tag k="highway" v="footway"/>
    <tag k="maxspeed" v="10"/>
    <tag k="surface" v="asphalt"/>
  </way>
  <way id="1103976730">
    <nd ref="10102319564"/>
    <nd ref="11052140748"/>
    <nd ref="11052140754"/>
    <nd ref="10102319565"/>
    <nd ref="5874667131"/>
    <tag k="dual_carriageway" v="yes"/>
    <tag k="highway" v="residential"/>
    <tag k="lanes" v="2"/>
    <tag k="maxspeed" v="50"/>
    <tag k="maxweight" v="3"/>
    <tag k="name" v="Geddes Avenue"/>
    <tag k="oneway" v="yes"/>
    <tag k="source:maxspeed" v="AU:urban"/>
    <tag k="surface" v="asphalt"/>
    <tag k="turn:lanes" v="none|right"/>
  </way>
  <way id="1118284788">
    <nd ref="7694285058"/>
    <nd ref="11445742435"/>
    <nd ref="12073078303"/>
    <nd ref="11445742434"/>
    <nd ref="11445742433"/>
    <nd ref="11445742432"/>
    <nd ref="11445742431"/>
    <nd ref="11445742430"/>
    <nd ref="12073076678"/>
    <nd ref="11445742429"/>
    <nd ref="9494648287"/>
    <tag k="foot" v="no"/>
    <tag k="highway" v="cycleway"/>
    <tag k="name" v="Ngamuru Avenue Cycleway"/>
    <tag k="oneway" v="no"/>
    <tag k="surface" v="asphalt"/>
  </way>
  <way id="1118284789">
    <nd ref="12073076676"/>
    <nd ref="12073080827"/>
    <nd ref="12073078306"/>
    <nd ref="11445742449"/>
    <nd ref="8663717702"/>
    <tag k="highway" v="tertiary"/>
    <tag k="name" v="Ngamuru Avenue"/>
    <tag k="name:etymology" v="A word from the Gadigal language - nga (see), muru (path). This means 'to see'."/>
    <tag k="name:pronunciation" v="ing-a-mu-ru"/>
    <tag k="source:name" v="https://meetings.cityofsydney.nsw.gov.au/ieDecisionDetails.aspx?ID=5351"/>
    <tag k="source:name:etymology" v="https://meetings.cityofsydney.nsw.gov.au/ieDecisionDetails.aspx?ID=5351"/>
    <tag k="source:name:pronunciation" v="https://meetings.cityofsydney.nsw.gov.au/ieDecisionDetails.aspx?ID=5351"/>
  </way>
  <way id="1125537354">
    <nd ref="9921721525"/>
    <nd ref="9921721526"/>
    <nd ref="9921721527"/>
    <nd ref="9921721531"/>
    <nd ref="9921721525"/>
    <tag k="colour" v="red"/>
    <tag k="description" v="Red decorative light installed in ground"/>
    <tag k="height" v="0"/>
    <tag k="highway" v="street_lamp"/>
    <tag k="lamp_mount" v="ground"/>
    <tag k="support" v="ground"/>
  </way>
  <way id="1125537355">
    <nd ref="9921721527"/>
    <nd ref="9921721528"/>
    <nd ref="9921721529"/>
    <nd ref="9921721530"/>
    <nd ref="9921721527"/>
    <tag k="colour" v="red"/>
    <tag k="description" v="Red decorative light installed in ground"/>
    <tag k="height" v="0"/>
    <tag k="highway" v="street_lamp"/>
    <tag k="lamp_mount" v="ground"/>
    <tag k="support" v="ground"/>
  </way>
  <way id="1154895967">
    <nd ref="10740557225"/>
    <nd ref="10740557226"/>
    <tag k="conveying" v="forward"/>
    <tag k="highway" v="steps"/>
    <tag k="incline" v="up"/>
    <tag k="level" v="-1;0"/>
  </way>
  <way id="1154895968">
    <nd ref="10740557227"/>
    <nd ref="10740557228"/>
    <tag k="conveying" v="forward"/>
    <tag k="highway" v="steps"/>
    <tag k="incline" v="down"/>
    <tag k="level" v="0;-1"/>
  </way>
  <way id="1154895969">
    <nd ref="10740557229"/>
    <nd ref="10740557230"/>
    <tag k="access" v="yes"/>
    <tag k="handrail" v="yes"/>
    <tag k="highway" v="steps"/>
    <tag k="incline" v="down"/>
    <tag k="level" v="0;-1"/>
    <tag k="ramp" v="no"/>
    <tag k="surface" v="asphalt"/>
    <tag k="tactile_paving" v="yes"/>
  </way>
  <way id="1154895970">
    <nd ref="5663268546"/>
    <nd ref="7539540725"/>
    <nd ref="10740557257"/>
    <nd ref="10740557256"/>
    <nd ref="10740557231"/>
    <nd ref="10975810658"/>
    <nd ref="10740557232"/>
    <nd ref="10740557233"/>
    <tag k="bicycle" v="dismount"/>
    <tag k="highway" v="footway"/>
    <tag k="indoor" v="yes"/>
  </way>
  <way id="1154895971">
    <nd ref="10740557233"/>
    <nd ref="10740557234"/>
    <nd ref="10975675164"/>
    <nd ref="10740557235"/>
    <tag k="highway" v="corridor"/>
    <tag k="indoor" v="yes"/>
    <tag k="layer" v="-1"/>
    <tag k="level" v="-1"/>
  </way>
  <way id="1154895972">
    <nd ref="10740557236"/>
    <nd ref="10740557237"/>
    <nd ref="10740557238"/>
    <nd ref="10740557239"/>
    <nd ref="10740557232"/>
    <nd ref="10740557234"/>
    <nd ref="10740557259"/>
    <nd ref="10740557236"/>
    <tag k="area" v="yes"/>
    <tag k="building:part" v="elevator"/>
    <tag k="indoor" v="yes"/>
    <tag k="layer" v="-2"/>
    <tag k="level" v="0;1"/>
  </way>
  <way id="1154895973">
    <nd ref="10740557240"/>
    <nd ref="10740557241"/>
    <tag k="highway" v="steps"/>
    <tag k="incline" v="down"/>
    <tag k="indoor" v="yes"/>
    <tag k="layer" v="-2"/>
    <tag k="level" v="-2;-3"/>
  </way>
  <way id="1154895974">
    <nd ref="10740557230"/>
    <nd ref="10740557235"/>
    <tag k="highway" v="corridor"/>
    <tag k="indoor" v="yes"/>
    <tag k="layer" v="-1"/>
    <tag k="level" v="-1"/>
  </way>
  <way id="1154895975">
    <nd ref="10740557225"/>
    <nd ref="10740557235"/>
    <tag k="highway" v="corridor"/>
    <tag k="indoor" v="yes"/>
    <tag k="layer" v="-1"/>
    <tag k="level" v="-1"/>
  </way>
  <way id="1154895976">
    <nd ref="10740557228"/>
    <nd ref="10740557235"/>
    <tag k="highway" v="corridor"/>
    <tag k="indoor" v="yes"/>
    <tag k="layer" v="-1"/>
    <tag k="level" v="-1"/>
  </way>
  <way id="1154895977">
    <nd ref="10740557235"/>
    <nd ref="10975675163"/>
    <nd ref="10740557242"/>
    <nd ref="10740557243"/>
    <nd ref="7888578532"/>
    <tag k="highway" v="corridor"/>
    <tag k="indoor" v="yes"/>
    <tag k="layer" v="-1"/>
    <tag k="level" v="-1"/>
  </way>
  <way id="1154895978">
    <nd ref="10740557244"/>
    <nd ref="10740557229"/>
    <tag k="highway" v="footway"/>
    <tag k="surface" v="asphalt"/>
  </way>
  <way id="1154895979">
    <nd ref="10740557244"/>
    <nd ref="10740557227"/>
    <tag k="highway" v="footway"/>
    <tag k="surface" v="asphalt"/>
  </way>
  <way id="1154895980">
    <nd ref="10740557244"/>
    <nd ref="10740557226"/>
    <tag k="highway" v="footway"/>
    <tag k="surface" v="asphalt"/>
  </way>
  <way id="1154895981">
    <nd ref="10740557235"/>
    <nd ref="10975675165"/>
    <nd ref="10740557246"/>
    <nd ref="10740557247"/>
    <nd ref="10740557242"/>
    <tag k="highway" v="corridor"/>
    <tag k="indoor" v="yes"/>
    <tag k="layer" v="-1"/>
    <tag k="level" v="-1"/>
  </way>
  <way id="1154895982">
    <nd ref="10740557249"/>
    <nd ref="10740557250"/>
    <tag k="access" v="yes"/>
    <tag k="highway" v="steps"/>
    <tag k="incline" v="down"/>
    <tag k="layer" v="-2"/>
    <tag k="level" v="0;-1"/>
  </way>
  <way id="1154895983">
    <nd ref="10740557251"/>
    <nd ref="10740557252"/>
    <tag k="conveying" v="forward"/>
    <tag k="highway" v="steps"/>
    <tag k="incline" v="up"/>
    <tag k="layer" v="-2"/>
    <tag k="level" v="-1;0"/>
  </way>
  <way id="1154895984">
    <nd ref="10740557253"/>
    <nd ref="10740557254"/>
    <tag k="conveying" v="forward"/>
    <tag k="highway" v="steps"/>
    <tag k="incline" v="down"/>
    <tag k="layer" v="-2"/>
    <tag k="level" v="0;-1"/>
  </way>
  <way id="1154895985">
    <nd ref="10740557249"/>
    <nd ref="10740557242"/>
    <tag k="highway" v="corridor"/>
    <tag k="indoor" v="yes"/>
    <tag k="layer" v="-1"/>
    <tag k="level" v="-1"/>
  </way>
  <way id="1154895986">
    <nd ref="10740557252"/>
    <nd ref="10740557242"/>
    <tag k="highway" v="corridor"/>
    <tag k="indoor" v="yes"/>
    <tag k="layer" v="-1"/>
    <tag k="level" v="-1"/>
  </way>
  <way id="1154895987">
    <nd ref="10740557253"/>
    <nd ref="10740557242"/>
    <tag k="highway" v="corridor"/>
    <tag k="indoor" v="yes"/>
    <tag k="layer" v="-1"/>
    <tag k="level" v="-1"/>
  </way>
  <way id="1154895988">
    <nd ref="10740557250"/>
    <nd ref="10740557255"/>
    <tag k="highway" v="corridor"/>
    <tag k="indoor" v="yes"/>
    <tag k="layer" v="-2"/>
    <tag k="level" v="-2"/>
  </way>
  <way id="1154895989">
    <nd ref="10740557251"/>
    <nd ref="10740557255"/>
    <tag k="highway" v="corridor"/>
    <tag k="indoor" v="yes"/>
    <tag k="layer" v="-2"/>
    <tag k="level" v="-2"/>
  </way>
  <way id="1154895990">
    <nd ref="10740557254"/>
    <nd ref="10740557255"/>
    <tag k="highway" v="corridor"/>
    <tag k="indoor" v="yes"/>
    <tag k="layer" v="-2"/>
    <tag k="level" v="-2"/>
  </way>
  <way id="1154895992">
    <nd ref="10740557260"/>
    <nd ref="10740557261"/>
    <nd ref="10740557255"/>
    <nd ref="10740557262"/>
    <nd ref="10740557263"/>
    <nd ref="10740557266"/>
    <nd ref="10740557264"/>
    <nd ref="10740557260"/>
    <tag k="highway" v="corridor"/>
    <tag k="indoor" v="yes"/>
    <tag k="layer" v="-2"/>
    <tag k="level" v="-2"/>
  </way>
  <way id="1154895993">
    <nd ref="10740557265"/>
    <nd ref="10740557279"/>
    <nd ref="10740557302"/>
    <nd ref="10740557266"/>
    <tag k="highway" v="corridor"/>
    <tag k="indoor" v="yes"/>
    <tag k="layer" v="-2"/>
    <tag k="level" v="-2"/>
  </way>
  <way id="1154895994">
    <nd ref="10740557240"/>
    <nd ref="10740557265"/>
    <nd ref="10740557267"/>
    <tag k="highway" v="corridor"/>
    <tag k="indoor" v="yes"/>
    <tag k="layer" v="-2"/>
    <tag k="level" v="-2"/>
  </way>
  <way id="1154895995">
    <nd ref="10740557241"/>
    <nd ref="10876933913"/>
    <nd ref="10740557269"/>
    <tag k="highway" v="footway"/>
    <tag k="indoor" v="yes"/>
    <tag k="layer" v="-3"/>
    <tag k="level" v="-3"/>
  </way>
  <way id="1154895996">
    <nd ref="10740557267"/>
    <nd ref="10740557271"/>
    <tag k="highway" v="steps"/>
    <tag k="incline" v="down"/>
    <tag k="indoor" v="yes"/>
    <tag k="layer" v="-2"/>
    <tag k="level" v="-2;-3"/>
  </way>
  <way id="1154895997">
    <nd ref="10740557272"/>
    <nd ref="10740557271"/>
    <tag k="highway" v="footway"/>
    <tag k="indoor" v="yes"/>
    <tag k="layer" v="-3"/>
    <tag k="level" v="-3"/>
  </way>
  <way id="1154895998">
    <nd ref="10740557273"/>
    <nd ref="10740557279"/>
    <nd ref="10740557274"/>
    <tag k="highway" v="corridor"/>
    <tag k="indoor" v="yes"/>
    <tag k="layer" v="-2"/>
    <tag k="level" v="-2"/>
  </way>
  <way id="1154895999">
    <nd ref="10740557274"/>
    <nd ref="10740557276"/>
    <nd ref="10740557277"/>
    <nd ref="10740557275"/>
    <tag k="highway" v="steps"/>
    <tag k="incline" v="down"/>
    <tag k="indoor" v="yes"/>
    <tag k="layer" v="-2"/>
    <tag k="level" v="-2;-3"/>
  </way>
  <way id="1154896000">
    <nd ref="10740557278"/>
    <nd ref="10740557275"/>
    <tag k="highway" v="footway"/>
    <tag k="indoor" v="yes"/>
    <tag k="layer" v="-3"/>
    <tag k="level" v="-3"/>
  </way>
  <way id="1154896001">
    <nd ref="10740557280"/>
    <nd ref="10740557281"/>
    <tag k="highway" v="footway"/>
    <tag k="indoor" v="yes"/>
    <tag k="layer" v="-3"/>
    <tag k="level" v="-3"/>
  </way>
  <way id="1154896002">
    <nd ref="10740557273"/>
    <nd ref="10740557283"/>
    <nd ref="10740557282"/>
    <nd ref="10740557280"/>
    <tag k="highway" v="steps"/>
    <tag k="incline" v="down"/>
    <tag k="indoor" v="yes"/>
    <tag k="layer" v="-2"/>
    <tag k="level" v="-2;-3"/>
  </way>
  <way id="1154896003">
    <nd ref="10740557284"/>
    <nd ref="10740557285"/>
    <nd ref="10740557286"/>
    <nd ref="10740557287"/>
    <nd ref="10740557288"/>
    <nd ref="10740557289"/>
    <nd ref="10740557284"/>
    <tag k="area" v="yes"/>
    <tag k="building:part" v="elevator"/>
    <tag k="indoor" v="yes"/>
    <tag k="layer" v="-2"/>
    <tag k="level" v="0;1"/>
  </way>
  <way id="1154896004">
    <nd ref="10740557290"/>
    <nd ref="10740557291"/>
    <nd ref="10740557288"/>
    <nd ref="10740557292"/>
    <tag k="highway" v="footway"/>
    <tag k="indoor" v="yes"/>
    <tag k="layer" v="-3"/>
    <tag k="level" v="-3"/>
  </way>
  <way id="1154896005">
    <nd ref="10740557292"/>
    <nd ref="10740557289"/>
    <nd ref="10740557240"/>
    <tag k="highway" v="corridor"/>
    <tag k="indoor" v="yes"/>
    <tag k="layer" v="-2"/>
    <tag k="level" v="-2"/>
  </way>
  <way id="1154896006">
    <nd ref="10740557293"/>
    <nd ref="10740557294"/>
    <nd ref="10740557295"/>
    <nd ref="10740557296"/>
    <nd ref="10740557298"/>
    <nd ref="10740557297"/>
    <nd ref="10740557293"/>
    <tag k="area" v="yes"/>
    <tag k="building:part" v="elevator"/>
    <tag k="indoor" v="yes"/>
    <tag k="layer" v="-2"/>
    <tag k="level" v="0;1"/>
  </way>
  <way id="1154896007">
    <nd ref="10740557299"/>
    <nd ref="10740557301"/>
    <nd ref="10740557297"/>
    <nd ref="10740557300"/>
    <tag k="highway" v="footway"/>
    <tag k="indoor" v="yes"/>
    <tag k="layer" v="-3"/>
    <tag k="level" v="-3"/>
  </way>
  <way id="1154896008">
    <nd ref="10740557300"/>
    <nd ref="10740557298"/>
    <nd ref="10740557267"/>
    <tag k="highway" v="corridor"/>
    <tag k="indoor" v="yes"/>
    <tag k="layer" v="-2"/>
    <tag k="level" v="-2"/>
  </way>
  <way id="1154896036">
    <nd ref="10740557244"/>
    <nd ref="11484027958"/>
    <tag k="bicycle" v="dismount"/>
    <tag k="highway" v="footway"/>
    <tag k="surface" v="asphalt"/>
  </way>
  <way id="1155647198">
    <nd ref="10747012937"/>
    <nd ref="10747012938"/>
    <nd ref="10747012942"/>
    <nd ref="10747012939"/>
    <nd ref="10747012940"/>
    <nd ref="10747012937"/>
    <tag k="access" v="customers"/>
    <tag k="amenity" v="bicycle_parking"/>
    <tag k="bicycle_parking" v="shed"/>
    <tag k="building" v="shed"/>
    <tag k="covered" v="yes"/>
    <tag k="fee" v="yes"/>
    <tag k="locked" v="yes"/>
    <tag k="operator" v="TfNSW"/>
    <tag k="operator:wikidata" v="Q7834923"/>
    <tag k="roof:shape" v="flat"/>
  </way>
  <way id="1155647199">
    <nd ref="10740557256"/>
    <nd ref="10747012941"/>
    <nd ref="10747012942"/>
    <tag k="bicycle" v="dismount"/>
    <tag k="highway" v="footway"/>
    <tag k="surface" v="asphalt"/>
  </way>
  <way id="1155647200">
    <nd ref="5598448147"/>
    <nd ref="11484027956"/>
    <nd ref="10747012943"/>
    <nd ref="10747012941"/>
    <tag k="bicycle" v="dismount"/>
    <tag k="highway" v="footway"/>
    <tag k="surface" v="asphalt"/>
  </way>
  <way id="1155647201">
    <nd ref="10747012941"/>
    <nd ref="11484027957"/>
    <tag k="bicycle" v="dismount"/>
    <tag k="highway" v="footway"/>
    <tag k="surface" v="asphalt"/>
  </way>
  <way id="1155653033">
    <nd ref="3924251545"/>
    <nd ref="1572445689"/>
    <nd ref="1572445693"/>
    <nd ref="1572445697"/>
    <nd ref="1572445701"/>
    <nd ref="3924251544"/>
    <nd ref="6560219240"/>
    <nd ref="1572445705"/>
    <tag k="electrified" v="contact_line"/>
    <tag k="frequency" v="0"/>
    <tag k="gauge" v="1435"/>
    <tag k="layer" v="-3"/>
    <tag k="level" v="-3"/>
    <tag k="loading_gauge" v="3200"/>
    <tag k="loading_gauge:ref" v="wide"/>
    <tag k="location" v="underground"/>
    <tag k="maxspeed" v="60"/>
    <tag k="oneway" v="yes"/>
    <tag k="operator" v="RailCorp"/>
    <tag k="passenger_lines" v="2"/>
    <tag k="railway" v="rail"/>
    <tag k="railway:etcs" v="2"/>
    <tag k="railway:traffic_mode" v="passenger"/>
    <tag k="ref" v="Down Airport"/>
    <tag k="source" v="professional_knowledge;extrapolation;LPI Basemap"/>
    <tag k="tunnel" v="yes"/>
    <tag k="usage" v="main"/>
    <tag k="voltage" v="1500"/>
  </way>
  <way id="1155653034">
    <nd ref="1572445704"/>
    <nd ref="1572445700"/>
    <nd ref="1572445696"/>
    <nd ref="1572445692"/>
    <nd ref="6560219241"/>
    <nd ref="1572445687"/>
    <nd ref="1572445685"/>
    <nd ref="3924251542"/>
    <tag k="electrified" v="contact_line"/>
    <tag k="frequency" v="0"/>
    <tag k="gauge" v="1435"/>
    <tag k="layer" v="-3"/>
    <tag k="level" v="-3"/>
    <tag k="loading_gauge" v="3200"/>
    <tag k="loading_gauge:ref" v="wide"/>
    <tag k="location" v="underground"/>
    <tag k="maxspeed" v="60"/>
    <tag k="oneway" v="yes"/>
    <tag k="operator" v="RailCorp"/>
    <tag k="passenger_lines" v="2"/>
    <tag k="railway" v="rail"/>
    <tag k="railway:etcs" v="2"/>
    <tag k="railway:traffic_mode" v="passenger"/>
    <tag k="ref" v="Up Airport"/>
    <tag k="source" v="extrapolation;professional_knowledge;LPI Basemap"/>
    <tag k="tunnel" v="yes"/>
    <tag k="usage" v="main"/>
    <tag k="voltage" v="1500"/>
  </way>
  <way id="1155653035">
    <nd ref="1572445705"/>
    <nd ref="5114365190"/>
    <nd ref="1572445708"/>
    <nd ref="1572445710"/>
    <nd ref="1572445714"/>
    <nd ref="1572445716"/>
    <nd ref="1572445718"/>
    <nd ref="1572445720"/>
    <tag k="electrified" v="contact_line"/>
    <tag k="frequency" v="0"/>
    <tag k="gauge" v="1435"/>
    <tag k="layer" v="-2"/>
    <tag k="loading_gauge" v="3200"/>
    <tag k="loading_gauge:ref" v="wide"/>
    <tag k="location" v="underground"/>
    <tag k="maxspeed" v="60"/>
    <tag k="oneway" v="yes"/>
    <tag k="operator" v="RailCorp"/>
    <tag k="passenger_lines" v="2"/>
    <tag k="railway" v="rail"/>
    <tag k="railway:etcs" v="2"/>
    <tag k="railway:traffic_mode" v="passenger"/>
    <tag k="ref" v="Down Airport"/>
    <tag k="source" v="professional_knowledge;extrapolation;LPI Basemap"/>
    <tag k="tunnel" v="yes"/>
    <tag k="usage" v="main"/>
    <tag k="voltage" v="1500"/>
  </way>
  <way id="1155653036">
    <nd ref="9919361196"/>
    <nd ref="1572445725"/>
    <nd ref="1572445723"/>
    <nd ref="5114365191"/>
    <nd ref="1572445721"/>
    <nd ref="1572445719"/>
    <nd ref="1572445717"/>
    <nd ref="1572445715"/>
    <nd ref="1572445713"/>
    <nd ref="1572445711"/>
    <nd ref="1572445709"/>
    <nd ref="1572445704"/>
    <tag k="electrified" v="contact_line"/>
    <tag k="frequency" v="0"/>
    <tag k="gauge" v="1435"/>
    <tag k="layer" v="-2"/>
    <tag k="loading_gauge" v="3200"/>
    <tag k="loading_gauge:ref" v="wide"/>
    <tag k="location" v="underground"/>
    <tag k="maxspeed" v="60"/>
    <tag k="oneway" v="yes"/>
    <tag k="operator" v="RailCorp"/>
    <tag k="passenger_lines" v="2"/>
    <tag k="railway" v="rail"/>
    <tag k="railway:etcs" v="2"/>
    <tag k="railway:traffic_mode" v="passenger"/>
    <tag k="ref" v="Up Airport"/>
    <tag k="source" v="extrapolation;professional_knowledge;LPI Basemap"/>
    <tag k="tunnel" v="yes"/>
    <tag k="usage" v="main"/>
    <tag k="voltage" v="1500"/>
  </way>
  <way id="1156210185">
    <nd ref="10752273700"/>
    <nd ref="10752333418"/>
    <nd ref="11347961176"/>
    <nd ref="10752273701"/>
    <tag k="footway" v="sidewalk"/>
    <tag k="highway" v="footway"/>
  </way>
  <way id="1156210190">
    <nd ref="1855423927"/>
    <nd ref="4160611088"/>
    <nd ref="1837594617"/>
    <tag k="cycleway:both" v="no"/>
    <tag k="highway" v="primary"/>
    <tag k="lanes" v="4"/>
    <tag k="lanes:backward" v="2"/>
    <tag k="lanes:forward" v="2"/>
    <tag k="maxspeed" v="50"/>
    <tag k="name" v="Botany Road"/>
    <tag k="shoulder" v="no"/>
    <tag k="sidewalk" v="both"/>
    <tag k="surface" v="asphalt"/>
  </way>
  <way id="1156210195">
    <nd ref="10752333418"/>
    <nd ref="10079895688"/>
    <tag k="highway" v="footway"/>
  </way>
  <way id="1156458383">
    <nd ref="1837594591"/>
    <nd ref="10754528266"/>
    <nd ref="10754528264"/>
    <nd ref="10754528270"/>
    <nd ref="10754528268"/>
    <nd ref="10754528273"/>
    <nd ref="10754528271"/>
    <nd ref="10754528265"/>
    <nd ref="10754528274"/>
    <nd ref="10754528269"/>
    <nd ref="10754528267"/>
    <nd ref="2848221443"/>
    <tag k="source:geometry" v="PSMA_Admin_Boundaries"/>
  </way>
  <way id="1176538390">
    <nd ref="8398684668"/>
    <nd ref="9630841231"/>
    <nd ref="9630841232"/>
    <nd ref="9630841233"/>
    <nd ref="9920601513"/>
    <nd ref="9630841234"/>
    <nd ref="9630841235"/>
    <nd ref="9630841236"/>
    <nd ref="9630794412"/>
    <tag k="bicycle" v="designated"/>
    <tag k="foot" v="no"/>
    <tag k="highway" v="cycleway"/>
    <tag k="lanes" v="1"/>
    <tag k="lit" v="yes"/>
    <tag k="oneway" v="yes"/>
    <tag k="surface" v="asphalt"/>
  </way>
  <way id="1190302665">
    <nd ref="11052140756"/>
    <nd ref="6021803415"/>
    <nd ref="9960976504"/>
    <nd ref="7888578523"/>
    <nd ref="7888578525"/>
    <nd ref="7888578524"/>
    <nd ref="7888578528"/>
    <nd ref="7888578522"/>
    <nd ref="7888578526"/>
    <nd ref="11052140770"/>
    <nd ref="5874667130"/>
    <tag k="foot" v="no"/>
    <tag k="highway" v="cycleway"/>
    <tag k="oneway" v="no"/>
    <tag k="surface" v="asphalt"/>
  </way>
  <way id="1190302666">
    <nd ref="5663268541"/>
    <nd ref="9998653905"/>
    <nd ref="11052140742"/>
    <tag k="highway" v="primary"/>
    <tag k="lanes" v="4"/>
    <tag k="maxspeed" v="50"/>
    <tag k="name" v="Botany Road"/>
    <tag k="sidewalk:left" v="separate"/>
    <tag k="sidewalk:right" v="yes"/>
    <tag k="source:maxspeed" v="bing"/>
    <tag k="surface" v="asphalt"/>
  </way>
  <way id="1190302667">
    <nd ref="11052140740"/>
    <nd ref="5874667126"/>
    <nd ref="6089300938"/>
    <nd ref="11052140741"/>
    <tag k="highway" v="primary"/>
    <tag k="lanes" v="5"/>
    <tag k="lanes:backward" v="3"/>
    <tag k="lanes:forward" v="2"/>
    <tag k="maxspeed" v="50"/>
    <tag k="name" v="Botany Road"/>
    <tag k="sidewalk:left" v="separate"/>
    <tag k="source:maxspeed" v="bing"/>
    <tag k="surface" v="asphalt"/>
    <tag k="turn:lanes:backward" v="||right"/>
  </way>
  <way id="1190302668">
    <nd ref="11052140744"/>
    <nd ref="6774203571"/>
    <nd ref="9920608639"/>
    <nd ref="8663752240"/>
    <nd ref="9920608640"/>
    <nd ref="9357235622"/>
    <nd ref="6089300937"/>
    <tag k="footway" v="sidewalk"/>
    <tag k="highway" v="footway"/>
    <tag k="surface" v="paving_stones"/>
  </way>
  <way id="1190302669">
    <nd ref="11052140742"/>
    <nd ref="5874667121"/>
    <tag k="highway" v="primary"/>
    <tag k="lanes" v="5"/>
    <tag k="lanes:backward" v="3"/>
    <tag k="lanes:forward" v="2"/>
    <tag k="maxspeed" v="50"/>
    <tag k="name" v="Botany Road"/>
    <tag k="sidewalk:left" v="separate"/>
    <tag k="sidewalk:right" v="yes"/>
    <tag k="source:maxspeed" v="bing"/>
    <tag k="surface" v="asphalt"/>
    <tag k="turn:lanes:backward" v="||right"/>
  </way>
  <way id="1190302670">
    <nd ref="7066425025"/>
    <nd ref="11052140750"/>
    <tag k="dual_carriageway" v="yes"/>
    <tag k="highway" v="residential"/>
    <tag k="lanes" v="2"/>
    <tag k="lit" v="yes"/>
    <tag k="maxspeed" v="50"/>
    <tag k="name" v="Geddes Avenue"/>
    <tag k="oneway" v="yes"/>
    <tag k="source:maxspeed" v="AU:urban"/>
    <tag k="surface" v="asphalt"/>
    <tag k="turn:lanes" v="none|right"/>
  </way>
  <way id="1190302671">
    <nd ref="6089300947"/>
    <nd ref="11052140751"/>
    <tag k="footway" v="link"/>
    <tag k="highway" v="footway"/>
    <tag k="surface" v="paved"/>
  </way>
  <way id="1190302672">
    <nd ref="5874667126"/>
    <nd ref="6774203572"/>
    <nd ref="7181176539"/>
    <nd ref="11052140752"/>
    <tag k="crossing" v="traffic_signals"/>
    <tag k="crossing:island" v="no"/>
    <tag k="crossing:markings" v="no"/>
    <tag k="cycleway" v="crossing"/>
    <tag k="foot" v="no"/>
    <tag k="highway" v="cycleway"/>
    <tag k="oneway" v="no"/>
    <tag k="surface" v="asphalt"/>
  </way>
  <way id="1190302673">
    <nd ref="11052140757"/>
    <nd ref="5874667151"/>
    <tag k="bicycle" v="dismount"/>
    <tag k="crossing" v="traffic_signals"/>
    <tag k="crossing:island" v="no"/>
    <tag k="crossing:markings" v="no"/>
    <tag k="crossing:signals" v="yes"/>
    <tag k="cycleway" v="crossing"/>
    <tag k="highway" v="cycleway"/>
    <tag k="lit" v="yes"/>
    <tag k="surface" v="asphalt"/>
  </way>
  <way id="1190302674">
    <nd ref="5874667150"/>
    <nd ref="11052140756"/>
    <tag k="crossing" v="traffic_signals"/>
    <tag k="crossing:island" v="no"/>
    <tag k="crossing:markings" v="no"/>
    <tag k="cycleway" v="crossing"/>
    <tag k="foot" v="no"/>
    <tag k="highway" v="cycleway"/>
    <tag k="surface" v="asphalt"/>
  </way>
  <way id="1190302675">
    <nd ref="5874667131"/>
    <nd ref="11052140749"/>
    <tag k="highway" v="residential"/>
    <tag k="lit" v="yes"/>
    <tag k="name" v="Paul Street"/>
    <tag k="surface" v="asphalt"/>
    <tag k="turn:lanes:backward" v="none|right"/>
  </way>
  <way id="1190302679">
    <nd ref="5874667121"/>
    <nd ref="11052140740"/>
    <tag k="highway" v="primary"/>
    <tag k="lanes" v="5"/>
    <tag k="lanes:backward" v="3"/>
    <tag k="lanes:forward" v="2"/>
    <tag k="maxspeed" v="50"/>
    <tag k="name" v="Botany Road"/>
    <tag k="sidewalk:left" v="separate"/>
    <tag k="source:maxspeed" v="bing"/>
    <tag k="surface" v="asphalt"/>
    <tag k="turn:lanes:backward" v="||right"/>
  </way>
  <way id="1190302680">
    <nd ref="9960976508"/>
    <nd ref="9960976509"/>
    <nd ref="9960976510"/>
    <nd ref="9960976511"/>
    <nd ref="9960976508"/>
    <tag k="barrier" v="kerb"/>
    <tag k="kerb" v="raised"/>
    <tag k="tactile_paving" v="no"/>
    <tag k="wheelchair" v="no"/>
  </way>
  <way id="1190302682">
    <nd ref="9960961210"/>
    <nd ref="6089300950"/>
    <nd ref="11052140767"/>
    <tag k="crossing" v="traffic_signals"/>
    <tag k="crossing:island" v="no"/>
    <tag k="crossing:markings" v="dashes"/>
    <tag k="footway" v="crossing"/>
    <tag k="highway" v="footway"/>
    <tag k="surface" v="asphalt"/>
  </way>
  <way id="1190302685">
    <nd ref="9920562972"/>
    <nd ref="9960961210"/>
    <tag k="footway" v="link"/>
    <tag k="highway" v="footway"/>
    <tag k="surface" v="paving_stones"/>
  </way>
  <way id="1190302687">
    <nd ref="11052140771"/>
    <nd ref="11052140777"/>
    <tag k="foot" v="no"/>
    <tag k="highway" v="cycleway"/>
    <tag k="oneway" v="no"/>
    <tag k="surface" v="asphalt"/>
  </way>
  <way id="1190302688">
    <nd ref="9630907857"/>
    <nd ref="11052140778"/>
    <nd ref="11052140784"/>
    <tag k="foot" v="no"/>
    <tag k="highway" v="cycleway"/>
    <tag k="oneway" v="yes"/>
    <tag k="surface" v="asphalt"/>
  </way>
  <way id="1190302689">
    <nd ref="9629037727"/>
    <nd ref="11052140780"/>
    <tag k="footway" v="link"/>
    <tag k="highway" v="footway"/>
    <tag k="surface" v="paving_stones"/>
  </way>
  <way id="1190302690">
    <nd ref="9629037726"/>
    <nd ref="11052140785"/>
    <nd ref="9629037727"/>
    <nd ref="11052140784"/>
    <tag k="bicycle" v="designated"/>
    <tag k="foot" v="designated"/>
    <tag k="highway" v="cycleway"/>
    <tag k="oneway" v="no"/>
    <tag k="segregated" v="no"/>
    <tag k="surface" v="paving_stones"/>
  </way>
  <way id="1190302691">
    <nd ref="11052140785"/>
    <nd ref="11052140786"/>
    <tag k="highway" v="cycleway"/>
    <tag k="oneway" v="no"/>
    <tag k="surface" v="asphalt"/>
  </way>
  <way id="1190302692">
    <nd ref="11052140786"/>
    <nd ref="1823375458"/>
    <nd ref="1823375332"/>
    <nd ref="1823375435"/>
    <nd ref="1823375454"/>
    <nd ref="11052140795"/>
    <nd ref="9494467845"/>
    <nd ref="9150717569"/>
    <nd ref="7674951479"/>
    <tag k="cycleway:left" v="separate"/>
    <tag k="cycleway:right" v="no"/>
    <tag k="highway" v="residential"/>
    <tag k="maxspeed" v="50"/>
    <tag k="name" v="Portman Street"/>
    <tag k="source" v="physical inspection"/>
    <tag k="surface" v="asphalt"/>
  </way>
  <way id="1190302694">
    <nd ref="9630907857"/>
    <nd ref="8741117028"/>
    <nd ref="11052140786"/>
    <tag k="bicycle" v="designated"/>
    <tag k="cycleway:left" v="separate"/>
    <tag k="highway" v="residential"/>
    <tag k="maxspeed" v="50"/>
    <tag k="name" v="Portman Street"/>
    <tag k="source" v="physical inspection"/>
    <tag k="surface" v="asphalt"/>
  </way>
  <way id="1190302695">
    <nd ref="11052140777"/>
    <nd ref="9630841223"/>
    <nd ref="9630794412"/>
    <nd ref="9629037719"/>
    <nd ref="9629037721"/>
    <nd ref="9629037720"/>
    <nd ref="9629037722"/>
    <nd ref="11052140788"/>
    <tag k="crossing" v="traffic_signals"/>
    <tag k="crossing:island" v="no"/>
    <tag k="crossing:markings" v="no"/>
    <tag k="cycleway" v="crossing"/>
    <tag k="foot" v="no"/>
    <tag k="highway" v="cycleway"/>
    <tag k="oneway" v="no"/>
    <tag k="surface" v="asphalt"/>
  </way>
  <way id="1190302696">
    <nd ref="9630841222"/>
    <nd ref="11052140789"/>
    <tag k="footway" v="link"/>
    <tag k="highway" v="footway"/>
    <tag k="surface" v="paving_stones"/>
  </way>
  <way id="1190302697">
    <nd ref="11052140789"/>
    <nd ref="9960961216"/>
    <nd ref="9960961154"/>
    <tag k="barrier" v="kerb"/>
  </way>
  <way id="1190302698">
    <nd ref="11052140789"/>
    <nd ref="9630794414"/>
    <nd ref="9630907860"/>
    <nd ref="9630907859"/>
    <nd ref="12295952526"/>
    <nd ref="9630865955"/>
    <tag k="crossing" v="traffic_signals"/>
    <tag k="crossing:island" v="yes"/>
    <tag k="crossing:markings" v="dashes"/>
    <tag k="footway" v="crossing"/>
    <tag k="highway" v="footway"/>
    <tag k="surface" v="asphalt"/>
  </way>
  <way id="1190302700">
    <nd ref="9630865948"/>
    <nd ref="9630865947"/>
    <nd ref="9629011116"/>
    <nd ref="9630841236"/>
    <nd ref="11052140790"/>
    <tag k="crossing" v="traffic_signals"/>
    <tag k="crossing:island" v="yes"/>
    <tag k="crossing:markings" v="dashes"/>
    <tag k="footway" v="crossing"/>
    <tag k="highway" v="footway"/>
    <tag k="surface" v="asphalt"/>
  </way>
  <way id="1190302702">
    <nd ref="9960961212"/>
    <nd ref="9629022325"/>
    <nd ref="9630841223"/>
    <nd ref="11052140791"/>
    <tag k="crossing" v="traffic_signals"/>
    <tag k="crossing:island" v="no"/>
    <tag k="crossing:markings" v="dashes"/>
    <tag k="footway" v="crossing"/>
    <tag k="highway" v="footway"/>
    <tag k="surface" v="asphalt"/>
  </way>
  <way id="1190302703">
    <nd ref="9630865949"/>
    <nd ref="9629037722"/>
    <nd ref="9494467845"/>
    <nd ref="9630865955"/>
    <tag k="crossing" v="traffic_signals"/>
    <tag k="crossing:island" v="no"/>
    <tag k="crossing:markings" v="dashes"/>
    <tag k="footway" v="crossing"/>
    <tag k="highway" v="footway"/>
    <tag k="surface" v="asphalt"/>
  </way>
  <way id="1190302705">
    <nd ref="11052140791"/>
    <nd ref="9630841224"/>
    <tag k="footway" v="link"/>
    <tag k="highway" v="footway"/>
    <tag k="surface" v="paving_stones"/>
  </way>
  <way id="1190302706">
    <nd ref="9630841222"/>
    <nd ref="9960961212"/>
    <tag k="footway" v="link"/>
    <tag k="highway" v="footway"/>
    <tag k="surface" v="paving_stones"/>
  </way>
  <way id="1208620352">
    <nd ref="9960976482"/>
    <nd ref="9960976485"/>
    <nd ref="9960976484"/>
    <nd ref="9960976483"/>
    <nd ref="9960976482"/>
    <tag k="landuse" v="flowerbed"/>
  </way>
  <way id="1208620353">
    <nd ref="9960961211"/>
    <nd ref="9960961199"/>
    <nd ref="9960961198"/>
    <nd ref="9960961197"/>
    <nd ref="9960961211"/>
    <tag k="landuse" v="flowerbed"/>
  </way>
  <way id="1208620354">
    <nd ref="9960976488"/>
    <nd ref="9960976487"/>
    <nd ref="9960976486"/>
    <nd ref="9960976491"/>
    <nd ref="9960976490"/>
    <nd ref="9960976489"/>
    <nd ref="9960976488"/>
    <tag k="landuse" v="flowerbed"/>
  </way>
  <way id="1208753297">
    <nd ref="9921721536"/>
    <nd ref="9921721540"/>
    <nd ref="9921721534"/>
    <nd ref="9921721535"/>
    <nd ref="9921721536"/>
    <tag k="colour" v="yellow"/>
    <tag k="description" v="Yellow decorative light installed in ground"/>
    <tag k="height" v="0"/>
    <tag k="highway" v="street_lamp"/>
    <tag k="lamp_mount" v="ground"/>
    <tag k="support" v="ground"/>
  </way>
  <way id="1208753298">
    <nd ref="9921721546"/>
    <nd ref="9921721550"/>
    <nd ref="9921721551"/>
    <nd ref="9921721522"/>
    <nd ref="9921721543"/>
    <nd ref="9921721544"/>
    <nd ref="9921721523"/>
    <nd ref="9921721545"/>
    <nd ref="9921721546"/>
    <tag k="colour" v="blue"/>
    <tag k="description" v="Blue decorative light installed in ground"/>
    <tag k="height" v="0"/>
    <tag k="highway" v="street_lamp"/>
    <tag k="lamp_mount" v="ground"/>
    <tag k="support" v="ground"/>
  </way>
  <way id="1208753299">
    <nd ref="9921721543"/>
    <nd ref="9921721552"/>
    <nd ref="9921721541"/>
    <nd ref="9921721542"/>
    <nd ref="9921721543"/>
    <tag k="colour" v="blue"/>
    <tag k="description" v="Blue decorative light installed in ground"/>
    <tag k="height" v="0"/>
    <tag k="highway" v="street_lamp"/>
    <tag k="lamp_mount" v="ground"/>
    <tag k="support" v="ground"/>
  </way>
  <way id="1208753300">
    <nd ref="9920592539"/>
    <nd ref="9921719316"/>
    <nd ref="9920592536"/>
    <nd ref="9921721517"/>
    <nd ref="9920592537"/>
    <nd ref="9920592538"/>
    <nd ref="9920592539"/>
    <tag k="colour" v="red"/>
    <tag k="description" v="Red decorative light installed in ground"/>
    <tag k="height" v="0"/>
    <tag k="highway" v="street_lamp"/>
    <tag k="lamp_mount" v="ground"/>
    <tag k="support" v="ground"/>
  </way>
  <way id="1211557127">
    <nd ref="11224688995"/>
    <nd ref="12529211345"/>
    <nd ref="11224688996"/>
    <nd ref="11224688997"/>
    <nd ref="11224688982"/>
    <nd ref="11224689034"/>
    <nd ref="11224688983"/>
    <nd ref="11224688984"/>
    <nd ref="11224688985"/>
    <nd ref="11224688986"/>
    <nd ref="11224688987"/>
    <nd ref="11224688988"/>
    <nd ref="11224688989"/>
    <nd ref="12073076680"/>
    <nd ref="12073076682"/>
    <nd ref="12073076684"/>
    <nd ref="11224688990"/>
    <nd ref="11224688991"/>
    <nd ref="11224688992"/>
    <nd ref="11224688993"/>
    <nd ref="11224688994"/>
    <nd ref="8519344346"/>
    <tag k="footway" v="sidewalk"/>
    <tag k="highway" v="footway"/>
    <tag k="surface" v="concrete"/>
  </way>
  <way id="1215185549">
    <nd ref="11258776439"/>
    <nd ref="11258776442"/>
    <nd ref="11258776441"/>
    <tag k="crossing" v="traffic_signals"/>
    <tag k="footway" v="crossing"/>
    <tag k="highway" v="footway"/>
  </way>
  <way id="1215185550">
    <nd ref="11258776440"/>
    <nd ref="11258776444"/>
    <nd ref="11258776443"/>
    <tag k="crossing" v="traffic_signals"/>
    <tag k="footway" v="crossing"/>
    <tag k="highway" v="footway"/>
  </way>
  <way id="1215185904">
    <nd ref="11258776441"/>
    <nd ref="3125298590"/>
    <tag k="highway" v="footway"/>
  </way>
  <way id="1215185905">
    <nd ref="11258683500"/>
    <nd ref="11258683501"/>
    <nd ref="11258683499"/>
    <nd ref="11258683497"/>
    <nd ref="11258683498"/>
    <nd ref="11258776441"/>
    <tag k="footway" v="sidewalk"/>
    <tag k="highway" v="footway"/>
  </way>
  <way id="1215185908">
    <nd ref="11258683504"/>
    <nd ref="11258683505"/>
    <nd ref="11258683506"/>
    <nd ref="5663203842"/>
    <tag k="footway" v="sidewalk"/>
    <tag k="highway" v="footway"/>
    <tag k="surface" v="concrete"/>
  </way>
  <way id="1215185909">
    <nd ref="11258776443"/>
    <nd ref="11258683507"/>
    <nd ref="9991792459"/>
    <tag k="highway" v="footway"/>
  </way>
  <way id="1215185910">
    <nd ref="11258776443"/>
    <nd ref="11258683508"/>
    <nd ref="11347950916"/>
    <nd ref="11258683510"/>
    <tag k="footway" v="sidewalk"/>
    <tag k="highway" v="footway"/>
  </way>
  <way id="1215185912">
    <nd ref="11258683509"/>
    <nd ref="11258683513"/>
    <nd ref="11258683512"/>
    <tag k="crossing" v="traffic_signals"/>
    <tag k="footway" v="crossing"/>
    <tag k="highway" v="footway"/>
  </way>
  <way id="1215185913">
    <nd ref="11258683514"/>
    <nd ref="11258683515"/>
    <nd ref="11258683510"/>
    <tag k="crossing" v="traffic_signals"/>
    <tag k="footway" v="crossing"/>
    <tag k="highway" v="footway"/>
  </way>
  <way id="1215185914">
    <nd ref="1829424116"/>
    <nd ref="11258683512"/>
    <nd ref="11258683516"/>
    <nd ref="11258683517"/>
    <nd ref="11258683518"/>
    <nd ref="8519344348"/>
    <tag k="footway" v="sidewalk"/>
    <tag k="highway" v="footway"/>
  </way>
  <way id="1215185915">
    <nd ref="11258776439"/>
    <nd ref="11258683519"/>
    <nd ref="3391731456"/>
    <nd ref="11258683520"/>
    <nd ref="11258683524"/>
    <nd ref="11258683521"/>
    <nd ref="11258683523"/>
    <nd ref="11258683522"/>
    <nd ref="11118649544"/>
    <tag k="footway" v="sidewalk"/>
    <tag k="highway" v="footway"/>
  </way>
  <way id="1215185917">
    <nd ref="10752273700"/>
    <nd ref="11258683525"/>
    <nd ref="11258776440"/>
    <tag k="highway" v="footway"/>
    <tag k="layer" v="-1"/>
    <tag k="name" v="Wyndham Street"/>
    <tag k="surface" v="asphalt"/>
  </way>
  <way id="1215185918">
    <nd ref="9991792459"/>
    <nd ref="11258683526"/>
    <nd ref="11258683527"/>
    <nd ref="11258683528"/>
    <nd ref="11258683529"/>
    <nd ref="5663268548"/>
    <tag k="footway" v="sidewalk"/>
    <tag k="highway" v="footway"/>
    <tag k="surface" v="concrete"/>
  </way>
  <way id="1215717616">
    <nd ref="7895181248"/>
    <nd ref="11263969754"/>
    <nd ref="11263969755"/>
    <nd ref="11347950913"/>
    <nd ref="11263998260"/>
    <nd ref="11263998261"/>
    <nd ref="11263998262"/>
    <nd ref="11347950912"/>
    <nd ref="11347950910"/>
    <nd ref="11258683509"/>
    <tag k="footway" v="sidewalk"/>
    <tag k="highway" v="footway"/>
  </way>
  <way id="1215718138">
    <nd ref="8519344341"/>
    <nd ref="11263989102"/>
    <nd ref="11263998258"/>
    <nd ref="772607504"/>
    <nd ref="11263998253"/>
    <nd ref="12529211336"/>
    <nd ref="11263998254"/>
    <nd ref="9969319997"/>
    <nd ref="9969319995"/>
    <nd ref="11263998255"/>
    <nd ref="11263998256"/>
    <nd ref="11263998257"/>
    <nd ref="12529211346"/>
    <nd ref="11224688995"/>
    <tag k="footway" v="sidewalk"/>
    <tag k="highway" v="footway"/>
    <tag k="layer" v="-1"/>
    <tag k="surface" v="concrete"/>
  </way>
  <way id="1223392594">
    <nd ref="11258683509"/>
    <nd ref="11258683510"/>
    <tag k="highway" v="footway"/>
    <tag k="name" v="Botany Road"/>
  </way>
  <way id="1223392709">
    <nd ref="4118634333"/>
    <nd ref="11347961175"/>
    <tag k="footway" v="sidewalk"/>
    <tag k="highway" v="footway"/>
  </way>
  <way id="1223392710">
    <nd ref="6574772871"/>
    <nd ref="10752333414"/>
    <nd ref="10698787534"/>
    <tag k="footway" v="sidewalk"/>
    <tag k="highway" v="footway"/>
  </way>
  <way id="1232671717">
    <nd ref="11434780443"/>
    <nd ref="11434780444"/>
    <nd ref="11434780445"/>
    <nd ref="11434780446"/>
    <nd ref="11434780447"/>
    <nd ref="11434780463"/>
    <nd ref="11434780462"/>
    <nd ref="11434780448"/>
    <nd ref="11434780458"/>
    <nd ref="11434780457"/>
    <nd ref="11434780452"/>
    <nd ref="11434780459"/>
    <nd ref="11434780460"/>
    <nd ref="11434780461"/>
    <nd ref="11434780451"/>
    <nd ref="11434780450"/>
    <nd ref="11434780449"/>
    <nd ref="11434780453"/>
    <nd ref="11434780456"/>
    <nd ref="11434780455"/>
    <nd ref="11434780454"/>
    <nd ref="11434780443"/>
    <tag k="addr:housenumber" v="28"/>
    <tag k="addr:postcode" v="2017"/>
    <tag k="addr:state" v="NSW"/>
    <tag k="addr:street" v="Zetland Avenue"/>
    <tag k="addr:suburb" v="Zetland"/>
    <tag k="building" v="apartments"/>
    <tag k="building:levels" v="22"/>
    <tag k="height" v="78"/>
    <tag k="name" v="The Frederick"/>
  </way>
  <way id="1232673087">
    <nd ref="11434911686"/>
    <nd ref="11434911687"/>
    <nd ref="11434911688"/>
    <nd ref="11434911689"/>
    <nd ref="11434911686"/>
    <tag k="addr:housenumber" v="77"/>
    <tag k="addr:postcode" v="2017"/>
    <tag k="addr:state" v="NSW"/>
    <tag k="addr:street" v="Portman Street"/>
    <tag k="addr:suburb" v="Zetland"/>
    <tag k="building" v="construction"/>
    <tag k="building:levels" v="4"/>
    <tag k="construction" v="house"/>
    <tag k="house" v="terraced"/>
  </way>
  <way id="1232673088">
    <nd ref="11434911688"/>
    <nd ref="11434911690"/>
    <nd ref="11434911691"/>
    <nd ref="11434911687"/>
    <nd ref="11434911688"/>
    <tag k="addr:housenumber" v="79"/>
    <tag k="addr:postcode" v="2017"/>
    <tag k="addr:state" v="NSW"/>
    <tag k="addr:street" v="Portman Street"/>
    <tag k="addr:suburb" v="Zetland"/>
    <tag k="area" v="yes"/>
    <tag k="building" v="construction"/>
    <tag k="building:levels" v="4"/>
    <tag k="construction" v="house"/>
    <tag k="house" v="terraced"/>
  </way>
  <way id="1232673089">
    <nd ref="11434911690"/>
    <nd ref="11434911692"/>
    <nd ref="11434911693"/>
    <nd ref="11434911691"/>
    <nd ref="11434911690"/>
    <tag k="addr:housenumber" v="81"/>
    <tag k="addr:postcode" v="2017"/>
    <tag k="addr:state" v="NSW"/>
    <tag k="addr:street" v="Portman Street"/>
    <tag k="addr:suburb" v="Zetland"/>
    <tag k="area" v="yes"/>
    <tag k="building" v="construction"/>
    <tag k="building:levels" v="4"/>
    <tag k="construction" v="house"/>
    <tag k="house" v="terraced"/>
  </way>
  <way id="1232673090">
    <nd ref="11434911692"/>
    <nd ref="11434911694"/>
    <nd ref="11434911695"/>
    <nd ref="11434911693"/>
    <nd ref="11434911692"/>
    <tag k="addr:housenumber" v="83"/>
    <tag k="addr:postcode" v="2017"/>
    <tag k="addr:state" v="NSW"/>
    <tag k="addr:street" v="Portman Street"/>
    <tag k="addr:suburb" v="Zetland"/>
    <tag k="area" v="yes"/>
    <tag k="building" v="construction"/>
    <tag k="building:levels" v="4"/>
    <tag k="construction" v="house"/>
    <tag k="house" v="terraced"/>
  </way>
  <way id="1232673091">
    <nd ref="11434911694"/>
    <nd ref="11434911696"/>
    <nd ref="11434911697"/>
    <nd ref="11434911695"/>
    <nd ref="11434911694"/>
    <tag k="addr:housenumber" v="85"/>
    <tag k="addr:postcode" v="2017"/>
    <tag k="addr:state" v="NSW"/>
    <tag k="addr:street" v="Portman Street"/>
    <tag k="addr:suburb" v="Zetland"/>
    <tag k="area" v="yes"/>
    <tag k="building" v="construction"/>
    <tag k="building:levels" v="4"/>
    <tag k="construction" v="house"/>
    <tag k="house" v="terraced"/>
  </way>
  <way id="1232673092">
    <nd ref="11434911696"/>
    <nd ref="11434911698"/>
    <nd ref="11434911699"/>
    <nd ref="11434911697"/>
    <nd ref="11434911696"/>
    <tag k="addr:housenumber" v="87"/>
    <tag k="addr:postcode" v="2017"/>
    <tag k="addr:state" v="NSW"/>
    <tag k="addr:street" v="Portman Street"/>
    <tag k="addr:suburb" v="Zetland"/>
    <tag k="area" v="yes"/>
    <tag k="building" v="construction"/>
    <tag k="building:levels" v="4"/>
    <tag k="construction" v="house"/>
    <tag k="house" v="terraced"/>
  </way>
  <way id="1232673093">
    <nd ref="11434911698"/>
    <nd ref="11434911700"/>
    <nd ref="11434911701"/>
    <nd ref="11434911699"/>
    <nd ref="11434911698"/>
    <tag k="addr:housenumber" v="89"/>
    <tag k="addr:postcode" v="2017"/>
    <tag k="addr:state" v="NSW"/>
    <tag k="addr:street" v="Portman Street"/>
    <tag k="addr:suburb" v="Zetland"/>
    <tag k="area" v="yes"/>
    <tag k="building" v="construction"/>
    <tag k="building:levels" v="4"/>
    <tag k="construction" v="house"/>
    <tag k="house" v="terraced"/>
  </way>
  <way id="1232675696">
    <nd ref="11434799814"/>
    <nd ref="11434799815"/>
    <nd ref="11434799816"/>
    <nd ref="11434799817"/>
    <nd ref="11434799818"/>
    <nd ref="11434799819"/>
    <nd ref="11434799820"/>
    <nd ref="11434799821"/>
    <nd ref="11434799822"/>
    <nd ref="11434799814"/>
    <tag k="addr:housenumber" v="6-10"/>
    <tag k="addr:postcode" v="2017"/>
    <tag k="addr:state" v="NSW"/>
    <tag k="addr:street" v="Zetland Avenue"/>
    <tag k="addr:suburb" v="Zetland"/>
    <tag k="building" v="apartments"/>
    <tag k="building:levels" v="13"/>
    <tag k="height" v="43"/>
    <tag k="name" v="Portman on the Park"/>
  </way>
  <way id="1232675697">
    <nd ref="11434799823"/>
    <nd ref="11434799824"/>
    <nd ref="11434799825"/>
    <nd ref="11434799828"/>
    <nd ref="11434799826"/>
    <nd ref="11434799827"/>
    <nd ref="11434799823"/>
    <tag k="addr:housenumber" v="32"/>
    <tag k="addr:postcode" v="2017"/>
    <tag k="addr:state" v="NSW"/>
    <tag k="addr:street" v="Ebsworth Street"/>
    <tag k="addr:suburb" v="Zetland"/>
    <tag k="area" v="yes"/>
    <tag k="building" v="apartments"/>
    <tag k="building:levels" v="13"/>
    <tag k="height" v="38"/>
    <tag k="name" v="Portman House"/>
  </way>
  <way id="1232676301">
    <nd ref="12149696639"/>
    <nd ref="11434934492"/>
    <nd ref="11434934493"/>
    <tag k="bicycle" v="yes"/>
    <tag k="highway" v="pedestrian"/>
    <tag k="surface" v="paved"/>
  </way>
  <way id="1233470686">
    <nd ref="11721625319"/>
    <nd ref="11445742437"/>
    <nd ref="11445742438"/>
    <tag k="footway" v="sidewalk"/>
    <tag k="highway" v="footway"/>
    <tag k="surface" v="paved"/>
  </way>
  <way id="1233470688">
    <nd ref="9494648287"/>
    <nd ref="11445742446"/>
    <nd ref="9998653907"/>
    <nd ref="11445742438"/>
    <tag k="footway" v="sidewalk"/>
    <tag k="highway" v="footway"/>
    <tag k="surface" v="paved"/>
  </way>
  <way id="1233470689">
    <nd ref="11445742450"/>
    <nd ref="11445742442"/>
    <nd ref="11445742443"/>
    <nd ref="9998653904"/>
    <tag k="footway" v="sidewalk"/>
    <tag k="highway" v="footway"/>
    <tag k="surface" v="paved"/>
  </way>
  <way id="1233470690">
    <nd ref="11445742454"/>
    <nd ref="11445742444"/>
    <nd ref="12073076685"/>
    <nd ref="12073076677"/>
    <nd ref="11445742445"/>
    <nd ref="11445742446"/>
    <tag k="footway" v="sidewalk"/>
    <tag k="highway" v="footway"/>
    <tag k="surface" v="paved"/>
  </way>
  <way id="1233470691">
    <nd ref="11445742448"/>
    <nd ref="11445742454"/>
    <nd ref="11445742435"/>
    <nd ref="11445742449"/>
    <nd ref="11445742450"/>
    <nd ref="11445742451"/>
    <nd ref="11445742452"/>
    <nd ref="11484006931"/>
    <nd ref="11445742453"/>
    <nd ref="5663268546"/>
    <tag k="footway" v="sidewalk"/>
    <tag k="highway" v="footway"/>
    <tag k="surface" v="paved"/>
  </way>
  <way id="1233986840">
    <nd ref="9998653904"/>
    <nd ref="11451595522"/>
    <nd ref="5598448152"/>
    <nd ref="11484027958"/>
    <nd ref="11484027957"/>
    <nd ref="11484027952"/>
    <nd ref="11484027953"/>
    <nd ref="11484027954"/>
    <nd ref="11484027955"/>
    <nd ref="11484027956"/>
    <tag k="footway" v="sidewalk"/>
    <tag k="highway" v="footway"/>
    <tag k="lit" v="yes"/>
    <tag k="surface" v="asphalt"/>
  </way>
  <way id="1236724852">
    <nd ref="5809738705"/>
    <nd ref="11484006898"/>
    <nd ref="11484006899"/>
    <tag k="barrier" v="retaining_wall"/>
  </way>
  <way id="1236724853">
    <nd ref="11484006913"/>
    <nd ref="11484006912"/>
    <nd ref="11484006911"/>
    <nd ref="11484006910"/>
    <tag k="barrier" v="retaining_wall"/>
  </way>
  <way id="1236724854">
    <nd ref="11484006910"/>
    <nd ref="11484006914"/>
    <nd ref="11484006913"/>
  </way>
  <way id="1236724855">
    <nd ref="11484006916"/>
    <nd ref="11484006917"/>
    <nd ref="11484006918"/>
    <nd ref="11484006919"/>
    <nd ref="11484006920"/>
    <nd ref="11484006921"/>
    <nd ref="11484006916"/>
    <tag k="leisure" v="garden"/>
  </way>
  <way id="1236724856">
    <nd ref="9033952771"/>
    <nd ref="11484006922"/>
    <nd ref="11484006923"/>
    <nd ref="5598448142"/>
    <nd ref="5598448141"/>
    <nd ref="775913756"/>
    <nd ref="11484006929"/>
    <nd ref="11484006927"/>
    <nd ref="11484006928"/>
    <nd ref="10740539198"/>
    <nd ref="775914148"/>
    <nd ref="5598448126"/>
    <nd ref="775914165"/>
    <nd ref="11484006924"/>
    <nd ref="11484006925"/>
    <nd ref="11484006926"/>
    <nd ref="11445742427"/>
    <nd ref="11445742426"/>
    <nd ref="11445742425"/>
    <nd ref="9033952771"/>
    <tag k="landuse" v="commercial"/>
  </way>
  <way id="1236724857">
    <nd ref="10740539198"/>
    <nd ref="775913759"/>
    <nd ref="775913756"/>
    <nd ref="11484006929"/>
    <nd ref="11484006927"/>
    <nd ref="11484006928"/>
    <nd ref="10740539198"/>
    <tag k="landuse" v="industrial"/>
  </way>
  <way id="1236724858">
    <nd ref="11484006934"/>
    <nd ref="11484006931"/>
    <nd ref="11484006929"/>
    <tag k="highway" v="service"/>
    <tag k="service" v="driveway"/>
  </way>
  <way id="1236724859">
    <nd ref="11484006929"/>
    <nd ref="11484006932"/>
    <nd ref="11484006933"/>
    <tag k="access" v="private"/>
    <tag k="highway" v="service"/>
    <tag k="service" v="driveway"/>
  </way>
  <way id="1236724861">
    <nd ref="11484006939"/>
    <nd ref="11484006940"/>
    <nd ref="11484006941"/>
    <nd ref="11484006942"/>
    <nd ref="11484006939"/>
    <tag k="amenity" v="shelter"/>
    <tag k="building" v="yes"/>
    <tag k="layer" v="1"/>
    <tag k="shelter_type" v="public_transport"/>
  </way>
  <way id="1236726521">
    <nd ref="11484006927"/>
    <nd ref="11484006929"/>
    <nd ref="775913756"/>
    <tag k="barrier" v="fence"/>
  </way>
  <way id="1236726522">
    <nd ref="775913759"/>
    <nd ref="10740539198"/>
    <tag k="barrier" v="fence"/>
  </way>
  <way id="1236726523">
    <nd ref="11484027928"/>
    <nd ref="11484027929"/>
    <nd ref="11484027939"/>
    <nd ref="11484027940"/>
    <nd ref="11484027930"/>
    <nd ref="11484027931"/>
    <nd ref="11484027938"/>
    <nd ref="11484027941"/>
    <nd ref="11484027928"/>
    <tag k="barrier" v="fence"/>
  </way>
  <way id="1236726524">
    <nd ref="11484027932"/>
    <nd ref="11484027933"/>
    <nd ref="11484027942"/>
    <nd ref="11484027936"/>
    <nd ref="11484027934"/>
    <nd ref="11484027935"/>
    <nd ref="11484027943"/>
    <nd ref="11484027937"/>
    <nd ref="11484027932"/>
    <tag k="barrier" v="fence"/>
  </way>
  <way id="1236726525">
    <nd ref="11484027936"/>
    <nd ref="11484027937"/>
    <tag k="barrier" v="fence"/>
  </way>
  <way id="1236726526">
    <nd ref="11484027938"/>
    <nd ref="11484027939"/>
    <tag k="barrier" v="fence"/>
  </way>
  <way id="1236726527">
    <nd ref="11484027944"/>
    <nd ref="11484027942"/>
    <tag k="access" v="no"/>
    <tag k="highway" v="steps"/>
    <tag k="service" v="emergency_access"/>
  </way>
  <way id="1236726528">
    <nd ref="11484027945"/>
    <nd ref="11484027943"/>
    <tag k="access" v="no"/>
    <tag k="highway" v="steps"/>
    <tag k="service" v="emergency_access"/>
  </way>
  <way id="1236726529">
    <nd ref="11484027941"/>
    <nd ref="11484027946"/>
    <tag k="access" v="no"/>
    <tag k="highway" v="steps"/>
    <tag k="service" v="emergency_access"/>
  </way>
  <way id="1236726530">
    <nd ref="11484027940"/>
    <nd ref="11484027947"/>
    <tag k="access" v="no"/>
    <tag k="highway" v="steps"/>
    <tag k="service" v="emergency_access"/>
  </way>
  <way id="1236726531">
    <nd ref="11484027948"/>
    <nd ref="11484027949"/>
    <nd ref="11484027950"/>
    <nd ref="11484027951"/>
    <nd ref="11484027948"/>
    <tag k="leisure" v="garden"/>
  </way>
  <way id="1236726532">
    <nd ref="11484027963"/>
    <nd ref="11484027962"/>
    <nd ref="11484027964"/>
    <nd ref="11484027965"/>
    <nd ref="11484027963"/>
    <tag k="leisure" v="garden"/>
  </way>
  <way id="1236726745">
    <nd ref="11484045822"/>
    <nd ref="11484045823"/>
    <nd ref="11484045824"/>
    <nd ref="11484045825"/>
    <nd ref="11484045826"/>
    <nd ref="11484045827"/>
    <nd ref="11484045828"/>
    <nd ref="11484045829"/>
    <nd ref="11484045830"/>
    <nd ref="11484045831"/>
    <nd ref="11484045832"/>
    <nd ref="11484045833"/>
    <nd ref="11484045834"/>
    <nd ref="11484045835"/>
    <nd ref="11484045836"/>
    <nd ref="11484045845"/>
    <nd ref="11484045844"/>
    <nd ref="11484045837"/>
    <nd ref="11484045838"/>
    <nd ref="11484045839"/>
    <nd ref="11484045840"/>
    <nd ref="11484045841"/>
    <nd ref="11484045842"/>
    <nd ref="11484045843"/>
    <nd ref="11484045822"/>
    <tag k="leisure" v="garden"/>
  </way>
  <way id="1241566524">
    <nd ref="11536196254"/>
    <nd ref="11536196263"/>
    <nd ref="772506363"/>
    <nd ref="11536196035"/>
    <nd ref="11536196038"/>
    <nd ref="11536196255"/>
    <nd ref="11536196256"/>
    <nd ref="11536196044"/>
    <nd ref="11721625320"/>
    <tag k="footway" v="sidewalk"/>
    <tag k="highway" v="footway"/>
  </way>
  <way id="1243068172">
    <nd ref="775914157"/>
    <nd ref="772607515"/>
    <nd ref="11552906468"/>
    <nd ref="775914143"/>
    <nd ref="775914110"/>
    <nd ref="775914095"/>
    <nd ref="775914157"/>
    <tag k="amenity" v="parking"/>
  </way>
  <way id="1243068173">
    <nd ref="11552936869"/>
    <nd ref="11552936870"/>
    <nd ref="11552936871"/>
    <nd ref="11552936872"/>
    <nd ref="11552936869"/>
    <tag k="amenity" v="parking"/>
  </way>
  <way id="1243068174">
    <nd ref="11552936873"/>
    <nd ref="11552936874"/>
    <nd ref="11552936875"/>
    <nd ref="11552936876"/>
    <nd ref="11552936873"/>
    <tag k="amenity" v="parking"/>
    <tag k="parking" v="street_side"/>
  </way>
  <way id="1249376184">
    <nd ref="6649909996"/>
    <nd ref="6651535709"/>
    <nd ref="6649497103"/>
    <nd ref="11625929135"/>
    <nd ref="11625929136"/>
    <nd ref="11625929137"/>
    <nd ref="5851315772"/>
    <nd ref="6651535721"/>
    <nd ref="6649536001"/>
    <nd ref="6649909988"/>
    <nd ref="6649497104"/>
    <nd ref="6649536004"/>
    <nd ref="6649903984"/>
    <nd ref="6649536005"/>
    <nd ref="6649903968"/>
    <nd ref="6661376295"/>
    <nd ref="6649536003"/>
    <nd ref="6649536002"/>
    <nd ref="11625929138"/>
    <nd ref="6649903969"/>
    <nd ref="11625929139"/>
    <nd ref="6649903975"/>
    <nd ref="6649903970"/>
    <nd ref="11625929140"/>
    <nd ref="6661376294"/>
    <nd ref="11625929141"/>
    <nd ref="11625929142"/>
    <nd ref="11625929143"/>
    <nd ref="6661376293"/>
    <nd ref="11625929144"/>
    <nd ref="6661376292"/>
    <nd ref="11625929145"/>
    <nd ref="11625929146"/>
    <nd ref="6649903971"/>
    <nd ref="11625929147"/>
    <nd ref="11625929148"/>
    <nd ref="11625929149"/>
    <nd ref="11625929150"/>
    <nd ref="11625929151"/>
    <nd ref="11625929152"/>
    <nd ref="11625929153"/>
    <nd ref="11625929154"/>
    <nd ref="11625929155"/>
    <nd ref="11625929156"/>
    <nd ref="11625929157"/>
    <nd ref="11625929158"/>
    <nd ref="11625929159"/>
    <nd ref="11625929160"/>
    <nd ref="11625929161"/>
    <nd ref="11625929162"/>
    <nd ref="11625929163"/>
    <nd ref="11625929164"/>
    <nd ref="11625929165"/>
    <nd ref="11625929166"/>
    <nd ref="11625929167"/>
    <nd ref="11625929168"/>
    <nd ref="11625929169"/>
    <nd ref="11625929170"/>
    <nd ref="11625929171"/>
    <nd ref="11625929173"/>
    <nd ref="11625929172"/>
    <nd ref="11625929175"/>
    <nd ref="11625929174"/>
    <nd ref="11625929176"/>
    <nd ref="6661376291"/>
    <nd ref="6649903974"/>
    <nd ref="6649536000"/>
    <nd ref="6649903939"/>
    <nd ref="5851315765"/>
    <nd ref="6649903960"/>
    <nd ref="6649903938"/>
    <nd ref="6649903936"/>
    <nd ref="6649535993"/>
    <nd ref="6649535994"/>
    <nd ref="11625929177"/>
    <nd ref="6649535992"/>
    <nd ref="6649903937"/>
    <nd ref="6649903948"/>
    <nd ref="11581333670"/>
    <nd ref="6649535998"/>
    <nd ref="11581333669"/>
    <nd ref="6649528532"/>
    <nd ref="6649504382"/>
    <nd ref="11625929178"/>
    <tag k="electrified" v="contact_line"/>
    <tag k="frequency" v="0"/>
    <tag k="gauge" v="1435"/>
    <tag k="layer" v="-5"/>
    <tag k="maxspeed" v="70"/>
    <tag k="name" v="Up Sydney Metro City &amp; Southwest"/>
    <tag k="oneway" v="yes"/>
    <tag k="railway" v="subway"/>
    <tag k="tunnel" v="yes"/>
    <tag k="usage" v="main"/>
    <tag k="voltage" v="1500"/>
  </way>
  <way id="1249376185">
    <nd ref="11625929179"/>
    <nd ref="6649665520"/>
    <nd ref="6649903917"/>
    <nd ref="6649903919"/>
    <nd ref="6649903952"/>
    <nd ref="11612558104"/>
    <nd ref="6649903950"/>
    <nd ref="6649903951"/>
    <nd ref="6649903953"/>
    <nd ref="6649903955"/>
    <nd ref="6649903954"/>
    <nd ref="6649903957"/>
    <nd ref="6649903956"/>
    <nd ref="6649903958"/>
    <nd ref="6649903959"/>
    <nd ref="6649903963"/>
    <nd ref="6649903964"/>
    <nd ref="6649903962"/>
    <nd ref="6649903965"/>
    <nd ref="6649903973"/>
    <nd ref="6649903961"/>
    <nd ref="6649903967"/>
    <nd ref="6649903966"/>
    <nd ref="11625929076"/>
    <nd ref="11625929075"/>
    <nd ref="11625929077"/>
    <nd ref="11625929078"/>
    <nd ref="11625929079"/>
    <nd ref="11625929080"/>
    <nd ref="11625929081"/>
    <nd ref="11625929082"/>
    <nd ref="11625929083"/>
    <nd ref="11625929085"/>
    <nd ref="11625929084"/>
    <nd ref="11625929086"/>
    <nd ref="11625929087"/>
    <nd ref="11625929088"/>
    <nd ref="11625929090"/>
    <nd ref="11625929091"/>
    <nd ref="11625929089"/>
    <nd ref="11625929092"/>
    <nd ref="11625929093"/>
    <nd ref="11625929094"/>
    <nd ref="10104719346"/>
    <nd ref="11625929095"/>
    <nd ref="11625929096"/>
    <nd ref="11625929097"/>
    <nd ref="11625929098"/>
    <nd ref="6649903972"/>
    <nd ref="11625929099"/>
    <nd ref="11625929100"/>
    <nd ref="11625929101"/>
    <nd ref="11625929102"/>
    <nd ref="6661376289"/>
    <nd ref="11625929103"/>
    <nd ref="11625929104"/>
    <nd ref="11625929105"/>
    <nd ref="11625929106"/>
    <nd ref="11625929107"/>
    <nd ref="6649903977"/>
    <nd ref="11625929108"/>
    <nd ref="11625929109"/>
    <nd ref="11625929110"/>
    <nd ref="6661376290"/>
    <nd ref="11625929111"/>
    <nd ref="11625929112"/>
    <nd ref="11625929113"/>
    <nd ref="11625929114"/>
    <nd ref="11625929115"/>
    <nd ref="6649903976"/>
    <nd ref="6661376288"/>
    <nd ref="6649903978"/>
    <nd ref="6661376287"/>
    <nd ref="6649909985"/>
    <nd ref="6649909986"/>
    <nd ref="6649903983"/>
    <nd ref="6649903982"/>
    <nd ref="6649903980"/>
    <nd ref="6649903981"/>
    <nd ref="6649903979"/>
    <nd ref="6649909987"/>
    <nd ref="6651535720"/>
    <nd ref="11625929116"/>
    <nd ref="11625929117"/>
    <nd ref="6649909989"/>
    <nd ref="11625929118"/>
    <nd ref="6651535708"/>
    <nd ref="11625929119"/>
    <nd ref="6649909990"/>
    <nd ref="9960676150"/>
    <tag k="electrified" v="contact_line"/>
    <tag k="frequency" v="0"/>
    <tag k="gauge" v="1435"/>
    <tag k="layer" v="-5"/>
    <tag k="maxspeed" v="70"/>
    <tag k="name" v="Down Sydney Metro City &amp; Southwest"/>
    <tag k="oneway" v="yes"/>
    <tag k="railway" v="subway"/>
    <tag k="tunnel" v="yes"/>
    <tag k="usage" v="main"/>
    <tag k="voltage" v="1500"/>
  </way>
  <way id="1254837964">
    <nd ref="11664901739"/>
    <nd ref="11664901740"/>
    <nd ref="11347961175"/>
    <tag k="footway" v="sidewalk"/>
    <tag k="highway" v="footway"/>
  </way>
  <way id="1254837965">
    <nd ref="10752273701"/>
    <nd ref="10752273704"/>
    <nd ref="10752273697"/>
    <tag k="footway" v="sidewalk"/>
    <tag k="highway" v="footway"/>
  </way>
  <way id="1254837966">
    <nd ref="11347961175"/>
    <nd ref="11347961177"/>
    <nd ref="10752273701"/>
    <tag k="crossing" v="unmarked"/>
    <tag k="crossing:markings" v="no"/>
    <tag k="footway" v="crossing"/>
    <tag k="highway" v="footway"/>
    <tag k="surface" v="concrete"/>
  </way>
  <way id="1254837967">
    <nd ref="11664901741"/>
    <nd ref="11347961178"/>
    <nd ref="5663203836"/>
    <tag k="footway" v="sidewalk"/>
    <tag k="highway" v="footway"/>
  </way>
  <way id="1254837968">
    <nd ref="10698787534"/>
    <nd ref="11347961179"/>
    <nd ref="11664901741"/>
    <tag k="crossing" v="unmarked"/>
    <tag k="crossing:markings" v="no"/>
    <tag k="footway" v="crossing"/>
    <tag k="highway" v="footway"/>
    <tag k="surface" v="asphalt"/>
  </way>
  <way id="1257002572">
    <nd ref="9998653901"/>
    <nd ref="9998653902"/>
    <nd ref="9998653906"/>
    <nd ref="9998653903"/>
    <nd ref="6089300945"/>
    <tag k="bicycle" v="yes"/>
    <tag k="footway" v="sidewalk"/>
    <tag k="highway" v="footway"/>
    <tag k="source:bicycle" v="survey;no end shared path sign"/>
    <tag k="surface" v="asphalt"/>
    <tag k="width" v="1.7"/>
  </way>
  <way id="1257002573">
    <nd ref="6089300945"/>
    <nd ref="9920608636"/>
    <nd ref="6089300946"/>
    <nd ref="6089300942"/>
    <nd ref="6089300943"/>
    <nd ref="5874667140"/>
    <nd ref="9630841220"/>
    <nd ref="6763105508"/>
    <nd ref="5874667136"/>
    <nd ref="5874667135"/>
    <nd ref="5874667134"/>
    <nd ref="6763105516"/>
    <nd ref="8755644796"/>
    <nd ref="6763105518"/>
    <nd ref="4585475280"/>
    <tag k="footway" v="sidewalk"/>
    <tag k="highway" v="footway"/>
    <tag k="surface" v="paving_stones"/>
  </way>
  <way id="1261353042">
    <nd ref="11445742436"/>
    <nd ref="11721625319"/>
    <tag k="crossing" v="traffic_signals"/>
    <tag k="footway" v="crossing"/>
    <tag k="highway" v="footway"/>
    <tag k="surface" v="paved"/>
  </way>
  <way id="1261353043">
    <nd ref="11721625320"/>
    <nd ref="11445742436"/>
    <tag k="crossing" v="traffic_signals"/>
    <tag k="footway" v="crossing"/>
    <tag k="highway" v="footway"/>
  </way>
  <way id="1285858178">
    <nd ref="6089300956"/>
    <nd ref="5874667139"/>
    <nd ref="11927704369"/>
    <tag k="footway" v="sidewalk"/>
    <tag k="highway" v="footway"/>
  </way>
  <way id="1287329335">
    <nd ref="11939252551"/>
    <nd ref="11939252552"/>
    <nd ref="11939252553"/>
    <nd ref="11939252554"/>
    <nd ref="11939252551"/>
    <tag k="leisure" v="park"/>
  </way>
  <way id="1288072872">
    <nd ref="11945247309"/>
    <nd ref="11945247310"/>
    <nd ref="11945247311"/>
    <nd ref="11945247312"/>
    <nd ref="11945247313"/>
    <nd ref="11945247314"/>
    <nd ref="11945247315"/>
    <nd ref="11945247316"/>
    <nd ref="11945247317"/>
    <nd ref="11945247318"/>
    <nd ref="11945247319"/>
    <nd ref="11945247309"/>
    <tag k="addr:housenumber" v="16"/>
    <tag k="addr:state" v="NSW"/>
    <tag k="addr:street" v="Hinchcliffe Street"/>
    <tag k="addr:suburb" v="Zetland"/>
    <tag k="building" v="apartments"/>
  </way>
  <way id="1288072873">
    <nd ref="8049252463"/>
    <nd ref="11945247320"/>
    <tag k="highway" v="pedestrian"/>
  </way>
  <way id="1299175553">
    <nd ref="12035170824"/>
    <nd ref="12035170825"/>
    <nd ref="10003333236"/>
    <tag k="footway" v="sidewalk"/>
    <tag k="highway" v="footway"/>
  </way>
  <way id="1299175554">
    <nd ref="6770787969"/>
    <nd ref="12035170826"/>
    <nd ref="12035170827"/>
    <nd ref="12035170824"/>
    <tag k="footway" v="sidewalk"/>
    <tag k="highway" v="footway"/>
    <tag k="layer" v="-1"/>
  </way>
  <way id="1299175555">
    <nd ref="12035170836"/>
    <nd ref="12035170838"/>
    <nd ref="12035170837"/>
    <tag k="crossing" v="unmarked"/>
    <tag k="crossing:markings" v="no"/>
    <tag k="footway" v="crossing"/>
    <tag k="highway" v="footway"/>
  </way>
  <way id="1299175556">
    <nd ref="12035170837"/>
    <nd ref="12035170839"/>
    <nd ref="12035170840"/>
    <nd ref="8117713091"/>
    <tag k="footway" v="sidewalk"/>
    <tag k="highway" v="footway"/>
  </way>
  <way id="1299175557">
    <nd ref="8117713086"/>
    <nd ref="8117713090"/>
    <nd ref="1851019013"/>
    <nd ref="8117713091"/>
    <tag k="crossing" v="traffic_signals"/>
    <tag k="crossing:island" v="no"/>
    <tag k="footway" v="crossing"/>
    <tag k="highway" v="footway"/>
    <tag k="surface" v="asphalt"/>
  </way>
  <way id="1299175558">
    <nd ref="11120951763"/>
    <nd ref="12035170841"/>
    <nd ref="4232915649"/>
    <nd ref="12035170842"/>
    <nd ref="12035170843"/>
    <nd ref="8117713091"/>
    <tag k="footway" v="sidewalk"/>
    <tag k="highway" v="footway"/>
    <tag k="surface" v="concrete"/>
  </way>
  <way id="1299234371">
    <nd ref="8530395952"/>
    <nd ref="12035566840"/>
    <nd ref="12035566841"/>
    <tag k="footway" v="sidewalk"/>
    <tag k="highway" v="footway"/>
  </way>
  <way id="1299234372">
    <nd ref="12035566841"/>
    <nd ref="12035566847"/>
    <nd ref="12035566844"/>
    <nd ref="10003333238"/>
    <tag k="footway" v="sidewalk"/>
    <tag k="highway" v="footway"/>
  </way>
  <way id="1303645919">
    <nd ref="5874667121"/>
    <nd ref="11445742441"/>
    <nd ref="11445742428"/>
    <nd ref="12073076676"/>
    <tag k="construction" v="tertiary"/>
    <tag k="highway" v="construction"/>
    <tag k="name" v="Ngamuru Avenue"/>
    <tag k="name:etymology" v="A word from the Gadigal language - nga (see), muru (path). This means 'to see'."/>
    <tag k="name:pronunciation" v="ing-a-mu-ru"/>
    <tag k="note" v="Currently paved over and used as a park.  Proposed road to be used by local, emergency vehicles and public transport in the future"/>
    <tag k="psv" v="designated"/>
    <tag k="source:name" v="https://meetings.cityofsydney.nsw.gov.au/ieDecisionDetails.aspx?ID=5351"/>
    <tag k="source:name:etymology" v="https://meetings.cityofsydney.nsw.gov.au/ieDecisionDetails.aspx?ID=5351"/>
    <tag k="source:name:pronunciation" v="https://meetings.cityofsydney.nsw.gov.au/ieDecisionDetails.aspx?ID=5351"/>
  </way>
  <way id="1303645920">
    <nd ref="12073076677"/>
    <nd ref="12073076678"/>
    <tag k="crossing" v="uncontrolled"/>
    <tag k="crossing:markings" v="yes"/>
    <tag k="footway" v="crossing"/>
    <tag k="highway" v="footway"/>
  </way>
  <way id="1303645921">
    <nd ref="11445742454"/>
    <nd ref="12073076681"/>
    <nd ref="12073076679"/>
    <nd ref="12073076680"/>
    <tag k="crossing" v="traffic_signals"/>
    <tag k="footway" v="crossing"/>
    <tag k="highway" v="footway"/>
  </way>
  <way id="1303645922">
    <nd ref="11445742450"/>
    <nd ref="12073076683"/>
    <nd ref="12073076684"/>
    <tag k="crossing" v="traffic_signals"/>
    <tag k="footway" v="crossing"/>
    <tag k="highway" v="footway"/>
  </way>
  <way id="1303646135">
    <nd ref="12073081980"/>
    <nd ref="12073081981"/>
    <nd ref="12073081982"/>
    <nd ref="12073081983"/>
    <nd ref="12073081984"/>
    <nd ref="12073081980"/>
    <tag k="landuse" v="construction"/>
  </way>
  <way id="1303646657">
    <nd ref="9494648287"/>
    <nd ref="5874667126"/>
    <tag k="crossing" v="traffic_signals"/>
    <tag k="crossing:island" v="no"/>
    <tag k="crossing:markings" v="no"/>
    <tag k="cycleway" v="crossing"/>
    <tag k="foot" v="no"/>
    <tag k="highway" v="cycleway"/>
    <tag k="oneway" v="no"/>
    <tag k="surface" v="asphalt"/>
  </way>
  <way id="1303646658">
    <nd ref="9998653904"/>
    <nd ref="11445742441"/>
    <nd ref="9494648287"/>
    <tag k="footway" v="sidewalk"/>
    <tag k="highway" v="footway"/>
    <tag k="surface" v="paved"/>
  </way>
  <way id="1312599584">
    <nd ref="11434934494"/>
    <nd ref="12149696639"/>
    <tag k="bicycle" v="yes"/>
    <tag k="highway" v="steps"/>
    <tag k="surface" v="paved"/>
  </way>
  <way id="1329001068">
    <nd ref="12295959236"/>
    <nd ref="12295959237"/>
    <nd ref="12295959238"/>
    <nd ref="12295959239"/>
    <nd ref="12295959236"/>
    <tag k="area" v="yes"/>
    <tag k="area:highway" v="traffic_island"/>
  </way>
  <way id="1329001069">
    <nd ref="12295959240"/>
    <nd ref="12295959241"/>
    <nd ref="12295959242"/>
    <nd ref="12295959243"/>
    <nd ref="12295959240"/>
    <tag k="area" v="yes"/>
    <tag k="area:highway" v="traffic_island"/>
  </way>
  <way id="1329001255">
    <nd ref="12295955799"/>
    <nd ref="12295955798"/>
    <nd ref="12295955797"/>
    <nd ref="12295952523"/>
    <nd ref="12295952524"/>
    <nd ref="12295952525"/>
    <nd ref="12295952526"/>
    <nd ref="9150717569"/>
    <tag k="bicycle" v="designated"/>
    <tag k="foot" v="no"/>
    <tag k="highway" v="cycleway"/>
    <tag k="lanes" v="1"/>
    <tag k="oneway" v="yes"/>
    <tag k="surface" v="asphalt"/>
  </way>
  <way id="1344514648">
    <nd ref="10740557233"/>
    <nd ref="10740557259"/>
    <nd ref="10740557260"/>
    <tag k="highway" v="corridor"/>
    <tag k="indoor" v="yes"/>
    <tag k="layer" v="-2"/>
    <tag k="level" v="-2"/>
  </way>
  <way id="1353059779">
    <nd ref="12519670239"/>
    <nd ref="12519670237"/>
    <nd ref="12519670238"/>
    <nd ref="12519670236"/>
    <nd ref="12519670239"/>
    <tag k="check_date" v="2025-01"/>
    <tag k="landuse" v="construction"/>
  </way>
  <way id="1353934841">
    <nd ref="12073076680"/>
    <nd ref="12529211333"/>
    <nd ref="12529211334"/>
    <nd ref="12529211335"/>
    <nd ref="12529211336"/>
    <nd ref="12529211337"/>
    <nd ref="12529211338"/>
    <tag k="check_date" v="2025-01"/>
    <tag k="foot" v="yes"/>
    <tag k="footway" v="sidewalk"/>
    <tag k="highway" v="footway"/>
  </way>
  <way id="1362839562">
    <nd ref="8530395958"/>
    <nd ref="12618143005"/>
    <nd ref="12618143006"/>
    <nd ref="12618143007"/>
    <nd ref="12618143008"/>
    <nd ref="8530395959"/>
    <nd ref="12618143009"/>
    <nd ref="8530395957"/>
    <nd ref="12618143010"/>
    <nd ref="12618143011"/>
    <nd ref="12618143012"/>
    <nd ref="12618143013"/>
    <nd ref="12618143014"/>
    <nd ref="8530395958"/>
    <tag k="area:highway" v="traffic_island"/>
    <tag k="barrier" v="kerb"/>
    <tag k="kerb" v="raised"/>
    <tag k="surface" v="paving_stones"/>
  </way>
  <way id="1362840272">
    <nd ref="12618163267"/>
    <nd ref="12618163266"/>
    <nd ref="12618163268"/>
    <tag k="crossing" v="traffic_signals"/>
    <tag k="crossing:island" v="no"/>
    <tag k="crossing:markings" v="dashes"/>
    <tag k="footway" v="crossing"/>
    <tag k="highway" v="footway"/>
    <tag k="surface" v="paved"/>
  </way>
  <way id="1362840273">
    <nd ref="12618163268"/>
    <nd ref="12618163264"/>
    <tag k="footway" v="sidewalk"/>
    <tag k="highway" v="footway"/>
    <tag k="surface" v="paved"/>
  </way>
  <way id="1362840274">
    <nd ref="12618163265"/>
    <nd ref="12618163267"/>
    <tag k="footway" v="sidewalk"/>
    <tag k="highway" v="footway"/>
    <tag k="surface" v="paved"/>
  </way>
  <way id="1362841263">
    <nd ref="12618172341"/>
    <nd ref="12618172346"/>
    <nd ref="12618172342"/>
    <nd ref="12618172344"/>
    <nd ref="12618172343"/>
    <nd ref="12618172345"/>
    <nd ref="12618172341"/>
    <tag k="area:highway" v="traffic_island"/>
    <tag k="surface" v="paved"/>
  </way>
  <way id="1362841264">
    <nd ref="12618172346"/>
    <nd ref="7895181246"/>
    <nd ref="12618172345"/>
    <tag k="footway" v="traffic_island"/>
    <tag k="highway" v="footway"/>
    <tag k="surface" v="paved"/>
  </way>
  <way id="1362841265">
    <nd ref="12618172344"/>
    <nd ref="7895181246"/>
    <tag k="footway" v="traffic_island"/>
    <tag k="highway" v="footway"/>
    <tag k="surface" v="paved"/>
  </way>
  <relation id="7878">
    <member type="way" ref="183759858" role="from"/>
    <member type="node" ref="15445737" role="via"/>
    <member type="way" ref="173866831" role="to"/>
    <tag k="restriction" v="no_left_turn"/>
    <tag k="type" v="restriction"/>
  </relation>
  <relation id="2264483">
    <member type="way" ref="871534798" role=""/>
    <member type="way" ref="871534798" role=""/>
    <member type="way" ref="53265951" role=""/>
    <member type="way" ref="170174766" role=""/>
    <member type="way" ref="170164946" role=""/>
    <member type="way" ref="406894301" role=""/>
    <member type="way" ref="143683593" role=""/>
    <member type="way" ref="99147818" role=""/>
    <member type="way" ref="99147819" role=""/>
    <member type="way" ref="406894302" role=""/>
    <member type="way" ref="53265946" role=""/>
    <member type="way" ref="942523822" role=""/>
    <member type="way" ref="942523824" role=""/>
    <member type="way" ref="1023806444" role=""/>
    <member type="way" ref="1023806443" role=""/>
    <member type="way" ref="1023806442" role=""/>
    <member type="way" ref="942523825" role=""/>
    <member type="way" ref="1223133308" role=""/>
    <member type="way" ref="1023806403" role=""/>
    <member type="way" ref="1223133307" role=""/>
    <member type="way" ref="409392103" role=""/>
    <member type="way" ref="409392105" role=""/>
    <member type="way" ref="403016068" role=""/>
    <member type="way" ref="700907389" role=""/>
    <member type="way" ref="587208149" role=""/>
    <member type="way" ref="587208148" role=""/>
    <member type="way" ref="636424291" role=""/>
    <member type="way" ref="949289224" role=""/>
    <member type="way" ref="403016067" role=""/>
    <member type="way" ref="530719315" role=""/>
    <member type="way" ref="100183510" role=""/>
    <member type="way" ref="881188612" role=""/>
    <member type="way" ref="83253105" role=""/>
    <member type="way" ref="930479073" role=""/>
    <member type="way" ref="930479072" role=""/>
    <member type="way" ref="797043854" role=""/>
    <member type="way" ref="915662279" role=""/>
    <member type="way" ref="528720828" role=""/>
    <member type="way" ref="930479071" role=""/>
    <member type="way" ref="1017506969" role=""/>
    <member type="way" ref="930479070" role=""/>
    <member type="way" ref="298905696" role=""/>
    <member type="way" ref="298288923" role=""/>
    <member type="way" ref="881235721" role=""/>
    <member type="way" ref="881235717" role=""/>
    <member type="way" ref="170175185" role=""/>
    <member type="way" ref="587208156" role=""/>
    <member type="way" ref="930479067" role=""/>
    <member type="way" ref="298288960" role=""/>
    <member type="way" ref="867922158" role=""/>
    <member type="way" ref="867922158" role=""/>
    <member type="way" ref="170164073" role=""/>
    <member type="way" ref="720806490" role=""/>
    <member type="way" ref="918488841" role=""/>
    <member type="way" ref="720806487" role=""/>
    <member type="way" ref="530719316" role=""/>
    <member type="way" ref="183759962" role=""/>
    <member type="way" ref="183759944" role=""/>
    <member type="way" ref="881190066" role=""/>
    <member type="way" ref="1029283791" role=""/>
    <member type="way" ref="881190067" role=""/>
    <member type="way" ref="881190068" role=""/>
    <member type="way" ref="100183508" role=""/>
    <member type="way" ref="271093117" role=""/>
    <member type="way" ref="1029287331" role=""/>
    <member type="way" ref="100183506" role=""/>
    <member type="way" ref="901602010" role=""/>
    <member type="way" ref="100183511" role=""/>
    <member type="way" ref="881190069" role=""/>
    <member type="way" ref="881957744" role=""/>
    <member type="way" ref="881190070" role=""/>
    <member type="way" ref="100183507" role=""/>
    <member type="way" ref="881190072" role=""/>
    <member type="way" ref="881190071" role=""/>
    <member type="way" ref="881190073" role=""/>
    <member type="way" ref="881190074" role=""/>
    <member type="way" ref="241373628" role=""/>
    <member type="way" ref="881190075" role=""/>
    <member type="way" ref="1094038330" role=""/>
    <member type="way" ref="720742382" role=""/>
    <member type="way" ref="918488830" role=""/>
    <member type="way" ref="918488831" role=""/>
    <member type="way" ref="720742380" role=""/>
    <member type="way" ref="1050687890" role=""/>
    <member type="way" ref="720742377" role=""/>
    <member type="way" ref="720742379" role=""/>
    <member type="way" ref="720742378" role=""/>
    <member type="way" ref="720742376" role=""/>
    <member type="way" ref="918488799" role=""/>
    <member type="way" ref="721775205" role=""/>
    <member type="way" ref="721775204" role=""/>
    <member type="way" ref="918488819" role=""/>
    <member type="way" ref="721775203" role=""/>
    <member type="way" ref="435895034" role=""/>
    <member type="way" ref="918488815" role=""/>
    <member type="way" ref="720806473" role=""/>
    <member type="way" ref="918488837" role=""/>
    <member type="way" ref="918488836" role=""/>
    <member type="way" ref="720806477" role=""/>
    <member type="way" ref="720806476" role=""/>
    <member type="way" ref="175000812" role=""/>
    <member type="way" ref="182546227" role=""/>
    <member type="way" ref="761862730" role=""/>
    <member type="way" ref="720806478" role=""/>
    <member type="way" ref="720808639" role=""/>
    <member type="way" ref="720806482" role=""/>
    <member type="way" ref="720806483" role=""/>
    <member type="way" ref="720806484" role=""/>
    <member type="way" ref="720806485" role=""/>
    <member type="way" ref="172920168" role=""/>
    <member type="way" ref="414910242" role=""/>
    <member type="way" ref="918488802" role=""/>
    <member type="way" ref="918488803" role=""/>
    <member type="way" ref="170175183" role=""/>
    <member type="way" ref="292828588" role=""/>
    <member type="way" ref="278779323" role=""/>
    <member type="way" ref="281971690" role=""/>
    <member type="way" ref="292828586" role=""/>
    <member type="way" ref="918488801" role=""/>
    <member type="way" ref="292828589" role=""/>
    <member type="way" ref="918488811" role=""/>
    <member type="way" ref="292828590" role=""/>
    <member type="way" ref="918488812" role=""/>
    <member type="way" ref="278779322" role=""/>
    <member type="way" ref="918488813" role=""/>
    <member type="way" ref="918488814" role=""/>
    <member type="way" ref="174745739" role=""/>
    <member type="way" ref="174745735" role=""/>
    <member type="way" ref="918488843" role=""/>
    <member type="way" ref="182546245" role=""/>
    <member type="way" ref="918488835" role=""/>
    <member type="way" ref="918488834" role=""/>
    <member type="way" ref="918488817" role=""/>
    <member type="way" ref="918488816" role=""/>
    <tag k="description" v="Mascot to Woolloomooloo"/>
    <tag k="email" v="council@cityofsydney.nsw.gov.au"/>
    <tag k="name" v="Bourke Route"/>
    <tag k="network" v="rcn"/>
    <tag k="operator" v="City of Sydney"/>
    <tag k="phone" v="+61 2 9265 9333"/>
    <tag k="rcn" v="yes"/>
    <tag k="route" v="bicycle"/>
    <tag k="source" v="knowledge, physical inspection"/>
    <tag k="type" v="route"/>
    <tag k="website" v="https://online.cityofsydney.nsw.gov.au/ReportIssue/OtherIssue?TypeId=30"/>
  </relation>
  <relation id="2264564">
    <member type="node" ref="2830871804" role="destination"/>
    <member type="node" ref="2830817090" role="destination"/>
    <member type="way" ref="404177357" role=""/>
    <member type="way" ref="918488798" role=""/>
    <member type="way" ref="918488797" role=""/>
    <member type="way" ref="281971689" role=""/>
    <member type="way" ref="918488800" role=""/>
    <member type="way" ref="278779321" role=""/>
    <member type="way" ref="174728319" role=""/>
    <member type="way" ref="440757835" role=""/>
    <member type="way" ref="292828587" role=""/>
    <member type="way" ref="175166130" role=""/>
    <member type="way" ref="278779318" role=""/>
    <member type="way" ref="281971690" role=""/>
    <member type="way" ref="292828584" role=""/>
    <member type="way" ref="49101587" role=""/>
    <member type="way" ref="23381373" role=""/>
    <member type="way" ref="1250724874" role=""/>
    <member type="way" ref="292828591" role=""/>
    <member type="way" ref="278779317" role=""/>
    <member type="way" ref="807471255" role=""/>
    <member type="way" ref="24220893" role=""/>
    <member type="way" ref="989276189" role=""/>
    <member type="way" ref="972917738" role=""/>
    <member type="way" ref="1297318356" role=""/>
    <member type="way" ref="989276188" role=""/>
    <member type="way" ref="1297318357" role=""/>
    <member type="way" ref="521222389" role=""/>
    <member type="way" ref="343561056" role=""/>
    <member type="way" ref="742056297" role=""/>
    <member type="way" ref="721047939" role=""/>
    <member type="way" ref="1018693827" role=""/>
    <member type="way" ref="1018693828" role=""/>
    <member type="way" ref="857694248" role=""/>
    <member type="way" ref="1297318355" role=""/>
    <member type="way" ref="1217947297" role=""/>
    <member type="way" ref="1018693826" role=""/>
    <member type="way" ref="302981814" role=""/>
    <member type="way" ref="372660739" role=""/>
    <member type="way" ref="302981824" role=""/>
    <member type="way" ref="264271059" role=""/>
    <member type="way" ref="1297318351" role=""/>
    <tag k="email" v="council@cityofsydney.nsw.gov.au"/>
    <tag k="lcn" v="yes"/>
    <tag k="name" v="Sydney City – Green Square"/>
    <tag k="network" v="rcn"/>
    <tag k="operator" v="City of Sydney"/>
    <tag k="phone" v="+61 2 9265 9333"/>
    <tag k="ref" v="Cty-GrnSqr"/>
    <tag k="roundtrip" v="no"/>
    <tag k="route" v="bicycle"/>
    <tag k="source" v="knowledge;route signs"/>
    <tag k="symbol" v="destination wayfinding"/>
    <tag k="type" v="route"/>
    <tag k="website" v="https://online.cityofsydney.nsw.gov.au/ReportIssue/OtherIssue?TypeId=30"/>
  </relation>
  <relation id="2446777">
    <member type="way" ref="7875748" role="from"/>
    <member type="way" ref="185267923" role="to"/>
    <member type="node" ref="15445737" role="via"/>
    <tag k="restriction" v="no_right_turn"/>
    <tag k="type" v="restriction"/>
  </relation>
  <relation id="2620564">
    <member type="way" ref="194616034" role="to"/>
    <member type="node" ref="1837594591" role="via"/>
    <member type="way" ref="568316752" role="from"/>
    <tag k="restriction" v="no_right_turn"/>
    <tag k="type" v="restriction"/>
  </relation>
  <relation id="2725198">
    <member type="way" ref="756564601" role="from"/>
    <member type="node" ref="1837594591" role="via"/>
    <member type="way" ref="791790681" role="to"/>
    <tag k="restriction" v="no_right_turn"/>
    <tag k="type" v="restriction"/>
  </relation>
  <relation id="2725201">
    <member type="way" ref="185267923" role="from"/>
    <member type="way" ref="173866831" role="to"/>
    <member type="node" ref="15445737" role="via"/>
    <tag k="restriction" v="no_right_turn"/>
    <tag k="type" v="restriction"/>
  </relation>
  <relation id="2916624">
    <member type="node" ref="18319535" role="label"/>
    <member type="way" ref="280773529" role="outer"/>
    <member type="way" ref="280773526" role="outer"/>
    <member type="way" ref="3725975" role="outer"/>
    <member type="way" ref="399831781" role="outer"/>
    <member type="way" ref="28596341" role="outer"/>
    <member type="way" ref="592218761" role="outer"/>
    <member type="way" ref="721047932" role="outer"/>
    <member type="way" ref="220553493" role="outer"/>
    <member type="way" ref="3190040" role="outer"/>
    <member type="way" ref="6550682" role="outer"/>
    <member type="way" ref="115328140" role="outer"/>
    <member type="way" ref="4338559" role="outer"/>
    <member type="way" ref="383149278" role="outer"/>
    <member type="way" ref="383149276" role="outer"/>
    <member type="way" ref="220553496" role="outer"/>
    <member type="way" ref="220554131" role="outer"/>
    <member type="way" ref="220553502" role="outer"/>
    <member type="way" ref="220554129" role="outer"/>
    <member type="way" ref="173221013" role="outer"/>
    <member type="way" ref="3093794" role="outer"/>
    <member type="way" ref="1063788469" role="outer"/>
    <member type="way" ref="35154888" role="outer"/>
    <member type="way" ref="173567611" role="outer"/>
    <member type="way" ref="220553497" role="outer"/>
    <member type="way" ref="440882200" role="outer"/>
    <member type="way" ref="49101537" role="outer"/>
    <member type="way" ref="220553500" role="outer"/>
    <member type="way" ref="172388818" role="outer"/>
    <member type="way" ref="261017109" role="outer"/>
    <member type="way" ref="796700881" role="outer"/>
    <member type="way" ref="796700880" role="outer"/>
    <member type="way" ref="220553495" role="outer"/>
    <member type="way" ref="804153687" role="outer"/>
    <member type="way" ref="220553503" role="outer"/>
    <member type="way" ref="786450534" role="outer"/>
    <member type="way" ref="823021769" role="outer"/>
    <member type="way" ref="823021770" role="outer"/>
    <member type="way" ref="220554134" role="outer"/>
    <member type="way" ref="220554130" role="outer"/>
    <member type="way" ref="380351071" role="outer"/>
    <member type="way" ref="380351085" role="outer"/>
    <member type="way" ref="366661762" role="outer"/>
    <member type="way" ref="1325551363" role="outer"/>
    <member type="way" ref="1087708369" role="outer"/>
    <member type="way" ref="366661745" role="outer"/>
    <member type="way" ref="366661756" role="outer"/>
    <member type="way" ref="783043370" role="outer"/>
    <member type="way" ref="366661741" role="outer"/>
    <member type="way" ref="658928347" role="outer"/>
    <member type="way" ref="172311599" role="outer"/>
    <member type="way" ref="943415146" role="outer"/>
    <member type="way" ref="252126873" role="outer"/>
    <member type="way" ref="173806879" role="outer"/>
    <member type="way" ref="173806922" role="outer"/>
    <member type="way" ref="380458015" role="outer"/>
    <member type="way" ref="380458012" role="outer"/>
    <member type="way" ref="173806953" role="outer"/>
    <member type="way" ref="845539026" role="outer"/>
    <member type="way" ref="1190302667" role="outer"/>
    <member type="way" ref="1190302679" role="outer"/>
    <member type="way" ref="1190302669" role="outer"/>
    <member type="way" ref="1190302666" role="outer"/>
    <member type="way" ref="756564600" role="outer"/>
    <member type="way" ref="194616034" role="outer"/>
    <member type="way" ref="1156458383" role="outer"/>
    <tag k="admin_level" v="9"/>
    <tag k="boundary" v="administrative"/>
    <tag k="name" v="Alexandria"/>
    <tag k="place" v="suburb"/>
    <tag k="postal_code" v="2015"/>
    <tag k="ref:nswlpi:cadid" v="108031945"/>
    <tag k="ref:psma:loc_pid" v="NSW30"/>
    <tag k="source" v="ABS2011-data.gov.au;bing;interpolation"/>
    <tag k="type" v="boundary"/>
    <tag k="wikidata" v="Q2915846"/>
  </relation>
  <relation id="3341773">
    <member type="node" ref="4759740935" role="platform"/>
    <member type="node" ref="7625728518" role="platform"/>
    <member type="node" ref="7625728519" role="platform"/>
    <member type="node" ref="7625728520" role="platform"/>
    <member type="node" ref="7625728521" role="platform"/>
    <member type="node" ref="2548266179" role="platform"/>
    <member type="node" ref="2072559922" role="platform"/>
    <member type="node" ref="1878813676" role="platform"/>
    <member type="node" ref="2548269176" role="platform"/>
    <member type="node" ref="2548269178" role="platform"/>
    <member type="node" ref="2910212401" role="platform"/>
    <member type="node" ref="2997144533" role="platform"/>
    <member type="node" ref="1252086573" role="platform"/>
    <member type="node" ref="3064537235" role="platform"/>
    <member type="node" ref="3064537234" role="platform"/>
    <member type="node" ref="501795518" role="platform"/>
    <member type="node" ref="2932587302" role="platform"/>
    <member type="node" ref="2932586502" role="platform"/>
    <member type="node" ref="2932586501" role="platform"/>
    <member type="node" ref="3056659133" role="platform"/>
    <member type="node" ref="3056659034" role="platform"/>
    <member type="node" ref="3056659233" role="platform"/>
    <member type="node" ref="3056659234" role="platform"/>
    <member type="node" ref="11703308801" role="platform"/>
    <member type="node" ref="11703308802" role="platform"/>
    <member type="node" ref="9540397206" role="platform"/>
    <member type="node" ref="7474734733" role="platform"/>
    <member type="node" ref="12071499718" role="platform"/>
    <member type="node" ref="3318197661" role="platform"/>
    <member type="node" ref="3056659334" role="platform"/>
    <member type="node" ref="3318197561" role="platform"/>
    <member type="node" ref="7066425012" role="platform"/>
    <member type="node" ref="11664901760" role="platform"/>
    <member type="node" ref="3056660233" role="platform"/>
    <member type="node" ref="3056660234" role="platform"/>
    <member type="node" ref="3056660334" role="platform"/>
    <member type="node" ref="3056659335" role="platform"/>
    <member type="node" ref="2221479022" role="platform"/>
    <member type="node" ref="2221479017" role="platform"/>
    <member type="node" ref="202404049" role="platform"/>
    <member type="node" ref="202404352" role="platform"/>
    <member type="node" ref="10696100805" role="platform"/>
    <member type="node" ref="2886708102" role="platform"/>
    <member type="node" ref="2906618501" role="platform"/>
    <member type="node" ref="2976587336" role="platform"/>
    <member type="node" ref="3057054233" role="platform"/>
    <member type="node" ref="10696106805" role="platform"/>
    <member type="node" ref="3011604333" role="platform"/>
    <member type="way" ref="175683637" role=""/>
    <member type="way" ref="172381830" role=""/>
    <member type="way" ref="247979294" role=""/>
    <member type="way" ref="247956388" role=""/>
    <member type="way" ref="603034320" role=""/>
    <member type="way" ref="603034321" role=""/>
    <member type="way" ref="504335708" role=""/>
    <member type="way" ref="1321802157" role=""/>
    <member type="way" ref="224576119" role=""/>
    <member type="way" ref="603163631" role=""/>
    <member type="way" ref="603163635" role=""/>
    <member type="way" ref="603163632" role=""/>
    <member type="way" ref="603163622" role=""/>
    <member type="way" ref="603163636" role=""/>
    <member type="way" ref="529156808" role=""/>
    <member type="way" ref="672905147" role=""/>
    <member type="way" ref="247956389" role=""/>
    <member type="way" ref="169911706" role=""/>
    <member type="way" ref="576866506" role=""/>
    <member type="way" ref="672905153" role=""/>
    <member type="way" ref="672905164" role=""/>
    <member type="way" ref="153510456" role=""/>
    <member type="way" ref="411198557" role=""/>
    <member type="way" ref="411198556" role=""/>
    <member type="way" ref="411017205" role=""/>
    <member type="way" ref="172425691" role=""/>
    <member type="way" ref="806273098" role=""/>
    <member type="way" ref="175969864" role=""/>
    <member type="way" ref="175777712" role=""/>
    <member type="way" ref="574620586" role=""/>
    <member type="way" ref="574620580" role=""/>
    <member type="way" ref="47026150" role=""/>
    <member type="way" ref="574620583" role=""/>
    <member type="way" ref="173561297" role=""/>
    <member type="way" ref="1007590182" role=""/>
    <member type="way" ref="338613725" role=""/>
    <member type="way" ref="175972891" role=""/>
    <member type="way" ref="286361145" role=""/>
    <member type="way" ref="301587278" role=""/>
    <member type="way" ref="301587284" role=""/>
    <member type="way" ref="1095300525" role=""/>
    <member type="way" ref="1095300526" role=""/>
    <member type="way" ref="286361144" role=""/>
    <member type="way" ref="792199035" role=""/>
    <member type="way" ref="286361143" role=""/>
    <member type="way" ref="286361142" role=""/>
    <member type="way" ref="82022380" role=""/>
    <member type="way" ref="1292571915" role=""/>
    <member type="way" ref="252129994" role=""/>
    <member type="way" ref="307247677" role=""/>
    <member type="way" ref="175260616" role=""/>
    <member type="way" ref="173574126" role=""/>
    <member type="way" ref="528434019" role=""/>
    <member type="way" ref="173575911" role=""/>
    <member type="way" ref="173575906" role=""/>
    <member type="way" ref="173575910" role=""/>
    <member type="way" ref="173575908" role=""/>
    <member type="way" ref="174600387" role=""/>
    <member type="way" ref="173575913" role=""/>
    <member type="way" ref="173610874" role=""/>
    <member type="way" ref="247981348" role=""/>
    <member type="way" ref="1104210089" role=""/>
    <member type="way" ref="804153687" role=""/>
    <member type="way" ref="220553495" role=""/>
    <member type="way" ref="823586801" role=""/>
    <member type="way" ref="796700875" role=""/>
    <member type="way" ref="796700882" role=""/>
    <member type="way" ref="261017109" role=""/>
    <member type="way" ref="172388818" role=""/>
    <member type="way" ref="171685451" role=""/>
    <member type="way" ref="49101537" role=""/>
    <member type="way" ref="440882200" role=""/>
    <member type="way" ref="1370857565" role=""/>
    <member type="way" ref="1370857564" role=""/>
    <member type="way" ref="171685461" role=""/>
    <member type="way" ref="173567611" role=""/>
    <member type="way" ref="35154888" role=""/>
    <member type="way" ref="84735729" role=""/>
    <member type="way" ref="3093948" role=""/>
    <member type="way" ref="595751686" role=""/>
    <member type="way" ref="595751687" role=""/>
    <member type="way" ref="172388817" role=""/>
    <member type="way" ref="791559305" role=""/>
    <member type="way" ref="793060188" role=""/>
    <member type="way" ref="252129995" role=""/>
    <member type="way" ref="440882189" role=""/>
    <member type="way" ref="1156210189" role=""/>
    <member type="way" ref="5151635" role=""/>
    <member type="way" ref="1156210190" role=""/>
    <member type="way" ref="521118545" role=""/>
    <member type="way" ref="35154880" role=""/>
    <member type="way" ref="791790681" role=""/>
    <member type="way" ref="194616034" role=""/>
    <member type="way" ref="756564600" role=""/>
    <member type="way" ref="1190302666" role=""/>
    <member type="way" ref="1190302669" role=""/>
    <member type="way" ref="1190302679" role=""/>
    <member type="way" ref="1190302667" role=""/>
    <member type="way" ref="845539026" role=""/>
    <member type="way" ref="380458009" role=""/>
    <member type="way" ref="349676672" role=""/>
    <member type="way" ref="3190084" role=""/>
    <member type="way" ref="333521825" role=""/>
    <member type="way" ref="34207087" role=""/>
    <member type="way" ref="1190302656" role=""/>
    <member type="way" ref="174405627" role=""/>
    <member type="way" ref="757542861" role=""/>
    <member type="way" ref="757542860" role=""/>
    <member type="way" ref="1190302658" role=""/>
    <member type="way" ref="1316681852" role=""/>
    <member type="way" ref="1190302657" role=""/>
    <member type="way" ref="185267924" role=""/>
    <member type="way" ref="1190302652" role=""/>
    <member type="way" ref="1190302649" role=""/>
    <member type="way" ref="171277768" role=""/>
    <member type="way" ref="1190302650" role=""/>
    <member type="way" ref="37783940" role=""/>
    <member type="way" ref="172985285" role=""/>
    <member type="way" ref="1190302647" role=""/>
    <member type="way" ref="383144291" role=""/>
    <member type="way" ref="1236722728" role=""/>
    <member type="way" ref="1236722726" role=""/>
    <member type="way" ref="34102547" role=""/>
    <member type="way" ref="35205753" role=""/>
    <member type="way" ref="171382188" role=""/>
    <member type="way" ref="49090126" role=""/>
    <member type="way" ref="171382180" role=""/>
    <member type="way" ref="49090123" role=""/>
    <member type="way" ref="171382177" role=""/>
    <member type="way" ref="49090120" role=""/>
    <member type="way" ref="574570608" role=""/>
    <member type="way" ref="247981347" role=""/>
    <member type="way" ref="1016151836" role=""/>
    <member type="way" ref="574570621" role=""/>
    <member type="way" ref="171382186" role=""/>
    <member type="way" ref="35205761" role=""/>
    <member type="way" ref="1016151871" role=""/>
    <member type="way" ref="1016151872" role=""/>
    <member type="way" ref="35205755" role=""/>
    <member type="way" ref="1052994985" role=""/>
    <member type="way" ref="10205952" role=""/>
    <member type="way" ref="247981350" role=""/>
    <member type="way" ref="712430672" role=""/>
    <member type="way" ref="169172920" role=""/>
    <member type="way" ref="574570631" role=""/>
    <member type="way" ref="574570639" role=""/>
    <member type="way" ref="251111269" role=""/>
    <member type="way" ref="574570625" role=""/>
    <member type="way" ref="384217847" role=""/>
    <member type="way" ref="1156226147" role=""/>
    <member type="way" ref="172760924" role=""/>
    <member type="way" ref="170161285" role=""/>
    <member type="way" ref="836014458" role=""/>
    <member type="way" ref="836014459" role=""/>
    <member type="way" ref="694202521" role=""/>
    <member type="way" ref="172760917" role=""/>
    <member type="way" ref="1299459542" role=""/>
    <member type="way" ref="1299459541" role=""/>
    <member type="way" ref="694202528" role=""/>
    <member type="way" ref="225731404" role=""/>
    <member type="way" ref="567899642" role=""/>
    <member type="way" ref="47134531" role=""/>
    <member type="way" ref="3743121" role=""/>
    <member type="way" ref="787331003" role=""/>
    <member type="way" ref="3743124" role=""/>
    <member type="way" ref="47134529" role=""/>
    <member type="way" ref="252114526" role=""/>
    <member type="way" ref="1267812896" role=""/>
    <member type="way" ref="771914124" role=""/>
    <member type="way" ref="171136030" role=""/>
    <member type="way" ref="47134527" role=""/>
    <member type="way" ref="47134533" role=""/>
    <member type="way" ref="1094677780" role=""/>
    <member type="way" ref="252114520" role=""/>
    <member type="way" ref="1267812849" role=""/>
    <member type="way" ref="1094677770" role=""/>
    <tag k="from" v="Glebe Point"/>
    <tag k="name" v="370 Glebe Point to Coogee"/>
    <tag k="network" v="Sydney Buses"/>
    <tag k="operator" v="Transdev John Holland"/>
    <tag k="public_transport:version" v="2"/>
    <tag k="ref" v="370"/>
    <tag k="route" v="bus"/>
    <tag k="to" v="Coogee"/>
    <tag k="type" v="route"/>
  </relation>
  <relation id="3381668">
    <member type="node" ref="600861995" role="stop"/>
    <member type="node" ref="5855437034" role="stop"/>
    <member type="node" ref="5855437032" role="stop"/>
    <member type="node" ref="5855437035" role="stop"/>
    <member type="node" ref="5855437033" role="stop"/>
    <member type="node" ref="840191519" role="stop"/>
    <member type="node" ref="840190893" role="stop"/>
    <member type="node" ref="5855437037" role="stop"/>
    <member type="node" ref="5855437045" role="stop"/>
    <member type="node" ref="5855437043" role="stop"/>
    <member type="node" ref="12035170770" role="stop"/>
    <member type="node" ref="12035170771" role="stop"/>
    <member type="node" ref="3093294111" role="stop"/>
    <member type="node" ref="12035170772" role="stop"/>
    <member type="node" ref="12035170791" role="stop"/>
    <member type="node" ref="12035170822" role="stop"/>
    <member type="node" ref="12035170823" role="stop"/>
    <member type="node" ref="9549143024" role="stop"/>
    <member type="node" ref="6122650875" role="stop"/>
    <member type="node" ref="7066425007" role="stop"/>
    <member type="node" ref="12035170832" role="stop"/>
    <member type="node" ref="3108398646" role="stop"/>
    <member type="node" ref="8329454327" role="stop"/>
    <member type="node" ref="12035170844" role="stop"/>
    <member type="node" ref="11796331500" role="stop"/>
    <member type="node" ref="11703308816" role="stop"/>
    <member type="node" ref="11703308817" role="stop"/>
    <member type="node" ref="11703308820" role="stop"/>
    <member type="node" ref="2854154701" role="stop"/>
    <member type="node" ref="1085071511" role="stop"/>
    <member type="node" ref="1945684312" role="stop"/>
    <member type="node" ref="1128912626" role="stop"/>
    <member type="node" ref="7625728523" role="stop"/>
    <member type="node" ref="3814697123" role="stop"/>
    <member type="node" ref="11963763675" role="stop"/>
    <member type="way" ref="1296791599" role=""/>
    <member type="way" ref="612810456" role=""/>
    <member type="way" ref="47126699" role=""/>
    <member type="way" ref="366661724" role=""/>
    <member type="way" ref="185269468" role=""/>
    <member type="way" ref="172308640" role=""/>
    <member type="way" ref="45225933" role=""/>
    <member type="way" ref="366661729" role=""/>
    <member type="way" ref="592899808" role=""/>
    <member type="way" ref="295768194" role=""/>
    <member type="way" ref="295768195" role=""/>
    <member type="way" ref="366661732" role=""/>
    <member type="way" ref="1009487560" role=""/>
    <member type="way" ref="1009487561" role=""/>
    <member type="way" ref="185266534" role=""/>
    <member type="way" ref="1135694634" role=""/>
    <member type="way" ref="1191746568" role=""/>
    <member type="way" ref="1191746569" role=""/>
    <member type="way" ref="4584379" role=""/>
    <member type="way" ref="171277765" role=""/>
    <member type="way" ref="4584389" role=""/>
    <member type="way" ref="49101545" role=""/>
    <member type="way" ref="171277762" role=""/>
    <member type="way" ref="49101547" role=""/>
    <member type="way" ref="171277760" role=""/>
    <member type="way" ref="4935049" role=""/>
    <member type="way" ref="174405637" role=""/>
    <member type="way" ref="3190046" role=""/>
    <member type="way" ref="174405632" role=""/>
    <member type="way" ref="1342290630" role=""/>
    <member type="way" ref="1270494220" role=""/>
    <member type="way" ref="252125692" role=""/>
    <member type="way" ref="1270345208" role=""/>
    <member type="way" ref="1176538389" role=""/>
    <member type="way" ref="1176538391" role=""/>
    <member type="way" ref="49101564" role=""/>
    <member type="way" ref="171277761" role=""/>
    <member type="way" ref="756564602" role=""/>
    <member type="way" ref="7875748" role=""/>
    <member type="way" ref="173866831" role=""/>
    <member type="way" ref="183759872" role=""/>
    <member type="way" ref="183759876" role=""/>
    <member type="way" ref="183759880" role=""/>
    <member type="way" ref="183759873" role=""/>
    <member type="way" ref="183759874" role=""/>
    <member type="way" ref="183759879" role=""/>
    <member type="way" ref="183759878" role=""/>
    <member type="way" ref="183759877" role=""/>
    <member type="way" ref="183759882" role=""/>
    <member type="way" ref="1210323838" role=""/>
    <member type="way" ref="183759881" role=""/>
    <member type="way" ref="183759875" role=""/>
    <member type="way" ref="296006964" role=""/>
    <member type="way" ref="202655259" role=""/>
    <member type="way" ref="903227561" role=""/>
    <member type="way" ref="903227559" role=""/>
    <member type="way" ref="903344258" role=""/>
    <member type="way" ref="903344259" role=""/>
    <member type="way" ref="24461282" role=""/>
    <member type="way" ref="183759861" role=""/>
    <member type="way" ref="183759859" role=""/>
    <member type="way" ref="183759860" role=""/>
    <member type="way" ref="183759862" role=""/>
    <member type="way" ref="903226124" role=""/>
    <member type="way" ref="903225504" role=""/>
    <member type="way" ref="183759863" role=""/>
    <member type="way" ref="183759864" role=""/>
    <member type="way" ref="804135604" role=""/>
    <member type="way" ref="183759866" role=""/>
    <member type="way" ref="901816998" role=""/>
    <member type="way" ref="298936163" role=""/>
    <member type="way" ref="989276185" role=""/>
    <member type="way" ref="298936168" role=""/>
    <member type="way" ref="384808425" role=""/>
    <member type="way" ref="521577655" role=""/>
    <member type="way" ref="1018693815" role=""/>
    <member type="way" ref="100350106" role=""/>
    <member type="way" ref="721047938" role=""/>
    <member type="way" ref="721047937" role=""/>
    <member type="way" ref="1342751717" role=""/>
    <member type="way" ref="25869494" role=""/>
    <member type="way" ref="300126239" role=""/>
    <member type="way" ref="721047936" role=""/>
    <member type="way" ref="840853929" role=""/>
    <member type="way" ref="407627880" role=""/>
    <member type="way" ref="840853927" role=""/>
    <member type="way" ref="1018693825" role=""/>
    <member type="way" ref="403024991" role=""/>
    <member type="way" ref="576865701" role=""/>
    <member type="way" ref="576864562" role=""/>
    <member type="way" ref="576864566" role=""/>
    <member type="way" ref="235326530" role=""/>
    <member type="way" ref="816490713" role=""/>
    <member type="way" ref="570049075" role=""/>
    <member type="way" ref="588945998" role=""/>
    <member type="way" ref="600318843" role=""/>
    <member type="way" ref="408466891" role=""/>
    <member type="way" ref="588946002" role=""/>
    <member type="way" ref="169069536" role=""/>
    <member type="way" ref="408466895" role=""/>
    <member type="way" ref="235325814" role=""/>
    <member type="way" ref="324769606" role=""/>
    <member type="way" ref="324769609" role=""/>
    <member type="way" ref="408466889" role=""/>
    <member type="way" ref="1313475952" role=""/>
    <member type="way" ref="408466894" role=""/>
    <member type="way" ref="408466892" role=""/>
    <member type="way" ref="173543259" role=""/>
    <member type="way" ref="408466890" role=""/>
    <member type="way" ref="324139694" role=""/>
    <member type="way" ref="324139693" role=""/>
    <member type="way" ref="378056657" role=""/>
    <member type="way" ref="169069535" role=""/>
    <member type="way" ref="408466887" role=""/>
    <member type="way" ref="408466893" role=""/>
    <member type="way" ref="901816996" role=""/>
    <member type="way" ref="816490712" role=""/>
    <member type="way" ref="152425771" role=""/>
    <member type="way" ref="4987587" role=""/>
    <member type="way" ref="1015713937" role=""/>
    <member type="way" ref="2077108" role=""/>
    <member type="way" ref="729906279" role=""/>
    <member type="way" ref="252102269" role=""/>
    <tag k="from" v="Dacey Gardens, Gardeners Rd"/>
    <tag k="name" v="343 Kingsford to City Circular Quay"/>
    <tag k="network" v="Sydney Buses"/>
    <tag k="operator" v="Transdev John Holland"/>
    <tag k="public_transport:version" v="1"/>
    <tag k="ref" v="343"/>
    <tag k="route" v="bus"/>
    <tag k="to" v="Museum of Sydney, Phillip St"/>
    <tag k="type" v="route"/>
  </relation>
  <relation id="3381684">
    <member type="node" ref="5695605418" role="stop"/>
    <member type="node" ref="11799181528" role="stop"/>
    <member type="node" ref="11799181545" role="stop"/>
    <member type="node" ref="11799181547" role="stop"/>
    <member type="node" ref="11164178284" role="stop"/>
    <member type="node" ref="11799181592" role="stop"/>
    <member type="node" ref="11799181603" role="stop"/>
    <member type="node" ref="11799181611" role="stop"/>
    <member type="node" ref="11799181614" role="stop"/>
    <member type="node" ref="11799181617" role="stop"/>
    <member type="node" ref="11799181620" role="stop"/>
    <member type="node" ref="3056659234" role="stop"/>
    <member type="node" ref="3056659035" role="stop"/>
    <member type="node" ref="12045547410" role="stop"/>
    <member type="node" ref="12045547411" role="stop"/>
    <member type="node" ref="12045547412" role="stop"/>
    <member type="node" ref="772506363" role="stop"/>
    <member type="node" ref="772506580" role="stop"/>
    <member type="node" ref="12045547413" role="stop"/>
    <member type="node" ref="3108426165" role="stop"/>
    <member type="node" ref="6122650880" role="stop"/>
    <member type="node" ref="3908854797" role="stop"/>
    <member type="node" ref="12045547418" role="stop"/>
    <member type="node" ref="12045547419" role="stop"/>
    <member type="node" ref="9706294656" role="stop"/>
    <member type="node" ref="3056659335" role="stop"/>
    <member type="node" ref="2221479022" role="stop"/>
    <member type="node" ref="2221479017" role="stop"/>
    <member type="node" ref="202404049" role="stop"/>
    <member type="node" ref="202404352" role="stop"/>
    <member type="node" ref="10696100805" role="stop"/>
    <member type="node" ref="2886708102" role="stop"/>
    <member type="node" ref="2982122438" role="stop"/>
    <member type="way" ref="364270247" role=""/>
    <member type="way" ref="1210195803" role=""/>
    <member type="way" ref="507710565" role=""/>
    <member type="way" ref="171701318" role=""/>
    <member type="way" ref="1367288747" role=""/>
    <member type="way" ref="332357533" role=""/>
    <member type="way" ref="366475371" role=""/>
    <member type="way" ref="252126876" role=""/>
    <member type="way" ref="5536882" role=""/>
    <member type="way" ref="569727094" role=""/>
    <member type="way" ref="572481796" role=""/>
    <member type="way" ref="572481794" role=""/>
    <member type="way" ref="1272679258" role=""/>
    <member type="way" ref="572481791" role=""/>
    <member type="way" ref="572481786" role=""/>
    <member type="way" ref="156409618" role=""/>
    <member type="way" ref="572481788" role=""/>
    <member type="way" ref="147224648" role=""/>
    <member type="way" ref="1035959835" role=""/>
    <member type="way" ref="338611344" role=""/>
    <member type="way" ref="567946435" role=""/>
    <member type="way" ref="172752855" role=""/>
    <member type="way" ref="572481800" role=""/>
    <member type="way" ref="739468980" role=""/>
    <member type="way" ref="1304803829" role=""/>
    <member type="way" ref="172752857" role=""/>
    <member type="way" ref="1057109651" role=""/>
    <member type="way" ref="648896024" role=""/>
    <member type="way" ref="172422727" role=""/>
    <member type="way" ref="1128374288" role=""/>
    <member type="way" ref="786455206" role=""/>
    <member type="way" ref="1128374287" role=""/>
    <member type="way" ref="796700849" role=""/>
    <member type="way" ref="390569415" role=""/>
    <member type="way" ref="403711775" role=""/>
    <member type="way" ref="1104210047" role=""/>
    <member type="way" ref="338611343" role=""/>
    <member type="way" ref="573745587" role=""/>
    <member type="way" ref="173610890" role=""/>
    <member type="way" ref="247981348" role=""/>
    <member type="way" ref="1104210089" role=""/>
    <member type="way" ref="804153687" role=""/>
    <member type="way" ref="220553495" role=""/>
    <member type="way" ref="823586801" role=""/>
    <member type="way" ref="796700875" role=""/>
    <member type="way" ref="796700883" role=""/>
    <member type="way" ref="796700887" role=""/>
    <member type="way" ref="1140588860" role=""/>
    <member type="way" ref="1140588859" role=""/>
    <member type="way" ref="796700876" role=""/>
    <member type="way" ref="796700867" role=""/>
    <member type="way" ref="796700866" role=""/>
    <member type="way" ref="49533644" role=""/>
    <member type="way" ref="77707574" role=""/>
    <member type="way" ref="220421894" role=""/>
    <member type="way" ref="554571576" role=""/>
    <member type="way" ref="554571577" role=""/>
    <member type="way" ref="173806881" role=""/>
    <member type="way" ref="247981346" role=""/>
    <member type="way" ref="349676672" role=""/>
    <member type="way" ref="380458009" role=""/>
    <member type="way" ref="845539026" role=""/>
    <member type="way" ref="1190302667" role=""/>
    <member type="way" ref="1190302679" role=""/>
    <member type="way" ref="1190302669" role=""/>
    <member type="way" ref="1190302666" role=""/>
    <member type="way" ref="756564600" role=""/>
    <member type="way" ref="194616034" role=""/>
    <member type="way" ref="756564601" role=""/>
    <member type="way" ref="568332571" role=""/>
    <member type="way" ref="568335703" role=""/>
    <member type="way" ref="333521820" role=""/>
    <member type="way" ref="183759858" role=""/>
    <member type="way" ref="185267923" role=""/>
    <member type="way" ref="3696223" role=""/>
    <member type="way" ref="867725810" role=""/>
    <member type="way" ref="331918412" role=""/>
    <member type="way" ref="92649908" role=""/>
    <member type="way" ref="316611281" role=""/>
    <member type="way" ref="1038926295" role=""/>
    <member type="way" ref="316611282" role=""/>
    <member type="way" ref="897489981" role=""/>
    <member type="way" ref="1050762237" role=""/>
    <member type="way" ref="592306023" role=""/>
    <member type="way" ref="825142522" role=""/>
    <member type="way" ref="825142536" role=""/>
    <member type="way" ref="49537513" role=""/>
    <member type="way" ref="172754938" role=""/>
    <member type="way" ref="568322758" role=""/>
    <member type="way" ref="225733378" role=""/>
    <member type="way" ref="767351307" role=""/>
    <member type="way" ref="105038174" role=""/>
    <member type="way" ref="1016151855" role=""/>
    <member type="way" ref="1016151832" role=""/>
    <member type="way" ref="574576204" role=""/>
    <member type="way" ref="1016151833" role=""/>
    <member type="way" ref="574576199" role=""/>
    <member type="way" ref="574576197" role=""/>
    <member type="way" ref="174480852" role=""/>
    <member type="way" ref="574576205" role=""/>
    <member type="way" ref="1016151834" role=""/>
    <member type="way" ref="673509800" role=""/>
    <member type="way" ref="174480856" role=""/>
    <member type="way" ref="574570591" role=""/>
    <member type="way" ref="574570596" role=""/>
    <member type="way" ref="574570603" role=""/>
    <member type="way" ref="1016151847" role=""/>
    <member type="way" ref="574570615" role=""/>
    <member type="way" ref="247981347" role=""/>
    <member type="way" ref="1016151836" role=""/>
    <member type="way" ref="574570621" role=""/>
    <member type="way" ref="171382186" role=""/>
    <member type="way" ref="35205761" role=""/>
    <member type="way" ref="1016151871" role=""/>
    <member type="way" ref="1016151872" role=""/>
    <member type="way" ref="35205755" role=""/>
    <member type="way" ref="1052994985" role=""/>
    <member type="way" ref="10205952" role=""/>
    <member type="way" ref="247981350" role=""/>
    <member type="way" ref="712430672" role=""/>
    <member type="way" ref="169172920" role=""/>
    <member type="way" ref="574570631" role=""/>
    <member type="way" ref="574570639" role=""/>
    <member type="way" ref="251111269" role=""/>
    <member type="way" ref="574570625" role=""/>
    <member type="way" ref="384217847" role=""/>
    <member type="way" ref="1156226147" role=""/>
    <member type="way" ref="172760924" role=""/>
    <member type="way" ref="170161285" role=""/>
    <member type="way" ref="836014458" role=""/>
    <member type="way" ref="836014459" role=""/>
    <member type="way" ref="694202521" role=""/>
    <member type="way" ref="172760917" role=""/>
    <member type="way" ref="1299459542" role=""/>
    <member type="way" ref="1299459541" role=""/>
    <member type="way" ref="694202528" role=""/>
    <member type="way" ref="251111270" role=""/>
    <member type="way" ref="353447997" role=""/>
    <member type="way" ref="260845782" role=""/>
    <member type="way" ref="252114522" role=""/>
    <member type="way" ref="4935038" role=""/>
    <member type="way" ref="1299457568" role=""/>
    <member type="way" ref="171136034" role=""/>
    <member type="way" ref="1299457567" role=""/>
    <member type="way" ref="1300452555" role=""/>
    <tag k="from" v="Wolli Creek Station, Discovery Point Pl"/>
    <tag k="name" v="348 Wolli Creek to Prince of Wales Hospital"/>
    <tag k="network" v="Sydney Buses"/>
    <tag k="operator" v="Transit Systems"/>
    <tag k="public_transport:version" v="1"/>
    <tag k="ref" v="348"/>
    <tag k="route" v="bus"/>
    <tag k="to" v="Barker St opp Prince of Wales Hospital"/>
    <tag k="type" v="route"/>
  </relation>
  <relation id="3971142">
    <member type="node" ref="11827005971" role="sign"/>
    <member type="node" ref="3509357296" role="sign"/>
    <member type="way" ref="1016151855" role=""/>
    <member type="way" ref="105038174" role=""/>
    <member type="way" ref="767351307" role=""/>
    <member type="way" ref="225733378" role=""/>
    <member type="way" ref="568322758" role=""/>
    <member type="way" ref="172754938" role=""/>
    <member type="way" ref="49537513" role=""/>
    <member type="way" ref="825142542" role="forward"/>
    <member type="way" ref="825142536" role="forward"/>
    <member type="way" ref="825142522" role=""/>
    <member type="way" ref="592306023" role=""/>
    <member type="way" ref="1050762237" role=""/>
    <member type="way" ref="897489981" role=""/>
    <member type="way" ref="316611282" role=""/>
    <member type="way" ref="1038926295" role=""/>
    <member type="way" ref="316611281" role=""/>
    <member type="way" ref="92649908" role=""/>
    <member type="way" ref="331918412" role=""/>
    <member type="way" ref="867725810" role=""/>
    <member type="way" ref="3696223" role=""/>
    <member type="way" ref="8656065" role="backward"/>
    <member type="way" ref="8656066" role="backward"/>
    <member type="way" ref="4688349" role="backward"/>
    <member type="way" ref="172821500" role=""/>
    <member type="way" ref="918488807" role=""/>
    <member type="way" ref="881490709" role=""/>
    <member type="way" ref="173638513" role=""/>
    <member type="way" ref="1018752710" role=""/>
    <member type="way" ref="871534798" role=""/>
    <member type="way" ref="871534798" role=""/>
    <member type="way" ref="53265951" role=""/>
    <member type="way" ref="172920174" role=""/>
    <member type="way" ref="172920165" role=""/>
    <member type="way" ref="918488805" role=""/>
    <member type="way" ref="918488804" role=""/>
    <member type="way" ref="173567611" role=""/>
    <member type="way" ref="171685461" role=""/>
    <member type="way" ref="1370857564" role=""/>
    <member type="way" ref="1370857565" role=""/>
    <member type="way" ref="172920168" role=""/>
    <member type="way" ref="414910242" role=""/>
    <member type="way" ref="918488802" role=""/>
    <member type="way" ref="918488803" role=""/>
    <member type="way" ref="170175183" role=""/>
    <member type="way" ref="292828588" role=""/>
    <member type="way" ref="278779323" role=""/>
    <member type="way" ref="281971690" role=""/>
    <member type="way" ref="292828586" role=""/>
    <member type="way" ref="918488801" role=""/>
    <member type="way" ref="292828589" role=""/>
    <member type="way" ref="918488811" role=""/>
    <member type="way" ref="292828590" role=""/>
    <member type="way" ref="918488812" role=""/>
    <member type="way" ref="278779322" role=""/>
    <member type="way" ref="918488813" role=""/>
    <member type="way" ref="918488814" role=""/>
    <member type="way" ref="174745739" role=""/>
    <member type="way" ref="174745735" role=""/>
    <member type="way" ref="174743388" role=""/>
    <member type="way" ref="1331866014" role=""/>
    <member type="way" ref="1202448297" role=""/>
    <member type="way" ref="174743372" role=""/>
    <member type="way" ref="183759983" role=""/>
    <member type="way" ref="183759942" role=""/>
    <member type="way" ref="183759974" role=""/>
    <member type="way" ref="1354770193" role=""/>
    <member type="way" ref="183759941" role=""/>
    <member type="way" ref="1354770192" role=""/>
    <member type="way" ref="183759968" role=""/>
    <member type="way" ref="183759966" role=""/>
    <member type="way" ref="183759978" role=""/>
    <member type="way" ref="301587276" role=""/>
    <member type="way" ref="1016151870" role=""/>
    <member type="way" ref="174405664" role=""/>
    <member type="way" ref="341750821" role=""/>
    <member type="way" ref="172754940" role=""/>
    <member type="way" ref="255379539" role=""/>
    <member type="way" ref="568322759" role=""/>
    <member type="way" ref="302595385" role=""/>
    <member type="way" ref="5822078" role=""/>
    <member type="way" ref="382426474" role=""/>
    <member type="way" ref="382426473" role=""/>
    <member type="way" ref="881165260" role=""/>
    <member type="way" ref="1026019089" role=""/>
    <member type="way" ref="1157842378" role=""/>
    <tag k="email" v="council@cityofsydney.nsw.gov.au"/>
    <tag k="name" v="Maroubra - Gladesville / Burwood"/>
    <tag k="network" v="lcn"/>
    <tag k="note" v="Destinations noted on the signs are: Maroubra - UNSW / Randwick - Green Square - Newtown - Burwood / Gladesville. Infrastructure and wayfinding signage does not exist for these destinations after the route marked on the map ends."/>
    <tag k="operator" v="City of Sydney"/>
    <tag k="phone" v="+61 2 9265 9333"/>
    <tag k="route" v="bicycle"/>
    <tag k="source" v="signs on route"/>
    <tag k="source:note" v="Finger wayfinding signs on route"/>
    <tag k="type" v="route"/>
    <tag k="website" v="https://online.cityofsydney.nsw.gov.au/ReportIssue/OtherIssue?TypeId=30"/>
  </relation>
  <relation id="4062476">
    <member type="way" ref="172918870" role=""/>
    <member type="way" ref="404177357" role=""/>
    <member type="way" ref="918488798" role=""/>
    <member type="way" ref="918488797" role=""/>
    <member type="way" ref="281971689" role=""/>
    <member type="way" ref="918488800" role=""/>
    <member type="way" ref="331926094" role=""/>
    <member type="way" ref="639023908" role=""/>
    <member type="way" ref="1190302688" role=""/>
    <member type="way" ref="1190302690" role=""/>
    <member type="way" ref="756564610" role=""/>
    <member type="way" ref="1190302695" role=""/>
    <member type="way" ref="1190302687" role=""/>
    <member type="way" ref="1082480350" role=""/>
    <member type="way" ref="1047390440" role=""/>
    <member type="way" ref="1190302693" role=""/>
    <member type="way" ref="304755080" role=""/>
    <member type="way" ref="1342290631" role=""/>
    <member type="way" ref="23394069" role=""/>
    <member type="way" ref="1035971179" role=""/>
    <member type="way" ref="4584385" role=""/>
    <member type="way" ref="171277767" role=""/>
    <member type="way" ref="49101538" role=""/>
    <member type="way" ref="171277769" role=""/>
    <member type="way" ref="49101546" role=""/>
    <member type="way" ref="171277772" role=""/>
    <member type="way" ref="49101551" role=""/>
    <member type="way" ref="171277765" role=""/>
    <member type="way" ref="4584379" role=""/>
    <member type="way" ref="304755081" role=""/>
    <member type="way" ref="1009487592" role=""/>
    <member type="way" ref="1009487591" role=""/>
    <member type="way" ref="304755079" role=""/>
    <member type="way" ref="1211570067" role=""/>
    <member type="way" ref="1211570066" role=""/>
    <member type="way" ref="1023806431" role=""/>
    <member type="way" ref="587208147" role=""/>
    <member type="way" ref="99139877" role=""/>
    <member type="way" ref="949289233" role=""/>
    <member type="way" ref="1190302691" role=""/>
    <member type="way" ref="1190302694" role=""/>
    <tag k="email" v="council@cityofsydney.nsw.gov.au"/>
    <tag k="name" v="Mascot / Botany - Green Square - City"/>
    <tag k="network" v="lcn"/>
    <tag k="note" v="Wayfinding on this route is mostly by white bicycle logos on the ground and blue &quot;reassurance&quot; signs on power poles. There are occasional finger signs, mainly at the North end of the route."/>
    <tag k="operator" v="City of Sydney"/>
    <tag k="phone" v="+61 2 9265 9333"/>
    <tag k="ref" v="Masc-Gn-Cty"/>
    <tag k="route" v="bicycle"/>
    <tag k="source" v="Signs on route"/>
    <tag k="type" v="route"/>
    <tag k="website" v="https://online.cityofsydney.nsw.gov.au/ReportIssue/OtherIssue?TypeId=30"/>
  </relation>
  <relation id="4683418">
    <member type="way" ref="183759858" role="from"/>
    <member type="way" ref="35154884" role="to"/>
    <member type="node" ref="1823375551" role="via"/>
    <tag k="restriction" v="no_u_turn"/>
    <tag k="type" v="restriction"/>
  </relation>
  <relation id="4683424">
    <member type="way" ref="35154884" role="from"/>
    <member type="way" ref="173866831" role="to"/>
    <member type="node" ref="1146792447" role="via"/>
    <tag k="restriction" v="no_u_turn"/>
    <tag k="type" v="restriction"/>
  </relation>
  <relation id="5212826">
    <member type="way" ref="349676671" role="from"/>
    <member type="node" ref="57932214" role="via"/>
    <member type="way" ref="380458009" role="to"/>
    <tag k="restriction" v="no_right_turn"/>
    <tag k="type" v="restriction"/>
  </relation>
  <relation id="5427728">
    <member type="node" ref="190036112" role="via"/>
    <member type="way" ref="278779321" role="to"/>
    <member type="way" ref="1150092626" role="from"/>
    <tag k="restriction" v="no_right_turn"/>
    <tag k="type" v="restriction"/>
  </relation>
  <relation id="5700628">
    <member type="node" ref="117198776" role="label"/>
    <member type="way" ref="1190302652" role="outer"/>
    <member type="way" ref="185267924" role="outer"/>
    <member type="way" ref="1190302657" role="outer"/>
    <member type="way" ref="1316681852" role="outer"/>
    <member type="way" ref="1190302658" role="outer"/>
    <member type="way" ref="757542860" role="outer"/>
    <member type="way" ref="757542861" role="outer"/>
    <member type="way" ref="174405627" role="outer"/>
    <member type="way" ref="1190302656" role="outer"/>
    <member type="way" ref="34207087" role="outer"/>
    <member type="way" ref="333521825" role="outer"/>
    <member type="way" ref="3190084" role="outer"/>
    <member type="way" ref="349676672" role="outer"/>
    <member type="way" ref="380458009" role="outer"/>
    <member type="way" ref="845539026" role="outer"/>
    <member type="way" ref="1190302667" role="outer"/>
    <member type="way" ref="1190302679" role="outer"/>
    <member type="way" ref="1190302669" role="outer"/>
    <member type="way" ref="1190302666" role="outer"/>
    <member type="way" ref="756564600" role="outer"/>
    <member type="way" ref="194616034" role="outer"/>
    <member type="way" ref="756564601" role="outer"/>
    <member type="way" ref="568332571" role="outer"/>
    <member type="way" ref="568335703" role="outer"/>
    <member type="way" ref="333521820" role="outer"/>
    <member type="way" ref="183759858" role="outer"/>
    <member type="way" ref="185267923" role="outer"/>
    <member type="way" ref="3696223" role="outer"/>
    <member type="way" ref="867725810" role="outer"/>
    <member type="way" ref="331918412" role="outer"/>
    <member type="way" ref="92649908" role="outer"/>
    <member type="way" ref="316611281" role="outer"/>
    <member type="way" ref="1038926295" role="outer"/>
    <member type="way" ref="316611282" role="outer"/>
    <member type="way" ref="897489981" role="outer"/>
    <member type="way" ref="1050762237" role="outer"/>
    <member type="way" ref="592306023" role="outer"/>
    <member type="way" ref="825142522" role="outer"/>
    <member type="way" ref="592306020" role="outer"/>
    <member type="way" ref="49537513" role="outer"/>
    <member type="way" ref="383144289" role="outer"/>
    <member type="way" ref="278494575" role="outer"/>
    <member type="way" ref="383144288" role="outer"/>
    <member type="way" ref="383144291" role="outer"/>
    <member type="way" ref="1190302647" role="outer"/>
    <member type="way" ref="172985285" role="outer"/>
    <member type="way" ref="37783940" role="outer"/>
    <member type="way" ref="1190302648" role="outer"/>
    <tag k="admin_level" v="9"/>
    <tag k="boundary" v="administrative"/>
    <tag k="name" v="Zetland"/>
    <tag k="place" v="suburb"/>
    <tag k="postal_code" v="2017"/>
    <tag k="ref:nswlpi:cadid" v="108033113"/>
    <tag k="ref:psma:loc_pid" v="NSW4555"/>
    <tag k="type" v="boundary"/>
    <tag k="wikidata" v="Q2919706"/>
    <tag k="wikipedia" v="en:Zetland, New South Wales"/>
  </relation>
  <relation id="5713877">
    <member type="way" ref="173806879" role="outer"/>
    <member type="way" ref="380458005" role="outer"/>
    <member type="way" ref="252126872" role="outer"/>
    <member type="way" ref="247981346" role="outer"/>
    <member type="way" ref="349676672" role="outer"/>
    <member type="way" ref="380458009" role="outer"/>
    <member type="way" ref="173806953" role="outer"/>
    <member type="way" ref="380458012" role="outer"/>
    <member type="way" ref="380458015" role="outer"/>
    <member type="way" ref="173806922" role="outer"/>
    <member type="node" ref="117198640" role="label"/>
    <tag k="admin_level" v="9"/>
    <tag k="boundary" v="administrative"/>
    <tag k="name" v="Beaconsfield"/>
    <tag k="place" v="suburb"/>
    <tag k="postal_code" v="2015"/>
    <tag k="ref:nswlpi:cadid" v="108029641"/>
    <tag k="ref:psma:loc_pid" v="NSW237"/>
    <tag k="type" v="boundary"/>
    <tag k="wikidata" v="Q2918785"/>
    <tag k="wikipedia" v="en:Beaconsfield, Sydney"/>
  </relation>
  <relation id="5714805">
    <member type="node" ref="117198792" role="label"/>
    <member type="way" ref="280773525" role="outer"/>
    <member type="way" ref="1250724877" role="outer"/>
    <member type="way" ref="1231583928" role="outer"/>
    <member type="way" ref="278848270" role="outer"/>
    <member type="way" ref="383144289" role="outer"/>
    <member type="way" ref="49537513" role="outer"/>
    <member type="way" ref="592306020" role="outer"/>
    <member type="way" ref="825142522" role="outer"/>
    <member type="way" ref="592306023" role="outer"/>
    <member type="way" ref="1050762237" role="outer"/>
    <member type="way" ref="897489981" role="outer"/>
    <member type="way" ref="316611282" role="outer"/>
    <member type="way" ref="1038926295" role="outer"/>
    <member type="way" ref="316611281" role="outer"/>
    <member type="way" ref="92649908" role="outer"/>
    <member type="way" ref="331918412" role="outer"/>
    <member type="way" ref="867725810" role="outer"/>
    <member type="way" ref="3696223" role="outer"/>
    <member type="way" ref="185267923" role="outer"/>
    <member type="way" ref="183759858" role="outer"/>
    <member type="way" ref="333521820" role="outer"/>
    <member type="way" ref="568335703" role="outer"/>
    <member type="way" ref="568332571" role="outer"/>
    <member type="way" ref="756564601" role="outer"/>
    <member type="way" ref="1156458383" role="outer"/>
    <tag k="admin_level" v="9"/>
    <tag k="boundary" v="administrative"/>
    <tag k="name" v="Waterloo"/>
    <tag k="place" v="suburb"/>
    <tag k="postal_code" v="2017"/>
    <tag k="ref:nswlpi:cadid" v="108031957"/>
    <tag k="ref:psma:loc_pid" v="NSW4218"/>
    <tag k="type" v="boundary"/>
    <tag k="wikidata" v="Q257618"/>
    <tag k="wikipedia" v="en:Waterloo, New South Wales"/>
  </relation>
  <relation id="6563774">
    <member type="way" ref="252129995" role="from"/>
    <member type="node" ref="12054676" role="via"/>
    <member type="way" ref="173703469" role="to"/>
    <tag k="restriction" v="no_right_turn"/>
    <tag k="type" v="restriction"/>
  </relation>
  <relation id="6683597">
    <member type="way" ref="791790681" role="from"/>
    <member type="node" ref="1837594591" role="via"/>
    <member type="way" ref="194616034" role="to"/>
    <tag k="restriction" v="only_straight_on"/>
    <tag k="type" v="restriction"/>
  </relation>
  <relation id="7223139">
    <member type="way" ref="143683590" role=""/>
    <member type="way" ref="143683592" role=""/>
    <member type="way" ref="788214816" role=""/>
    <member type="way" ref="788214814" role=""/>
    <member type="way" ref="1082342801" role=""/>
    <member type="way" ref="1082342802" role=""/>
    <member type="way" ref="1110918573" role=""/>
    <member type="way" ref="1082342803" role=""/>
    <member type="way" ref="1110918572" role=""/>
    <member type="way" ref="1082342804" role=""/>
    <member type="way" ref="1111219988" role=""/>
    <member type="way" ref="1111219989" role=""/>
    <member type="way" ref="1082342805" role=""/>
    <member type="way" ref="1082342806" role=""/>
    <member type="way" ref="1154874064" role=""/>
    <member type="way" ref="1082342807" role=""/>
    <member type="way" ref="1154874063" role=""/>
    <member type="way" ref="1082342808" role=""/>
    <member type="way" ref="1155653036" role=""/>
    <member type="way" ref="1155653034" role=""/>
    <member type="way" ref="143683587" role=""/>
    <member type="way" ref="1082342809" role=""/>
    <member type="way" ref="143683591" role=""/>
    <member type="way" ref="143683588" role=""/>
    <member type="way" ref="143758854" role=""/>
    <member type="way" ref="1082342810" role=""/>
    <member type="way" ref="143758850" role=""/>
    <member type="way" ref="1080071907" role=""/>
    <member type="way" ref="491842176" role=""/>
    <member type="way" ref="1080071908" role=""/>
    <member type="way" ref="143683584" role=""/>
    <member type="way" ref="1117291266" role=""/>
    <member type="way" ref="143683582" role=""/>
    <member type="way" ref="1080071909" role=""/>
    <member type="way" ref="1080071910" role=""/>
    <member type="way" ref="1155653033" role=""/>
    <member type="way" ref="1155653035" role=""/>
    <member type="way" ref="1080071911" role=""/>
    <member type="way" ref="1154874062" role=""/>
    <member type="way" ref="1080071912" role=""/>
    <member type="way" ref="1154874065" role=""/>
    <member type="way" ref="1080071913" role=""/>
    <member type="way" ref="1111219990" role=""/>
    <member type="way" ref="1080071914" role=""/>
    <member type="way" ref="1111219987" role=""/>
    <member type="way" ref="1080071915" role=""/>
    <member type="way" ref="1110918574" role=""/>
    <member type="way" ref="1080071916" role=""/>
    <member type="way" ref="413547246" role=""/>
    <member type="way" ref="1080071917" role=""/>
    <member type="way" ref="143683586" role=""/>
    <member type="way" ref="788214813" role=""/>
    <member type="way" ref="788214815" role=""/>
    <member type="way" ref="143683585" role=""/>
    <tag k="name" v="Airport railway line"/>
    <tag k="route" v="railway"/>
    <tag k="type" v="route"/>
    <tag k="wikidata" v="Q11444216"/>
    <tag k="wikipedia" v="en:Airport Link, Sydney"/>
  </relation>
  <relation id="7540498">
    <member type="way" ref="172920168" role="from"/>
    <member type="way" ref="521118546" role="to"/>
    <member type="node" ref="11258776438" role="via"/>
    <tag k="restriction" v="no_right_turn"/>
    <tag k="type" v="restriction"/>
  </relation>
  <relation id="7838056">
    <member type="way" ref="548683997" role="outline"/>
    <member type="way" ref="548683996" role="part"/>
    <tag k="building" v="apartments"/>
    <tag k="building:levels" v="28"/>
    <tag k="name" v="OVO"/>
    <tag k="type" v="building"/>
  </relation>
  <relation id="8096406">
    <member type="way" ref="568316752" role="from"/>
    <member type="way" ref="568316751" role="to"/>
    <member type="node" ref="1837594591" role="via"/>
    <tag k="restriction" v="no_u_turn"/>
    <tag k="type" v="restriction"/>
  </relation>
  <relation id="8096617">
    <member type="way" ref="568332571" role="from"/>
    <member type="node" ref="3956861990" role="via"/>
    <member type="way" ref="1035968801" role="to"/>
    <tag k="restriction" v="no_right_turn"/>
    <tag k="type" v="restriction"/>
  </relation>
  <relation id="8096660">
    <member type="way" ref="568316752" role="from"/>
    <member type="way" ref="194616044" role="to"/>
    <member type="node" ref="11263989101" role="via"/>
    <tag k="restriction" v="only_straight_on"/>
    <tag k="type" v="restriction"/>
  </relation>
  <relation id="8379887">
    <member type="way" ref="29279039" role="from"/>
    <member type="node" ref="1823375405" role="via"/>
    <member type="way" ref="597551246" role="to"/>
    <tag k="restriction" v="no_right_turn"/>
    <tag k="type" v="restriction"/>
  </relation>
  <relation id="8379889">
    <member type="way" ref="183759858" role="from"/>
    <member type="node" ref="15445737" role="via"/>
    <member type="way" ref="7875748" role="to"/>
    <tag k="restriction" v="no_right_turn"/>
    <tag k="type" v="restriction"/>
  </relation>
  <relation id="8557162">
    <member type="way" ref="705988357" role=""/>
    <member type="way" ref="1100743907" role=""/>
    <member type="way" ref="1309014429" role=""/>
    <member type="way" ref="1309014426" role=""/>
    <member type="way" ref="1100743910" role=""/>
    <member type="way" ref="1245762681" role=""/>
    <member type="way" ref="1245762679" role=""/>
    <member type="way" ref="1309014424" role=""/>
    <member type="way" ref="1252724822" role=""/>
    <member type="way" ref="1252724824" role=""/>
    <member type="way" ref="1309014430" role=""/>
    <member type="way" ref="1309014432" role=""/>
    <member type="way" ref="707588615" role=""/>
    <member type="way" ref="1309014434" role=""/>
    <member type="way" ref="1252730267" role=""/>
    <member type="way" ref="1252730266" role=""/>
    <member type="way" ref="1249376186" role=""/>
    <member type="way" ref="1250670531" role=""/>
    <member type="way" ref="1249376184" role=""/>
    <member type="way" ref="1100743855" role=""/>
    <member type="way" ref="707588614" role=""/>
    <member type="way" ref="1245762678" role=""/>
    <member type="way" ref="1309014437" role=""/>
    <member type="way" ref="1245762676" role=""/>
    <member type="way" ref="1193693496" role=""/>
    <member type="way" ref="759513578" role=""/>
    <member type="way" ref="759513580" role=""/>
    <member type="way" ref="1193693495" role=""/>
    <member type="way" ref="1245762677" role=""/>
    <member type="way" ref="1309014436" role=""/>
    <member type="way" ref="707637519" role=""/>
    <member type="way" ref="1100743856" role=""/>
    <member type="way" ref="1249376185" role=""/>
    <member type="way" ref="1250670532" role=""/>
    <member type="way" ref="1249376187" role=""/>
    <member type="way" ref="1252730264" role=""/>
    <member type="way" ref="1252730265" role=""/>
    <member type="way" ref="1309014435" role=""/>
    <member type="way" ref="705988356" role=""/>
    <member type="way" ref="1309014433" role=""/>
    <member type="way" ref="1309014431" role=""/>
    <member type="way" ref="1252724823" role=""/>
    <member type="way" ref="1252724821" role=""/>
    <member type="way" ref="1309014425" role=""/>
    <member type="way" ref="1245762680" role=""/>
    <member type="way" ref="1245762682" role=""/>
    <member type="way" ref="1100743909" role=""/>
    <member type="way" ref="1309014427" role=""/>
    <member type="way" ref="1309014428" role=""/>
    <member type="way" ref="1100743908" role=""/>
    <member type="way" ref="705988355" role=""/>
    <tag k="from" v="Chatswood"/>
    <tag k="name" v="Sydney Metro City &amp; Southwest"/>
    <tag k="note" v="this relation is just for the tracks"/>
    <tag k="route" v="railway"/>
    <tag k="start_date" v="2024"/>
    <tag k="to" v="Sydenham"/>
    <tag k="type" v="route"/>
    <tag k="wikidata" v="Q7305836"/>
    <tag k="wikipedia" v="en:Sydney Metro City &amp; Southwest"/>
  </relation>
  <relation id="8631621">
    <member type="node" ref="6618605044" role="stop_entry_only"/>
    <member type="node" ref="11581333673" role="stop"/>
    <member type="node" ref="5851315775" role="stop"/>
    <member type="node" ref="6649396940" role="stop"/>
    <member type="node" ref="6637128259" role="stop"/>
    <member type="node" ref="11521830038" role="stop"/>
    <member type="node" ref="11625929265" role="stop"/>
    <member type="node" ref="11581307551" role="stop"/>
    <member type="node" ref="4421944605" role="stop"/>
    <member type="node" ref="6397589008" role="stop"/>
    <member type="node" ref="6397589010" role="stop"/>
    <member type="node" ref="6348737834" role="stop"/>
    <member type="node" ref="6405937253" role="stop"/>
    <member type="node" ref="2699627446" role="stop"/>
    <member type="node" ref="2970883621" role="stop"/>
    <member type="node" ref="3016615212" role="stop"/>
    <member type="node" ref="2970876010" role="stop"/>
    <member type="node" ref="2970876009" role="stop"/>
    <member type="node" ref="2970876884" role="stop"/>
    <member type="node" ref="6397430893" role="stop"/>
    <member type="node" ref="6397384816" role="stop_exit_only"/>
    <member type="way" ref="1245762676" role=""/>
    <member type="way" ref="1309014437" role=""/>
    <member type="way" ref="1245762678" role=""/>
    <member type="way" ref="707588614" role=""/>
    <member type="way" ref="1100743855" role=""/>
    <member type="way" ref="1249376184" role=""/>
    <member type="way" ref="1250670531" role=""/>
    <member type="way" ref="1249376186" role=""/>
    <member type="way" ref="1252730266" role=""/>
    <member type="way" ref="1252730267" role=""/>
    <member type="way" ref="1309014434" role=""/>
    <member type="way" ref="707588615" role=""/>
    <member type="way" ref="1309014432" role=""/>
    <member type="way" ref="1309014430" role=""/>
    <member type="way" ref="1252724824" role=""/>
    <member type="way" ref="1252724822" role=""/>
    <member type="way" ref="1309014424" role=""/>
    <member type="way" ref="1245762679" role=""/>
    <member type="way" ref="1245762681" role=""/>
    <member type="way" ref="1100743910" role=""/>
    <member type="way" ref="1309014426" role=""/>
    <member type="way" ref="1309014429" role=""/>
    <member type="way" ref="1100743907" role=""/>
    <member type="way" ref="705988357" role=""/>
    <member type="way" ref="142334348" role=""/>
    <member type="way" ref="1240107456" role=""/>
    <member type="way" ref="142334345" role=""/>
    <member type="way" ref="142334346" role=""/>
    <member type="way" ref="1240107455" role=""/>
    <member type="way" ref="142334344" role=""/>
    <member type="way" ref="142334347" role=""/>
    <member type="way" ref="142334343" role=""/>
    <member type="way" ref="146821187" role=""/>
    <member type="way" ref="1062762195" role=""/>
    <member type="way" ref="1240107458" role=""/>
    <member type="way" ref="1062762194" role=""/>
    <member type="way" ref="1061957860" role=""/>
    <member type="way" ref="1061957857" role=""/>
    <member type="way" ref="1134375985" role=""/>
    <member type="way" ref="1113370143" role=""/>
    <member type="way" ref="1113370144" role=""/>
    <member type="way" ref="1240107461" role=""/>
    <member type="way" ref="1240107463" role=""/>
    <member type="way" ref="635067781" role=""/>
    <member type="way" ref="1203876724" role=""/>
    <member type="way" ref="1259214839" role=""/>
    <member type="way" ref="487238057" role=""/>
    <member type="way" ref="1240107465" role=""/>
    <member type="way" ref="487238260" role=""/>
    <member type="way" ref="1098741931" role=""/>
    <member type="way" ref="1240107468" role=""/>
    <member type="way" ref="692750723" role=""/>
    <member type="way" ref="1246848847" role=""/>
    <member type="way" ref="490364468" role=""/>
    <member type="way" ref="1098741917" role=""/>
    <member type="way" ref="490364471" role=""/>
    <member type="way" ref="635461669" role=""/>
    <member type="way" ref="692208718" role=""/>
    <member type="way" ref="1098741912" role=""/>
    <member type="way" ref="643546035" role=""/>
    <tag k="colour" v="#168388"/>
    <tag k="duration" v="01:01:00"/>
    <tag k="from" v="Sydenham"/>
    <tag k="interval" v="00:04:00"/>
    <tag k="interval:conditional" v="00:07:00 @ (05:05-07:05,09:41-16:21,19:25-22:05)"/>
    <tag k="last_renovation" v="2014-08-04"/>
    <tag k="name" v="Metro North West &amp; Bankstown Line"/>
    <tag k="network" v="Sydney Metro"/>
    <tag k="network:wikidata" v="Q14774571"/>
    <tag k="old_ref" v="M"/>
    <tag k="opening_hours" v="05:05-22:05"/>
    <tag k="operator" v="Metro Trains Sydney"/>
    <tag k="operator:wikidata" v="Q20861549"/>
    <tag k="owner" v="Transport for NSW"/>
    <tag k="owner:wikidata" v="Q7834923"/>
    <tag k="passenger" v="suburban"/>
    <tag k="public_transport:version" v="2"/>
    <tag k="ref" v="M1"/>
    <tag k="route" v="subway"/>
    <tag k="service" v="commuter"/>
    <tag k="start_date" v="2019-05-26"/>
    <tag k="to" v="Tallawong"/>
    <tag k="type" v="route"/>
    <tag k="wikidata" v="Q63781320"/>
    <tag k="wikipedia" v="en:Metro North West &amp; Bankstown Line"/>
  </relation>
  <relation id="8861414">
    <member type="way" ref="1035968801" role="from"/>
    <member type="node" ref="3956861990" role="via"/>
    <member type="way" ref="568332571" role="to"/>
    <tag k="restriction" v="only_left_turn"/>
    <tag k="type" v="restriction"/>
  </relation>
  <relation id="9470134">
    <member type="node" ref="3025465400" role="stop_entry_only"/>
    <member type="node" ref="6397430892" role="stop"/>
    <member type="node" ref="5997051814" role="stop"/>
    <member type="node" ref="5994350013" role="stop"/>
    <member type="node" ref="5994350025" role="stop"/>
    <member type="node" ref="5994350031" role="stop"/>
    <member type="node" ref="5994350040" role="stop"/>
    <member type="node" ref="5994350049" role="stop"/>
    <member type="node" ref="6405937252" role="stop"/>
    <member type="node" ref="6397589006" role="stop"/>
    <member type="node" ref="6397589009" role="stop"/>
    <member type="node" ref="6397589007" role="stop"/>
    <member type="node" ref="4421944606" role="stop"/>
    <member type="node" ref="11581307552" role="stop"/>
    <member type="node" ref="11581307555" role="stop"/>
    <member type="node" ref="11521830036" role="stop"/>
    <member type="node" ref="11625929047" role="stop"/>
    <member type="node" ref="11374901488" role="stop"/>
    <member type="node" ref="11581307563" role="stop"/>
    <member type="node" ref="11581333674" role="stop"/>
    <member type="node" ref="6618605044" role="stop_exit_only"/>
    <member type="way" ref="1013531553" role=""/>
    <member type="way" ref="643546038" role=""/>
    <member type="way" ref="684037209" role=""/>
    <member type="way" ref="1098741915" role=""/>
    <member type="way" ref="635457529" role=""/>
    <member type="way" ref="1098741916" role=""/>
    <member type="way" ref="1246848846" role=""/>
    <member type="way" ref="635461671" role=""/>
    <member type="way" ref="1240107467" role=""/>
    <member type="way" ref="692750724" role=""/>
    <member type="way" ref="635461670" role=""/>
    <member type="way" ref="1240107466" role=""/>
    <member type="way" ref="635457338" role=""/>
    <member type="way" ref="297760408" role=""/>
    <member type="way" ref="1240107462" role=""/>
    <member type="way" ref="1240107460" role=""/>
    <member type="way" ref="1113370146" role=""/>
    <member type="way" ref="1113370145" role=""/>
    <member type="way" ref="1134375984" role=""/>
    <member type="way" ref="1061957858" role=""/>
    <member type="way" ref="1061957859" role=""/>
    <member type="way" ref="1062762193" role=""/>
    <member type="way" ref="1062762196" role=""/>
    <member type="way" ref="635067774" role=""/>
    <member type="way" ref="142334360" role=""/>
    <member type="way" ref="142334365" role=""/>
    <member type="way" ref="1240107454" role=""/>
    <member type="way" ref="142334361" role=""/>
    <member type="way" ref="142334363" role=""/>
    <member type="way" ref="142334362" role=""/>
    <member type="way" ref="1240107457" role=""/>
    <member type="way" ref="142334364" role=""/>
    <member type="way" ref="705988355" role=""/>
    <member type="way" ref="1100743908" role=""/>
    <member type="way" ref="1309014428" role=""/>
    <member type="way" ref="1309014427" role=""/>
    <member type="way" ref="1100743909" role=""/>
    <member type="way" ref="1245762682" role=""/>
    <member type="way" ref="1245762680" role=""/>
    <member type="way" ref="1309014425" role=""/>
    <member type="way" ref="1252724821" role=""/>
    <member type="way" ref="1252724823" role=""/>
    <member type="way" ref="1309014431" role=""/>
    <member type="way" ref="1309014433" role=""/>
    <member type="way" ref="705988356" role=""/>
    <member type="way" ref="1309014435" role=""/>
    <member type="way" ref="1252730265" role=""/>
    <member type="way" ref="1252730264" role=""/>
    <member type="way" ref="1249376187" role=""/>
    <member type="way" ref="1250670532" role=""/>
    <member type="way" ref="1249376185" role=""/>
    <member type="way" ref="1100743856" role=""/>
    <member type="way" ref="707637519" role=""/>
    <member type="way" ref="1193696181" role=""/>
    <member type="way" ref="1245762676" role=""/>
    <tag k="colour" v="#168388"/>
    <tag k="duration" v="01:01:00"/>
    <tag k="from" v="Tallawong"/>
    <tag k="interval" v="00:04:00"/>
    <tag k="interval:conditional" v="00:07:00 @ (04:45-06:25,09:01-15:41,18:45-21:25)"/>
    <tag k="last_renovation" v="2014-08-04"/>
    <tag k="name" v="Metro North West &amp; Bankstown Line"/>
    <tag k="network" v="Sydney Metro"/>
    <tag k="network:wikidata" v="Q14774571"/>
    <tag k="old_ref" v="M"/>
    <tag k="opening_hours" v="04:45-21:25"/>
    <tag k="operator" v="Metro Trains Sydney"/>
    <tag k="operator:wikidata" v="Q20861549"/>
    <tag k="owner" v="Transport for NSW"/>
    <tag k="owner:wikidata" v="Q7834923"/>
    <tag k="passenger" v="suburban"/>
    <tag k="public_transport:version" v="2"/>
    <tag k="ref" v="M1"/>
    <tag k="route" v="subway"/>
    <tag k="service" v="commuter"/>
    <tag k="start_date" v="2019-05-26"/>
    <tag k="to" v="Sydenham"/>
    <tag k="type" v="route"/>
    <tag k="wikidata" v="Q63781320"/>
    <tag k="wikipedia" v="en:Metro North West &amp; Bankstown Line"/>
  </relation>
  <relation id="9705894">
    <member type="node" ref="15445736" role=""/>
    <member type="node" ref="6560219241" role="stop"/>
    <member type="node" ref="6560219240" role="stop"/>
    <member type="way" ref="143683599" role="platform"/>
    <member type="way" ref="143683603" role="platform"/>
    <member type="node" ref="7118249581" role=""/>
    <member type="node" ref="7888578534" role=""/>
    <member type="node" ref="10740557244" role=""/>
    <tag k="name" v="Green Square"/>
    <tag k="public_transport" v="stop_area"/>
    <tag k="type" v="public_transport"/>
  </relation>
  <relation id="9724268">
    <member type="node" ref="6553977453" role="stop"/>
    <member type="node" ref="6553977448" role="stop"/>
    <member type="node" ref="1956491895" role="stop"/>
    <member type="node" ref="6553977443" role="stop"/>
    <member type="node" ref="6553977441" role="stop"/>
    <member type="node" ref="6560219271" role="stop"/>
    <member type="node" ref="6560219269" role="stop"/>
    <member type="node" ref="1584393457" role="stop"/>
    <member type="node" ref="6560219264" role="stop"/>
    <member type="node" ref="6560219261" role="stop"/>
    <member type="node" ref="1584296294" role="stop"/>
    <member type="node" ref="6560219254" role="stop"/>
    <member type="node" ref="1584296190" role="stop"/>
    <member type="node" ref="6560219247" role="stop"/>
    <member type="node" ref="1584262392" role="stop"/>
    <member type="node" ref="6576039174" role="stop"/>
    <member type="node" ref="6576039168" role="stop"/>
    <member type="node" ref="1584262052" role="stop"/>
    <member type="way" ref="507279787" role="platform"/>
    <member type="node" ref="6576039163" role="stop"/>
    <member type="node" ref="1572445831" role="stop"/>
    <member type="node" ref="6553977454" role="stop"/>
    <member type="node" ref="6553977457" role="stop"/>
    <member type="node" ref="6560219243" role="stop"/>
    <member type="node" ref="6560219241" role="stop"/>
    <member type="node" ref="1561119550" role="stop"/>
    <member type="node" ref="1763901265" role="stop_exit_only"/>
    <member type="node" ref="9780863959" role="stop_exit_only"/>
    <member type="node" ref="6576039175" role="stop_exit_only"/>
    <member type="node" ref="6553012227" role="stop_exit_only"/>
    <member type="node" ref="6553012232" role="stop_exit_only"/>
    <member type="way" ref="1083409288" role=""/>
    <member type="way" ref="1111284940" role=""/>
    <member type="way" ref="1111284933" role=""/>
    <member type="way" ref="1111284935" role=""/>
    <member type="way" ref="1083409291" role=""/>
    <member type="way" ref="1111284931" role=""/>
    <member type="way" ref="1083454472" role=""/>
    <member type="way" ref="1111284930" role=""/>
    <member type="way" ref="424080002" role=""/>
    <member type="way" ref="1083454478" role=""/>
    <member type="way" ref="1083454479" role=""/>
    <member type="way" ref="1083454474" role=""/>
    <member type="way" ref="145070989" role=""/>
    <member type="way" ref="1083454483" role=""/>
    <member type="way" ref="1083454486" role=""/>
    <member type="way" ref="1083454487" role=""/>
    <member type="way" ref="145070991" role=""/>
    <member type="way" ref="1083454490" role=""/>
    <member type="way" ref="145072934" role=""/>
    <member type="way" ref="145072930" role=""/>
    <member type="way" ref="145070988" role=""/>
    <member type="way" ref="1083454491" role=""/>
    <member type="way" ref="1083454492" role=""/>
    <member type="way" ref="145070985" role=""/>
    <member type="way" ref="145070986" role=""/>
    <member type="way" ref="145070992" role=""/>
    <member type="way" ref="1006029387" role=""/>
    <member type="way" ref="1006029390" role=""/>
    <member type="way" ref="145070987" role=""/>
    <member type="way" ref="145070990" role=""/>
    <member type="way" ref="145072568" role=""/>
    <member type="way" ref="698586827" role=""/>
    <member type="way" ref="1083454496" role=""/>
    <member type="way" ref="145039206" role=""/>
    <member type="way" ref="1083454497" role=""/>
    <member type="way" ref="1082977130" role=""/>
    <member type="way" ref="1083454499" role=""/>
    <member type="way" ref="1082977129" role=""/>
    <member type="way" ref="145039205" role=""/>
    <member type="way" ref="1075450343" role=""/>
    <member type="way" ref="1082977125" role=""/>
    <member type="way" ref="144965146" role=""/>
    <member type="way" ref="144965149" role=""/>
    <member type="way" ref="1100752337" role=""/>
    <member type="way" ref="416981858" role=""/>
    <member type="way" ref="144965139" role=""/>
    <member type="way" ref="144965138" role=""/>
    <member type="way" ref="144965140" role=""/>
    <member type="way" ref="144965134" role=""/>
    <member type="way" ref="144965141" role=""/>
    <member type="way" ref="1100752323" role=""/>
    <member type="way" ref="1100752324" role=""/>
    <member type="way" ref="144965142" role=""/>
    <member type="way" ref="371450361" role=""/>
    <member type="way" ref="371450360" role=""/>
    <member type="way" ref="144965135" role=""/>
    <member type="way" ref="144965133" role=""/>
    <member type="way" ref="144965147" role=""/>
    <member type="way" ref="144965143" role=""/>
    <member type="way" ref="144965137" role=""/>
    <member type="way" ref="144965144" role=""/>
    <member type="way" ref="144965136" role=""/>
    <member type="way" ref="1082977123" role=""/>
    <member type="way" ref="1100752304" role=""/>
    <member type="way" ref="1100752303" role=""/>
    <member type="way" ref="144965145" role=""/>
    <member type="way" ref="1082977118" role=""/>
    <member type="way" ref="144954829" role=""/>
    <member type="way" ref="144965162" role=""/>
    <member type="way" ref="144965164" role=""/>
    <member type="way" ref="144954831" role=""/>
    <member type="way" ref="1082977114" role=""/>
    <member type="way" ref="144965159" role=""/>
    <member type="way" ref="1038159105" role=""/>
    <member type="way" ref="144965153" role=""/>
    <member type="way" ref="1038159100" role=""/>
    <member type="way" ref="144965152" role=""/>
    <member type="way" ref="135719482" role=""/>
    <member type="way" ref="135719478" role=""/>
    <member type="way" ref="135719485" role=""/>
    <member type="way" ref="135719495" role=""/>
    <member type="way" ref="1082977112" role=""/>
    <member type="way" ref="1038584069" role=""/>
    <member type="way" ref="1038584074" role=""/>
    <member type="way" ref="143683589" role=""/>
    <member type="way" ref="144965157" role=""/>
    <member type="way" ref="144965158" role=""/>
    <member type="way" ref="1082977108" role=""/>
    <member type="way" ref="1082977106" role=""/>
    <member type="way" ref="598427199" role=""/>
    <member type="way" ref="598427200" role=""/>
    <member type="way" ref="144965156" role=""/>
    <member type="way" ref="1038902250" role=""/>
    <member type="way" ref="1038902255" role=""/>
    <member type="way" ref="1082977097" role=""/>
    <member type="way" ref="1082977098" role=""/>
    <member type="way" ref="1190408823" role=""/>
    <member type="way" ref="1190408824" role=""/>
    <member type="way" ref="1082977094" role=""/>
    <member type="way" ref="144965150" role=""/>
    <member type="way" ref="1082977089" role=""/>
    <member type="way" ref="995142846" role=""/>
    <member type="way" ref="995142845" role=""/>
    <member type="way" ref="1046394304" role=""/>
    <member type="way" ref="1082977084" role=""/>
    <member type="way" ref="1046394301" role=""/>
    <member type="way" ref="144952335" role=""/>
    <member type="way" ref="144952334" role=""/>
    <member type="way" ref="1046704905" role=""/>
    <member type="way" ref="1046704901" role=""/>
    <member type="way" ref="144445526" role=""/>
    <member type="way" ref="144447330" role=""/>
    <member type="way" ref="144447329" role=""/>
    <member type="way" ref="143683590" role=""/>
    <member type="way" ref="143683592" role=""/>
    <member type="way" ref="788214816" role=""/>
    <member type="way" ref="788214814" role=""/>
    <member type="way" ref="1082342801" role=""/>
    <member type="way" ref="1082342802" role=""/>
    <member type="way" ref="1110918573" role=""/>
    <member type="way" ref="1082342803" role=""/>
    <member type="way" ref="1110918572" role=""/>
    <member type="way" ref="1082342804" role=""/>
    <member type="way" ref="1111219988" role=""/>
    <member type="way" ref="1111219989" role=""/>
    <member type="way" ref="1082342805" role=""/>
    <member type="way" ref="1082342806" role=""/>
    <member type="way" ref="1154874064" role=""/>
    <member type="way" ref="1082342807" role=""/>
    <member type="way" ref="1154874063" role=""/>
    <member type="way" ref="1082342808" role=""/>
    <member type="way" ref="1155653036" role=""/>
    <member type="way" ref="1155653034" role=""/>
    <member type="way" ref="143683587" role=""/>
    <member type="way" ref="1082342809" role=""/>
    <member type="way" ref="143683591" role=""/>
    <member type="way" ref="143683588" role=""/>
    <member type="way" ref="143758854" role=""/>
    <member type="way" ref="1082342810" role=""/>
    <member type="way" ref="143758850" role=""/>
    <member type="way" ref="491842175" role=""/>
    <member type="way" ref="142663112" role=""/>
    <member type="way" ref="142663097" role=""/>
    <member type="way" ref="142663090" role=""/>
    <member type="way" ref="142663092" role=""/>
    <member type="way" ref="449396646" role=""/>
    <member type="way" ref="1134397253" role=""/>
    <member type="way" ref="392885806" role=""/>
    <member type="way" ref="1080032518" role=""/>
    <member type="way" ref="1046997904" role=""/>
    <member type="way" ref="326915900" role=""/>
    <member type="way" ref="1065037670" role=""/>
    <member type="way" ref="1065037669" role=""/>
    <member type="way" ref="280227708" role=""/>
    <member type="way" ref="280227706" role=""/>
    <member type="way" ref="449342260" role=""/>
    <member type="way" ref="51065528" role=""/>
    <member type="way" ref="449342259" role=""/>
    <member type="way" ref="449335826" role=""/>
    <member type="way" ref="1082244793" role=""/>
    <member type="way" ref="142670303" role=""/>
    <member type="way" ref="449335825" role=""/>
    <member type="way" ref="449335824" role=""/>
    <tag k="colour" v="#00954C"/>
    <tag k="from" v="Macarthur"/>
    <tag k="headway" v="15"/>
    <tag k="name" v="Airport &amp; South Line"/>
    <tag k="network" v="Sydney Trains"/>
    <tag k="network:wikidata" v="Q7660181"/>
    <tag k="operator" v="Sydney Trains"/>
    <tag k="public_transport:version" v="2"/>
    <tag k="ref" v="T8"/>
    <tag k="route" v="train"/>
    <tag k="service" v="commuter"/>
    <tag k="to" v="City Circle"/>
    <tag k="type" v="route"/>
    <tag k="via" v="Airport"/>
    <tag k="wikidata" v="Q4698965"/>
  </relation>
  <relation id="9724269">
    <member type="node" ref="6553012231" role="stop_entry_only"/>
    <member type="node" ref="6553012226" role="stop"/>
    <member type="node" ref="6576039176" role="stop"/>
    <member type="node" ref="6576039160" role="stop"/>
    <member type="node" ref="6576039161" role="stop"/>
    <member type="node" ref="1572445630" role="stop"/>
    <member type="node" ref="6560219240" role="stop"/>
    <member type="node" ref="1572445745" role="stop"/>
    <member type="node" ref="6553977456" role="stop"/>
    <member type="node" ref="6553977455" role="stop"/>
    <member type="node" ref="6560219245" role="stop"/>
    <member type="node" ref="6576039162" role="stop"/>
    <member type="node" ref="6576039164" role="stop"/>
    <member type="node" ref="6576039169" role="stop"/>
    <member type="node" ref="6576039173" role="stop"/>
    <member type="node" ref="6576039171" role="stop"/>
    <member type="node" ref="6560219246" role="stop"/>
    <member type="node" ref="6560219253" role="stop"/>
    <member type="node" ref="1584393287" role="stop"/>
    <member type="node" ref="6560219256" role="stop"/>
    <member type="node" ref="6560219260" role="stop"/>
    <member type="node" ref="1584393438" role="stop"/>
    <member type="node" ref="6560219265" role="stop"/>
    <member type="node" ref="6560219267" role="stop"/>
    <member type="node" ref="6560219270" role="stop"/>
    <member type="node" ref="6553977442" role="stop"/>
    <member type="node" ref="6553977444" role="stop"/>
    <member type="node" ref="6553977447" role="stop"/>
    <member type="node" ref="6553977451" role="stop"/>
    <member type="node" ref="6553977452" role="stop_exit_only"/>
    <member type="way" ref="449335828" role=""/>
    <member type="way" ref="142598670" role=""/>
    <member type="way" ref="136263478" role=""/>
    <member type="way" ref="449335829" role=""/>
    <member type="way" ref="1082244792" role=""/>
    <member type="way" ref="449335827" role=""/>
    <member type="way" ref="449342261" role=""/>
    <member type="way" ref="142670304" role=""/>
    <member type="way" ref="449342262" role=""/>
    <member type="way" ref="51065526" role=""/>
    <member type="way" ref="280227713" role=""/>
    <member type="way" ref="280227710" role=""/>
    <member type="way" ref="1065037671" role=""/>
    <member type="way" ref="1065037668" role=""/>
    <member type="way" ref="143670660" role=""/>
    <member type="way" ref="1046997905" role=""/>
    <member type="way" ref="143670659" role=""/>
    <member type="way" ref="1080032516" role=""/>
    <member type="way" ref="142663103" role=""/>
    <member type="way" ref="1080032517" role=""/>
    <member type="way" ref="449396647" role=""/>
    <member type="way" ref="142663101" role=""/>
    <member type="way" ref="142663108" role=""/>
    <member type="way" ref="1099208996" role=""/>
    <member type="way" ref="142663105" role=""/>
    <member type="way" ref="142663109" role=""/>
    <member type="way" ref="1080071907" role=""/>
    <member type="way" ref="491842176" role=""/>
    <member type="way" ref="1080071908" role=""/>
    <member type="way" ref="143683584" role=""/>
    <member type="way" ref="1117291266" role=""/>
    <member type="way" ref="143683582" role=""/>
    <member type="way" ref="1080071909" role=""/>
    <member type="way" ref="1080071910" role=""/>
    <member type="way" ref="1155653033" role=""/>
    <member type="way" ref="1155653035" role=""/>
    <member type="way" ref="1080071911" role=""/>
    <member type="way" ref="1154874062" role=""/>
    <member type="way" ref="1080071912" role=""/>
    <member type="way" ref="1154874065" role=""/>
    <member type="way" ref="1080071913" role=""/>
    <member type="way" ref="1111219990" role=""/>
    <member type="way" ref="1080071914" role=""/>
    <member type="way" ref="1111219987" role=""/>
    <member type="way" ref="1080071915" role=""/>
    <member type="way" ref="1110918574" role=""/>
    <member type="way" ref="1080071916" role=""/>
    <member type="way" ref="413547246" role=""/>
    <member type="way" ref="1080071917" role=""/>
    <member type="way" ref="143683586" role=""/>
    <member type="way" ref="788214813" role=""/>
    <member type="way" ref="788214815" role=""/>
    <member type="way" ref="143683585" role=""/>
    <member type="way" ref="1082977082" role=""/>
    <member type="way" ref="143683583" role=""/>
    <member type="way" ref="144447326" role=""/>
    <member type="way" ref="144447325" role=""/>
    <member type="way" ref="1117505095" role=""/>
    <member type="way" ref="1046704900" role=""/>
    <member type="way" ref="1046704904" role=""/>
    <member type="way" ref="144445524" role=""/>
    <member type="way" ref="144952330" role=""/>
    <member type="way" ref="1046394300" role=""/>
    <member type="way" ref="1082977086" role=""/>
    <member type="way" ref="1046394305" role=""/>
    <member type="way" ref="995142844" role=""/>
    <member type="way" ref="995142847" role=""/>
    <member type="way" ref="144952329" role=""/>
    <member type="way" ref="1082977092" role=""/>
    <member type="way" ref="1190408826" role=""/>
    <member type="way" ref="1190408825" role=""/>
    <member type="way" ref="1082977100" role=""/>
    <member type="way" ref="1082977099" role=""/>
    <member type="way" ref="1038902254" role=""/>
    <member type="way" ref="1038902252" role=""/>
    <member type="way" ref="144965118" role=""/>
    <member type="way" ref="144965125" role=""/>
    <member type="way" ref="598427201" role=""/>
    <member type="way" ref="598427202" role=""/>
    <member type="way" ref="1082977109" role=""/>
    <member type="way" ref="144965116" role=""/>
    <member type="way" ref="144965126" role=""/>
    <member type="way" ref="1038584073" role=""/>
    <member type="way" ref="1038584070" role=""/>
    <member type="way" ref="144954821" role=""/>
    <member type="way" ref="144954819" role=""/>
    <member type="way" ref="144954820" role=""/>
    <member type="way" ref="103244535" role=""/>
    <member type="way" ref="144965123" role=""/>
    <member type="way" ref="1018995449" role=""/>
    <member type="way" ref="1038159106" role=""/>
    <member type="way" ref="144965124" role=""/>
    <member type="way" ref="1082977115" role=""/>
    <member type="way" ref="1118881330" role=""/>
    <member type="way" ref="144965120" role=""/>
    <member type="way" ref="1118881333" role=""/>
    <member type="way" ref="144965115" role=""/>
    <member type="way" ref="1082977121" role=""/>
    <member type="way" ref="1082977122" role=""/>
    <member type="way" ref="144965113" role=""/>
    <member type="way" ref="1082977124" role=""/>
    <member type="way" ref="144965102" role=""/>
    <member type="way" ref="144965112" role=""/>
    <member type="way" ref="144965101" role=""/>
    <member type="way" ref="144965111" role=""/>
    <member type="way" ref="144965114" role=""/>
    <member type="way" ref="144965100" role=""/>
    <member type="way" ref="144965108" role=""/>
    <member type="way" ref="144965110" role=""/>
    <member type="way" ref="371450349" role=""/>
    <member type="way" ref="371450348" role=""/>
    <member type="way" ref="144965105" role=""/>
    <member type="way" ref="144965107" role=""/>
    <member type="way" ref="324951160" role=""/>
    <member type="way" ref="144965106" role=""/>
    <member type="way" ref="144965104" role=""/>
    <member type="way" ref="144965109" role=""/>
    <member type="way" ref="1083699486" role=""/>
    <member type="way" ref="145039190" role=""/>
    <member type="way" ref="1083454500" role=""/>
    <member type="way" ref="491841673" role=""/>
    <member type="way" ref="474964495" role=""/>
    <member type="way" ref="232400763" role=""/>
    <member type="way" ref="1083454498" role=""/>
    <member type="way" ref="990887588" role=""/>
    <member type="way" ref="145072548" role=""/>
    <member type="way" ref="145072546" role=""/>
    <member type="way" ref="145070976" role=""/>
    <member type="way" ref="1006029389" role=""/>
    <member type="way" ref="1006029388" role=""/>
    <member type="way" ref="145070979" role=""/>
    <member type="way" ref="145070975" role=""/>
    <member type="way" ref="1083454495" role=""/>
    <member type="way" ref="1083454494" role=""/>
    <member type="way" ref="145070972" role=""/>
    <member type="way" ref="1083454493" role=""/>
    <member type="way" ref="145070974" role=""/>
    <member type="way" ref="145070978" role=""/>
    <member type="way" ref="145072922" role=""/>
    <member type="way" ref="145072926" role=""/>
    <member type="way" ref="1111284926" role=""/>
    <member type="way" ref="1111284925" role=""/>
    <member type="way" ref="1083454485" role=""/>
    <member type="way" ref="1083454484" role=""/>
    <member type="way" ref="1083454482" role=""/>
    <member type="way" ref="145070973" role=""/>
    <member type="way" ref="1083454475" role=""/>
    <member type="way" ref="1083454480" role=""/>
    <member type="way" ref="1083454481" role=""/>
    <member type="way" ref="145070977" role=""/>
    <member type="way" ref="1083454473" role=""/>
    <member type="way" ref="1083409294" role=""/>
    <member type="way" ref="1253203708" role=""/>
    <member type="way" ref="1083409290" role=""/>
    <member type="way" ref="1111284936" role=""/>
    <member type="way" ref="1111284934" role=""/>
    <member type="way" ref="1111284941" role=""/>
    <member type="way" ref="1083409289" role=""/>
    <tag k="colour" v="#00954C"/>
    <tag k="from" v="City Circle"/>
    <tag k="headway" v="15"/>
    <tag k="name" v="Airport &amp; South Line"/>
    <tag k="network" v="Sydney Trains"/>
    <tag k="network:wikidata" v="Q7660181"/>
    <tag k="operator" v="Sydney Trains"/>
    <tag k="public_transport:version" v="2"/>
    <tag k="ref" v="T8"/>
    <tag k="route" v="train"/>
    <tag k="service" v="commuter"/>
    <tag k="to" v="Macarthur"/>
    <tag k="type" v="route"/>
    <tag k="via" v="Airport"/>
    <tag k="wikidata" v="Q4698965"/>
  </relation>
  <relation id="9985848">
    <member type="way" ref="638976547" role="from"/>
    <member type="node" ref="5874667132" role="via"/>
    <member type="way" ref="621869806" role="to"/>
    <tag k="restriction" v="only_left_turn"/>
    <tag k="type" v="restriction"/>
  </relation>
  <relation id="10190109">
    <member type="way" ref="183759872" role="from"/>
    <member type="node" ref="1146792447" role="intersection"/>
    <member type="way" ref="35154884" role="to"/>
    <tag k="colour:arrow" v="white"/>
    <tag k="colour:back" v="green"/>
    <tag k="colour:text" v="white"/>
    <tag k="destination" v="Airport;Botany"/>
    <tag k="destination:street" v="Bourke Street"/>
    <tag k="destination:symbol" v="airport"/>
    <tag k="type" v="destination_sign"/>
  </relation>
  <relation id="10206149">
    <member type="way" ref="756564601" role="from"/>
    <member type="node" ref="1844755276" role="sign"/>
    <member type="way" ref="568316752" role="to"/>
    <tag k="colour:arrow" v="white"/>
    <tag k="colour:back" v="green"/>
    <tag k="colour:text" v="white"/>
    <tag k="destination" v="Airport"/>
    <tag k="destination:street" v="O'Riordan Street"/>
    <tag k="destination:symbol" v="airport"/>
    <tag k="source:destination" v="OpenStreetCam"/>
    <tag k="type" v="destination_sign"/>
  </relation>
  <relation id="10206150">
    <member type="way" ref="756564601" role="from"/>
    <member type="node" ref="1844755230" role="sign"/>
    <member type="way" ref="568316751" role="to"/>
    <tag k="colour:arrow" v="white"/>
    <tag k="colour:back" v="green"/>
    <tag k="colour:text" v="white"/>
    <tag k="destination" v="Alexandria"/>
    <tag k="destination:street" v="Bourke Road"/>
    <tag k="source:destination" v="OpenStreetCam"/>
    <tag k="type" v="destination_sign"/>
  </relation>
  <relation id="10206151">
    <member type="way" ref="756564601" role="from"/>
    <member type="node" ref="5663268545" role="sign"/>
    <member type="way" ref="194616034" role="to"/>
    <tag k="colour:arrow" v="white"/>
    <tag k="colour:back" v="green"/>
    <tag k="colour:text" v="white"/>
    <tag k="destination" v="Botany"/>
    <tag k="destination:street" v="Botany Road"/>
    <tag k="source:destination" v="mapillary"/>
    <tag k="type" v="destination_sign"/>
  </relation>
  <relation id="10430778">
    <member type="way" ref="194616034" role="from"/>
    <member type="node" ref="5663268545" role="sign"/>
    <member type="way" ref="756564601" role="to"/>
    <tag k="colour:arrow" v="white"/>
    <tag k="colour:back" v="green"/>
    <tag k="colour:text" v="white"/>
    <tag k="destination" v="Randwick"/>
    <tag k="destination:street" v="Bourke Street"/>
    <tag k="source:destination" v="OpenStreetCam"/>
    <tag k="type" v="destination_sign"/>
  </relation>
  <relation id="10430779">
    <member type="way" ref="333521820" role="from"/>
    <member type="node" ref="5663203840" role="via"/>
    <member type="way" ref="568335702" role="to"/>
    <tag k="restriction" v="no_right_turn"/>
    <tag k="type" v="restriction"/>
  </relation>
  <relation id="10430780">
    <member type="way" ref="568335702" role="from"/>
    <member type="node" ref="5663203840" role="via"/>
    <member type="way" ref="568335703" role="to"/>
    <tag k="restriction" v="no_right_turn"/>
    <tag k="type" v="restriction"/>
  </relation>
  <relation id="10430781">
    <member type="node" ref="7066425011" role="device"/>
    <member type="node" ref="1837594591" role="to"/>
    <tag k="enforcement" v="maxspeed"/>
    <tag k="maxspeed" v="50"/>
    <tag k="type" v="enforcement"/>
  </relation>
  <relation id="10995643">
    <member type="way" ref="568316752" role="from"/>
    <member type="node" ref="5663268545" role="sign"/>
    <member type="way" ref="791790681" role="to"/>
    <tag k="colour:arrow" v="white"/>
    <tag k="colour:back" v="green"/>
    <tag k="colour:text" v="white"/>
    <tag k="destination" v="Redfern;City"/>
    <tag k="destination:street" v="Botany Road"/>
    <tag k="source:destination" v="OpenStreetCam"/>
    <tag k="type" v="destination_sign"/>
  </relation>
  <relation id="10995675">
    <member type="way" ref="791790681" role="from"/>
    <member type="node" ref="7402208279" role="sign"/>
    <member type="way" ref="194616034" role="to"/>
    <tag k="colour:arrow" v="white"/>
    <tag k="colour:back" v="green"/>
    <tag k="colour:text" v="white"/>
    <tag k="destination" v="Airport;Botany"/>
    <tag k="destination:street" v="Botany Road"/>
    <tag k="destination:symbol" v="airport"/>
    <tag k="source:destination" v="OpenStreetCam"/>
    <tag k="type" v="destination_sign"/>
  </relation>
  <relation id="11026423">
    <member type="way" ref="568316752" role="from"/>
    <member type="way" ref="756564601" role="to"/>
    <member type="node" ref="1844755276" role="sign"/>
    <tag k="colour:arrow" v="white"/>
    <tag k="colour:back" v="green"/>
    <tag k="colour:text" v="white"/>
    <tag k="destination" v="Randwick"/>
    <tag k="destination:street" v="Bourke Street"/>
    <tag k="source:destination" v="OpenStreetCam"/>
    <tag k="type" v="destination_sign"/>
  </relation>
  <relation id="11123193">
    <member type="way" ref="806263895" role="from"/>
    <member type="node" ref="1844755334" role="via"/>
    <member type="way" ref="568316751" role="to"/>
    <tag k="restriction" v="no_right_turn"/>
    <tag k="type" v="restriction"/>
  </relation>
  <relation id="11123195">
    <member type="way" ref="806263896" role="from"/>
    <member type="node" ref="250421656" role="via"/>
    <member type="way" ref="173703477" role="to"/>
    <tag k="restriction" v="no_u_turn"/>
    <tag k="type" v="restriction"/>
  </relation>
  <relation id="11597658">
    <member type="way" ref="845539025" role="outer"/>
    <member type="way" ref="392464145" role="outer"/>
    <tag k="landuse" v="construction"/>
    <tag k="type" v="multipolygon"/>
  </relation>
  <relation id="11923174">
    <member type="way" ref="875756935" role="house"/>
    <member type="way" ref="875756934" role="house"/>
    <member type="way" ref="875756933" role="house"/>
    <member type="way" ref="875756932" role="house"/>
    <member type="way" ref="875756931" role="house"/>
    <member type="way" ref="875756930" role="house"/>
    <member type="way" ref="875756929" role="house"/>
    <member type="way" ref="875756928" role="house"/>
    <member type="way" ref="875756927" role="house"/>
    <member type="way" ref="875756926" role="house"/>
    <member type="way" ref="875756925" role="house"/>
    <member type="way" ref="875756924" role="house"/>
    <member type="way" ref="875756923" role="house"/>
    <member type="way" ref="875756922" role="house"/>
    <member type="way" ref="875756921" role="house"/>
    <member type="way" ref="875756920" role="house"/>
    <member type="way" ref="875756919" role="house"/>
    <member type="way" ref="875756918" role="house"/>
    <member type="way" ref="875756917" role="house"/>
    <member type="way" ref="875756916" role="house"/>
    <member type="way" ref="875756915" role="house"/>
    <member type="way" ref="875756914" role="house"/>
    <member type="way" ref="875756913" role="house"/>
    <member type="way" ref="875756912" role="house"/>
    <member type="way" ref="875756911" role="house"/>
    <member type="way" ref="875756910" role="house"/>
    <member type="way" ref="875756909" role="house"/>
    <member type="way" ref="875756908" role="house"/>
    <member type="way" ref="875756907" role="house"/>
    <member type="way" ref="875756906" role="house"/>
    <tag k="name" v="Portman Street"/>
    <tag k="type" v="associatedStreet"/>
  </relation>
  <relation id="13706302">
    <member type="way" ref="183759880" role="from"/>
    <member type="node" ref="18449038" role="via"/>
    <member type="way" ref="414927794" role="to"/>
    <tag k="restriction:conditional" v="no_left_turn @ (length &gt; 10)"/>
    <tag k="type" v="restriction"/>
  </relation>
  <relation id="13706303">
    <member type="way" ref="183759880" role="from"/>
    <member type="node" ref="18449038" role="via"/>
    <member type="way" ref="3725034" role="to"/>
    <tag k="restriction:conditional" v="no_right_turn @ (length &gt; 10)"/>
    <tag k="type" v="restriction"/>
  </relation>
  <relation id="13881203">
    <member type="way" ref="548685851" role="outer"/>
    <member type="way" ref="1036493358" role="inner"/>
    <tag k="addr:housenumber" v="301-303"/>
    <tag k="addr:postcode" v="2017"/>
    <tag k="addr:state" v="NSW"/>
    <tag k="addr:street" v="Botany Road"/>
    <tag k="addr:suburb" v="Zetland"/>
    <tag k="architect" v="Koichi Takada"/>
    <tag k="building" v="apartments"/>
    <tag k="building:levels" v="19"/>
    <tag k="name" v="Infinity"/>
    <tag k="start_date" v="2019"/>
    <tag k="type" v="multipolygon"/>
    <tag k="website" v="https://infinitybycrowngroup.com.au/"/>
  </relation>
  <relation id="13997807">
    <member type="way" ref="1047598762" role="from"/>
    <member type="node" ref="9150717562" role="via"/>
    <member type="way" ref="1047141424" role="to"/>
    <tag k="restriction" v="no_right_turn"/>
    <tag k="type" v="restriction"/>
  </relation>
  <relation id="14024164">
    <member type="way" ref="806263895" role="from"/>
    <member type="node" ref="11263989101" role="via"/>
    <member type="way" ref="568316752" role="to"/>
    <tag k="restriction" v="no_left_turn"/>
    <tag k="type" v="restriction"/>
  </relation>
  <relation id="14159242">
    <member type="way" ref="990240190" role="from"/>
    <member type="node" ref="9150717562" role="via"/>
    <member type="way" ref="1047598762" role="to"/>
    <tag k="restriction" v="no_right_turn"/>
    <tag k="type" v="restriction"/>
  </relation>
  <relation id="14471678">
    <member type="way" ref="1087145953" role="outer"/>
    <member type="way" ref="1087145957" role="outer"/>
    <member type="way" ref="1087145968" role="outer"/>
    <member type="way" ref="1087145958" role="outer"/>
    <member type="way" ref="1087145965" role="outer"/>
    <member type="way" ref="1087145959" role="outer"/>
    <member type="way" ref="1087145962" role="outer"/>
    <member type="way" ref="1087145960" role="outer"/>
    <member type="way" ref="1087145954" role="outer"/>
    <member type="way" ref="1087145956" role="outer"/>
    <tag k="highway" v="cycleway"/>
    <tag k="type" v="multipolygon"/>
  </relation>
  <relation id="14471683">
    <member type="way" ref="1087145984" role="outer"/>
    <member type="way" ref="1087145967" role="outer"/>
    <member type="way" ref="1087145951" role="outer"/>
    <member type="way" ref="1087145968" role="outer"/>
    <member type="way" ref="1087145950" role="outer"/>
    <member type="way" ref="1087145969" role="outer"/>
    <tag k="amenity" v="parking"/>
    <tag k="capacity" v="2"/>
    <tag k="parking" v="street_side"/>
    <tag k="type" v="multipolygon"/>
  </relation>
  <relation id="14471684">
    <member type="way" ref="1087145949" role="outer"/>
    <member type="way" ref="1087145965" role="outer"/>
    <member type="way" ref="1087145948" role="outer"/>
    <member type="way" ref="1087145964" role="outer"/>
    <member type="way" ref="1087145983" role="outer"/>
    <member type="way" ref="1087145966" role="outer"/>
    <tag k="amenity" v="parking"/>
    <tag k="capacity" v="2"/>
    <tag k="parking" v="street_side"/>
    <tag k="type" v="multipolygon"/>
  </relation>
  <relation id="14471685">
    <member type="way" ref="1087145961" role="outer"/>
    <member type="way" ref="1087145982" role="outer"/>
    <member type="way" ref="1087145963" role="outer"/>
    <member type="way" ref="1087145947" role="outer"/>
    <member type="way" ref="1087145962" role="outer"/>
    <member type="way" ref="1087145946" role="outer"/>
    <tag k="amenity" v="parking"/>
    <tag k="capacity" v="2"/>
    <tag k="parking" v="street_side"/>
    <tag k="type" v="multipolygon"/>
  </relation>
  <relation id="14471687">
    <member type="way" ref="1087145979" role="outer"/>
    <member type="way" ref="1087145981" role="outer"/>
    <member type="way" ref="1087145953" role="outer"/>
    <member type="way" ref="1087145952" role="outer"/>
    <member type="way" ref="1087145977" role="outer"/>
    <member type="way" ref="1087145976" role="outer"/>
    <tag k="amenity" v="parking"/>
    <tag k="capacity" v="2"/>
    <tag k="parking" v="street_side"/>
    <tag k="type" v="multipolygon"/>
  </relation>
  <relation id="14471689">
    <member type="way" ref="1087146007" role="outer"/>
    <member type="way" ref="1087145994" role="outer"/>
    <member type="way" ref="1087145954" role="outer"/>
    <member type="way" ref="1190302697" role="outer"/>
    <member type="way" ref="1087145955" role="outer"/>
    <member type="way" ref="1087145987" role="outer"/>
    <member type="way" ref="1087145986" role="outer"/>
    <member type="way" ref="1087146006" role="outer"/>
    <member type="way" ref="1087145993" role="outer"/>
    <member type="way" ref="845539024" role="inner"/>
    <tag k="footway" v="sidewalk"/>
    <tag k="type" v="multipolygon"/>
  </relation>
  <relation id="14471694">
    <member type="way" ref="1087146001" role="outer"/>
    <member type="way" ref="1087146003" role="outer"/>
    <tag k="amenity" v="parking"/>
    <tag k="capacity" v="3"/>
    <tag k="parking" v="street_side"/>
    <tag k="type" v="multipolygon"/>
  </relation>
  <relation id="14471695">
    <member type="way" ref="1087146008" role="outer"/>
    <tag k="traffic_calming" v="island"/>
    <tag k="type" v="multipolygon"/>
  </relation>
  <relation id="14471696">
    <member type="way" ref="1087146009" role="outer"/>
    <tag k="traffic_calming" v="island"/>
    <tag k="type" v="multipolygon"/>
  </relation>
  <relation id="14471697">
    <member type="way" ref="1087146010" role="outer"/>
    <tag k="traffic_calming" v="island"/>
    <tag k="type" v="multipolygon"/>
  </relation>
  <relation id="14471698">
    <member type="way" ref="1087146011" role="outer"/>
    <tag k="traffic_calming" v="island"/>
    <tag k="type" v="multipolygon"/>
  </relation>
  <relation id="15908894">
    <member type="way" ref="905037217" role="from"/>
    <member type="node" ref="8404870569" role="via"/>
    <member type="way" ref="1176538389" role="to"/>
    <tag k="restriction" v="no_right_turn"/>
    <tag k="type" v="restriction"/>
  </relation>
  <relation id="16103311">
    <member type="way" ref="1103976730" role="from"/>
    <member type="way" ref="1190302675" role="via"/>
    <member type="way" ref="756564603" role="to"/>
    <tag k="restriction" v="no_u_turn"/>
    <tag k="type" v="restriction"/>
  </relation>
  <relation id="16103312">
    <member type="way" ref="1103976725" role="from"/>
    <member type="way" ref="1190302675" role="via"/>
    <member type="way" ref="1103976726" role="to"/>
    <tag k="restriction" v="no_u_turn"/>
    <tag k="type" v="restriction"/>
  </relation>
  <relation id="16103315">
    <member type="way" ref="756564604" role="from"/>
    <member type="way" ref="1190302679" role="via"/>
    <member type="way" ref="1190302669" role="via"/>
    <member type="way" ref="1103976728" role="to"/>
    <tag k="note" v="Turn restriction needs two via ways"/>
    <tag k="restriction" v="no_u_turn"/>
    <tag k="type" v="restriction"/>
  </relation>
  <relation id="16103316">
    <member type="way" ref="1103976727" role="from"/>
    <member type="way" ref="1190302678" role="via"/>
    <member type="way" ref="639023907" role="to"/>
    <tag k="restriction" v="no_u_turn"/>
    <tag k="type" v="restriction"/>
  </relation>
  <relation id="16103317">
    <member type="way" ref="1190302680" role="outer"/>
    <tag k="traffic_calming" v="island"/>
    <tag k="type" v="multipolygon"/>
  </relation>
  <relation id="16420821">
    <member type="node" ref="8530395954" role=""/>
    <member type="node" ref="1941652424" role=""/>
    <member type="node" ref="11237581288" role=""/>
    <member type="node" ref="8530395953" role=""/>
    <member type="node" ref="11237581286" role=""/>
    <member type="node" ref="4337878251" role=""/>
    <member type="node" ref="11237581287" role=""/>
    <member type="node" ref="11237581285" role=""/>
    <member type="node" ref="8530395960" role=""/>
    <member type="node" ref="1823375422" role=""/>
    <member type="node" ref="1146792445" role=""/>
    <tag k="name" v="TfNSW Traffic Controlled Site 0150"/>
    <tag k="ref" v="0150"/>
    <tag k="site" v="traffic_signals"/>
    <tag k="start_date" v="1962-03-27"/>
    <tag k="type" v="site"/>
  </relation>
  <relation id="16478312">
    <member type="node" ref="2355667322" role=""/>
    <member type="node" ref="11258776438" role=""/>
    <member type="node" ref="11258776444" role=""/>
    <member type="node" ref="8954172812" role=""/>
    <member type="node" ref="9991792458" role=""/>
    <member type="node" ref="8954172811" role=""/>
    <member type="node" ref="11258776442" role=""/>
    <member type="node" ref="8954176112" role=""/>
    <member type="node" ref="11258776437" role=""/>
    <tag k="name" v="TfNSW Traffic Controlled Site 0289"/>
    <tag k="ref" v="0289"/>
    <tag k="site" v="traffic_signals"/>
    <tag k="start_date" v="2003-08-22"/>
    <tag k="type" v="site"/>
  </relation>
  <relation id="16492766">
    <member type="node" ref="1844755230" role=""/>
    <member type="node" ref="11263969753" role=""/>
    <member type="node" ref="7895181247" role=""/>
    <member type="node" ref="7895181245" role=""/>
    <member type="node" ref="5663268545" role=""/>
    <member type="node" ref="11263969750" role=""/>
    <member type="node" ref="1836724609" role=""/>
    <member type="node" ref="1844755276" role=""/>
    <member type="node" ref="11263969756" role=""/>
    <tag k="name" v="TfNSW Traffic Controlled Site 0346"/>
    <tag k="ref" v="0346"/>
    <tag k="site" v="traffic_signals"/>
    <tag k="start_date" v="1969-10-09"/>
    <tag k="type" v="site"/>
  </relation>
  <relation id="16492776">
    <member type="node" ref="11263989099" role=""/>
    <member type="node" ref="11263989103" role=""/>
    <member type="node" ref="1844755265" role=""/>
    <member type="node" ref="11263989104" role=""/>
    <member type="node" ref="5663268549" role=""/>
    <member type="node" ref="8519344335" role=""/>
    <member type="node" ref="11263989105" role=""/>
    <member type="node" ref="1844755240" role=""/>
    <member type="node" ref="11263989100" role=""/>
    <member type="node" ref="1844755310" role=""/>
    <member type="node" ref="1844755274" role=""/>
    <member type="node" ref="8519344347" role=""/>
    <member type="node" ref="1844755273" role=""/>
    <tag k="name" v="TfNSW Traffic Controlled Site 0352"/>
    <tag k="ref" v="0352"/>
    <tag k="site" v="traffic_signals"/>
    <tag k="start_date" v="1969-10-09"/>
    <tag k="type" v="site"/>
  </relation>
  <relation id="16695071">
    <member type="node" ref="11347950915" role=""/>
    <member type="node" ref="2041297304" role=""/>
    <member type="node" ref="8954183633" role=""/>
    <member type="node" ref="11258683515" role=""/>
    <member type="node" ref="11347950914" role=""/>
    <member type="node" ref="8954151372" role=""/>
    <member type="node" ref="11258683513" role=""/>
    <tag k="name" v="TfNSW Traffic Controlled Site 0692"/>
    <tag k="ref" v="0692"/>
    <tag k="site" v="traffic_signals"/>
    <tag k="start_date" v="1993-07-31"/>
    <tag k="type" v="site"/>
  </relation>
  <relation id="16844388">
    <member type="node" ref="2854352702" role="platform"/>
    <member type="node" ref="4036627804" role="platform"/>
    <member type="node" ref="4125343720" role="platform"/>
    <member type="node" ref="11359406720" role="platform"/>
    <member type="node" ref="11664901738" role="platform"/>
    <member type="node" ref="3318197561" role="platform"/>
    <member type="node" ref="7066425012" role="platform"/>
    <member type="node" ref="11664901760" role="platform"/>
    <member type="node" ref="11664907875" role="platform"/>
    <member type="node" ref="11664907899" role="platform"/>
    <member type="node" ref="11664907923" role="platform"/>
    <member type="node" ref="11664907929" role="platform"/>
    <member type="node" ref="11664907930" role="platform"/>
    <member type="node" ref="840190773" role="platform"/>
    <member type="node" ref="1958209965" role="platform"/>
    <member type="node" ref="11613179732" role="platform"/>
    <member type="node" ref="11613179733" role="platform"/>
    <member type="node" ref="11664964674" role="platform"/>
    <member type="node" ref="11664964676" role="platform"/>
    <member type="node" ref="11664964708" role="platform"/>
    <member type="node" ref="11664964725" role="platform"/>
    <member type="node" ref="11664964734" role="platform"/>
    <member type="node" ref="11664964754" role="platform"/>
    <member type="node" ref="11613179761" role="platform"/>
    <member type="node" ref="11613179763" role="platform"/>
    <member type="node" ref="11613179764" role="platform"/>
    <member type="node" ref="11613179765" role="platform"/>
    <member type="node" ref="11544822137" role="platform"/>
    <member type="node" ref="11544822138" role="platform"/>
    <member type="node" ref="11544822139" role="platform"/>
    <member type="node" ref="11359433258" role="platform"/>
    <member type="node" ref="5240324525" role="platform"/>
    <member type="node" ref="1152530465" role="platform"/>
    <member type="node" ref="2326356563" role="platform"/>
    <member type="node" ref="11610003100" role="platform"/>
    <member type="node" ref="11610003101" role="platform"/>
    <member type="node" ref="11610003102" role="platform"/>
    <member type="node" ref="11610003103" role="platform"/>
    <member type="node" ref="11610003104" role="platform"/>
    <member type="node" ref="11664964753" role="platform"/>
    <member type="node" ref="11664964735" role="platform"/>
    <member type="node" ref="11664964724" role="platform"/>
    <member type="node" ref="11664964716" role="platform"/>
    <member type="node" ref="11664964692" role="platform"/>
    <member type="node" ref="11664964675" role="platform"/>
    <member type="node" ref="11610003106" role="platform"/>
    <member type="node" ref="1958239609" role="platform"/>
    <member type="node" ref="1958181588" role="platform"/>
    <member type="node" ref="840190588" role="platform"/>
    <member type="node" ref="11664907928" role="platform"/>
    <member type="node" ref="11664907924" role="platform"/>
    <member type="node" ref="11664907898" role="platform"/>
    <member type="node" ref="11664907874" role="platform"/>
    <member type="node" ref="3056659134" role="platform"/>
    <member type="node" ref="772506580" role="platform"/>
    <member type="node" ref="3056659833" role="platform"/>
    <member type="node" ref="3318197262" role="platform"/>
    <member type="node" ref="3056659236" role="platform"/>
    <member type="node" ref="11664901737" role="platform"/>
    <member type="node" ref="772506602" role="platform"/>
    <member type="node" ref="4036627803" role="platform"/>
    <member type="node" ref="4036627802" role="platform"/>
    <member type="way" ref="1224921536" role=""/>
    <member type="way" ref="287514198" role=""/>
    <member type="way" ref="32353177" role=""/>
    <member type="way" ref="220554126" role=""/>
    <member type="way" ref="280773522" role=""/>
    <member type="way" ref="414933606" role=""/>
    <member type="way" ref="3190041" role=""/>
    <member type="way" ref="794989764" role=""/>
    <member type="way" ref="252129991" role=""/>
    <member type="way" ref="1156210189" role=""/>
    <member type="way" ref="5151635" role=""/>
    <member type="way" ref="1156210190" role=""/>
    <member type="way" ref="521118545" role=""/>
    <member type="way" ref="35154880" role=""/>
    <member type="way" ref="791790681" role=""/>
    <member type="way" ref="194616034" role=""/>
    <member type="way" ref="756564600" role=""/>
    <member type="way" ref="1190302666" role=""/>
    <member type="way" ref="1190302669" role=""/>
    <member type="way" ref="1190302679" role=""/>
    <member type="way" ref="1190302667" role=""/>
    <member type="way" ref="845539026" role=""/>
    <member type="way" ref="380458009" role=""/>
    <member type="way" ref="349676672" role=""/>
    <member type="way" ref="3190084" role=""/>
    <member type="way" ref="333521825" role=""/>
    <member type="way" ref="34207087" role=""/>
    <member type="way" ref="1190302656" role=""/>
    <member type="way" ref="174405627" role=""/>
    <member type="way" ref="757542861" role=""/>
    <member type="way" ref="757542860" role=""/>
    <member type="way" ref="1190302658" role=""/>
    <member type="way" ref="1316681852" role=""/>
    <member type="way" ref="4331678" role=""/>
    <member type="way" ref="172985286" role=""/>
    <member type="way" ref="172985289" role=""/>
    <member type="way" ref="904691991" role=""/>
    <member type="way" ref="7878234" role=""/>
    <member type="way" ref="171277763" role=""/>
    <member type="way" ref="7781498" role=""/>
    <member type="way" ref="171277770" role=""/>
    <member type="way" ref="172932328" role=""/>
    <member type="way" ref="1009487561" role=""/>
    <member type="way" ref="295768196" role=""/>
    <member type="way" ref="580279710" role=""/>
    <member type="way" ref="295768193" role=""/>
    <member type="way" ref="784790491" role=""/>
    <member type="way" ref="172766787" role=""/>
    <member type="way" ref="1009487549" role=""/>
    <member type="way" ref="790043279" role=""/>
    <member type="way" ref="69975059" role=""/>
    <member type="way" ref="7892907" role=""/>
    <member type="way" ref="1009487556" role=""/>
    <member type="way" ref="7783981" role=""/>
    <member type="way" ref="1009487557" role=""/>
    <member type="way" ref="185264049" role=""/>
    <member type="way" ref="173030776" role=""/>
    <member type="way" ref="7784545" role=""/>
    <member type="way" ref="171235598" role=""/>
    <member type="way" ref="49101519" role=""/>
    <member type="way" ref="173030773" role=""/>
    <member type="way" ref="7899711" role=""/>
    <member type="way" ref="171235611" role=""/>
    <member type="way" ref="49101532" role=""/>
    <member type="way" ref="171235599" role=""/>
    <member type="way" ref="235331620" role=""/>
    <member type="way" ref="49101516" role=""/>
    <member type="way" ref="171235609" role=""/>
    <member type="way" ref="7978576" role=""/>
    <member type="way" ref="171235606" role=""/>
    <member type="way" ref="47129728" role=""/>
    <member type="way" ref="1009487584" role=""/>
    <member type="way" ref="1009487583" role=""/>
    <member type="way" ref="3154177" role=""/>
    <member type="way" ref="1313151398" role=""/>
    <member type="way" ref="569438968" role=""/>
    <member type="way" ref="1211712707" role=""/>
    <member type="way" ref="569438967" role=""/>
    <member type="way" ref="252450811" role=""/>
    <member type="way" ref="177244291" role=""/>
    <member type="way" ref="364727446" role=""/>
    <member type="way" ref="99139865" role=""/>
    <member type="way" ref="574218865" role=""/>
    <member type="way" ref="99139864" role=""/>
    <member type="way" ref="957135217" role=""/>
    <member type="way" ref="574219127" role=""/>
    <member type="way" ref="574219131" role=""/>
    <member type="way" ref="574219130" role=""/>
    <member type="way" ref="574219223" role=""/>
    <member type="way" ref="99139875" role=""/>
    <member type="way" ref="823802026" role=""/>
    <member type="way" ref="1243159706" role=""/>
    <member type="way" ref="702196053" role=""/>
    <member type="way" ref="521118551" role=""/>
    <member type="way" ref="521118550" role=""/>
    <member type="way" ref="34207089" role=""/>
    <member type="way" ref="1267863386" role=""/>
    <member type="way" ref="364727446" role=""/>
    <member type="way" ref="177244291" role=""/>
    <member type="way" ref="252450811" role=""/>
    <member type="way" ref="569438967" role=""/>
    <member type="way" ref="1211712707" role=""/>
    <member type="way" ref="569438968" role=""/>
    <member type="way" ref="1313151398" role=""/>
    <member type="way" ref="3154177" role=""/>
    <member type="way" ref="1009487583" role=""/>
    <member type="way" ref="1009487584" role=""/>
    <member type="way" ref="47129728" role=""/>
    <member type="way" ref="171235606" role=""/>
    <member type="way" ref="7978576" role=""/>
    <member type="way" ref="171235609" role=""/>
    <member type="way" ref="49101516" role=""/>
    <member type="way" ref="235331620" role=""/>
    <member type="way" ref="171235599" role=""/>
    <member type="way" ref="49101532" role=""/>
    <member type="way" ref="171235611" role=""/>
    <member type="way" ref="7899711" role=""/>
    <member type="way" ref="173030773" role=""/>
    <member type="way" ref="49101519" role=""/>
    <member type="way" ref="171235598" role=""/>
    <member type="way" ref="7784545" role=""/>
    <member type="way" ref="173030776" role=""/>
    <member type="way" ref="185264049" role=""/>
    <member type="way" ref="1009487557" role=""/>
    <member type="way" ref="7783981" role=""/>
    <member type="way" ref="1009487556" role=""/>
    <member type="way" ref="7892907" role=""/>
    <member type="way" ref="69975059" role=""/>
    <member type="way" ref="790043279" role=""/>
    <member type="way" ref="1009487549" role=""/>
    <member type="way" ref="172766787" role=""/>
    <member type="way" ref="784790491" role=""/>
    <member type="way" ref="295768194" role=""/>
    <member type="way" ref="295768195" role=""/>
    <member type="way" ref="366661732" role=""/>
    <member type="way" ref="1009487560" role=""/>
    <member type="way" ref="1009487561" role=""/>
    <member type="way" ref="172932328" role=""/>
    <member type="way" ref="171277770" role=""/>
    <member type="way" ref="7781498" role=""/>
    <member type="way" ref="171277763" role=""/>
    <member type="way" ref="7878234" role=""/>
    <member type="way" ref="904691991" role=""/>
    <member type="way" ref="172985289" role=""/>
    <member type="way" ref="172985286" role=""/>
    <member type="way" ref="4331678" role=""/>
    <member type="way" ref="1316681852" role=""/>
    <member type="way" ref="1190302658" role=""/>
    <member type="way" ref="757542860" role=""/>
    <member type="way" ref="757542861" role=""/>
    <member type="way" ref="174405627" role=""/>
    <member type="way" ref="1190302656" role=""/>
    <member type="way" ref="34207087" role=""/>
    <member type="way" ref="333521825" role=""/>
    <member type="way" ref="3190084" role=""/>
    <member type="way" ref="349676672" role=""/>
    <member type="way" ref="380458009" role=""/>
    <member type="way" ref="845539026" role=""/>
    <member type="way" ref="1190302667" role=""/>
    <member type="way" ref="1190302679" role=""/>
    <member type="way" ref="1190302669" role=""/>
    <member type="way" ref="1190302666" role=""/>
    <member type="way" ref="756564600" role=""/>
    <member type="way" ref="194616034" role=""/>
    <member type="way" ref="791790681" role=""/>
    <member type="way" ref="35154880" role=""/>
    <member type="way" ref="521118545" role=""/>
    <member type="way" ref="1156210190" role=""/>
    <member type="way" ref="5151635" role=""/>
    <member type="way" ref="1156210186" role=""/>
    <member type="way" ref="252129991" role=""/>
    <member type="way" ref="794989764" role=""/>
    <member type="way" ref="3190041" role=""/>
    <member type="way" ref="3190039" role=""/>
    <member type="way" ref="592220917" role=""/>
    <member type="way" ref="3189987" role=""/>
    <member type="way" ref="592220918" role=""/>
    <member type="way" ref="69334167" role=""/>
    <tag k="from" v="Redfern"/>
    <tag k="name" v="306 Redfern to Mascot Station (Loop Service)"/>
    <tag k="network" v="Sydney Buses"/>
    <tag k="operator" v="Transdev John Holland"/>
    <tag k="public_transport:version" v="2"/>
    <tag k="ref" v="306"/>
    <tag k="route" v="bus"/>
    <tag k="to" v="Mascot Station"/>
    <tag k="type" v="route"/>
    <tag k="via" v="Beaconsfield;Rosebery;Eastlakes;Mascot"/>
  </relation>
  <relation id="16846721">
    <member type="node" ref="11434631405" role="platform"/>
    <member type="node" ref="11703306491" role="platform"/>
    <member type="node" ref="11703306492" role="platform"/>
    <member type="node" ref="11703306493" role="platform"/>
    <member type="node" ref="11703306494" role="platform"/>
    <member type="node" ref="11703306495" role="platform"/>
    <member type="node" ref="11716266495" role="platform"/>
    <member type="node" ref="11716266498" role="platform"/>
    <member type="node" ref="11716266501" role="platform"/>
    <member type="node" ref="11716266502" role="platform"/>
    <member type="node" ref="850376131" role="platform"/>
    <member type="node" ref="11716266539" role="platform"/>
    <member type="node" ref="11716266540" role="platform"/>
    <member type="node" ref="11716266541" role="platform"/>
    <member type="node" ref="11716266542" role="platform"/>
    <member type="node" ref="5238737242" role="platform"/>
    <member type="node" ref="11716266558" role="platform"/>
    <member type="node" ref="11716266560" role="platform"/>
    <member type="node" ref="11716266581" role="platform"/>
    <member type="node" ref="11716266599" role="platform"/>
    <member type="node" ref="11716266617" role="platform"/>
    <member type="node" ref="11716266620" role="platform"/>
    <member type="node" ref="11716266650" role="platform"/>
    <member type="node" ref="11702741519" role="platform"/>
    <member type="node" ref="11702741520" role="platform"/>
    <member type="node" ref="11544822136" role="platform"/>
    <member type="node" ref="11544822137" role="platform"/>
    <member type="node" ref="11544822138" role="platform"/>
    <member type="node" ref="11721625293" role="platform"/>
    <member type="node" ref="11721625302" role="platform"/>
    <member type="node" ref="11721625308" role="platform"/>
    <member type="node" ref="11721625317" role="platform"/>
    <member type="node" ref="783764507" role="platform"/>
    <member type="node" ref="772506583" role="platform"/>
    <member type="node" ref="772506363" role="platform"/>
    <member type="node" ref="772506580" role="platform"/>
    <member type="node" ref="3056659833" role="platform"/>
    <member type="node" ref="3318197262" role="platform"/>
    <member type="node" ref="3056659236" role="platform"/>
    <member type="node" ref="11664901737" role="platform"/>
    <member type="node" ref="772506602" role="platform"/>
    <member type="node" ref="4036627803" role="platform"/>
    <member type="node" ref="4036627802" role="platform"/>
    <member type="way" ref="172472397" role=""/>
    <member type="way" ref="172472407" role=""/>
    <member type="way" ref="225730726" role=""/>
    <member type="way" ref="183542286" role=""/>
    <member type="way" ref="183542281" role=""/>
    <member type="way" ref="183542283" role=""/>
    <member type="way" ref="183542284" role=""/>
    <member type="way" ref="784714772" role=""/>
    <member type="way" ref="172472405" role=""/>
    <member type="way" ref="252106491" role=""/>
    <member type="way" ref="784714771" role=""/>
    <member type="way" ref="759644368" role=""/>
    <member type="way" ref="172444212" role=""/>
    <member type="way" ref="333521821" role=""/>
    <member type="way" ref="333521822" role=""/>
    <member type="way" ref="784713891" role=""/>
    <member type="way" ref="1367631445" role=""/>
    <member type="way" ref="172443713" role=""/>
    <member type="way" ref="572201009" role=""/>
    <member type="way" ref="1180444569" role=""/>
    <member type="way" ref="252253871" role=""/>
    <member type="way" ref="1339760188" role=""/>
    <member type="way" ref="172443714" role=""/>
    <member type="way" ref="47134458" role=""/>
    <member type="way" ref="380697342" role=""/>
    <member type="way" ref="77611599" role=""/>
    <member type="way" ref="385523601" role=""/>
    <member type="way" ref="307378067" role=""/>
    <member type="way" ref="306595743" role=""/>
    <member type="way" ref="309186450" role=""/>
    <member type="way" ref="1218932613" role=""/>
    <member type="way" ref="707542645" role=""/>
    <member type="way" ref="707542644" role=""/>
    <member type="way" ref="785037330" role=""/>
    <member type="way" ref="203082741" role=""/>
    <member type="way" ref="576479832" role=""/>
    <member type="way" ref="1253251408" role=""/>
    <member type="way" ref="309186451" role=""/>
    <member type="way" ref="975587794" role=""/>
    <member type="way" ref="733654716" role=""/>
    <member type="way" ref="47026143" role=""/>
    <member type="way" ref="1253251407" role=""/>
    <member type="way" ref="32030112" role=""/>
    <member type="way" ref="1286173215" role=""/>
    <member type="way" ref="32030111" role=""/>
    <member type="way" ref="1252284554" role=""/>
    <member type="way" ref="1286173212" role=""/>
    <member type="way" ref="222837159" role=""/>
    <member type="way" ref="222722692" role=""/>
    <member type="way" ref="305824882" role=""/>
    <member type="way" ref="305824881" role=""/>
    <member type="way" ref="172383877" role=""/>
    <member type="way" ref="569451453" role=""/>
    <member type="way" ref="569451454" role=""/>
    <member type="way" ref="252106475" role=""/>
    <member type="way" ref="47134451" role=""/>
    <member type="way" ref="47134448" role=""/>
    <member type="way" ref="92610569" role=""/>
    <member type="way" ref="47026147" role=""/>
    <member type="way" ref="576473944" role=""/>
    <member type="way" ref="172474279" role=""/>
    <member type="way" ref="733293202" role=""/>
    <member type="way" ref="92610583" role=""/>
    <member type="way" ref="368571562" role=""/>
    <member type="way" ref="368571561" role=""/>
    <member type="way" ref="368571559" role=""/>
    <member type="way" ref="368571557" role=""/>
    <member type="way" ref="235333864" role=""/>
    <member type="way" ref="1016996729" role=""/>
    <member type="way" ref="1016996730" role=""/>
    <member type="way" ref="401704612" role=""/>
    <member type="way" ref="756415024" role=""/>
    <member type="way" ref="1016996718" role=""/>
    <member type="way" ref="401704613" role=""/>
    <member type="way" ref="1016996723" role=""/>
    <member type="way" ref="756415031" role=""/>
    <member type="way" ref="756449130" role=""/>
    <member type="way" ref="304942104" role=""/>
    <member type="way" ref="172474278" role=""/>
    <member type="way" ref="1339763562" role=""/>
    <member type="way" ref="235331615" role=""/>
    <member type="way" ref="569438968" role=""/>
    <member type="way" ref="1211712707" role=""/>
    <member type="way" ref="569438967" role=""/>
    <member type="way" ref="252450811" role=""/>
    <member type="way" ref="568331489" role=""/>
    <member type="way" ref="568331922" role=""/>
    <member type="way" ref="4578125" role=""/>
    <member type="way" ref="568326500" role=""/>
    <member type="way" ref="568326501" role=""/>
    <member type="way" ref="658928347" role=""/>
    <member type="way" ref="172311599" role=""/>
    <member type="way" ref="943415146" role=""/>
    <member type="way" ref="252126873" role=""/>
    <member type="way" ref="380458005" role=""/>
    <member type="way" ref="252126872" role=""/>
    <member type="way" ref="247981346" role=""/>
    <member type="way" ref="349676672" role=""/>
    <member type="way" ref="380458009" role=""/>
    <member type="way" ref="845539026" role=""/>
    <member type="way" ref="1190302667" role=""/>
    <member type="way" ref="1190302679" role=""/>
    <member type="way" ref="1190302669" role=""/>
    <member type="way" ref="1190302666" role=""/>
    <member type="way" ref="756564600" role=""/>
    <member type="way" ref="194616034" role=""/>
    <member type="way" ref="791790681" role=""/>
    <member type="way" ref="35154880" role=""/>
    <member type="way" ref="521118545" role=""/>
    <member type="way" ref="1156210190" role=""/>
    <member type="way" ref="5151635" role=""/>
    <member type="way" ref="1156210186" role=""/>
    <member type="way" ref="252129991" role=""/>
    <member type="way" ref="794989764" role=""/>
    <member type="way" ref="3190041" role=""/>
    <member type="way" ref="3190039" role=""/>
    <member type="way" ref="592220917" role=""/>
    <member type="way" ref="3189987" role=""/>
    <member type="way" ref="592220918" role=""/>
    <member type="way" ref="69334167" role=""/>
    <tag k="from" v="Port Botany"/>
    <tag k="name" v="309 Port Botany to Redfern"/>
    <tag k="network" v="Sydney Buses"/>
    <tag k="operator" v="Transdev John Holland"/>
    <tag k="public_transport:version" v="2"/>
    <tag k="ref" v="309"/>
    <tag k="route" v="bus"/>
    <tag k="to" v="Redfern"/>
    <tag k="type" v="route"/>
    <tag k="via" v="Matraville;Hillsdale;Botany;Mascot;Beaconsfield;Waterloo"/>
  </relation>
  <relation id="16929030">
    <member type="way" ref="614152389" role="outer"/>
    <member type="way" ref="720791113" role="inner"/>
    <member type="way" ref="1036490644" role="inner"/>
    <member type="way" ref="614152385" role="inner"/>
    <member type="way" ref="1083097436" role="inner"/>
    <member type="way" ref="1236724854" role="inner"/>
    <member type="way" ref="1236724853" role="inner"/>
    <member type="way" ref="720791110" role="inner"/>
    <tag k="bicycle" v="yes"/>
    <tag k="highway" v="pedestrian"/>
    <tag k="name" v="Green Square Library Plaza"/>
    <tag k="surface" v="paving_stones"/>
    <tag k="type" v="multipolygon"/>
  </relation>
  <relation id="16929031">
    <member type="way" ref="1083097436" role="outer"/>
    <tag k="intermittent" v="yes"/>
    <tag k="natural" v="water"/>
    <tag k="type" v="multipolygon"/>
  </relation>
  <relation id="16929051">
    <member type="way" ref="585893914" role="outer"/>
    <member type="way" ref="1236726523" role="inner"/>
    <member type="way" ref="1236726524" role="inner"/>
    <member type="way" ref="1155647198" role="inner"/>
    <tag k="bicycle" v="yes"/>
    <tag k="highway" v="pedestrian"/>
    <tag k="layer" v="0"/>
    <tag k="surface" v="asphalt"/>
    <tag k="type" v="multipolygon"/>
  </relation>
  <relation id="16929052">
    <member type="way" ref="1036493358" role="outer"/>
    <member type="way" ref="1236726745" role="inner"/>
    <tag k="area" v="yes"/>
    <tag k="highway" v="pedestrian"/>
    <tag k="surface" v="paving_stones"/>
    <tag k="type" v="multipolygon"/>
  </relation>
  <relation id="17336105">
    <member type="node" ref="2854352702" role="platform"/>
    <member type="node" ref="4036627804" role="platform"/>
    <member type="node" ref="4125343720" role="platform"/>
    <member type="node" ref="11359406720" role="platform"/>
    <member type="node" ref="11664901738" role="platform"/>
    <member type="node" ref="3318197561" role="platform"/>
    <member type="node" ref="7066425012" role="platform"/>
    <member type="node" ref="3056659037" role="platform"/>
    <member type="node" ref="11721625321" role="platform"/>
    <member type="node" ref="11721625322" role="platform"/>
    <member type="node" ref="11721625323" role="platform"/>
    <member type="node" ref="11721625324" role="platform"/>
    <member type="node" ref="5605318620" role="platform"/>
    <member type="node" ref="11721625325" role="platform"/>
    <member type="node" ref="11721625326" role="platform"/>
    <member type="node" ref="11721625327" role="platform"/>
    <member type="node" ref="2326356563" role="platform"/>
    <member type="node" ref="11542035393" role="platform"/>
    <member type="node" ref="5605318619" role="platform"/>
    <member type="node" ref="11702741525" role="platform"/>
    <member type="node" ref="11702741524" role="platform"/>
    <member type="node" ref="5605318618" role="platform"/>
    <member type="node" ref="11721992096" role="platform"/>
    <member type="node" ref="11721992104" role="platform"/>
    <member type="node" ref="2327787337" role="platform"/>
    <member type="node" ref="5605318615" role="platform"/>
    <member type="node" ref="11721992128" role="platform"/>
    <member type="node" ref="5605318614" role="platform"/>
    <member type="node" ref="11722919447" role="platform"/>
    <member type="node" ref="5238737241" role="platform"/>
    <member type="node" ref="11722919448" role="platform"/>
    <member type="node" ref="11722919451" role="platform"/>
    <member type="node" ref="11722919452" role="platform"/>
    <member type="node" ref="11722919453" role="platform"/>
    <member type="node" ref="11722974223" role="platform"/>
    <member type="node" ref="11722974251" role="platform"/>
    <member type="node" ref="11722974252" role="platform"/>
    <member type="node" ref="11722974253" role="platform"/>
    <member type="node" ref="11722974254" role="platform"/>
    <member type="node" ref="11722974255" role="platform"/>
    <member type="node" ref="11722974278" role="platform"/>
    <member type="node" ref="11722974283" role="platform"/>
    <member type="node" ref="11722974285" role="platform"/>
    <member type="node" ref="11722974286" role="platform"/>
    <member type="node" ref="3090585182" role="platform"/>
    <member type="way" ref="1224921536" role=""/>
    <member type="way" ref="287514198" role=""/>
    <member type="way" ref="32353177" role=""/>
    <member type="way" ref="220554126" role=""/>
    <member type="way" ref="280773522" role=""/>
    <member type="way" ref="414933606" role=""/>
    <member type="way" ref="3190041" role=""/>
    <member type="way" ref="794989764" role=""/>
    <member type="way" ref="252129991" role=""/>
    <member type="way" ref="1156210189" role=""/>
    <member type="way" ref="5151635" role=""/>
    <member type="way" ref="1156210190" role=""/>
    <member type="way" ref="521118545" role=""/>
    <member type="way" ref="35154880" role=""/>
    <member type="way" ref="791790681" role=""/>
    <member type="way" ref="194616034" role=""/>
    <member type="way" ref="756564600" role=""/>
    <member type="way" ref="1190302666" role=""/>
    <member type="way" ref="1190302669" role=""/>
    <member type="way" ref="1190302679" role=""/>
    <member type="way" ref="1190302667" role=""/>
    <member type="way" ref="845539026" role=""/>
    <member type="way" ref="380458009" role=""/>
    <member type="way" ref="349676672" role=""/>
    <member type="way" ref="247981346" role=""/>
    <member type="way" ref="252126872" role=""/>
    <member type="way" ref="380458005" role=""/>
    <member type="way" ref="252126873" role=""/>
    <member type="way" ref="943415146" role=""/>
    <member type="way" ref="172311599" role=""/>
    <member type="way" ref="1313151389" role=""/>
    <member type="way" ref="1313151393" role=""/>
    <member type="way" ref="1313151394" role=""/>
    <member type="way" ref="1313151396" role=""/>
    <member type="way" ref="1313151390" role=""/>
    <member type="way" ref="1339763561" role=""/>
    <member type="way" ref="1313151399" role=""/>
    <member type="way" ref="1313151397" role=""/>
    <member type="way" ref="1313151391" role=""/>
    <member type="way" ref="92610588" role=""/>
    <member type="way" ref="756451026" role=""/>
    <member type="way" ref="756451027" role=""/>
    <member type="way" ref="756451028" role=""/>
    <member type="way" ref="1016996715" role=""/>
    <member type="way" ref="416953528" role=""/>
    <member type="way" ref="736240886" role=""/>
    <member type="way" ref="1016996722" role=""/>
    <member type="way" ref="782046447" role=""/>
    <member type="way" ref="401704633" role=""/>
    <member type="way" ref="733279947" role=""/>
    <member type="way" ref="251111277" role=""/>
    <member type="way" ref="368571550" role=""/>
    <member type="way" ref="368571549" role=""/>
    <member type="way" ref="781070299" role=""/>
    <member type="way" ref="156407639" role=""/>
    <member type="way" ref="156407640" role=""/>
    <member type="way" ref="92610574" role=""/>
    <member type="way" ref="92610569" role=""/>
    <member type="way" ref="47134448" role=""/>
    <member type="way" ref="47134451" role=""/>
    <member type="way" ref="252106475" role=""/>
    <member type="way" ref="569451454" role=""/>
    <member type="way" ref="569451453" role=""/>
    <member type="way" ref="172383877" role=""/>
    <member type="way" ref="305824881" role=""/>
    <member type="way" ref="305824882" role=""/>
    <member type="way" ref="222722692" role=""/>
    <member type="way" ref="222837159" role=""/>
    <member type="way" ref="1286173212" role=""/>
    <member type="way" ref="1252284554" role=""/>
    <member type="way" ref="32030111" role=""/>
    <member type="way" ref="1286173215" role=""/>
    <member type="way" ref="32030112" role=""/>
    <member type="way" ref="1253251407" role=""/>
    <member type="way" ref="1253251411" role=""/>
    <member type="way" ref="385665504" role=""/>
    <member type="way" ref="7993054" role=""/>
    <member type="way" ref="785037334" role=""/>
    <member type="way" ref="785037333" role=""/>
    <member type="way" ref="77611575" role=""/>
    <member type="way" ref="77611572" role=""/>
    <member type="way" ref="306595743" role=""/>
    <member type="way" ref="307378067" role=""/>
    <member type="way" ref="385523601" role=""/>
    <member type="way" ref="77611599" role=""/>
    <member type="way" ref="380697342" role=""/>
    <member type="way" ref="47134458" role=""/>
    <member type="way" ref="172443714" role=""/>
    <member type="way" ref="309182958" role=""/>
    <member type="way" ref="383247510" role=""/>
    <member type="way" ref="252106485" role=""/>
    <member type="way" ref="1180444570" role=""/>
    <member type="way" ref="784713888" role=""/>
    <member type="way" ref="252253872" role=""/>
    <member type="way" ref="333521823" role=""/>
    <member type="way" ref="784714771" role=""/>
    <member type="way" ref="252106491" role=""/>
    <member type="way" ref="172472405" role=""/>
    <member type="way" ref="784714772" role=""/>
    <member type="way" ref="183542284" role=""/>
    <member type="way" ref="183542283" role=""/>
    <member type="way" ref="183542281" role=""/>
    <member type="way" ref="183542286" role=""/>
    <member type="way" ref="172472401" role=""/>
    <member type="way" ref="256816215" role=""/>
    <member type="way" ref="225730725" role=""/>
    <member type="way" ref="225730728" role=""/>
    <member type="way" ref="414904336" role=""/>
    <member type="way" ref="414904340" role=""/>
    <member type="way" ref="1330071689" role=""/>
    <member type="way" ref="1330071690" role=""/>
    <tag k="from" v="Redfern Station, Regent St, Stand C"/>
    <tag k="name" v="309 Redfern to Port Botany"/>
    <tag k="network" v="Sydney Buses"/>
    <tag k="operator" v="Transdev John Holland"/>
    <tag k="public_transport:version" v="2"/>
    <tag k="ref" v="309"/>
    <tag k="route" v="bus"/>
    <tag k="to" v="Port Botany Terminus"/>
    <tag k="type" v="route"/>
  </relation>
  <relation id="17347924">
    <member type="node" ref="11702685420" role="platform"/>
    <member type="node" ref="11702685422" role="platform"/>
    <member type="node" ref="11702685475" role="platform"/>
    <member type="node" ref="11702685505" role="platform"/>
    <member type="node" ref="11702685520" role="platform"/>
    <member type="node" ref="11702685536" role="platform"/>
    <member type="node" ref="11702737959" role="platform"/>
    <member type="node" ref="11702737961" role="platform"/>
    <member type="node" ref="11702741519" role="platform"/>
    <member type="node" ref="11702741520" role="platform"/>
    <member type="node" ref="11544822136" role="platform"/>
    <member type="node" ref="11544822137" role="platform"/>
    <member type="node" ref="11544822138" role="platform"/>
    <member type="node" ref="11721625293" role="platform"/>
    <member type="node" ref="11721625302" role="platform"/>
    <member type="node" ref="11721625308" role="platform"/>
    <member type="node" ref="11721625317" role="platform"/>
    <member type="node" ref="783764507" role="platform"/>
    <member type="node" ref="772506583" role="platform"/>
    <member type="node" ref="772506363" role="platform"/>
    <member type="node" ref="772506580" role="platform"/>
    <member type="node" ref="3056659833" role="platform"/>
    <member type="node" ref="3318197262" role="platform"/>
    <member type="node" ref="3056659236" role="platform"/>
    <member type="node" ref="11664901737" role="platform"/>
    <member type="node" ref="772506602" role="platform"/>
    <member type="node" ref="4036627803" role="platform"/>
    <member type="node" ref="4036627802" role="platform"/>
    <member type="node" ref="11703308812" role="platform"/>
    <member type="node" ref="11703308815" role="platform"/>
    <member type="node" ref="11703308816" role="platform"/>
    <member type="node" ref="11703308817" role="platform"/>
    <member type="node" ref="11703308820" role="platform"/>
    <member type="node" ref="2854154701" role="platform"/>
    <member type="node" ref="11732787186" role="platform"/>
    <member type="node" ref="2686079225" role="platform"/>
    <member type="way" ref="252106499" role=""/>
    <member type="way" ref="172383880" role=""/>
    <member type="way" ref="172383878" role=""/>
    <member type="way" ref="1346615269" role=""/>
    <member type="way" ref="333521830" role=""/>
    <member type="way" ref="252106470" role=""/>
    <member type="way" ref="1330059128" role=""/>
    <member type="way" ref="47134451" role=""/>
    <member type="way" ref="47134448" role=""/>
    <member type="way" ref="92610569" role=""/>
    <member type="way" ref="47026147" role=""/>
    <member type="way" ref="576473944" role=""/>
    <member type="way" ref="172474279" role=""/>
    <member type="way" ref="733293202" role=""/>
    <member type="way" ref="92610583" role=""/>
    <member type="way" ref="368571562" role=""/>
    <member type="way" ref="368571561" role=""/>
    <member type="way" ref="368571559" role=""/>
    <member type="way" ref="368571557" role=""/>
    <member type="way" ref="235333864" role=""/>
    <member type="way" ref="1016996729" role=""/>
    <member type="way" ref="1016996730" role=""/>
    <member type="way" ref="401704612" role=""/>
    <member type="way" ref="756415024" role=""/>
    <member type="way" ref="1016996718" role=""/>
    <member type="way" ref="401704613" role=""/>
    <member type="way" ref="1016996723" role=""/>
    <member type="way" ref="756415031" role=""/>
    <member type="way" ref="756449130" role=""/>
    <member type="way" ref="304942104" role=""/>
    <member type="way" ref="172474278" role=""/>
    <member type="way" ref="1339763562" role=""/>
    <member type="way" ref="235331615" role=""/>
    <member type="way" ref="569438968" role=""/>
    <member type="way" ref="1211712707" role=""/>
    <member type="way" ref="569438967" role=""/>
    <member type="way" ref="252450811" role=""/>
    <member type="way" ref="568331489" role=""/>
    <member type="way" ref="568331922" role=""/>
    <member type="way" ref="4578125" role=""/>
    <member type="way" ref="568326500" role=""/>
    <member type="way" ref="568326501" role=""/>
    <member type="way" ref="658928347" role=""/>
    <member type="way" ref="172311599" role=""/>
    <member type="way" ref="943415146" role=""/>
    <member type="way" ref="252126873" role=""/>
    <member type="way" ref="380458005" role=""/>
    <member type="way" ref="252126872" role=""/>
    <member type="way" ref="247981346" role=""/>
    <member type="way" ref="349676672" role=""/>
    <member type="way" ref="380458009" role=""/>
    <member type="way" ref="845539026" role=""/>
    <member type="way" ref="1190302667" role=""/>
    <member type="way" ref="1190302679" role=""/>
    <member type="way" ref="1190302669" role=""/>
    <member type="way" ref="1190302666" role=""/>
    <member type="way" ref="756564600" role=""/>
    <member type="way" ref="194616034" role=""/>
    <member type="way" ref="791790681" role=""/>
    <member type="way" ref="35154880" role=""/>
    <member type="way" ref="521118545" role=""/>
    <member type="way" ref="1156210190" role=""/>
    <member type="way" ref="5151635" role=""/>
    <member type="way" ref="1156210186" role=""/>
    <member type="way" ref="252129991" role=""/>
    <member type="way" ref="794989764" role=""/>
    <member type="way" ref="3190041" role=""/>
    <member type="way" ref="3190039" role=""/>
    <member type="way" ref="592220917" role=""/>
    <member type="way" ref="3189987" role=""/>
    <member type="way" ref="592220918" role=""/>
    <member type="way" ref="69334167" role=""/>
    <member type="way" ref="1224926280" role=""/>
    <member type="way" ref="252096755" role=""/>
    <member type="way" ref="69334168" role=""/>
    <member type="way" ref="172591643" role=""/>
    <member type="way" ref="795427389" role=""/>
    <member type="way" ref="287514197" role=""/>
    <member type="way" ref="175165036" role=""/>
    <member type="way" ref="202655258" role=""/>
    <member type="way" ref="202655257" role=""/>
    <member type="way" ref="406922384" role=""/>
    <member type="way" ref="406922381" role=""/>
    <member type="way" ref="406922383" role=""/>
    <member type="way" ref="406922382" role=""/>
    <member type="way" ref="202655260" role=""/>
    <member type="way" ref="903227561" role=""/>
    <member type="way" ref="903227559" role=""/>
    <member type="way" ref="903344258" role=""/>
    <member type="way" ref="903344259" role=""/>
    <member type="way" ref="24461282" role=""/>
    <member type="way" ref="183759861" role=""/>
    <member type="way" ref="183759859" role=""/>
    <member type="way" ref="183759860" role=""/>
    <member type="way" ref="183759862" role=""/>
    <member type="way" ref="903226124" role=""/>
    <member type="way" ref="903225504" role=""/>
    <member type="way" ref="183759863" role=""/>
    <member type="way" ref="183759864" role=""/>
    <member type="way" ref="804135604" role=""/>
    <member type="way" ref="183759866" role=""/>
    <member type="way" ref="901816998" role=""/>
    <member type="way" ref="298936163" role=""/>
    <member type="way" ref="989276185" role=""/>
    <member type="way" ref="298936168" role=""/>
    <member type="way" ref="384808425" role=""/>
    <member type="way" ref="521577655" role=""/>
    <member type="way" ref="1018693815" role=""/>
    <member type="way" ref="100350106" role=""/>
    <member type="way" ref="721047938" role=""/>
    <member type="way" ref="721047937" role=""/>
    <member type="way" ref="1342751717" role=""/>
    <member type="way" ref="25869494" role=""/>
    <member type="way" ref="300126239" role=""/>
    <member type="way" ref="721047936" role=""/>
    <member type="way" ref="840853929" role=""/>
    <member type="way" ref="407627880" role=""/>
    <member type="way" ref="840853928" role=""/>
    <member type="way" ref="857694658" role=""/>
    <member type="way" ref="1011170395" role=""/>
    <member type="way" ref="1011170394" role=""/>
    <member type="way" ref="857694657" role=""/>
    <member type="way" ref="1011170386" role=""/>
    <member type="way" ref="1011170385" role=""/>
    <member type="way" ref="343198016" role=""/>
    <member type="way" ref="1011170380" role=""/>
    <member type="way" ref="1011170379" role=""/>
    <member type="way" ref="172411465" role=""/>
    <member type="way" ref="382598285" role=""/>
    <member type="way" ref="740842640" role=""/>
    <member type="way" ref="100373492" role=""/>
    <member type="way" ref="942363019" role=""/>
    <member type="way" ref="2949691" role=""/>
    <member type="way" ref="1230783240" role=""/>
    <member type="way" ref="1230783239" role=""/>
    <member type="way" ref="384804240" role=""/>
    <member type="way" ref="1252284553" role=""/>
    <tag k="from" v="Swinbourne St at Stephen Rd, Botany"/>
    <tag k="name" v="310 Botany to Central Railway Square"/>
    <tag k="network" v="Sydney Buses"/>
    <tag k="operator" v="Transdev John Holland"/>
    <tag k="public_transport:version" v="2"/>
    <tag k="ref" v="310"/>
    <tag k="route" v="bus"/>
    <tag k="to" v="Central Station, Railway Square, Stand N"/>
    <tag k="type" v="route"/>
  </relation>
  <relation id="17347925">
    <member type="node" ref="3072644433" role="platform"/>
    <member type="node" ref="1044389347" role="platform"/>
    <member type="node" ref="3011825233" role="platform"/>
    <member type="node" ref="1836400376" role="platform"/>
    <member type="node" ref="11703308819" role="platform"/>
    <member type="node" ref="11703308818" role="platform"/>
    <member type="node" ref="11703308814" role="platform"/>
    <member type="node" ref="2854352702" role="platform"/>
    <member type="node" ref="4036627804" role="platform"/>
    <member type="node" ref="4125343720" role="platform"/>
    <member type="node" ref="11359406720" role="platform"/>
    <member type="node" ref="11664901738" role="platform"/>
    <member type="node" ref="3318197561" role="platform"/>
    <member type="node" ref="7066425012" role="platform"/>
    <member type="node" ref="3056659037" role="platform"/>
    <member type="node" ref="11721625321" role="platform"/>
    <member type="node" ref="11721625322" role="platform"/>
    <member type="node" ref="11721625323" role="platform"/>
    <member type="node" ref="11721625324" role="platform"/>
    <member type="node" ref="5605318620" role="platform"/>
    <member type="node" ref="11721625325" role="platform"/>
    <member type="node" ref="11721625326" role="platform"/>
    <member type="node" ref="11721625327" role="platform"/>
    <member type="node" ref="2326356563" role="platform"/>
    <member type="node" ref="11542035393" role="platform"/>
    <member type="node" ref="5605318619" role="platform"/>
    <member type="node" ref="11702741525" role="platform"/>
    <member type="node" ref="11702741524" role="platform"/>
    <member type="node" ref="5605318618" role="platform"/>
    <member type="node" ref="5605318617" role="platform"/>
    <member type="node" ref="11702737960" role="platform"/>
    <member type="node" ref="11702685537" role="platform"/>
    <member type="node" ref="11702685521" role="platform"/>
    <member type="node" ref="11733794936" role="platform"/>
    <member type="node" ref="11702685476" role="platform"/>
    <member type="node" ref="11702685423" role="platform"/>
    <member type="node" ref="11702685421" role="platform"/>
    <member type="way" ref="384804240" role=""/>
    <member type="way" ref="1230783239" role=""/>
    <member type="way" ref="1230783240" role=""/>
    <member type="way" ref="2949691" role=""/>
    <member type="way" ref="942363019" role=""/>
    <member type="way" ref="100373492" role=""/>
    <member type="way" ref="740842640" role=""/>
    <member type="way" ref="382598285" role=""/>
    <member type="way" ref="172411465" role=""/>
    <member type="way" ref="695892871" role=""/>
    <member type="way" ref="1011170378" role=""/>
    <member type="way" ref="615392660" role=""/>
    <member type="way" ref="1266071029" role=""/>
    <member type="way" ref="1011170387" role=""/>
    <member type="way" ref="302981806" role=""/>
    <member type="way" ref="1011170393" role=""/>
    <member type="way" ref="9703231" role=""/>
    <member type="way" ref="1018693824" role=""/>
    <member type="way" ref="403024992" role=""/>
    <member type="way" ref="407627880" role=""/>
    <member type="way" ref="840853929" role=""/>
    <member type="way" ref="721047936" role=""/>
    <member type="way" ref="300126239" role=""/>
    <member type="way" ref="901816997" role=""/>
    <member type="way" ref="300126237" role=""/>
    <member type="way" ref="298936162" role=""/>
    <member type="way" ref="658303404" role=""/>
    <member type="way" ref="298936164" role=""/>
    <member type="way" ref="658303407" role=""/>
    <member type="way" ref="298936165" role=""/>
    <member type="way" ref="721047935" role=""/>
    <member type="way" ref="252133052" role=""/>
    <member type="way" ref="1040393195" role=""/>
    <member type="way" ref="259864503" role=""/>
    <member type="way" ref="183759930" role=""/>
    <member type="way" ref="202655259" role=""/>
    <member type="way" ref="202655260" role=""/>
    <member type="way" ref="406922382" role=""/>
    <member type="way" ref="406922383" role=""/>
    <member type="way" ref="406922381" role=""/>
    <member type="way" ref="406922384" role=""/>
    <member type="way" ref="202655257" role=""/>
    <member type="way" ref="202655256" role=""/>
    <member type="way" ref="202655255" role=""/>
    <member type="way" ref="414933607" role=""/>
    <member type="way" ref="1224921536" role=""/>
    <member type="way" ref="287514198" role=""/>
    <member type="way" ref="32353177" role=""/>
    <member type="way" ref="220554126" role=""/>
    <member type="way" ref="280773522" role=""/>
    <member type="way" ref="414933606" role=""/>
    <member type="way" ref="3190041" role=""/>
    <member type="way" ref="794989764" role=""/>
    <member type="way" ref="252129991" role=""/>
    <member type="way" ref="1156210189" role=""/>
    <member type="way" ref="5151635" role=""/>
    <member type="way" ref="1156210190" role=""/>
    <member type="way" ref="521118545" role=""/>
    <member type="way" ref="35154880" role=""/>
    <member type="way" ref="791790681" role=""/>
    <member type="way" ref="194616034" role=""/>
    <member type="way" ref="756564600" role=""/>
    <member type="way" ref="1190302666" role=""/>
    <member type="way" ref="1190302669" role=""/>
    <member type="way" ref="1190302679" role=""/>
    <member type="way" ref="1190302667" role=""/>
    <member type="way" ref="845539026" role=""/>
    <member type="way" ref="380458009" role=""/>
    <member type="way" ref="349676672" role=""/>
    <member type="way" ref="247981346" role=""/>
    <member type="way" ref="252126872" role=""/>
    <member type="way" ref="380458005" role=""/>
    <member type="way" ref="252126873" role=""/>
    <member type="way" ref="943415146" role=""/>
    <member type="way" ref="172311599" role=""/>
    <member type="way" ref="1313151389" role=""/>
    <member type="way" ref="1313151393" role=""/>
    <member type="way" ref="1313151394" role=""/>
    <member type="way" ref="1313151396" role=""/>
    <member type="way" ref="1313151390" role=""/>
    <member type="way" ref="1339763561" role=""/>
    <member type="way" ref="1313151399" role=""/>
    <member type="way" ref="1313151397" role=""/>
    <member type="way" ref="1313151391" role=""/>
    <member type="way" ref="92610588" role=""/>
    <member type="way" ref="756451026" role=""/>
    <member type="way" ref="756451027" role=""/>
    <member type="way" ref="756451028" role=""/>
    <member type="way" ref="1016996715" role=""/>
    <member type="way" ref="416953528" role=""/>
    <member type="way" ref="736240886" role=""/>
    <member type="way" ref="1016996722" role=""/>
    <member type="way" ref="782046447" role=""/>
    <member type="way" ref="401704633" role=""/>
    <member type="way" ref="733279947" role=""/>
    <member type="way" ref="251111277" role=""/>
    <member type="way" ref="368571550" role=""/>
    <member type="way" ref="368571549" role=""/>
    <member type="way" ref="781070299" role=""/>
    <member type="way" ref="156407639" role=""/>
    <member type="way" ref="156407640" role=""/>
    <member type="way" ref="92610574" role=""/>
    <member type="way" ref="92610569" role=""/>
    <member type="way" ref="47134448" role=""/>
    <member type="way" ref="47134451" role=""/>
    <member type="way" ref="1330059128" role=""/>
    <member type="way" ref="252106470" role=""/>
    <member type="way" ref="333521830" role=""/>
    <member type="way" ref="1346615269" role=""/>
    <member type="way" ref="172383873" role=""/>
    <member type="way" ref="203082992" role=""/>
    <member type="way" ref="252106499" role=""/>
    <tag k="from" v="Central Railway Square, Lee St, Stand K"/>
    <tag k="name" v="310 Central Railway Square to Botany"/>
    <tag k="network" v="Sydney Buses"/>
    <tag k="operator" v="Transdev John Holland"/>
    <tag k="public_transport:version" v="2"/>
    <tag k="ref" v="310"/>
    <tag k="route" v="bus"/>
    <tag k="to" v="Swinbourne St at Stephen Rd, Botany"/>
    <tag k="type" v="route"/>
  </relation>
  <relation id="17806095">
    <member type="node" ref="1085097097" role="platform"/>
    <member type="node" ref="3814715780" role="platform"/>
    <member type="node" ref="3814715779" role="platform"/>
    <member type="node" ref="4407482291" role="platform"/>
    <member type="node" ref="3073524034" role="platform"/>
    <member type="node" ref="3073524233" role="platform"/>
    <member type="node" ref="1044389347" role="platform"/>
    <member type="node" ref="3011825233" role="platform"/>
    <member type="node" ref="1836400376" role="platform"/>
    <member type="node" ref="11703308819" role="platform"/>
    <member type="node" ref="11797219508" role="platform"/>
    <member type="node" ref="11797219509" role="platform"/>
    <member type="node" ref="12035566838" role="platform"/>
    <member type="node" ref="8329454330" role="platform"/>
    <member type="node" ref="12035566839" role="platform"/>
    <member type="node" ref="12035566848" role="platform"/>
    <member type="node" ref="6122650876" role="platform"/>
    <member type="node" ref="8398712526" role="platform"/>
    <member type="node" ref="12035566861" role="platform"/>
    <member type="node" ref="12035566864" role="platform"/>
    <member type="node" ref="12035566866" role="platform"/>
    <member type="node" ref="12035578278" role="platform"/>
    <member type="node" ref="3093294112" role="platform"/>
    <member type="node" ref="12035578279" role="platform"/>
    <member type="node" ref="12035690685" role="platform"/>
    <member type="node" ref="12035690687" role="platform"/>
    <member type="node" ref="12035690699" role="platform"/>
    <member type="node" ref="11664907930" role="platform"/>
    <member type="node" ref="840191032" role="platform"/>
    <member type="node" ref="1959657593" role="platform"/>
    <member type="node" ref="11391458533" role="platform"/>
    <member type="node" ref="11391458555" role="platform"/>
    <member type="node" ref="11391458556" role="platform"/>
    <member type="node" ref="12016350679" role="platform"/>
    <member type="way" ref="378056656" role=""/>
    <member type="way" ref="1290366555" role=""/>
    <member type="way" ref="2077109" role=""/>
    <member type="way" ref="93553503" role=""/>
    <member type="way" ref="252102269" role=""/>
    <member type="way" ref="729906279" role=""/>
    <member type="way" ref="2077108" role=""/>
    <member type="way" ref="1015713937" role=""/>
    <member type="way" ref="4987587" role=""/>
    <member type="way" ref="152425771" role=""/>
    <member type="way" ref="816490712" role=""/>
    <member type="way" ref="901816996" role=""/>
    <member type="way" ref="408466893" role=""/>
    <member type="way" ref="408466887" role=""/>
    <member type="way" ref="169069535" role=""/>
    <member type="way" ref="378056657" role=""/>
    <member type="way" ref="324139693" role=""/>
    <member type="way" ref="324139694" role=""/>
    <member type="way" ref="408466890" role=""/>
    <member type="way" ref="173543259" role=""/>
    <member type="way" ref="408466892" role=""/>
    <member type="way" ref="408466894" role=""/>
    <member type="way" ref="1313475952" role=""/>
    <member type="way" ref="408466889" role=""/>
    <member type="way" ref="324769609" role=""/>
    <member type="way" ref="324769606" role=""/>
    <member type="way" ref="235325814" role=""/>
    <member type="way" ref="408466895" role=""/>
    <member type="way" ref="169069536" role=""/>
    <member type="way" ref="588946002" role=""/>
    <member type="way" ref="408466891" role=""/>
    <member type="way" ref="600318843" role=""/>
    <member type="way" ref="588945998" role=""/>
    <member type="way" ref="570049075" role=""/>
    <member type="way" ref="816490713" role=""/>
    <member type="way" ref="235326530" role=""/>
    <member type="way" ref="576864575" role=""/>
    <member type="way" ref="576864574" role=""/>
    <member type="way" ref="576865700" role=""/>
    <member type="way" ref="46940603" role=""/>
    <member type="way" ref="1297661343" role=""/>
    <member type="way" ref="403024992" role=""/>
    <member type="way" ref="407627880" role=""/>
    <member type="way" ref="840853929" role=""/>
    <member type="way" ref="721047936" role=""/>
    <member type="way" ref="300126239" role=""/>
    <member type="way" ref="901816997" role=""/>
    <member type="way" ref="300126237" role=""/>
    <member type="way" ref="298936162" role=""/>
    <member type="way" ref="658303404" role=""/>
    <member type="way" ref="298936164" role=""/>
    <member type="way" ref="658303407" role=""/>
    <member type="way" ref="298936165" role=""/>
    <member type="way" ref="721047935" role=""/>
    <member type="way" ref="252133052" role=""/>
    <member type="way" ref="1040393195" role=""/>
    <member type="way" ref="259864503" role=""/>
    <member type="way" ref="183759871" role=""/>
    <member type="way" ref="1270494219" role=""/>
    <member type="way" ref="183759875" role=""/>
    <member type="way" ref="183759881" role=""/>
    <member type="way" ref="1210323838" role=""/>
    <member type="way" ref="183759882" role=""/>
    <member type="way" ref="183759877" role=""/>
    <member type="way" ref="183759878" role=""/>
    <member type="way" ref="183759879" role=""/>
    <member type="way" ref="183759874" role=""/>
    <member type="way" ref="183759873" role=""/>
    <member type="way" ref="183759880" role=""/>
    <member type="way" ref="183759876" role=""/>
    <member type="way" ref="183759872" role=""/>
    <member type="way" ref="173866831" role=""/>
    <member type="way" ref="7875748" role=""/>
    <member type="way" ref="756564602" role=""/>
    <member type="way" ref="171277761" role=""/>
    <member type="way" ref="49101564" role=""/>
    <member type="way" ref="1176538391" role=""/>
    <member type="way" ref="1176538389" role=""/>
    <member type="way" ref="1270345208" role=""/>
    <member type="way" ref="252125692" role=""/>
    <member type="way" ref="1270494220" role=""/>
    <member type="way" ref="1342290630" role=""/>
    <member type="way" ref="174405632" role=""/>
    <member type="way" ref="3190046" role=""/>
    <member type="way" ref="174405637" role=""/>
    <member type="way" ref="4935049" role=""/>
    <member type="way" ref="171277760" role=""/>
    <member type="way" ref="49101547" role=""/>
    <member type="way" ref="171277762" role=""/>
    <member type="way" ref="49101545" role=""/>
    <member type="way" ref="4584389" role=""/>
    <member type="way" ref="171277765" role=""/>
    <member type="way" ref="4584379" role=""/>
    <member type="way" ref="1191746569" role=""/>
    <member type="way" ref="1191746568" role=""/>
    <member type="way" ref="1135694634" role=""/>
    <member type="way" ref="185266534" role=""/>
    <member type="way" ref="1009487561" role=""/>
    <member type="way" ref="295768196" role=""/>
    <member type="way" ref="580279710" role=""/>
    <member type="way" ref="580279709" role=""/>
    <member type="way" ref="580279708" role=""/>
    <member type="way" ref="580279707" role=""/>
    <member type="way" ref="45226958" role=""/>
    <member type="way" ref="45227431" role=""/>
    <member type="way" ref="45227425" role=""/>
    <member type="way" ref="278552700" role=""/>
    <member type="way" ref="45227426" role=""/>
    <member type="way" ref="185264046" role=""/>
    <member type="way" ref="47126703" role=""/>
    <member type="way" ref="1248100422" role=""/>
    <member type="way" ref="1248100423" role=""/>
    <member type="way" ref="1296791600" role=""/>
    <member type="way" ref="1296791628" role=""/>
    <member type="way" ref="4875523" role=""/>
    <member type="way" ref="1296791629" role=""/>
    <tag k="from" v="Circular Quay, Alfred St, Stand A"/>
    <tag k="name" v="343 Circular Quay to Kingsford"/>
    <tag k="network" v="Sydney Buses"/>
    <tag k="operator" v="Transdev John Holland"/>
    <tag k="public_transport:version" v="2"/>
    <tag k="ref" v="343"/>
    <tag k="route" v="bus"/>
    <tag k="to" v="Dacey Gardens, Bunnerong Rd"/>
    <tag k="type" v="route"/>
  </relation>
  <relation id="17809322">
    <member type="node" ref="2982122437" role="platform"/>
    <member type="node" ref="2765929493" role="platform"/>
    <member type="node" ref="10703158305" role="platform"/>
    <member type="node" ref="5923568623" role="platform"/>
    <member type="node" ref="1813354003" role="platform"/>
    <member type="node" ref="3056659237" role="platform"/>
    <member type="node" ref="3056659336" role="platform"/>
    <member type="node" ref="3056659734" role="platform"/>
    <member type="node" ref="10821276905" role="platform"/>
    <member type="node" ref="10821272005" role="platform"/>
    <member type="node" ref="6122650881" role="platform"/>
    <member type="node" ref="11796331483" role="platform"/>
    <member type="node" ref="7066425012" role="platform"/>
    <member type="node" ref="3056659037" role="platform"/>
    <member type="node" ref="12037268908" role="platform"/>
    <member type="node" ref="12037268909" role="platform"/>
    <member type="node" ref="12037268925" role="platform"/>
    <member type="node" ref="12037268927" role="platform"/>
    <member type="node" ref="12037268935" role="platform"/>
    <member type="node" ref="3056659433" role="platform"/>
    <member type="node" ref="11799217176" role="platform"/>
    <member type="node" ref="11799217177" role="platform"/>
    <member type="node" ref="11799217178" role="platform"/>
    <member type="node" ref="11799217179" role="platform"/>
    <member type="node" ref="11799217184" role="platform"/>
    <member type="node" ref="11799217185" role="platform"/>
    <member type="node" ref="11799217190" role="platform"/>
    <member type="node" ref="11799217191" role="platform"/>
    <member type="node" ref="11806877054" role="platform"/>
    <member type="node" ref="11799217201" role="platform"/>
    <member type="node" ref="5695605418" role="platform"/>
    <member type="way" ref="1249044258" role=""/>
    <member type="way" ref="171136034" role=""/>
    <member type="way" ref="1299457569" role=""/>
    <member type="way" ref="4935038" role=""/>
    <member type="way" ref="252114522" role=""/>
    <member type="way" ref="260845782" role=""/>
    <member type="way" ref="353447997" role=""/>
    <member type="way" ref="251111270" role=""/>
    <member type="way" ref="694202528" role=""/>
    <member type="way" ref="1299459541" role=""/>
    <member type="way" ref="1299459542" role=""/>
    <member type="way" ref="172760917" role=""/>
    <member type="way" ref="694203471" role=""/>
    <member type="way" ref="694202525" role=""/>
    <member type="way" ref="556923707" role=""/>
    <member type="way" ref="183691274" role=""/>
    <member type="way" ref="172760924" role=""/>
    <member type="way" ref="1156226147" role=""/>
    <member type="way" ref="384217847" role=""/>
    <member type="way" ref="4625251" role=""/>
    <member type="way" ref="407606342" role=""/>
    <member type="way" ref="407606354" role=""/>
    <member type="way" ref="574570635" role=""/>
    <member type="way" ref="574570628" role=""/>
    <member type="way" ref="235325812" role=""/>
    <member type="way" ref="712447768" role=""/>
    <member type="way" ref="35205755" role=""/>
    <member type="way" ref="1016151872" role=""/>
    <member type="way" ref="1016151871" role=""/>
    <member type="way" ref="35205761" role=""/>
    <member type="way" ref="171382186" role=""/>
    <member type="way" ref="574570621" role=""/>
    <member type="way" ref="1016151836" role=""/>
    <member type="way" ref="247981347" role=""/>
    <member type="way" ref="574570615" role=""/>
    <member type="way" ref="1016151847" role=""/>
    <member type="way" ref="574570603" role=""/>
    <member type="way" ref="574570596" role=""/>
    <member type="way" ref="574570591" role=""/>
    <member type="way" ref="640857218" role=""/>
    <member type="way" ref="673509797" role=""/>
    <member type="way" ref="172599496" role=""/>
    <member type="way" ref="1016151835" role=""/>
    <member type="way" ref="574576207" role=""/>
    <member type="way" ref="574576201" role=""/>
    <member type="way" ref="1016151851" role=""/>
    <member type="way" ref="1016151859" role=""/>
    <member type="way" ref="1016151858" role=""/>
    <member type="way" ref="1016151857" role=""/>
    <member type="way" ref="1038926296" role=""/>
    <member type="way" ref="174480854" role=""/>
    <member type="way" ref="596120418" role=""/>
    <member type="way" ref="172754940" role=""/>
    <member type="way" ref="255379539" role=""/>
    <member type="way" ref="568322759" role=""/>
    <member type="way" ref="49537513" role=""/>
    <member type="way" ref="825142542" role=""/>
    <member type="way" ref="825142522" role=""/>
    <member type="way" ref="592306023" role=""/>
    <member type="way" ref="1050762237" role=""/>
    <member type="way" ref="897489981" role=""/>
    <member type="way" ref="316611282" role=""/>
    <member type="way" ref="1038926295" role=""/>
    <member type="way" ref="316611281" role=""/>
    <member type="way" ref="92649908" role=""/>
    <member type="way" ref="331918412" role=""/>
    <member type="way" ref="867725810" role=""/>
    <member type="way" ref="3696223" role=""/>
    <member type="way" ref="185267923" role=""/>
    <member type="way" ref="183759858" role=""/>
    <member type="way" ref="333521820" role=""/>
    <member type="way" ref="568335703" role=""/>
    <member type="way" ref="568332571" role=""/>
    <member type="way" ref="756564601" role=""/>
    <member type="way" ref="194616034" role=""/>
    <member type="way" ref="756564600" role=""/>
    <member type="way" ref="1190302666" role=""/>
    <member type="way" ref="1190302669" role=""/>
    <member type="way" ref="1190302679" role=""/>
    <member type="way" ref="1190302667" role=""/>
    <member type="way" ref="845539026" role=""/>
    <member type="way" ref="380458009" role=""/>
    <member type="way" ref="349676672" role=""/>
    <member type="way" ref="247981346" role=""/>
    <member type="way" ref="173806881" role=""/>
    <member type="way" ref="554571577" role=""/>
    <member type="way" ref="554571576" role=""/>
    <member type="way" ref="220421894" role=""/>
    <member type="way" ref="77707574" role=""/>
    <member type="way" ref="49533644" role=""/>
    <member type="way" ref="796700865" role=""/>
    <member type="way" ref="796700868" role=""/>
    <member type="way" ref="866859816" role=""/>
    <member type="way" ref="1140588858" role=""/>
    <member type="way" ref="796700859" role=""/>
    <member type="way" ref="796700877" role=""/>
    <member type="way" ref="796700884" role=""/>
    <member type="way" ref="796700885" role=""/>
    <member type="way" ref="220553495" role=""/>
    <member type="way" ref="804153687" role=""/>
    <member type="way" ref="173610871" role=""/>
    <member type="way" ref="366473634" role=""/>
    <member type="way" ref="173610897" role=""/>
    <member type="way" ref="403711776" role=""/>
    <member type="way" ref="1104210048" role=""/>
    <member type="way" ref="571330807" role=""/>
    <member type="way" ref="173610876" role=""/>
    <member type="way" ref="1223133283" role=""/>
    <member type="way" ref="1223133284" role=""/>
    <member type="way" ref="390569416" role=""/>
    <member type="way" ref="796700857" role=""/>
    <member type="way" ref="608000708" role=""/>
    <member type="way" ref="150721162" role=""/>
    <member type="way" ref="572481799" role=""/>
    <member type="way" ref="172752854" role=""/>
    <member type="way" ref="567946434" role=""/>
    <member type="way" ref="172752856" role=""/>
    <member type="way" ref="572481789" role=""/>
    <member type="way" ref="572481790" role=""/>
    <member type="way" ref="366473633" role=""/>
    <member type="way" ref="569727092" role=""/>
    <member type="way" ref="355348455" role=""/>
    <member type="way" ref="572481797" role=""/>
    <member type="way" ref="150721160" role=""/>
    <member type="way" ref="150721161" role=""/>
    <member type="way" ref="1299464270" role=""/>
    <member type="way" ref="365936270" role=""/>
    <member type="way" ref="739468982" role=""/>
    <member type="way" ref="366475375" role=""/>
    <member type="way" ref="171701318" role=""/>
    <member type="way" ref="1367288747" role=""/>
    <member type="way" ref="252126871" role=""/>
    <member type="way" ref="3171513" role=""/>
    <member type="way" ref="23064111" role=""/>
    <member type="way" ref="1210201051" role=""/>
    <member type="way" ref="366435988" role=""/>
    <member type="way" ref="1210201050" role=""/>
    <member type="way" ref="1210195804" role=""/>
    <tag k="from" v="Prince of Wales Hospital, Barker St"/>
    <tag k="name" v="348 Prince of Wales Hospital to Wolli Creek"/>
    <tag k="network" v="Sydney Buses"/>
    <tag k="operator" v="Transit Systems"/>
    <tag k="public_transport:version" v="2"/>
    <tag k="ref" v="348"/>
    <tag k="route" v="bus"/>
    <tag k="to" v="Wolli Creek Station, Discovery Point Pl"/>
    <tag k="type" v="route"/>
  </relation>
  <relation id="17968286">
    <member type="node" ref="2832951803" role="platform"/>
    <member type="node" ref="1444163222" role="platform"/>
    <member type="node" ref="2915249701" role="platform"/>
    <member type="node" ref="2906618401" role="platform"/>
    <member type="node" ref="2765929493" role="platform"/>
    <member type="node" ref="10703158305" role="platform"/>
    <member type="node" ref="5923568623" role="platform"/>
    <member type="node" ref="1813354003" role="platform"/>
    <member type="node" ref="3056659237" role="platform"/>
    <member type="node" ref="3056659336" role="platform"/>
    <member type="node" ref="3056659734" role="platform"/>
    <member type="node" ref="3056659434" role="platform"/>
    <member type="node" ref="3056660333" role="platform"/>
    <member type="node" ref="3056659535" role="platform"/>
    <member type="node" ref="3056660133" role="platform"/>
    <member type="node" ref="3056659134" role="platform"/>
    <member type="node" ref="772506580" role="platform"/>
    <member type="node" ref="3056659833" role="platform"/>
    <member type="node" ref="3318197262" role="platform"/>
    <member type="node" ref="3056659635" role="platform"/>
    <member type="node" ref="11359406721" role="platform"/>
    <member type="node" ref="11359406722" role="platform"/>
    <member type="node" ref="12075000072" role="platform"/>
    <member type="node" ref="7474734734" role="platform"/>
    <member type="node" ref="9540397207" role="platform"/>
    <member type="node" ref="11703308803" role="platform"/>
    <member type="node" ref="12037268935" role="platform"/>
    <member type="node" ref="3056659333" role="platform"/>
    <member type="node" ref="1604466919" role="platform"/>
    <member type="node" ref="3056659033" role="platform"/>
    <member type="node" ref="2932586601" role="platform"/>
    <member type="node" ref="2932587101" role="platform"/>
    <member type="node" ref="3056645134" role="platform"/>
    <member type="node" ref="501794772" role="platform"/>
    <member type="node" ref="3064537233" role="platform"/>
    <member type="node" ref="3064537236" role="platform"/>
    <member type="node" ref="1252086569" role="platform"/>
    <member type="node" ref="3106348229" role="platform"/>
    <member type="node" ref="2548269177" role="platform"/>
    <member type="node" ref="2548269175" role="platform"/>
    <member type="node" ref="1878813689" role="platform"/>
    <member type="node" ref="2548029770" role="platform"/>
    <member type="node" ref="2548266178" role="platform"/>
    <member type="node" ref="7625845343" role="platform"/>
    <member type="node" ref="7625845342" role="platform"/>
    <member type="node" ref="7625845341" role="platform"/>
    <member type="node" ref="7625845340" role="platform"/>
    <member type="node" ref="11909739621" role="platform"/>
    <member type="way" ref="252114520" role=""/>
    <member type="way" ref="1094677780" role=""/>
    <member type="way" ref="47134533" role=""/>
    <member type="way" ref="47134527" role=""/>
    <member type="way" ref="1310791421" role=""/>
    <member type="way" ref="771914123" role=""/>
    <member type="way" ref="771914124" role=""/>
    <member type="way" ref="1267812896" role=""/>
    <member type="way" ref="252114526" role=""/>
    <member type="way" ref="47134529" role=""/>
    <member type="way" ref="3743124" role=""/>
    <member type="way" ref="787331003" role=""/>
    <member type="way" ref="3743121" role=""/>
    <member type="way" ref="47134531" role=""/>
    <member type="way" ref="172961209" role=""/>
    <member type="way" ref="784223760" role=""/>
    <member type="way" ref="251111270" role=""/>
    <member type="way" ref="694202528" role=""/>
    <member type="way" ref="1299459541" role=""/>
    <member type="way" ref="1299459542" role=""/>
    <member type="way" ref="172760917" role=""/>
    <member type="way" ref="694203471" role=""/>
    <member type="way" ref="694202525" role=""/>
    <member type="way" ref="556923707" role=""/>
    <member type="way" ref="183691274" role=""/>
    <member type="way" ref="172760924" role=""/>
    <member type="way" ref="1156226147" role=""/>
    <member type="way" ref="384217847" role=""/>
    <member type="way" ref="4625251" role=""/>
    <member type="way" ref="407606342" role=""/>
    <member type="way" ref="407606354" role=""/>
    <member type="way" ref="574570635" role=""/>
    <member type="way" ref="574570628" role=""/>
    <member type="way" ref="235325812" role=""/>
    <member type="way" ref="712447768" role=""/>
    <member type="way" ref="35205755" role=""/>
    <member type="way" ref="1016151872" role=""/>
    <member type="way" ref="1016151871" role=""/>
    <member type="way" ref="35205761" role=""/>
    <member type="way" ref="171382186" role=""/>
    <member type="way" ref="574570621" role=""/>
    <member type="way" ref="1016151836" role=""/>
    <member type="way" ref="247981347" role=""/>
    <member type="way" ref="574570608" role=""/>
    <member type="way" ref="49090120" role=""/>
    <member type="way" ref="171382177" role=""/>
    <member type="way" ref="49090123" role=""/>
    <member type="way" ref="171382180" role=""/>
    <member type="way" ref="49090126" role=""/>
    <member type="way" ref="171382188" role=""/>
    <member type="way" ref="35205753" role=""/>
    <member type="way" ref="34102547" role=""/>
    <member type="way" ref="1236722727" role=""/>
    <member type="way" ref="948578217" role=""/>
    <member type="way" ref="383144291" role=""/>
    <member type="way" ref="1190302647" role=""/>
    <member type="way" ref="172985285" role=""/>
    <member type="way" ref="37783940" role=""/>
    <member type="way" ref="1190302650" role=""/>
    <member type="way" ref="171277768" role=""/>
    <member type="way" ref="1190302649" role=""/>
    <member type="way" ref="1190302652" role=""/>
    <member type="way" ref="185267924" role=""/>
    <member type="way" ref="1190302657" role=""/>
    <member type="way" ref="1316681852" role=""/>
    <member type="way" ref="1190302658" role=""/>
    <member type="way" ref="757542860" role=""/>
    <member type="way" ref="757542861" role=""/>
    <member type="way" ref="174405627" role=""/>
    <member type="way" ref="1190302656" role=""/>
    <member type="way" ref="34207087" role=""/>
    <member type="way" ref="333521825" role=""/>
    <member type="way" ref="3190084" role=""/>
    <member type="way" ref="349676672" role=""/>
    <member type="way" ref="380458009" role=""/>
    <member type="way" ref="845539026" role=""/>
    <member type="way" ref="1190302667" role=""/>
    <member type="way" ref="1190302679" role=""/>
    <member type="way" ref="1190302669" role=""/>
    <member type="way" ref="1190302666" role=""/>
    <member type="way" ref="756564600" role=""/>
    <member type="way" ref="194616034" role=""/>
    <member type="way" ref="791790681" role=""/>
    <member type="way" ref="35154880" role=""/>
    <member type="way" ref="521118545" role=""/>
    <member type="way" ref="1156210190" role=""/>
    <member type="way" ref="5151635" role=""/>
    <member type="way" ref="1156210186" role=""/>
    <member type="way" ref="440882189" role=""/>
    <member type="way" ref="252129995" role=""/>
    <member type="way" ref="793060188" role=""/>
    <member type="way" ref="791559305" role=""/>
    <member type="way" ref="172388817" role=""/>
    <member type="way" ref="595751687" role=""/>
    <member type="way" ref="595751686" role=""/>
    <member type="way" ref="3093948" role=""/>
    <member type="way" ref="84735729" role=""/>
    <member type="way" ref="35154888" role=""/>
    <member type="way" ref="173567611" role=""/>
    <member type="way" ref="171685461" role=""/>
    <member type="way" ref="1370857564" role=""/>
    <member type="way" ref="1370857565" role=""/>
    <member type="way" ref="440882200" role=""/>
    <member type="way" ref="49101537" role=""/>
    <member type="way" ref="171685451" role=""/>
    <member type="way" ref="172388818" role=""/>
    <member type="way" ref="261017109" role=""/>
    <member type="way" ref="796700879" role=""/>
    <member type="way" ref="796700886" role=""/>
    <member type="way" ref="796700884" role=""/>
    <member type="way" ref="796700885" role=""/>
    <member type="way" ref="220553495" role=""/>
    <member type="way" ref="804153687" role=""/>
    <member type="way" ref="173610871" role=""/>
    <member type="way" ref="366473634" role=""/>
    <member type="way" ref="338611345" role=""/>
    <member type="way" ref="573745585" role=""/>
    <member type="way" ref="1104210059" role=""/>
    <member type="way" ref="173575909" role=""/>
    <member type="way" ref="174600387" role=""/>
    <member type="way" ref="173575908" role=""/>
    <member type="way" ref="173575910" role=""/>
    <member type="way" ref="173575906" role=""/>
    <member type="way" ref="173575911" role=""/>
    <member type="way" ref="528434019" role=""/>
    <member type="way" ref="173574128" role=""/>
    <member type="way" ref="307247678" role=""/>
    <member type="way" ref="307247679" role=""/>
    <member type="way" ref="307247677" role=""/>
    <member type="way" ref="252129994" role=""/>
    <member type="way" ref="1292571915" role=""/>
    <member type="way" ref="82022380" role=""/>
    <member type="way" ref="286361142" role=""/>
    <member type="way" ref="286361143" role=""/>
    <member type="way" ref="792199035" role=""/>
    <member type="way" ref="286361144" role=""/>
    <member type="way" ref="1095300526" role=""/>
    <member type="way" ref="1095300525" role=""/>
    <member type="way" ref="301587284" role=""/>
    <member type="way" ref="301587278" role=""/>
    <member type="way" ref="286361145" role=""/>
    <member type="way" ref="175972891" role=""/>
    <member type="way" ref="173561302" role=""/>
    <member type="way" ref="770040178" role=""/>
    <member type="way" ref="175972392" role=""/>
    <member type="way" ref="574620584" role=""/>
    <member type="way" ref="10263721" role=""/>
    <member type="way" ref="574620581" role=""/>
    <member type="way" ref="574620585" role=""/>
    <member type="way" ref="172425685" role=""/>
    <member type="way" ref="338613723" role=""/>
    <member type="way" ref="338613724" role=""/>
    <member type="way" ref="411198555" role=""/>
    <member type="way" ref="867591777" role=""/>
    <member type="way" ref="172243694" role=""/>
    <member type="way" ref="338613721" role=""/>
    <member type="way" ref="172243691" role=""/>
    <member type="way" ref="672905148" role=""/>
    <member type="way" ref="169909217" role=""/>
    <member type="way" ref="247956387" role=""/>
    <member type="way" ref="529156808" role=""/>
    <member type="way" ref="603163636" role=""/>
    <member type="way" ref="603163622" role=""/>
    <member type="way" ref="603163632" role=""/>
    <member type="way" ref="603163635" role=""/>
    <member type="way" ref="603163631" role=""/>
    <member type="way" ref="224576119" role=""/>
    <member type="way" ref="1321802157" role=""/>
    <member type="way" ref="504335708" role=""/>
    <member type="way" ref="603034321" role=""/>
    <member type="way" ref="603034320" role=""/>
    <member type="way" ref="247956388" role=""/>
    <member type="way" ref="172264824" role=""/>
    <tag k="from" v="Coogee - Arden St opp Coogee Bay Rd"/>
    <tag k="name" v="370 Coogee to Glebe Point"/>
    <tag k="network" v="Sydney Buses"/>
    <tag k="operator" v="Transdev John Holland"/>
    <tag k="public_transport:version" v="2"/>
    <tag k="ref" v="370"/>
    <tag k="route" v="bus"/>
    <tag k="to" v="Glebe Point - Federal Rd opp Bicentennial Park"/>
    <tag k="type" v="route"/>
  </relation>

</osm>
