<?xml version="1.0" encoding="UTF-8"?>
<osm version="0.6" generator="Overpass API 0.7.62.5 1bd436f1">
<note>The data included in this document is from www.openstreetmap.org. The data is made available under ODbL.</note>
<meta osm_base="2025-03-28T19:36:02Z"/>

  <node id="101291738" lat="43.6580500" lon="-70.2529615"/>
  <node id="101291740" lat="43.6579771" lon="-70.2530573"/>
  <node id="101291742" lat="43.6577744" lon="-70.2533421"/>
  <node id="101291811" lat="43.6595670" lon="-70.2529380"/>
  <node id="101291815" lat="43.6589771" lon="-70.2597864"/>
  <node id="101291817" lat="43.6591130" lon="-70.2599780"/>
  <node id="101291819" lat="43.6594790" lon="-70.2604360"/>
  <node id="101291821" lat="43.6596190" lon="-70.2606010"/>
  <node id="101291825" lat="43.6597517" lon="-70.2607387"/>
  <node id="101297746" lat="43.6560029" lon="-70.2536337"/>
  <node id="101337190" lat="43.6603814" lon="-70.2584922"/>
  <node id="101337191" lat="43.6603206" lon="-70.2585896"/>
  <node id="101337194" lat="43.6601980" lon="-70.2587910"/>
  <node id="101353039" lat="43.6615083" lon="-70.2556127">
    <tag k="highway" v="traffic_signals"/>
    <tag k="traffic_signals:direction" v="backward"/>
  </node>
  <node id="101353236" lat="43.6618918" lon="-70.2549710">
    <tag k="highway" v="traffic_signals"/>
    <tag k="traffic_signals:direction" v="forward"/>
  </node>
  <node id="101353240" lat="43.6619436" lon="-70.2552590"/>
  <node id="101355362" lat="43.6571786" lon="-70.2584078"/>
  <node id="101355365" lat="43.6570496" lon="-70.2584075"/>
  <node id="101355367" lat="43.6568947" lon="-70.2588306"/>
  <node id="101355369" lat="43.6568636" lon="-70.2589070"/>
  <node id="101355371" lat="43.6568399" lon="-70.2589658"/>
  <node id="101355373" lat="43.6568094" lon="-70.2590164"/>
  <node id="101355380" lat="43.6566497" lon="-70.2592811"/>
  <node id="101372231" lat="43.6600585" lon="-70.2580491"/>
  <node id="101372233" lat="43.6601780" lon="-70.2582140"/>
  <node id="101380827" lat="43.6553514" lon="-70.2559413"/>
  <node id="101380829" lat="43.6557051" lon="-70.2561864"/>
  <node id="101380832" lat="43.6558638" lon="-70.2562814"/>
  <node id="101380849" lat="43.6562006" lon="-70.2555356"/>
  <node id="101380976" lat="43.6566840" lon="-70.2568660"/>
  <node id="101380978" lat="43.6569890" lon="-70.2570770"/>
  <node id="101380981" lat="43.6571392" lon="-70.2571995"/>
  <node id="101387973" lat="43.6573822" lon="-70.2584962"/>
  <node id="101387982" lat="43.6576877" lon="-70.2588388"/>
  <node id="101387989" lat="43.6577551" lon="-70.2587526"/>
  <node id="101396255" lat="43.6567271" lon="-70.2526706">
    <tag k="crossing" v="uncontrolled"/>
    <tag k="highway" v="crossing"/>
  </node>
  <node id="101396260" lat="43.6572517" lon="-70.2533524"/>
  <node id="101396264" lat="43.6578616" lon="-70.2541604">
    <tag k="highway" v="stop"/>
  </node>
  <node id="101396267" lat="43.6579319" lon="-70.2542517"/>
  <node id="101396271" lat="43.6579870" lon="-70.2543234">
    <tag k="crossing" v="uncontrolled"/>
    <tag k="highway" v="crossing"/>
    <tag k="kerb" v="lowered"/>
    <tag k="tactile_paving" v="yes"/>
  </node>
  <node id="101396277" lat="43.6583875" lon="-70.2550281"/>
  <node id="101396287" lat="43.6587328" lon="-70.2556378">
    <tag k="direction" v="forward"/>
    <tag k="highway" v="stop"/>
  </node>
  <node id="101396290" lat="43.6587781" lon="-70.2557202"/>
  <node id="101396294" lat="43.6588325" lon="-70.2558221">
    <tag k="crossing" v="uncontrolled"/>
    <tag k="highway" v="crossing"/>
    <tag k="tactile_paving" v="yes"/>
  </node>
  <node id="101396302" lat="43.6592298" lon="-70.2565030"/>
  <node id="101396310" lat="43.6564701" lon="-70.2533005"/>
  <node id="101396312" lat="43.6567540" lon="-70.2536320"/>
  <node id="101396315" lat="43.6569660" lon="-70.2538602"/>
  <node id="101396319" lat="43.6575880" lon="-70.2545340"/>
  <node id="101396334" lat="43.6585775" lon="-70.2560665"/>
  <node id="101396339" lat="43.6590097" lon="-70.2567634"/>
  <node id="101408902" lat="43.6603395" lon="-70.2575205"/>
  <node id="101408912" lat="43.6611135" lon="-70.2585922"/>
  <node id="101432201" lat="43.6575118" lon="-70.2529769"/>
  <node id="101432205" lat="43.6581316" lon="-70.2538436"/>
  <node id="101442069" lat="43.6606439" lon="-70.2525033"/>
  <node id="101442079" lat="43.6612129" lon="-70.2535135"/>
  <node id="101453050" lat="43.6572111" lon="-70.2563362"/>
  <node id="101453052" lat="43.6571988" lon="-70.2584080">
    <tag k="crossing" v="marked"/>
    <tag k="crossing:markings" v="yes"/>
    <tag k="highway" v="crossing"/>
  </node>
  <node id="101460949" lat="43.6621337" lon="-70.2545901"/>
  <node id="101466354" lat="43.6571813" lon="-70.2594943"/>
  <node id="101466361" lat="43.6582997" lon="-70.2609174">
    <tag k="highway" v="traffic_signals"/>
    <tag k="traffic_signals" v="traffic_lights"/>
  </node>
  <node id="101466363" lat="43.6585170" lon="-70.2612000"/>
  <node id="101466365" lat="43.6586310" lon="-70.2613420"/>
  <node id="101466964" lat="43.6587036" lon="-70.2528232"/>
  <node id="101466966" lat="43.6589707" lon="-70.2533432"/>
  <node id="101466978" lat="43.6586741" lon="-70.2539202"/>
  <node id="101471138" lat="43.6555270" lon="-70.2546502"/>
  <node id="101471139" lat="43.6557667" lon="-70.2541291"/>
  <node id="101471141" lat="43.6563562" lon="-70.2529399"/>
  <node id="101471756" lat="43.6588456" lon="-70.2542015"/>
  <node id="101476986" lat="43.6564012" lon="-70.2567215"/>
  <node id="101477052" lat="43.6565140" lon="-70.2567399"/>
  <node id="101477053" lat="43.6564338" lon="-70.2568727"/>
  <node id="101477055" lat="43.6562163" lon="-70.2572214"/>
  <node id="101477057" lat="43.6559837" lon="-70.2576065"/>
  <node id="101477063" lat="43.6556605" lon="-70.2581389">
    <tag k="highway" v="traffic_signals"/>
    <tag k="traffic_signals" v="signal"/>
    <tag k="traffic_signals:direction" v="both"/>
  </node>
  <node id="101477065" lat="43.6555355" lon="-70.2583337"/>
  <node id="101480190" lat="43.6604003" lon="-70.2528803"/>
  <node id="101480282" lat="43.6599025" lon="-70.2533666"/>
  <node id="101480286" lat="43.6599366" lon="-70.2534272"/>
  <node id="101480290" lat="43.6599473" lon="-70.2535291"/>
  <node id="101480293" lat="43.6600247" lon="-70.2536583"/>
  <node id="101480305" lat="43.6589480" lon="-70.2554280"/>
  <node id="101480311" lat="43.6573737" lon="-70.2583172"/>
  <node id="101495787" lat="43.6592033" lon="-70.2594097"/>
  <node id="101495789" lat="43.6593330" lon="-70.2596050"/>
  <node id="101495790" lat="43.6599597" lon="-70.2604233"/>
  <node id="101495792" lat="43.6603450" lon="-70.2609170"/>
  <node id="101504536" lat="43.6611495" lon="-70.2562058"/>
  <node id="101504537" lat="43.6616630" lon="-70.2568730"/>
  <node id="101504540" lat="43.6619260" lon="-70.2572050"/>
  <node id="101504542" lat="43.6619736" lon="-70.2572647"/>
  <node id="101509497" lat="43.6582650" lon="-70.2594520">
    <tag k="bus" v="yes"/>
    <tag k="name" v="Stop 372"/>
    <tag k="public_transport" v="stop_position"/>
    <tag k="public_transport:version" v="2"/>
  </node>
  <node id="101509506" lat="43.6587220" lon="-70.2600680">
    <tag k="crossing" v="traffic_signals"/>
    <tag k="highway" v="crossing"/>
  </node>
  <node id="101509510" lat="43.6587666" lon="-70.2601311"/>
  <node id="101509512" lat="43.6594772" lon="-70.2610548">
    <tag k="crossing" v="uncontrolled"/>
    <tag k="highway" v="crossing"/>
  </node>
  <node id="101509515" lat="43.6595201" lon="-70.2611105"/>
  <node id="101513678" lat="43.6617876" lon="-70.2551490"/>
  <node id="101513681" lat="43.6617391" lon="-70.2552280">
    <tag k="highway" v="traffic_signals"/>
    <tag k="traffic_signals:direction" v="backward"/>
  </node>
  <node id="101513685" lat="43.6615842" lon="-70.2554854">
    <tag k="highway" v="traffic_signals"/>
    <tag k="traffic_signals:direction" v="forward"/>
  </node>
  <node id="101513689" lat="43.6615530" lon="-70.2555388"/>
  <node id="101513692" lat="43.6606831" lon="-70.2569706">
    <tag k="highway" v="traffic_signals"/>
    <tag k="traffic_signals" v="traffic_lights"/>
  </node>
  <node id="101513693" lat="43.6602039" lon="-70.2577507"/>
  <node id="101513697" lat="43.6597625" lon="-70.2585286"/>
  <node id="101513700" lat="43.6596983" lon="-70.2586225"/>
  <node id="101513703" lat="43.6593334" lon="-70.2591949">
    <tag k="crossing" v="uncontrolled"/>
    <tag k="crossing:island" v="no"/>
    <tag k="crossing:markings" v="zebra"/>
    <tag k="highway" v="crossing"/>
  </node>
  <node id="101513704" lat="43.6586979" lon="-70.2602465">
    <tag k="highway" v="traffic_signals"/>
    <tag k="traffic_signals:direction" v="forward"/>
  </node>
  <node id="101513707" lat="43.6586082" lon="-70.2603978"/>
  <node id="101513710" lat="43.6585219" lon="-70.2605450"/>
  <node id="101513713" lat="43.6583422" lon="-70.2608434">
    <tag k="button_operated" v="yes"/>
    <tag k="crossing" v="traffic_signals"/>
    <tag k="crossing:island" v="no"/>
    <tag k="crossing:markings" v="zebra"/>
    <tag k="highway" v="crossing"/>
    <tag k="tactile_paving" v="yes"/>
    <tag k="traffic_signals:sound" v="yes"/>
    <tag k="traffic_signals:vibration" v="no"/>
  </node>
  <node id="101533396" lat="43.6592666" lon="-70.2516090">
    <tag k="button_operated" v="yes"/>
    <tag k="crossing" v="traffic_signals"/>
    <tag k="crossing:island" v="no"/>
    <tag k="crossing:markings" v="zebra"/>
    <tag k="highway" v="crossing"/>
    <tag k="tactile_paving" v="no"/>
    <tag k="traffic_signals:sound" v="yes"/>
  </node>
  <node id="101533399" lat="43.6593384" lon="-70.2517162"/>
  <node id="101533400" lat="43.6594175" lon="-70.2518340">
    <tag k="button_operated" v="yes"/>
    <tag k="crossing" v="traffic_signals"/>
    <tag k="crossing:island" v="no"/>
    <tag k="crossing:markings" v="zebra"/>
    <tag k="highway" v="crossing"/>
    <tag k="tactile_paving" v="no"/>
    <tag k="traffic_signals:sound" v="yes"/>
  </node>
  <node id="101533401" lat="43.6595248" lon="-70.2519726"/>
  <node id="101533402" lat="43.6596083" lon="-70.2521127"/>
  <node id="101533404" lat="43.6596451" lon="-70.2521986"/>
  <node id="101533416" lat="43.6605560" lon="-70.2545650">
    <tag k="highway" v="traffic_signals"/>
    <tag k="traffic_signals:direction" v="forward"/>
  </node>
  <node id="101533417" lat="43.6607177" lon="-70.2547769"/>
  <node id="101533421" lat="43.6608909" lon="-70.2549800"/>
  <node id="101533422" lat="43.6610010" lon="-70.2550934">
    <tag k="maxspeed" v="35 mph"/>
    <tag k="traffic_sign" v="maxspeed"/>
  </node>
  <node id="101533424" lat="43.6611571" lon="-70.2552238"/>
  <node id="101533426" lat="43.6617039" lon="-70.2556761"/>
  <node id="101533428" lat="43.6618344" lon="-70.2558175"/>
  <node id="101533507" lat="43.6594230" lon="-70.2515800"/>
  <node id="101533511" lat="43.6595009" lon="-70.2516857">
    <tag k="button_operated" v="yes"/>
    <tag k="crossing" v="traffic_signals"/>
    <tag k="crossing:island" v="no"/>
    <tag k="crossing:markings" v="zebra"/>
    <tag k="highway" v="crossing"/>
    <tag k="tactile_paving" v="no"/>
    <tag k="traffic_signals:sound" v="yes"/>
  </node>
  <node id="101533514" lat="43.6599180" lon="-70.2522441"/>
  <node id="101533518" lat="43.6600120" lon="-70.2523990"/>
  <node id="101533519" lat="43.6601540" lon="-70.2526460"/>
  <node id="101533522" lat="43.6602160" lon="-70.2527740"/>
  <node id="101533526" lat="43.6603360" lon="-70.2530660"/>
  <node id="101533528" lat="43.6604720" lon="-70.2534400"/>
  <node id="101533530" lat="43.6605750" lon="-70.2536940"/>
  <node id="101533532" lat="43.6607041" lon="-70.2539956">
    <tag k="button_operated" v="yes"/>
    <tag k="crossing" v="traffic_signals"/>
    <tag k="crossing:island" v="no"/>
    <tag k="crossing:markings" v="zebra"/>
    <tag k="highway" v="crossing"/>
    <tag k="tactile_paving" v="no"/>
    <tag k="traffic_signals:sound" v="no"/>
    <tag k="traffic_signals:vibration" v="no"/>
  </node>
  <node id="101533535" lat="43.6607473" lon="-70.2541009">
    <tag k="highway" v="traffic_signals"/>
    <tag k="traffic_signals" v="signal"/>
  </node>
  <node id="101533537" lat="43.6608170" lon="-70.2542490"/>
  <node id="101533539" lat="43.6608910" lon="-70.2543720"/>
  <node id="101533540" lat="43.6609760" lon="-70.2544910"/>
  <node id="101533542" lat="43.6610690" lon="-70.2546030"/>
  <node id="101533543" lat="43.6611680" lon="-70.2547110"/>
  <node id="101533544" lat="43.6612750" lon="-70.2548090"/>
  <node id="101533546" lat="43.6613900" lon="-70.2548990"/>
  <node id="101533549" lat="43.6621148" lon="-70.2553998"/>
  <node id="101533550" lat="43.6622235" lon="-70.2555031"/>
  <node id="101533552" lat="43.6623239" lon="-70.2556184"/>
  <node id="101548756" lat="43.6608750" lon="-70.2602250"/>
  <node id="101548757" lat="43.6607430" lon="-70.2604070"/>
  <node id="101548759" lat="43.6606730" lon="-70.2605320"/>
  <node id="101548761" lat="43.6606290" lon="-70.2605890"/>
  <node id="101548763" lat="43.6605680" lon="-70.2606300"/>
  <node id="101548765" lat="43.6605120" lon="-70.2606770"/>
  <node id="101548767" lat="43.6604410" lon="-70.2607940"/>
  <node id="101555620" lat="43.6562117" lon="-70.2538306"/>
  <node id="101580751" lat="43.6574636" lon="-70.2565298"/>
  <node id="101580769" lat="43.6568136" lon="-70.2577797"/>
  <node id="101580775" lat="43.6562290" lon="-70.2588015"/>
  <node id="101582256" lat="43.6570155" lon="-70.2596996"/>
  <node id="101592982" lat="43.6554305" lon="-70.2548548"/>
  <node id="101592984" lat="43.6556655" lon="-70.2550947">
    <tag k="highway" v="traffic_signals"/>
  </node>
  <node id="101606539" lat="43.6618838" lon="-70.2574044"/>
  <node id="101606541" lat="43.6616382" lon="-70.2577812"/>
  <node id="101606543" lat="43.6614790" lon="-70.2580247"/>
  <node id="101606545" lat="43.6611810" lon="-70.2584890"/>
  <node id="101606549" lat="43.6609786" lon="-70.2588089"/>
  <node id="101606551" lat="43.6608776" lon="-70.2589791"/>
  <node id="101606552" lat="43.6608144" lon="-70.2590759"/>
  <node id="101606553" lat="43.6606910" lon="-70.2592629"/>
  <node id="101606562" lat="43.6603750" lon="-70.2597613"/>
  <node id="101610336" lat="43.6565280" lon="-70.2531206"/>
  <node id="101610337" lat="43.6560106" lon="-70.2542506"/>
  <node id="101610338" lat="43.6557897" lon="-70.2547790"/>
  <node id="101610358" lat="43.6566718" lon="-70.2526190"/>
  <node id="101623186" lat="43.6558013" lon="-70.2575009"/>
  <node id="101629473" lat="43.6592616" lon="-70.2518412">
    <tag k="button_operated" v="yes"/>
    <tag k="crossing" v="traffic_signals"/>
    <tag k="crossing:island" v="no"/>
    <tag k="crossing:markings" v="zebra"/>
    <tag k="highway" v="crossing"/>
    <tag k="tactile_paving" v="no"/>
    <tag k="traffic_signals:sound" v="yes"/>
  </node>
  <node id="101629476" lat="43.6592392" lon="-70.2518815">
    <tag k="highway" v="traffic_signals"/>
    <tag k="traffic_signals:direction" v="backward"/>
  </node>
  <node id="101629480" lat="43.6584466" lon="-70.2532643"/>
  <node id="101629482" lat="43.6583620" lon="-70.2534170"/>
  <node id="101629484" lat="43.6578882" lon="-70.2543351">
    <tag k="direction" v="backward"/>
    <tag k="highway" v="stop"/>
  </node>
  <node id="101629486" lat="43.6575667" lon="-70.2550903"/>
  <node id="101629566" lat="43.6573289" lon="-70.2556346"/>
  <node id="101644435" lat="43.6569507" lon="-70.2561283">
    <tag k="highway" v="traffic_signals"/>
  </node>
  <node id="101644437" lat="43.6575623" lon="-70.2566250"/>
  <node id="101644439" lat="43.6577142" lon="-70.2567986"/>
  <node id="101644441" lat="43.6578796" lon="-70.2570383"/>
  <node id="101644443" lat="43.6579750" lon="-70.2571840"/>
  <node id="101644446" lat="43.6583776" lon="-70.2579241"/>
  <node id="101649485" lat="43.6577950" lon="-70.2525490"/>
  <node id="101649487" lat="43.6578320" lon="-70.2526010"/>
  <node id="101649489" lat="43.6581420" lon="-70.2530970"/>
  <node id="101649511" lat="43.6606240" lon="-70.2568800"/>
  <node id="101649514" lat="43.6607410" lon="-70.2570560"/>
  <node id="101649515" lat="43.6611830" lon="-70.2576570"/>
  <node id="101649516" lat="43.6615770" lon="-70.2581720"/>
  <node id="101649517" lat="43.6616630" lon="-70.2582940"/>
  <node id="101649518" lat="43.6617500" lon="-70.2583970"/>
  <node id="101675836" lat="43.6576714" lon="-70.2527243"/>
  <node id="101675838" lat="43.6574366" lon="-70.2530979"/>
  <node id="101675843" lat="43.6573392" lon="-70.2532228"/>
  <node id="101675852" lat="43.6573274" lon="-70.2531960"/>
  <node id="101675854" lat="43.6573228" lon="-70.2531654"/>
  <node id="101685564" lat="43.6599893" lon="-70.2521661"/>
  <node id="101691916" lat="43.6587478" lon="-70.2573473"/>
  <node id="101691918" lat="43.6588510" lon="-70.2574786">
    <tag k="direction" v="forward"/>
    <tag k="highway" v="stop"/>
  </node>
  <node id="101691920" lat="43.6595800" lon="-70.2584570"/>
  <node id="101691922" lat="43.6600121" lon="-70.2590769"/>
  <node id="101691924" lat="43.6604406" lon="-70.2596494"/>
  <node id="101741071" lat="43.6565825" lon="-70.2602921"/>
  <node id="101741081" lat="43.6576008" lon="-70.2589678">
    <tag k="highway" v="traffic_signals"/>
    <tag k="traffic_signals:direction" v="backward"/>
  </node>
  <node id="101741083" lat="43.6585004" lon="-70.2577386">
    <tag k="highway" v="traffic_signals"/>
    <tag k="traffic_signals:direction" v="forward"/>
  </node>
  <node id="101741107" lat="43.6608130" lon="-70.2540056">
    <tag k="button_operated" v="yes"/>
    <tag k="crossing" v="traffic_signals"/>
    <tag k="crossing:island" v="no"/>
    <tag k="crossing:markings" v="zebra"/>
    <tag k="highway" v="crossing"/>
    <tag k="tactile_paving" v="no"/>
    <tag k="traffic_signals:sound" v="no"/>
    <tag k="traffic_signals:vibration" v="no"/>
  </node>
  <node id="158867610" lat="43.6573605" lon="-70.2586618">
    <tag k="capital" v="6"/>
    <tag k="ele" v="19"/>
    <tag k="gnis:feature_id" v="573692"/>
    <tag k="name" v="Portland"/>
    <tag k="name:bn" v="পোর্টল্যান্ড"/>
    <tag k="name:en" v="Portland"/>
    <tag k="name:ru" v="Портленд"/>
    <tag k="name:sr" v="Портланд"/>
    <tag k="name:uk" v="Портленд"/>
    <tag k="place" v="city"/>
    <tag k="population" v="68408"/>
    <tag k="population:date" v="2020"/>
    <tag k="source:population" v="Census"/>
    <tag k="website" v="https://www.portlandmaine.gov/"/>
    <tag k="wikidata" v="Q49201"/>
    <tag k="wikipedia" v="en:Portland, Maine"/>
  </node>
  <node id="316631122" lat="43.6620126" lon="-70.2572004"/>
  <node id="316632834" lat="43.6572490" lon="-70.2557382"/>
  <node id="316632836" lat="43.6572717" lon="-70.2541914"/>
  <node id="316632864" lat="43.6562653" lon="-70.2555875"/>
  <node id="316632866" lat="43.6562818" lon="-70.2536854"/>
  <node id="316638904" lat="43.6597122" lon="-70.2556233"/>
  <node id="316638905" lat="43.6597513" lon="-70.2549857"/>
  <node id="316638907" lat="43.6599288" lon="-70.2544943"/>
  <node id="316638909" lat="43.6599283" lon="-70.2543280"/>
  <node id="316638911" lat="43.6600489" lon="-70.2543388"/>
  <node id="316638913" lat="43.6600319" lon="-70.2545032"/>
  <node id="316638915" lat="43.6604840" lon="-70.2544671"/>
  <node id="316638955" lat="43.6592462" lon="-70.2548477"/>
  <node id="316638956" lat="43.6595495" lon="-70.2548136"/>
  <node id="316638957" lat="43.6597162" lon="-70.2539578"/>
  <node id="316638983" lat="43.6602413" lon="-70.2548369"/>
  <node id="316638992" lat="43.6601197" lon="-70.2540662"/>
  <node id="330118410" lat="43.6573910" lon="-70.2589207">
    <tag k="historic" v="memorial"/>
    <tag k="memorial" v="statue"/>
    <tag k="name" v="Our Lady of Victories"/>
    <tag k="ref:nrhp" v="98000308"/>
  </node>
  <node id="330119663" lat="43.6604087" lon="-70.2545763">
    <tag k="highway" v="traffic_signals"/>
    <tag k="traffic_signals:direction" v="forward"/>
  </node>
  <node id="330121083" lat="43.6588893" lon="-70.2573787"/>
  <node id="330121084" lat="43.6591188" lon="-70.2576994"/>
  <node id="330121087" lat="43.6593704" lon="-70.2573530"/>
  <node id="330121088" lat="43.6594450" lon="-70.2572500"/>
  <node id="330121089" lat="43.6594868" lon="-70.2573221"/>
  <node id="330121090" lat="43.6596100" lon="-70.2571504"/>
  <node id="330121091" lat="43.6593288" lon="-70.2567614"/>
  <node id="330121092" lat="43.6592517" lon="-70.2568679"/>
  <node id="330121093" lat="43.6593595" lon="-70.2570236"/>
  <node id="330121094" lat="43.6590758" lon="-70.2574200"/>
  <node id="330121096" lat="43.6589656" lon="-70.2572721"/>
  <node id="330122114" lat="43.6572521" lon="-70.2561068">
    <tag k="historic" v="monument"/>
    <tag k="name" v="The Maine Lobsterman"/>
  </node>
  <node id="340112578" lat="43.6603388" lon="-70.2545167"/>
  <node id="340280162" lat="43.6582586" lon="-70.2592357">
    <tag k="bench" v="yes"/>
    <tag k="bus" v="yes"/>
    <tag k="highway" v="bus_stop"/>
    <tag k="name" v="372"/>
    <tag k="operator" v="Greater Portland METRO"/>
    <tag k="public_transport" v="platform"/>
    <tag k="shelter" v="yes"/>
  </node>
  <node id="358231787" lat="43.6619543" lon="-70.2545927"/>
  <node id="358234370" lat="43.6583793" lon="-70.2575700">
    <tag k="addr:city" v="Portland"/>
    <tag k="addr:housenumber" v="400"/>
    <tag k="addr:postcode" v="04101"/>
    <tag k="addr:state" v="ME"/>
    <tag k="addr:street" v="Congress Street"/>
    <tag k="amenity" v="post_office"/>
    <tag k="ele" v="16"/>
    <tag k="gnis:feature_id" v="1912918"/>
    <tag k="name" v="Portland Post Office Downtown Station"/>
    <tag k="operator" v="United States Postal Service"/>
    <tag k="operator:short" v="USPS"/>
    <tag k="operator:type" v="public"/>
    <tag k="operator:wikidata" v="Q668687"/>
  </node>
  <node id="367794422" lat="43.6592488" lon="-70.2592148">
    <tag k="addr:state" v="ME"/>
    <tag k="building" v="yes"/>
    <tag k="ele" v="17"/>
    <tag k="gnis:feature_id" v="1912921"/>
    <tag k="name" v="Portland Society of Natural History"/>
    <tag k="source" v="USGS Geonames"/>
  </node>
  <node id="367794763" lat="43.6570171" lon="-70.2602694">
    <tag k="addr:state" v="ME"/>
    <tag k="amenity" v="library"/>
    <tag k="ele" v="21"/>
    <tag k="gnis:feature_id" v="1912691"/>
    <tag k="name" v="Maine Historical Society Library"/>
    <tag k="operator:type" v="museum"/>
    <tag k="source" v="USGS Geonames"/>
  </node>
  <node id="368008179" lat="43.6566584" lon="-70.2546266"/>
  <node id="368008430" lat="43.6570885" lon="-70.2593897"/>
  <node id="1167625433" lat="43.6600030" lon="-70.2544198">
    <tag k="amenity" v="fountain"/>
  </node>
  <node id="1167626592" lat="43.6590315" lon="-70.2554118">
    <tag k="amenity" v="fountain"/>
    <tag k="name" v="Stanley Pullen Memorial Fountain"/>
  </node>
  <node id="1167668711" lat="43.6570212" lon="-70.2591775">
    <tag k="amenity" v="cafe"/>
    <tag k="name" v="Market House Coffee"/>
  </node>
  <node id="1167668713" lat="43.6570613" lon="-70.2593292">
    <tag k="emergency" v="fire_alarm_box"/>
    <tag k="ref" v="5"/>
  </node>
  <node id="1167668715" lat="43.6569668" lon="-70.2591560">
    <tag k="amenity" v="restaurant"/>
    <tag k="name" v="Pie In The Sky Pizza; PB &amp;J Time; Karmasouptra"/>
  </node>
  <node id="1167668719" lat="43.6569047" lon="-70.2590863">
    <tag k="amenity" v="toilets"/>
  </node>
  <node id="1167668722" lat="43.6569785" lon="-70.2591024">
    <tag k="name" v="Big Sky Bakery"/>
    <tag k="shop" v="bakery"/>
  </node>
  <node id="1645778541" lat="43.6562704" lon="-70.2534566">
    <tag k="addr:city" v="Portland"/>
    <tag k="addr:housenumber" v="396"/>
    <tag k="addr:postcode" v="04101"/>
    <tag k="addr:state" v="ME"/>
    <tag k="addr:street" v="Fore Street"/>
    <tag k="alt_name" v="Gritty's;Gritty McDuff's Brew Pub"/>
    <tag k="amenity" v="pub"/>
    <tag k="branch" v="Portland"/>
    <tag k="brand:facebook" v="https://www.facebook.com/grittymcduffs"/>
    <tag k="check_date" v="2025-01-07"/>
    <tag k="contact:facebook" v="https://www.facebook.com/grittymcduffs"/>
    <tag k="contact:instagram" v="https://instagram.com/grittymcduffs/"/>
    <tag k="contact:twitter" v="https://www.twitter.com/grittys"/>
    <tag k="craft" v="brewery"/>
    <tag k="facebook" v="https://www.facebook.com/grittymcduffs"/>
    <tag k="name" v="Gritty McDuff's"/>
    <tag k="opening_hours" v="Mo-Su 11:30-25:00"/>
    <tag k="outdoor_seating" v="yes"/>
    <tag k="phone" v="+1-207-772-2739"/>
    <tag k="twitter" v="https://www.twitter.com/grittys"/>
    <tag k="website" v="https://grittys.com/portland-brew-pub/"/>
  </node>
  <node id="1645779684" lat="43.6570784" lon="-70.2538330">
    <tag k="amenity" v="restaurant"/>
    <tag k="check_date" v="2023-08-01"/>
    <tag k="name" v="N To Tail"/>
  </node>
  <node id="1645795757" lat="43.6568703" lon="-70.2557270">
    <tag k="addr:city" v="Portland"/>
    <tag k="addr:housenumber" v="2"/>
    <tag k="addr:postcode" v="04101"/>
    <tag k="addr:state" v="ME"/>
    <tag k="addr:street" v="Canal Plaza"/>
    <tag k="amenity" v="bank"/>
    <tag k="atm" v="yes"/>
    <tag k="brand" v="Camden National Bank"/>
    <tag k="brand:wikidata" v="Q27963479"/>
    <tag k="designation" v="ATM"/>
    <tag k="name" v="Camden National Bank"/>
    <tag k="phone" v="+1-207-518-6774"/>
    <tag k="source" v="survey"/>
  </node>
  <node id="1960760590" lat="43.6596793" lon="-70.2547229"/>
  <node id="1960760592" lat="43.6603101" lon="-70.2544542"/>
  <node id="1960760595" lat="43.6600742" lon="-70.2545775"/>
  <node id="1960760598" lat="43.6601040" lon="-70.2546303"/>
  <node id="2152030451" lat="43.6570680" lon="-70.2590920">
    <tag k="addr:city" v="Portland"/>
    <tag k="addr:housenumber" v="22"/>
    <tag k="addr:state" v="ME"/>
    <tag k="amenity" v="cafe"/>
    <tag k="cuisine" v="greek"/>
    <tag k="name" v="Spartan Grill"/>
    <tag k="note" v="Coffee shop plus Greek lunch"/>
    <tag k="outdoor_seating" v="no"/>
    <tag k="smoking" v="no"/>
    <tag k="takeaway" v="yes"/>
  </node>
  <node id="2152033822" lat="43.6576580" lon="-70.2551650">
    <tag k="amenity" v="cafe"/>
    <tag k="changing_table" v="yes"/>
    <tag k="changing_table:count" v="1"/>
    <tag k="changing_table:fee" v="no"/>
    <tag k="changing_table:location" v="unisex_toilet"/>
    <tag k="cuisine" v="coffee_shop"/>
    <tag k="internet_access" v="wlan"/>
    <tag k="internet_access:fee" v="yes"/>
    <tag k="level" v="0"/>
    <tag k="name" v="Bard Coffee"/>
    <tag k="opening_hours" v="Mo-Fr 07:00-17:00; Sa-Su 08:00-17:00"/>
    <tag k="outdoor_seating" v="no"/>
    <tag k="smoking" v="no"/>
    <tag k="takeaway" v="yes"/>
    <tag k="toilets" v="yes"/>
    <tag k="toilets:access" v="customers"/>
    <tag k="toilets:wheelchair" v="no"/>
    <tag k="wheelchair" v="no"/>
  </node>
  <node id="2152036787" lat="43.6569750" lon="-70.2572460">
    <tag k="amenity" v="cafe"/>
    <tag k="cuisine" v="coffee_shop"/>
    <tag k="name" v="Arabica"/>
    <tag k="not:brand:wikidata" v="Q107639197"/>
  </node>
  <node id="2306827217" lat="43.6597842" lon="-70.2594628"/>
  <node id="2306827218" lat="43.6587199" lon="-70.2598951"/>
  <node id="2306827239" lat="43.6593010" lon="-70.2601035"/>
  <node id="2306827240" lat="43.6607017" lon="-70.2595535"/>
  <node id="2306827241" lat="43.6588748" lon="-70.2595736"/>
  <node id="2306827251" lat="43.6584626" lon="-70.2598795"/>
  <node id="2306827255" lat="43.6583564" lon="-70.2600903"/>
  <node id="2306827259" lat="43.6613508" lon="-70.2584432"/>
  <node id="2306827267" lat="43.6611360" lon="-70.2588892"/>
  <node id="2306827274" lat="43.6616679" lon="-70.2587271"/>
  <node id="2306827290" lat="43.6615709" lon="-70.2586734"/>
  <node id="2306827311" lat="43.6577394" lon="-70.2589506"/>
  <node id="2306827358" lat="43.6611885" lon="-70.2589172"/>
  <node id="2306827364" lat="43.6586630" lon="-70.2601493"/>
  <node id="2306827365" lat="43.6589085" lon="-70.2601229"/>
  <node id="2306827366" lat="43.6611471" lon="-70.2588834"/>
  <node id="2306827377" lat="43.6587845" lon="-70.2604099"/>
  <node id="2306827380" lat="43.6583739" lon="-70.2606562"/>
  <node id="2306827390" lat="43.6616175" lon="-70.2587030"/>
  <node id="2306827391" lat="43.6583177" lon="-70.2597073"/>
  <node id="2306827394" lat="43.6591393" lon="-70.2597238"/>
  <node id="2306827405" lat="43.6615845" lon="-70.2586547"/>
  <node id="2306827421" lat="43.6592743" lon="-70.2601433"/>
  <node id="2306827447" lat="43.6617631" lon="-70.2585919"/>
  <node id="2306827452" lat="43.6614294" lon="-70.2586779"/>
  <node id="2306827457" lat="43.6614816" lon="-70.2585359"/>
  <node id="2306827484" lat="43.6595359" lon="-70.2590957"/>
  <node id="2306827485" lat="43.6575138" lon="-70.2592540"/>
  <node id="2306827491" lat="43.6577184" lon="-70.2595551"/>
  <node id="2306827495" lat="43.6595470" lon="-70.2607267"/>
  <node id="2306827502" lat="43.6612675" lon="-70.2588708"/>
  <node id="2306827503" lat="43.6581506" lon="-70.2599332"/>
  <node id="2306827511" lat="43.6578342" lon="-70.2595922"/>
  <node id="2306827519" lat="43.6588120" lon="-70.2613047"/>
  <node id="2306827520" lat="43.6578613" lon="-70.2595566"/>
  <node id="2306827539" lat="43.6595225" lon="-70.2599155"/>
  <node id="2306827558" lat="43.6577651" lon="-70.2594942"/>
  <node id="2306827575" lat="43.6582438" lon="-70.2606643"/>
  <node id="2306827577" lat="43.6583253" lon="-70.2606884"/>
  <node id="2306827579" lat="43.6613904" lon="-70.2583677"/>
  <node id="2306827581" lat="43.6584747" lon="-70.2608799"/>
  <node id="2306827582" lat="43.6582865" lon="-70.2606938"/>
  <node id="2306827584" lat="43.6588217" lon="-70.2603535"/>
  <node id="2306827585" lat="43.6578261" lon="-70.2600458"/>
  <node id="2306827590" lat="43.6619218" lon="-70.2574807"/>
  <node id="2306827607" lat="43.6597181" lon="-70.2587926"/>
  <node id="2306827610" lat="43.6578577" lon="-70.2602029"/>
  <node id="2306827615" lat="43.6578208" lon="-70.2600903"/>
  <node id="2306827619" lat="43.6615166" lon="-70.2583375"/>
  <node id="2306827623" lat="43.6578286" lon="-70.2601520"/>
  <node id="2306827630" lat="43.6614549" lon="-70.2582640"/>
  <node id="2306827641" lat="43.6585946" lon="-70.2602389"/>
  <node id="2306827650" lat="43.6593480" lon="-70.2601650"/>
  <node id="2306827653" lat="43.6615582" lon="-70.2582684"/>
  <node id="2306827664" lat="43.6583307" lon="-70.2600645"/>
  <node id="2306827668" lat="43.6591611" lon="-70.2597571"/>
  <node id="2306827671" lat="43.6614975" lon="-70.2585151"/>
  <node id="2306827707" lat="43.6616349" lon="-70.2586788"/>
  <node id="2306827723" lat="43.6582172" lon="-70.2592122"/>
  <node id="2306827730" lat="43.6579547" lon="-70.2598623"/>
  <node id="2306827738" lat="43.6582613" lon="-70.2602539"/>
  <node id="2306827745" lat="43.6623578" lon="-70.2568030"/>
  <node id="2306827753" lat="43.6591590" lon="-70.2607783"/>
  <node id="2306827789" lat="43.6612323" lon="-70.2589693"/>
  <node id="2306827792" lat="43.6610892" lon="-70.2588360"/>
  <node id="2306827801" lat="43.6576513" lon="-70.2594581"/>
  <node id="2306827806" lat="43.6593880" lon="-70.2608201"/>
  <node id="2306827833" lat="43.6614733" lon="-70.2585995"/>
  <node id="2306827834" lat="43.6612785" lon="-70.2588844"/>
  <node id="2306827858" lat="43.6617036" lon="-70.2584746"/>
  <node id="2306827866" lat="43.6587531" lon="-70.2604576"/>
  <node id="2306827869" lat="43.6617277" lon="-70.2585437"/>
  <node id="2306827872" lat="43.6587970" lon="-70.2613802"/>
  <node id="2306827887" lat="43.6573063" lon="-70.2595009"/>
  <node id="2306827888" lat="43.6592493" lon="-70.2601709"/>
  <node id="2306827904" lat="43.6590913" lon="-70.2604112"/>
  <node id="2306827911" lat="43.6590064" lon="-70.2610702"/>
  <node id="2306827928" lat="43.6596588" lon="-70.2593026"/>
  <node id="2306827948" lat="43.6574595" lon="-70.2597034"/>
  <node id="2306827953" lat="43.6585795" lon="-70.2602941"/>
  <node id="2306827962" lat="43.6610330" lon="-70.2590211"/>
  <node id="2306827985" lat="43.6594415" lon="-70.2608873"/>
  <node id="2306827989" lat="43.6590454" lon="-70.2599147"/>
  <node id="2306828000" lat="43.6599989" lon="-70.2591694"/>
  <node id="2306828015" lat="43.6595965" lon="-70.2591781"/>
  <node id="2306828031" lat="43.6584244" lon="-70.2589618"/>
  <node id="2306828060" lat="43.6614100" lon="-70.2586503"/>
  <node id="2306828067" lat="43.6594935" lon="-70.2606595"/>
  <node id="2306828093" lat="43.6590739" lon="-70.2598799"/>
  <node id="2306828095" lat="43.6592510" lon="-70.2595526"/>
  <node id="2331554150" lat="43.6584418" lon="-70.2584299">
    <tag k="name" v="Downtown"/>
    <tag k="place" v="neighbourhood"/>
  </node>
  <node id="2331554242" lat="43.6558735" lon="-70.2549859">
    <tag k="name" v="Old Port"/>
    <tag k="place" v="neighbourhood"/>
    <tag k="wikidata" v="Q17109136"/>
    <tag k="wikipedia" v="en:Old Port of Portland, Maine"/>
  </node>
  <node id="2360438180" lat="43.6560441" lon="-70.2535118"/>
  <node id="2360438186" lat="43.6562171" lon="-70.2531491"/>
  <node id="2360438188" lat="43.6561167" lon="-70.2533669"/>
  <node id="2360438194" lat="43.6562870" lon="-70.2530042"/>
  <node id="2923875122" lat="43.6567124" lon="-70.2554663"/>
  <node id="2923875123" lat="43.6564766" lon="-70.2552891"/>
  <node id="2923875124" lat="43.6566794" lon="-70.2547983"/>
  <node id="2923875125" lat="43.6569171" lon="-70.2549947"/>
  <node id="2968225446" lat="43.6571735" lon="-70.2548520">
    <tag k="addr:city" v="Portland"/>
    <tag k="addr:housenumber" v="4"/>
    <tag k="addr:postcode" v="04101"/>
    <tag k="addr:state" v="ME"/>
    <tag k="addr:street" v="Canal Plaza"/>
    <tag k="amenity" v="bar"/>
    <tag k="check_date" v="2023-08-01"/>
    <tag k="internet_access" v="wlan"/>
    <tag k="internet_access:fee" v="customers"/>
    <tag k="name" v="Novare Res"/>
    <tag k="opening_hours" v="Mo-Th 15:00-23:00; Fr 15:00-01:00; Sa 12:00-01:00; Su 12:00-23:00"/>
    <tag k="outdoor_seating" v="yes"/>
    <tag k="smoking" v="no"/>
    <tag k="website" v="https://novareresbiercafe.com/"/>
  </node>
  <node id="3284137942" lat="43.6570333" lon="-70.2592868"/>
  <node id="3284137943" lat="43.6571428" lon="-70.2586477"/>
  <node id="3284137945" lat="43.6571911" lon="-70.2582439"/>
  <node id="3284137946" lat="43.6571533" lon="-70.2576552"/>
  <node id="3284137947" lat="43.6571435" lon="-70.2574124"/>
  <node id="3284137948" lat="43.6571144" lon="-70.2573950"/>
  <node id="3284137949" lat="43.6570756" lon="-70.2573483"/>
  <node id="3284137950" lat="43.6571280" lon="-70.2570852"/>
  <node id="3284137951" lat="43.6571523" lon="-70.2564267"/>
  <node id="3284137952" lat="43.6574754" lon="-70.2567017"/>
  <node id="3284137953" lat="43.6574298" lon="-70.2567835"/>
  <node id="3284137954" lat="43.6574414" lon="-70.2569028"/>
  <node id="3284137955" lat="43.6573589" lon="-70.2570705"/>
  <node id="3284137956" lat="43.6573764" lon="-70.2570879"/>
  <node id="3284137957" lat="43.6573104" lon="-70.2572220"/>
  <node id="3284137958" lat="43.6573395" lon="-70.2575519"/>
  <node id="3284137959" lat="43.6574482" lon="-70.2576659"/>
  <node id="3284137960" lat="43.6574201" lon="-70.2577276"/>
  <node id="3284138861" lat="43.6574307" lon="-70.2578671"/>
  <node id="3284138862" lat="43.6575408" lon="-70.2579893"/>
  <node id="3284139046" lat="43.6578722" lon="-70.2572502"/>
  <node id="3284139047" lat="43.6577665" lon="-70.2571254"/>
  <node id="3284139048" lat="43.6577800" lon="-70.2571013"/>
  <node id="3284139049" lat="43.6576743" lon="-70.2569793"/>
  <node id="3284139050" lat="43.6576888" lon="-70.2569538"/>
  <node id="3284139051" lat="43.6574911" lon="-70.2579342"/>
  <node id="3470329971" lat="43.6584168" lon="-70.2552414"/>
  <node id="3470329972" lat="43.6582706" lon="-70.2554080"/>
  <node id="3470329973" lat="43.6581171" lon="-70.2551489"/>
  <node id="3470329974" lat="43.6582695" lon="-70.2549724"/>
  <node id="3470329975" lat="43.6583632" lon="-70.2555546"/>
  <node id="3470329976" lat="43.6584961" lon="-70.2553781"/>
  <node id="3470329977" lat="43.6585527" lon="-70.2554678"/>
  <node id="3470329978" lat="43.6584189" lon="-70.2556428"/>
  <node id="3470329979" lat="43.6586145" lon="-70.2555731"/>
  <node id="3470329980" lat="43.6584796" lon="-70.2557439"/>
  <node id="3470329981" lat="43.6586825" lon="-70.2556898"/>
  <node id="3470329982" lat="43.6586835" lon="-70.2557112"/>
  <node id="3470329983" lat="43.6585847" lon="-70.2558891"/>
  <node id="3470329984" lat="43.6585744" lon="-70.2558962"/>
  <node id="3470329985" lat="43.6585599" lon="-70.2558920"/>
  <node id="3470329986" lat="43.6583972" lon="-70.2559055"/>
  <node id="3470329987" lat="43.6582433" lon="-70.2560805"/>
  <node id="3470329988" lat="43.6581456" lon="-70.2559188"/>
  <node id="3470329989" lat="43.6583010" lon="-70.2557372"/>
  <node id="3470329990" lat="43.6584420" lon="-70.2559808"/>
  <node id="3470329991" lat="43.6582707" lon="-70.2560493"/>
  <node id="3470329992" lat="43.6583148" lon="-70.2561222"/>
  <node id="3470330293" lat="43.6584869" lon="-70.2560495"/>
  <node id="3470330294" lat="43.6582706" lon="-70.2561713"/>
  <node id="3470330295" lat="43.6583475" lon="-70.2562843"/>
  <node id="3471401399" lat="43.6568938" lon="-70.2551401"/>
  <node id="3471401400" lat="43.6573930" lon="-70.2555374"/>
  <node id="3471401401" lat="43.6569054" lon="-70.2559382"/>
  <node id="3471401402" lat="43.6566862" lon="-70.2557665"/>
  <node id="3471401403" lat="43.6568210" lon="-70.2554353"/>
  <node id="3471401404" lat="43.6570393" lon="-70.2556029"/>
  <node id="3471401405" lat="43.6573741" lon="-70.2551858"/>
  <node id="3471401406" lat="43.6572670" lon="-70.2554334"/>
  <node id="3471401407" lat="43.6569335" lon="-70.2551713"/>
  <node id="3471401408" lat="43.6570374" lon="-70.2549149"/>
  <node id="3471401409" lat="43.6566059" lon="-70.2558585"/>
  <node id="3471401411" lat="43.6567852" lon="-70.2554085"/>
  <node id="3471401412" lat="43.6569685" lon="-70.2549592"/>
  <node id="3471401413" lat="43.6570015" lon="-70.2549324"/>
  <node id="3471401415" lat="43.6571694" lon="-70.2545165"/>
  <node id="3471401416" lat="43.6572798" lon="-70.2542001"/>
  <node id="3471401417" lat="43.6571256" lon="-70.2544945"/>
  <node id="3471401418" lat="43.6569684" lon="-70.2548742"/>
  <node id="3471401419" lat="43.6561579" lon="-70.2545285"/>
  <node id="3471401420" lat="43.6560331" lon="-70.2544283"/>
  <node id="3471401421" lat="43.6558022" lon="-70.2549969"/>
  <node id="3471401422" lat="43.6558032" lon="-70.2550278"/>
  <node id="3471401423" lat="43.6559623" lon="-70.2551766"/>
  <node id="3471401424" lat="43.6561951" lon="-70.2546174"/>
  <node id="3471401425" lat="43.6561398" lon="-70.2545705"/>
  <node id="3471401426" lat="43.6558206" lon="-70.2550667"/>
  <node id="3471401427" lat="43.6558109" lon="-70.2550532"/>
  <node id="3471401429" lat="43.6564365" lon="-70.2537926"/>
  <node id="3471401430" lat="43.6563457" lon="-70.2537010"/>
  <node id="3471401431" lat="43.6564746" lon="-70.2534571"/>
  <node id="3471401432" lat="43.6564906" lon="-70.2534563"/>
  <node id="3471401433" lat="43.6565712" lon="-70.2535377"/>
  <node id="3471401434" lat="43.6566976" lon="-70.2533186"/>
  <node id="3471401435" lat="43.6566566" lon="-70.2533907"/>
  <node id="3471401436" lat="43.6565678" lon="-70.2533048"/>
  <node id="3471401437" lat="43.6565877" lon="-70.2532050"/>
  <node id="3471401438" lat="43.6567032" lon="-70.2534444"/>
  <node id="3471401439" lat="43.6567786" lon="-70.2533109"/>
  <node id="3471401440" lat="43.6567331" lon="-70.2532587"/>
  <node id="3471401441" lat="43.6566230" lon="-70.2535900"/>
  <node id="3471401442" lat="43.6564883" lon="-70.2538449"/>
  <node id="3471401443" lat="43.6566666" lon="-70.2536341"/>
  <node id="3471401444" lat="43.6565319" lon="-70.2538890"/>
  <node id="3471401446" lat="43.6568773" lon="-70.2538528"/>
  <node id="3471401447" lat="43.6566559" lon="-70.2539968"/>
  <node id="3471401448" lat="43.6569698" lon="-70.2539640"/>
  <node id="3471401449" lat="43.6567774" lon="-70.2540765"/>
  <node id="3471401450" lat="43.6568621" lon="-70.2541652"/>
  <node id="3471401451" lat="43.6570474" lon="-70.2540499"/>
  <node id="3471401452" lat="43.6569368" lon="-70.2542443"/>
  <node id="3471401453" lat="43.6571337" lon="-70.2541343"/>
  <node id="3471401454" lat="43.6570027" lon="-70.2543570"/>
  <node id="3471401455" lat="43.6569261" lon="-70.2542725"/>
  <node id="3471401456" lat="43.6572230" lon="-70.2542363"/>
  <node id="3471401457" lat="43.6571104" lon="-70.2544576"/>
  <node id="3471401458" lat="43.6570083" lon="-70.2543475"/>
  <node id="3471401459" lat="43.6573274" lon="-70.2528729"/>
  <node id="3471401460" lat="43.6573433" lon="-70.2528745"/>
  <node id="3471401461" lat="43.6573490" lon="-70.2528886"/>
  <node id="3471401462" lat="43.6573513" lon="-70.2529043"/>
  <node id="3471401463" lat="43.6573411" lon="-70.2529153"/>
  <node id="3471401464" lat="43.6573286" lon="-70.2529168"/>
  <node id="3471401465" lat="43.6572945" lon="-70.2529655"/>
  <node id="3471401466" lat="43.6573104" lon="-70.2529921"/>
  <node id="3471401467" lat="43.6572446" lon="-70.2530894"/>
  <node id="3471401468" lat="43.6572242" lon="-70.2530627"/>
  <node id="3471401469" lat="43.6571947" lon="-70.2531082"/>
  <node id="3471401470" lat="43.6571935" lon="-70.2531349"/>
  <node id="3471401471" lat="43.6571833" lon="-70.2531458"/>
  <node id="3471401472" lat="43.6571697" lon="-70.2531458"/>
  <node id="3471401473" lat="43.6571618" lon="-70.2531317"/>
  <node id="3471401474" lat="43.6571629" lon="-70.2531192"/>
  <node id="3471401475" lat="43.6570744" lon="-70.2530015"/>
  <node id="3471401476" lat="43.6570687" lon="-70.2530109"/>
  <node id="3471401477" lat="43.6567691" lon="-70.2526141"/>
  <node id="3471401478" lat="43.6569541" lon="-70.2523490"/>
  <node id="3471401479" lat="43.6572525" lon="-70.2527490"/>
  <node id="3471401480" lat="43.6572446" lon="-70.2527600"/>
  <node id="3471401481" lat="43.6577541" lon="-70.2533905"/>
  <node id="3471401482" lat="43.6575578" lon="-70.2536635"/>
  <node id="3471401483" lat="43.6573978" lon="-70.2534501"/>
  <node id="3471401484" lat="43.6575941" lon="-70.2531568"/>
  <node id="3471401485" lat="43.6575204" lon="-70.2522973"/>
  <node id="3471401486" lat="43.6573229" lon="-70.2526172"/>
  <node id="3471401487" lat="43.6570925" lon="-70.2522831"/>
  <node id="3471401488" lat="43.6571969" lon="-70.2521294"/>
  <node id="3471401491" lat="43.6578824" lon="-70.2528729"/>
  <node id="3471401492" lat="43.6578075" lon="-70.2529733"/>
  <node id="3471401693" lat="43.6577802" lon="-70.2529388"/>
  <node id="3471401694" lat="43.6576419" lon="-70.2531557"/>
  <node id="3471401695" lat="43.6575805" lon="-70.2529890"/>
  <node id="3471401696" lat="43.6577745" lon="-70.2527035"/>
  <node id="3471401697" lat="43.6576656" lon="-70.2531082"/>
  <node id="3481857430" lat="43.6587294" lon="-70.2524014"/>
  <node id="3481857431" lat="43.6589091" lon="-70.2520884"/>
  <node id="3481857432" lat="43.6588157" lon="-70.2519527"/>
  <node id="3481857433" lat="43.6588337" lon="-70.2519460"/>
  <node id="3481857434" lat="43.6588480" lon="-70.2519361"/>
  <node id="3481857435" lat="43.6588636" lon="-70.2519212"/>
  <node id="3481857436" lat="43.6588756" lon="-70.2518997"/>
  <node id="3481857437" lat="43.6588816" lon="-70.2518732"/>
  <node id="3481857438" lat="43.6588864" lon="-70.2518450"/>
  <node id="3481857439" lat="43.6589738" lon="-70.2519676"/>
  <node id="3481857440" lat="43.6591343" lon="-70.2517043"/>
  <node id="3481857441" lat="43.6591343" lon="-70.2516364"/>
  <node id="3481857447" lat="43.6582587" lon="-70.2516613"/>
  <node id="3481857448" lat="43.6582874" lon="-70.2517010"/>
  <node id="3481857449" lat="43.6582671" lon="-70.2517291"/>
  <node id="3481857450" lat="43.6591396" lon="-70.2525637"/>
  <node id="3481857451" lat="43.6590271" lon="-70.2524377"/>
  <node id="3481857452" lat="43.6590572" lon="-70.2523854"/>
  <node id="3481857453" lat="43.6591707" lon="-70.2525141"/>
  <node id="3481857454" lat="43.6589485" lon="-70.2525745"/>
  <node id="3481857455" lat="43.6590339" lon="-70.2526844"/>
  <node id="3481857456" lat="43.6591189" lon="-70.2525406"/>
  <node id="3481857457" lat="43.6591281" lon="-70.2524659"/>
  <node id="3481857458" lat="43.6592522" lon="-70.2520407"/>
  <node id="3481857459" lat="43.6596073" lon="-70.2524269"/>
  <node id="3481857460" lat="43.6595821" lon="-70.2524739"/>
  <node id="3481857461" lat="43.6596917" lon="-70.2525892"/>
  <node id="3481857462" lat="43.6595879" lon="-70.2527676"/>
  <node id="3481857463" lat="43.6591949" lon="-70.2523451"/>
  <node id="3481857464" lat="43.6591784" lon="-70.2534811"/>
  <node id="3481857465" lat="43.6590436" lon="-70.2533469"/>
  <node id="3481857466" lat="43.6590688" lon="-70.2532973"/>
  <node id="3481857467" lat="43.6589747" lon="-70.2532008"/>
  <node id="3481857468" lat="43.6592823" lon="-70.2526590"/>
  <node id="3481857469" lat="43.6593162" lon="-70.2526992"/>
  <node id="3481857470" lat="43.6593935" lon="-70.2525586"/>
  <node id="3481875016" lat="43.6600650" lon="-70.2544384"/>
  <node id="3481875017" lat="43.6600673" lon="-70.2544034"/>
  <node id="3481875018" lat="43.6600618" lon="-70.2543691"/>
  <node id="3481875019" lat="43.6600287" lon="-70.2543141"/>
  <node id="3481875020" lat="43.6600037" lon="-70.2542998"/>
  <node id="3481875021" lat="43.6599767" lon="-70.2542974"/>
  <node id="3481875022" lat="43.6599507" lon="-70.2543072"/>
  <node id="3481875023" lat="43.6599120" lon="-70.2543576"/>
  <node id="3481875024" lat="43.6599035" lon="-70.2543928"/>
  <node id="3481875025" lat="43.6599036" lon="-70.2544299"/>
  <node id="3481875026" lat="43.6599123" lon="-70.2544650"/>
  <node id="3481875027" lat="43.6599487" lon="-70.2545133"/>
  <node id="3481875028" lat="43.6599718" lon="-70.2545234"/>
  <node id="3481875029" lat="43.6599960" lon="-70.2545239"/>
  <node id="3481875030" lat="43.6600193" lon="-70.2545146"/>
  <node id="3481875031" lat="43.6597183" lon="-70.2551945"/>
  <node id="3481875032" lat="43.6598231" lon="-70.2547654"/>
  <node id="3481875033" lat="43.6601003" lon="-70.2541228"/>
  <node id="3481875034" lat="43.6600552" lon="-70.2544708"/>
  <node id="3481875035" lat="43.6600396" lon="-70.2544964"/>
  <node id="3481875036" lat="43.6601103" lon="-70.2544891"/>
  <node id="3481875037" lat="43.6601917" lon="-70.2544757"/>
  <node id="3481875038" lat="43.6594039" lon="-70.2548619"/>
  <node id="3481875039" lat="43.6599239" lon="-70.2535933"/>
  <node id="3490011343" lat="43.6578044" lon="-70.2553682"/>
  <node id="3490011344" lat="43.6576547" lon="-70.2550967"/>
  <node id="3490011346" lat="43.6577184" lon="-70.2546615"/>
  <node id="3490011347" lat="43.6578153" lon="-70.2547755"/>
  <node id="3528725582" lat="43.6572952" lon="-70.2537235"/>
  <node id="3528725583" lat="43.6571741" lon="-70.2535961"/>
  <node id="3528725584" lat="43.6572443" lon="-70.2534660"/>
  <node id="3528725585" lat="43.6573565" lon="-70.2536183"/>
  <node id="3528725586" lat="43.6572733" lon="-70.2537431"/>
  <node id="3528725587" lat="43.6571612" lon="-70.2539427"/>
  <node id="3528725588" lat="43.6570464" lon="-70.2538277"/>
  <node id="3528725589" lat="43.6571586" lon="-70.2536157"/>
  <node id="3528725590" lat="43.6573649" lon="-70.2538429"/>
  <node id="3528725591" lat="43.6572559" lon="-70.2540407"/>
  <node id="3528725592" lat="43.6576872" lon="-70.2544452"/>
  <node id="3528728393" lat="43.6576549" lon="-70.2544505"/>
  <node id="3528728394" lat="43.6575208" lon="-70.2543088"/>
  <node id="3528728395" lat="43.6576691" lon="-70.2540398"/>
  <node id="3528728396" lat="43.6577961" lon="-70.2541975"/>
  <node id="3528728397" lat="43.6578000" lon="-70.2542393"/>
  <node id="3528728398" lat="43.6574319" lon="-70.2542180"/>
  <node id="3528728399" lat="43.6575892" lon="-70.2539364"/>
  <node id="3528728400" lat="43.6579624" lon="-70.2539605"/>
  <node id="3528728401" lat="43.6578902" lon="-70.2540914"/>
  <node id="3528728402" lat="43.6576598" lon="-70.2535217"/>
  <node id="3528728403" lat="43.6580436" lon="-70.2538099"/>
  <node id="3528728404" lat="43.6577793" lon="-70.2534348"/>
  <node id="3528728405" lat="43.6576855" lon="-70.2535591"/>
  <node id="3528728406" lat="43.6573915" lon="-70.2541792"/>
  <node id="3528728407" lat="43.6575496" lon="-70.2538802"/>
  <node id="3528728408" lat="43.6574341" lon="-70.2537259"/>
  <node id="3528728409" lat="43.6582516" lon="-70.2534322"/>
  <node id="3528728410" lat="43.6580954" lon="-70.2537152"/>
  <node id="3528728411" lat="43.6578169" lon="-70.2533209"/>
  <node id="3528728412" lat="43.6580013" lon="-70.2530701"/>
  <node id="3548009393" lat="43.6564295" lon="-70.2576545"/>
  <node id="3548009394" lat="43.6562277" lon="-70.2586806"/>
  <node id="3548009395" lat="43.6559221" lon="-70.2583226"/>
  <node id="3548009396" lat="43.6560074" lon="-70.2581777"/>
  <node id="3548009397" lat="43.6561258" lon="-70.2583078"/>
  <node id="3548009398" lat="43.6561530" lon="-70.2582609"/>
  <node id="3548009399" lat="43.6570068" lon="-70.2572872"/>
  <node id="3548009400" lat="43.6568254" lon="-70.2571263"/>
  <node id="3548009401" lat="43.6568399" lon="-70.2570888"/>
  <node id="3548009402" lat="43.6570291" lon="-70.2572255"/>
  <node id="3548009403" lat="43.6570350" lon="-70.2572349"/>
  <node id="3548009404" lat="43.6570330" lon="-70.2572457"/>
  <node id="3548009405" lat="43.6567972" lon="-70.2576520"/>
  <node id="3548009406" lat="43.6566245" lon="-70.2574683"/>
  <node id="3548009407" lat="43.6568089" lon="-70.2571156"/>
  <node id="3548009408" lat="43.6567070" lon="-70.2578277"/>
  <node id="3548009410" lat="43.6565042" lon="-70.2577244"/>
  <node id="3548009411" lat="43.6565461" lon="-70.2576557"/>
  <node id="3548009412" lat="43.6565857" lon="-70.2575340"/>
  <node id="3548009413" lat="43.6564819" lon="-70.2574281"/>
  <node id="3548009414" lat="43.6564247" lon="-70.2575260"/>
  <node id="3548009415" lat="43.6569923" lon="-70.2576171"/>
  <node id="3548009416" lat="43.6571585" lon="-70.2577366"/>
  <node id="3548009418" lat="43.6569467" lon="-70.2576976"/>
  <node id="3548009419" lat="43.6570612" lon="-70.2583025"/>
  <node id="3548009420" lat="43.6568244" lon="-70.2580517"/>
  <node id="3548009421" lat="43.6567992" lon="-70.2580946"/>
  <node id="3548009422" lat="43.6567623" lon="-70.2580557"/>
  <node id="3548009423" lat="43.6564683" lon="-70.2585841"/>
  <node id="3548009424" lat="43.6567419" lon="-70.2588724"/>
  <node id="3548009425" lat="43.6571631" lon="-70.2578076"/>
  <node id="3548009426" lat="43.6570359" lon="-70.2578237"/>
  <node id="3548009427" lat="43.6570305" lon="-70.2577494"/>
  <node id="3548009428" lat="43.6571678" lon="-70.2578814"/>
  <node id="3548009429" lat="43.6570418" lon="-70.2578948"/>
  <node id="3548009430" lat="43.6570864" lon="-70.2582622"/>
  <node id="3548009432" lat="43.6568830" lon="-70.2581138"/>
  <node id="3548009438" lat="43.6574706" lon="-70.2584057"/>
  <node id="3548009439" lat="43.6574890" lon="-70.2583695"/>
  <node id="3548009440" lat="43.6574638" lon="-70.2583413"/>
  <node id="3548009441" lat="43.6576103" lon="-70.2580678"/>
  <node id="3548009442" lat="43.6576356" lon="-70.2580946"/>
  <node id="3548009443" lat="43.6576569" lon="-70.2580570"/>
  <node id="3548009444" lat="43.6578510" lon="-70.2582649"/>
  <node id="3548009445" lat="43.6578325" lon="-70.2583025"/>
  <node id="3548009446" lat="43.6578568" lon="-70.2583279"/>
  <node id="3548009447" lat="43.6577122" lon="-70.2586002"/>
  <node id="3548009448" lat="43.6576821" lon="-70.2585680"/>
  <node id="3548009449" lat="43.6576588" lon="-70.2586069"/>
  <node id="3548009453" lat="43.6580004" lon="-70.2589542"/>
  <node id="3548009454" lat="43.6580460" lon="-70.2584157"/>
  <node id="3548009455" lat="43.6578587" lon="-70.2587745"/>
  <node id="3548009456" lat="43.6581750" lon="-70.2585967"/>
  <node id="3548009457" lat="43.6582934" lon="-70.2587617"/>
  <node id="3548009458" lat="43.6582371" lon="-70.2581702"/>
  <node id="3548009459" lat="43.6584739" lon="-70.2585229"/>
  <node id="3548009460" lat="43.6587920" lon="-70.2582019"/>
  <node id="3548009461" lat="43.6587600" lon="-70.2582475"/>
  <node id="3548009462" lat="43.6587444" lon="-70.2582287"/>
  <node id="3548009463" lat="43.6587114" lon="-70.2582757"/>
  <node id="3548009464" lat="43.6587017" lon="-70.2582663"/>
  <node id="3548009465" lat="43.6585737" lon="-70.2584393"/>
  <node id="3548009466" lat="43.6584029" lon="-70.2581979"/>
  <node id="3548009467" lat="43.6584233" lon="-70.2581697"/>
  <node id="3548009468" lat="43.6584000" lon="-70.2581348"/>
  <node id="3548009469" lat="43.6584863" lon="-70.2580115"/>
  <node id="3548009470" lat="43.6585135" lon="-70.2580463"/>
  <node id="3548009471" lat="43.6585358" lon="-70.2580195"/>
  <node id="3548009472" lat="43.6585785" lon="-70.2580799"/>
  <node id="3548009473" lat="43.6586484" lon="-70.2579927"/>
  <node id="3548009474" lat="43.6589367" lon="-70.2577177"/>
  <node id="3548009475" lat="43.6588008" lon="-70.2575300"/>
  <node id="3548009476" lat="43.6585641" lon="-70.2578411"/>
  <node id="3548009477" lat="43.6588794" lon="-70.2582716"/>
  <node id="3548009478" lat="43.6591113" lon="-70.2579605"/>
  <node id="3548009479" lat="43.6587057" lon="-70.2580423"/>
  <node id="3548009608" lat="43.6580177" lon="-70.2591281"/>
  <node id="3548009609" lat="43.6583016" lon="-70.2589368"/>
  <node id="3548009610" lat="43.6584994" lon="-70.2585512"/>
  <node id="3548009612" lat="43.6586314" lon="-70.2585387"/>
  <node id="3548009614" lat="43.6588763" lon="-70.2583397"/>
  <node id="3548009615" lat="43.6591880" lon="-70.2579261"/>
  <node id="3550865305" lat="43.6568145" lon="-70.2601441"/>
  <node id="3550865306" lat="43.6570687" lon="-70.2604579"/>
  <node id="3550865307" lat="43.6570202" lon="-70.2605276"/>
  <node id="3550865308" lat="43.6569407" lon="-70.2604257"/>
  <node id="3550865309" lat="43.6568999" lon="-70.2604847"/>
  <node id="3550865310" lat="43.6568844" lon="-70.2604659"/>
  <node id="3550865311" lat="43.6568527" lon="-70.2605147"/>
  <node id="3550865312" lat="43.6568281" lon="-70.2604820"/>
  <node id="3550865313" lat="43.6570250" lon="-70.2601869"/>
  <node id="3550865314" lat="43.6569479" lon="-70.2600803"/>
  <node id="3550865315" lat="43.6568614" lon="-70.2602019"/>
  <node id="3550865316" lat="43.6569427" lon="-70.2603023"/>
  <node id="3550865317" lat="43.6569818" lon="-70.2602467"/>
  <node id="3550865318" lat="43.6570531" lon="-70.2603436"/>
  <node id="3550865319" lat="43.6570811" lon="-70.2603032"/>
  <node id="3550865320" lat="43.6570087" lon="-70.2602095"/>
  <node id="3550865321" lat="43.6574258" lon="-70.2605826"/>
  <node id="3550865322" lat="43.6573662" lon="-70.2606746"/>
  <node id="3550865323" lat="43.6573358" lon="-70.2606407"/>
  <node id="3550865324" lat="43.6573230" lon="-70.2606601"/>
  <node id="3550865325" lat="43.6571068" lon="-70.2603775"/>
  <node id="3550865326" lat="43.6570940" lon="-70.2603968"/>
  <node id="3550865327" lat="43.6571407" lon="-70.2602192"/>
  <node id="3550865328" lat="43.6573037" lon="-70.2607586"/>
  <node id="3550865329" lat="43.6573820" lon="-70.2599027"/>
  <node id="3550865330" lat="43.6571880" lon="-70.2596443"/>
  <node id="3550865331" lat="43.6570175" lon="-70.2598769"/>
  <node id="3550865332" lat="43.6572196" lon="-70.2601417"/>
  <node id="3550865333" lat="43.6569520" lon="-70.2599657"/>
  <node id="3550865334" lat="43.6570432" lon="-70.2600852"/>
  <node id="3550865335" lat="43.6570946" lon="-70.2600174"/>
  <node id="3550865336" lat="43.6571191" lon="-70.2600496"/>
  <node id="3550865337" lat="43.6570724" lon="-70.2601126"/>
  <node id="3550865338" lat="43.6571600" lon="-70.2602305"/>
  <node id="3550865341" lat="43.6567066" lon="-70.2592366"/>
  <node id="3550865342" lat="43.6568283" lon="-70.2590389"/>
  <node id="3550865343" lat="43.6568646" lon="-70.2596144"/>
  <node id="3550865344" lat="43.6567942" lon="-70.2597236"/>
  <node id="3550865345" lat="43.6566127" lon="-70.2595141"/>
  <node id="3550865346" lat="43.6566831" lon="-70.2593931"/>
  <node id="3550865347" lat="43.6567045" lon="-70.2598565"/>
  <node id="3550865348" lat="43.6565806" lon="-70.2597148"/>
  <node id="3550865349" lat="43.6565401" lon="-70.2597797"/>
  <node id="3550865350" lat="43.6563714" lon="-70.2595908"/>
  <node id="3550865351" lat="43.6564674" lon="-70.2594124"/>
  <node id="3550865352" lat="43.6566532" lon="-70.2599243"/>
  <node id="3550865353" lat="43.6565337" lon="-70.2601073"/>
  <node id="3550865354" lat="43.6563991" lon="-70.2599509"/>
  <node id="3550865355" lat="43.6562561" lon="-70.2597797"/>
  <node id="3550865356" lat="43.6563118" lon="-70.2596884"/>
  <node id="3550865357" lat="43.6562390" lon="-70.2596026"/>
  <node id="3550865362" lat="43.6563109" lon="-70.2598453"/>
  <node id="3550865367" lat="43.6561781" lon="-70.2590789"/>
  <node id="3550865368" lat="43.6562584" lon="-70.2594561"/>
  <node id="3550865369" lat="43.6558294" lon="-70.2582156"/>
  <node id="3550865370" lat="43.6566037" lon="-70.2569308"/>
  <node id="3550865371" lat="43.6568211" lon="-70.2570864"/>
  <node id="3556462736" lat="43.6558808" lon="-70.2574492"/>
  <node id="3556462738" lat="43.6553956" lon="-70.2560544"/>
  <node id="3556462739" lat="43.6558459" lon="-70.2563495"/>
  <node id="3556462740" lat="43.6558187" lon="-70.2564246"/>
  <node id="3556462741" lat="43.6563087" lon="-70.2566870"/>
  <node id="3556462802" lat="43.6560971" lon="-70.2556446"/>
  <node id="3556462803" lat="43.6559709" lon="-70.2559504"/>
  <node id="3556462804" lat="43.6558603" lon="-70.2558645"/>
  <node id="3556462805" lat="43.6558099" lon="-70.2558806"/>
  <node id="3556462806" lat="43.6557420" lon="-70.2560335"/>
  <node id="3556462807" lat="43.6556740" lon="-70.2559799"/>
  <node id="3556462808" lat="43.6556546" lon="-70.2560255"/>
  <node id="3556462809" lat="43.6554664" lon="-70.2558779"/>
  <node id="3556462810" lat="43.6556740" lon="-70.2553764"/>
  <node id="3556462811" lat="43.6556876" lon="-70.2553603"/>
  <node id="3556462812" lat="43.6557070" lon="-70.2553522"/>
  <node id="3556462813" lat="43.6557284" lon="-70.2553522"/>
  <node id="3556462814" lat="43.6557478" lon="-70.2553656"/>
  <node id="3556462815" lat="43.6559577" lon="-70.2564243"/>
  <node id="3556462816" lat="43.6561922" lon="-70.2560764"/>
  <node id="3556462817" lat="43.6563047" lon="-70.2558055"/>
  <node id="3556462818" lat="43.6566191" lon="-70.2560496"/>
  <node id="3556462819" lat="43.6566441" lon="-70.2560760"/>
  <node id="3556462820" lat="43.6566549" lon="-70.2560943"/>
  <node id="3556462821" lat="43.6566676" lon="-70.2561354"/>
  <node id="3556462822" lat="43.6566734" lon="-70.2561730"/>
  <node id="3556462823" lat="43.6566695" lon="-70.2562132"/>
  <node id="3556462824" lat="43.6566560" lon="-70.2562615"/>
  <node id="3556462825" lat="43.6566385" lon="-70.2562883"/>
  <node id="3556462826" lat="43.6564483" lon="-70.2565753"/>
  <node id="3556462827" lat="43.6562795" lon="-70.2563607"/>
  <node id="3556462828" lat="43.6563338" lon="-70.2562776"/>
  <node id="3556462829" lat="43.6563202" lon="-70.2561837"/>
  <node id="3556462830" lat="43.6570624" lon="-70.2591171"/>
  <node id="3556462831" lat="43.6568799" lon="-70.2589468"/>
  <node id="3556462832" lat="43.6569691" lon="-70.2590433"/>
  <node id="3556462833" lat="43.6571031" lon="-70.2588794"/>
  <node id="3556462834" lat="43.6569963" lon="-70.2588314"/>
  <node id="3556462835" lat="43.6569478" lon="-70.2587832"/>
  <node id="3556462836" lat="43.6571166" lon="-70.2588019"/>
  <node id="3556462837" lat="43.6570196" lon="-70.2587590"/>
  <node id="3556462838" lat="43.6569711" lon="-70.2587188"/>
  <node id="3556462839" lat="43.6570205" lon="-70.2586035"/>
  <node id="3556462840" lat="43.6569868" lon="-70.2587318"/>
  <node id="3556462841" lat="43.6569330" lon="-70.2594993"/>
  <node id="3556462843" lat="43.6581996" lon="-70.2578744"/>
  <node id="3556462844" lat="43.6579293" lon="-70.2575813"/>
  <node id="3556462845" lat="43.6578498" lon="-70.2575930"/>
  <node id="3556462846" lat="43.6576960" lon="-70.2578759"/>
  <node id="3556462847" lat="43.6577066" lon="-70.2579682"/>
  <node id="3556462848" lat="43.6577914" lon="-70.2580576"/>
  <node id="3556462849" lat="43.6577433" lon="-70.2581496"/>
  <node id="3556462850" lat="43.6579197" lon="-70.2581265"/>
  <node id="3556462851" lat="43.6580067" lon="-70.2582203"/>
  <node id="3566500886" lat="43.6582571" lon="-70.2544862"/>
  <node id="3566500887" lat="43.6581873" lon="-70.2545613"/>
  <node id="3566500888" lat="43.6580165" lon="-70.2542743"/>
  <node id="3566500889" lat="43.6580805" lon="-70.2541617"/>
  <node id="3566500890" lat="43.6581601" lon="-70.2540141"/>
  <node id="3566500891" lat="43.6583270" lon="-70.2543011"/>
  <node id="3566500892" lat="43.6582235" lon="-70.2544245"/>
  <node id="3566502593" lat="43.6584473" lon="-70.2540973"/>
  <node id="3566502594" lat="43.6582726" lon="-70.2538076"/>
  <node id="3566502595" lat="43.6585656" lon="-70.2538908"/>
  <node id="3566502596" lat="43.6583871" lon="-70.2535984"/>
  <node id="3566502597" lat="43.6582826" lon="-70.2543540"/>
  <node id="3566502598" lat="43.6584667" lon="-70.2546927"/>
  <node id="3566502599" lat="43.6583600" lon="-70.2548671"/>
  <node id="3566502600" lat="43.6587810" lon="-70.2554277"/>
  <node id="3566502601" lat="43.6587364" lon="-70.2554330"/>
  <node id="3566502602" lat="43.6585210" lon="-70.2550522"/>
  <node id="3566502603" lat="43.6588334" lon="-70.2544782"/>
  <node id="3566502604" lat="43.6588878" lon="-70.2544782"/>
  <node id="3566502605" lat="43.6591129" lon="-70.2548322"/>
  <node id="3566502606" lat="43.6597047" lon="-70.2537486"/>
  <node id="3566502607" lat="43.6593768" lon="-70.2533946"/>
  <node id="3566502608" lat="43.6591963" lon="-70.2537164"/>
  <node id="3566502609" lat="43.6592351" lon="-70.2537567"/>
  <node id="3566502610" lat="43.6591866" lon="-70.2538478"/>
  <node id="3566502611" lat="43.6591478" lon="-70.2538076"/>
  <node id="3566502612" lat="43.6589363" lon="-70.2541778"/>
  <node id="3566502613" lat="43.6592739" lon="-70.2545318"/>
  <node id="3566502614" lat="43.6594816" lon="-70.2541536"/>
  <node id="3566502615" lat="43.6593709" lon="-70.2540276"/>
  <node id="3566502616" lat="43.6594098" lon="-70.2539632"/>
  <node id="3566502617" lat="43.6595126" lon="-70.2540812"/>
  <node id="3566502618" lat="43.6586931" lon="-70.2537812"/>
  <node id="3566502619" lat="43.6584790" lon="-70.2534255"/>
  <node id="3566502620" lat="43.6586420" lon="-70.2531273"/>
  <node id="3566502621" lat="43.6588385" lon="-70.2535006"/>
  <node id="3566502622" lat="43.6589280" lon="-70.2533261"/>
  <node id="3566502623" lat="43.6587331" lon="-70.2529660"/>
  <node id="3566502624" lat="43.6590910" lon="-70.2528622"/>
  <node id="3566502625" lat="43.6589312" lon="-70.2531406"/>
  <node id="3566502626" lat="43.6587826" lon="-70.2528711"/>
  <node id="3566502627" lat="43.6589232" lon="-70.2526236"/>
  <node id="3566502628" lat="43.6588725" lon="-70.2525195"/>
  <node id="3566502629" lat="43.6591498" lon="-70.2528923"/>
  <node id="3566502630" lat="43.6591421" lon="-70.2524407"/>
  <node id="3566502631" lat="43.6590057" lon="-70.2522840"/>
  <node id="3566502650" lat="43.6603168" lon="-70.2564485"/>
  <node id="3566502651" lat="43.6601487" lon="-70.2566838"/>
  <node id="3566502652" lat="43.6600389" lon="-70.2565446"/>
  <node id="3566502653" lat="43.6600480" lon="-70.2565003"/>
  <node id="3566502654" lat="43.6600480" lon="-70.2564561"/>
  <node id="3566502655" lat="43.6600274" lon="-70.2564181"/>
  <node id="3566502656" lat="43.6597391" lon="-70.2559847"/>
  <node id="3566502657" lat="43.6597368" lon="-70.2565984"/>
  <node id="3566502658" lat="43.6599486" lon="-70.2562997"/>
  <node id="3566502659" lat="43.6598410" lon="-70.2564514"/>
  <node id="3566502660" lat="43.6596421" lon="-70.2561737"/>
  <node id="3566502661" lat="43.6595446" lon="-70.2563548"/>
  <node id="3566502662" lat="43.6601991" lon="-70.2567534"/>
  <node id="3566502663" lat="43.6602220" lon="-70.2567977"/>
  <node id="3566502664" lat="43.6602220" lon="-70.2568293"/>
  <node id="3566502665" lat="43.6602014" lon="-70.2568673"/>
  <node id="3566502666" lat="43.6601533" lon="-70.2569369"/>
  <node id="3566502667" lat="43.6601533" lon="-70.2569717"/>
  <node id="3566502668" lat="43.6601716" lon="-70.2569970"/>
  <node id="3566502670" lat="43.6603178" lon="-70.2571966"/>
  <node id="3566502671" lat="43.6601693" lon="-70.2574367"/>
  <node id="3566502672" lat="43.6600824" lon="-70.2573228"/>
  <node id="3566502673" lat="43.6602326" lon="-70.2570803"/>
  <node id="3569956296" lat="43.6582773" lon="-70.2563928"/>
  <node id="3569956297" lat="43.6579695" lon="-70.2569621"/>
  <node id="3569956298" lat="43.6575337" lon="-70.2561170"/>
  <node id="3569956299" lat="43.6578524" lon="-70.2558054"/>
  <node id="3569956300" lat="43.6580042" lon="-70.2558443"/>
  <node id="3569956301" lat="43.6571469" lon="-70.2565730"/>
  <node id="3569956302" lat="43.6569408" lon="-70.2564151"/>
  <node id="3569956303" lat="43.6570152" lon="-70.2563124"/>
  <node id="3569956304" lat="43.6571431" lon="-70.2566757"/>
  <node id="3569956305" lat="43.6568719" lon="-70.2565505"/>
  <node id="3569956306" lat="43.6568937" lon="-70.2564828"/>
  <node id="3569956307" lat="43.6571361" lon="-70.2568662"/>
  <node id="3569956308" lat="43.6568647" lon="-70.2567510"/>
  <node id="3569956309" lat="43.6568357" lon="-70.2568763"/>
  <node id="3569956310" lat="43.6567541" lon="-70.2568186"/>
  <node id="3569956311" lat="43.6567849" lon="-70.2567184"/>
  <node id="3569956312" lat="43.6567541" lon="-70.2566833"/>
  <node id="3569956313" lat="43.6568538" lon="-70.2565430"/>
  <node id="3569956314" lat="43.6571323" lon="-70.2569689"/>
  <node id="3569956315" lat="43.6569191" lon="-70.2568587"/>
  <node id="3569956316" lat="43.6569326" lon="-70.2567798"/>
  <node id="3569956317" lat="43.6569263" lon="-70.2569464"/>
  <node id="3569956318" lat="43.6569336" lon="-70.2569113"/>
  <node id="3569956319" lat="43.6569100" lon="-70.2569013"/>
  <node id="3569956320" lat="43.6577283" lon="-70.2559267"/>
  <node id="3569956321" lat="43.6576300" lon="-70.2557174"/>
  <node id="3569956322" lat="43.6575050" lon="-70.2555525"/>
  <node id="3569956323" lat="43.6573948" lon="-70.2558387"/>
  <node id="3569956324" lat="43.6578269" lon="-70.2557858"/>
  <node id="3569956325" lat="43.6577177" lon="-70.2555789"/>
  <node id="3569956326" lat="43.6575647" lon="-70.2553642"/>
  <node id="3569956327" lat="43.6577128" lon="-70.2558936"/>
  <node id="3569956328" lat="43.6576954" lon="-70.2555476"/>
  <node id="3569956329" lat="43.6577346" lon="-70.2555042"/>
  <node id="3569956330" lat="43.6575951" lon="-70.2552709"/>
  <node id="3569956331" lat="43.6578494" lon="-70.2554498"/>
  <node id="3569956332" lat="43.6577616" lon="-70.2555462"/>
  <node id="3641029039" lat="43.6574979" lon="-70.2552886"/>
  <node id="3719454389" lat="43.6556877" lon="-70.2586129"/>
  <node id="3719454390" lat="43.6558612" lon="-70.2588060"/>
  <node id="3719454391" lat="43.6558862" lon="-70.2587613"/>
  <node id="3719454392" lat="43.6559509" lon="-70.2588324"/>
  <node id="3719454393" lat="43.6560097" lon="-70.2587247"/>
  <node id="3719454394" lat="43.6560774" lon="-70.2588040"/>
  <node id="3719454395" lat="43.6560862" lon="-70.2588589"/>
  <node id="3719454396" lat="43.6560950" lon="-70.2588975"/>
  <node id="3719454397" lat="43.6559715" lon="-70.2591353"/>
  <node id="3719454398" lat="43.6559200" lon="-70.2591414"/>
  <node id="3719454399" lat="43.6559568" lon="-70.2591780"/>
  <node id="3720603561" lat="43.6554120" lon="-70.2555365"/>
  <node id="3720603562" lat="43.6555686" lon="-70.2551252"/>
  <node id="3720603563" lat="43.6555664" lon="-70.2551106"/>
  <node id="3720603574" lat="43.6553368" lon="-70.2551291"/>
  <node id="3720603575" lat="43.6553568" lon="-70.2552723"/>
  <node id="3720603576" lat="43.6552950" lon="-70.2554356"/>
  <node id="3720603577" lat="43.6553708" lon="-70.2556590"/>
  <node id="3720603578" lat="43.6553758" lon="-70.2556644"/>
  <node id="3720603579" lat="43.6553200" lon="-70.2558184"/>
  <node id="3720704956" lat="43.6578443" lon="-70.2553355"/>
  <node id="3720704957" lat="43.6579747" lon="-70.2551968"/>
  <node id="3720704958" lat="43.6579909" lon="-70.2552076"/>
  <node id="3720704959" lat="43.6580878" lon="-70.2553817"/>
  <node id="3720704960" lat="43.6579546" lon="-70.2555211"/>
  <node id="3720704961" lat="43.6581536" lon="-70.2554887"/>
  <node id="3720704962" lat="43.6580193" lon="-70.2556274"/>
  <node id="3720704963" lat="43.6581881" lon="-70.2555496"/>
  <node id="3720704964" lat="43.6580594" lon="-70.2556952"/>
  <node id="3720704965" lat="43.6590992" lon="-70.2564685"/>
  <node id="3720704966" lat="43.6590090" lon="-70.2566272"/>
  <node id="3720704967" lat="43.6586858" lon="-70.2560911"/>
  <node id="3720704968" lat="43.6587838" lon="-70.2559093"/>
  <node id="3720704969" lat="43.6588039" lon="-70.2559293"/>
  <node id="3720711013" lat="43.6594014" lon="-70.2574507"/>
  <node id="3720711014" lat="43.6596255" lon="-70.2571233"/>
  <node id="3720711015" lat="43.6599187" lon="-70.2575250"/>
  <node id="3720711016" lat="43.6599059" lon="-70.2575427"/>
  <node id="3720711017" lat="43.6599545" lon="-70.2576117"/>
  <node id="3720711018" lat="43.6599647" lon="-70.2575993"/>
  <node id="3720711019" lat="43.6599865" lon="-70.2576153"/>
  <node id="3720711020" lat="43.6600633" lon="-70.2577250"/>
  <node id="3720711021" lat="43.6598956" lon="-70.2579462"/>
  <node id="3720711022" lat="43.6598521" lon="-70.2578949"/>
  <node id="3720711023" lat="43.6597881" lon="-70.2579869"/>
  <node id="3722250088" lat="43.6575673" lon="-70.2547845"/>
  <node id="3722250089" lat="43.6576102" lon="-70.2546544"/>
  <node id="3722250090" lat="43.6575058" lon="-70.2545420"/>
  <node id="3722250091" lat="43.6574399" lon="-70.2546606"/>
  <node id="3722250092" lat="43.6574713" lon="-70.2546880"/>
  <node id="3722250093" lat="43.6574642" lon="-70.2547013"/>
  <node id="3722250094" lat="43.6575020" lon="-70.2549774"/>
  <node id="3722250095" lat="43.6574212" lon="-70.2552224"/>
  <node id="3722250097" lat="43.6571371" lon="-70.2546810"/>
  <node id="3722250098" lat="43.6573311" lon="-70.2548588"/>
  <node id="3722250099" lat="43.6573375" lon="-70.2548500"/>
  <node id="3722250100" lat="43.6573745" lon="-70.2548786"/>
  <node id="3722250101" lat="43.6573701" lon="-70.2548623"/>
  <node id="3722250102" lat="43.6573874" lon="-70.2548048"/>
  <node id="3722250103" lat="43.6575244" lon="-70.2549154"/>
  <node id="3722250104" lat="43.6574463" lon="-70.2546871"/>
  <node id="3722250105" lat="43.6574354" lon="-70.2546951"/>
  <node id="3722250106" lat="43.6574207" lon="-70.2547402"/>
  <node id="3722250107" lat="43.6574124" lon="-70.2547394"/>
  <node id="3722250108" lat="43.6574226" lon="-70.2544461"/>
  <node id="3722250109" lat="43.6573207" lon="-70.2546178"/>
  <node id="3722250110" lat="43.6573222" lon="-70.2546352"/>
  <node id="3722250111" lat="43.6574134" lon="-70.2547050"/>
  <node id="3722250112" lat="43.6573557" lon="-70.2543804"/>
  <node id="3722250113" lat="43.6572819" lon="-70.2545118"/>
  <node id="3722250114" lat="43.6572722" lon="-70.2545346"/>
  <node id="3722250115" lat="43.6572703" lon="-70.2545548"/>
  <node id="3722250116" lat="43.6572712" lon="-70.2545776"/>
  <node id="3722250117" lat="43.6572761" lon="-70.2545916"/>
  <node id="3722250118" lat="43.6572829" lon="-70.2546004"/>
  <node id="3722250119" lat="43.6572936" lon="-70.2546097"/>
  <node id="3722250120" lat="43.6573110" lon="-70.2546158"/>
  <node id="3722250121" lat="43.6573251" lon="-70.2546103"/>
  <node id="3722250122" lat="43.6572698" lon="-70.2542852"/>
  <node id="3722250123" lat="43.6571926" lon="-70.2544173"/>
  <node id="3722261928" lat="43.6566084" lon="-70.2531050"/>
  <node id="3722261929" lat="43.6566346" lon="-70.2529824"/>
  <node id="3722261930" lat="43.6567816" lon="-70.2531325"/>
  <node id="3722261931" lat="43.6567410" lon="-70.2532428"/>
  <node id="3723983283" lat="43.6568204" lon="-70.2530522"/>
  <node id="3723983284" lat="43.6566623" lon="-70.2528530"/>
  <node id="3723983285" lat="43.6567741" lon="-70.2531248"/>
  <node id="3723983286" lat="43.6567475" lon="-70.2529604"/>
  <node id="3723983287" lat="43.6568010" lon="-70.2528805"/>
  <node id="3723983288" lat="43.6567064" lon="-70.2527538"/>
  <node id="3723983289" lat="43.6566933" lon="-70.2527551"/>
  <node id="3723983290" lat="43.6566885" lon="-70.2527645"/>
  <node id="3723983291" lat="43.6568728" lon="-70.2529798"/>
  <node id="3723983292" lat="43.6568471" lon="-70.2532118"/>
  <node id="3723983293" lat="43.6569436" lon="-70.2530723"/>
  <node id="3733695634" lat="43.6609625" lon="-70.2529130"/>
  <node id="3733695635" lat="43.6609013" lon="-70.2528151"/>
  <node id="3733695636" lat="43.6607888" lon="-70.2526193"/>
  <node id="3733695637" lat="43.6608790" lon="-70.2524799"/>
  <node id="3733695638" lat="43.6608674" lon="-70.2524624"/>
  <node id="3733695639" lat="43.6608528" lon="-70.2524879"/>
  <node id="3733695640" lat="43.6608189" lon="-70.2524450"/>
  <node id="3733695641" lat="43.6608363" lon="-70.2524141"/>
  <node id="3733695642" lat="43.6608198" lon="-70.2523967"/>
  <node id="3736800570" lat="43.6604021" lon="-70.2608857"/>
  <node id="3736800571" lat="43.6604856" lon="-70.2607637"/>
  <node id="3736800585" lat="43.6600077" lon="-70.2608466"/>
  <node id="3736800586" lat="43.6599253" lon="-70.2607449"/>
  <node id="3736800587" lat="43.6599404" lon="-70.2607149"/>
  <node id="3736800588" lat="43.6599025" lon="-70.2606621"/>
  <node id="3736800589" lat="43.6599834" lon="-70.2605350"/>
  <node id="3736800590" lat="43.6600617" lon="-70.2606331"/>
  <node id="3736800591" lat="43.6600580" lon="-70.2606382"/>
  <node id="3736800592" lat="43.6600996" lon="-70.2606936"/>
  <node id="3736800593" lat="43.6600709" lon="-70.2607414"/>
  <node id="3736800594" lat="43.6599981" lon="-70.2606463"/>
  <node id="3736800595" lat="43.6599753" lon="-70.2606855"/>
  <node id="3736800596" lat="43.6600510" lon="-70.2607785"/>
  <node id="3816325343" lat="43.6594680" lon="-70.2576857"/>
  <node id="3816325344" lat="43.6592906" lon="-70.2579273"/>
  <node id="3816325345" lat="43.6592714" lon="-70.2578972"/>
  <node id="3816325346" lat="43.6592618" lon="-70.2579025"/>
  <node id="3816325347" lat="43.6592497" lon="-70.2578937"/>
  <node id="3816325348" lat="43.6592439" lon="-70.2578777"/>
  <node id="3816325349" lat="43.6592465" lon="-70.2578645"/>
  <node id="3816325350" lat="43.6592113" lon="-70.2578105"/>
  <node id="3816325351" lat="43.6591972" lon="-70.2578167"/>
  <node id="3816325352" lat="43.6591876" lon="-70.2578114"/>
  <node id="3816325353" lat="43.6591786" lon="-70.2577919"/>
  <node id="3816325354" lat="43.6591799" lon="-70.2577742"/>
  <node id="3816325355" lat="43.6591607" lon="-70.2577485"/>
  <node id="3816325356" lat="43.6593367" lon="-70.2575008"/>
  <node id="3816325957" lat="43.6593579" lon="-70.2575327"/>
  <node id="3816325958" lat="43.6593694" lon="-70.2575158"/>
  <node id="3816325959" lat="43.6593911" lon="-70.2575105"/>
  <node id="3816325960" lat="43.6594103" lon="-70.2575185"/>
  <node id="3816325961" lat="43.6594251" lon="-70.2575265"/>
  <node id="3816325962" lat="43.6594353" lon="-70.2575415"/>
  <node id="3816325963" lat="43.6594475" lon="-70.2575619"/>
  <node id="3816325964" lat="43.6594577" lon="-70.2575804"/>
  <node id="3816325965" lat="43.6594507" lon="-70.2576141"/>
  <node id="3816325966" lat="43.6594379" lon="-70.2576371"/>
  <node id="3816325967" lat="43.6597349" lon="-70.2579485"/>
  <node id="3816325968" lat="43.6598642" lon="-70.2581255"/>
  <node id="3816325969" lat="43.6596440" lon="-70.2584334"/>
  <node id="3816325970" lat="43.6595198" lon="-70.2582511"/>
  <node id="3816325971" lat="43.6595684" lon="-70.2581839"/>
  <node id="3816325972" lat="43.6595640" lon="-70.2581741"/>
  <node id="3816325973" lat="43.6595819" lon="-70.2581467"/>
  <node id="3816325974" lat="43.6595889" lon="-70.2581529"/>
  <node id="3816325975" lat="43.6596350" lon="-70.2580892"/>
  <node id="3816325976" lat="43.6596363" lon="-70.2580671"/>
  <node id="3816325977" lat="43.6596715" lon="-70.2580193"/>
  <node id="3816325978" lat="43.6596894" lon="-70.2580113"/>
  <node id="3816357000" lat="43.6581938" lon="-70.2612915"/>
  <node id="3935023375" lat="43.6584894" lon="-70.2529960"/>
  <node id="3935023376" lat="43.6584188" lon="-70.2531230"/>
  <node id="3935023377" lat="43.6583460" lon="-70.2531383"/>
  <node id="3935023378" lat="43.6581717" lon="-70.2529645"/>
  <node id="3935023379" lat="43.6581982" lon="-70.2529157"/>
  <node id="3935023380" lat="43.6581754" lon="-70.2528974"/>
  <node id="3935023381" lat="43.6582129" lon="-70.2528262"/>
  <node id="3935023382" lat="43.6582379" lon="-70.2528537"/>
  <node id="3935023383" lat="43.6583217" lon="-70.2526860"/>
  <node id="3935023384" lat="43.6583314" lon="-70.2526874"/>
  <node id="3935023385" lat="43.6584941" lon="-70.2528576"/>
  <node id="3935023386" lat="43.6584452" lon="-70.2529482"/>
  <node id="4008592581" lat="43.6592055" lon="-70.2559151"/>
  <node id="4008592582" lat="43.6590464" lon="-70.2557365"/>
  <node id="4008592583" lat="43.6592089" lon="-70.2554320"/>
  <node id="4008592584" lat="43.6593411" lon="-70.2555718"/>
  <node id="4008592585" lat="43.6593482" lon="-70.2555698"/>
  <node id="4008592586" lat="43.6593846" lon="-70.2556234"/>
  <node id="4008592587" lat="43.6593523" lon="-70.2556777"/>
  <node id="4008592588" lat="43.6593421" lon="-70.2556805"/>
  <node id="4008592689" lat="43.6592461" lon="-70.2558361"/>
  <node id="4008592690" lat="43.6592480" lon="-70.2558567"/>
  <node id="4040976895" lat="43.6572540" lon="-70.2607166"/>
  <node id="4040976896" lat="43.6573630" lon="-70.2608528"/>
  <node id="4040976897" lat="43.6573804" lon="-70.2608261"/>
  <node id="4040976898" lat="43.6574060" lon="-70.2608581"/>
  <node id="4040976899" lat="43.6573933" lon="-70.2608775"/>
  <node id="4040976900" lat="43.6574573" lon="-70.2609621"/>
  <node id="4040976901" lat="43.6574496" lon="-70.2609751"/>
  <node id="4040976902" lat="43.6574813" lon="-70.2610161"/>
  <node id="4040976903" lat="43.6574898" lon="-70.2610043"/>
  <node id="4040976904" lat="43.6581022" lon="-70.2608071"/>
  <node id="4040976905" lat="43.6581876" lon="-70.2609164"/>
  <node id="4040976906" lat="43.6580459" lon="-70.2611505"/>
  <node id="4040976907" lat="43.6579557" lon="-70.2610338"/>
  <node id="4058710506" lat="43.6615008" lon="-70.2560606"/>
  <node id="4058710507" lat="43.6617055" lon="-70.2558522"/>
  <node id="4058710508" lat="43.6617405" lon="-70.2559195"/>
  <node id="4058710509" lat="43.6617613" lon="-70.2558988"/>
  <node id="4058710510" lat="43.6617919" lon="-70.2559576"/>
  <node id="4058710511" lat="43.6617696" lon="-70.2559798"/>
  <node id="4058710512" lat="43.6617881" lon="-70.2560154"/>
  <node id="4058710513" lat="43.6616519" lon="-70.2561507"/>
  <node id="4058710514" lat="43.6617067" lon="-70.2562560"/>
  <node id="4058710515" lat="43.6616114" lon="-70.2563507"/>
  <node id="4058710516" lat="43.6615579" lon="-70.2562479"/>
  <node id="4058710517" lat="43.6614235" lon="-70.2563815"/>
  <node id="4058710518" lat="43.6614027" lon="-70.2563416"/>
  <node id="4058710519" lat="43.6613797" lon="-70.2563645"/>
  <node id="4058710520" lat="43.6613520" lon="-70.2563112"/>
  <node id="4058710521" lat="43.6613731" lon="-70.2562902"/>
  <node id="4058710522" lat="43.6613379" lon="-70.2562225"/>
  <node id="4105119845" lat="43.6618705" lon="-70.2544768"/>
  <node id="4105119846" lat="43.6619146" lon="-70.2544138"/>
  <node id="4105119847" lat="43.6618661" lon="-70.2543487"/>
  <node id="4105119848" lat="43.6618278" lon="-70.2544158"/>
  <node id="4105119849" lat="43.6617381" lon="-70.2543040"/>
  <node id="4105119850" lat="43.6617822" lon="-70.2542410"/>
  <node id="4105119851" lat="43.6617602" lon="-70.2542126"/>
  <node id="4105119852" lat="43.6618822" lon="-70.2540398"/>
  <node id="4105119853" lat="43.6618617" lon="-70.2539991"/>
  <node id="4105119854" lat="43.6618671" lon="-70.2539882"/>
  <node id="4105119855" lat="43.6618656" lon="-70.2539628"/>
  <node id="4105119856" lat="43.6618428" lon="-70.2539323"/>
  <node id="4105119857" lat="43.6618222" lon="-70.2539293"/>
  <node id="4105119858" lat="43.6618156" lon="-70.2539384"/>
  <node id="4105119859" lat="43.6617921" lon="-70.2539069"/>
  <node id="4105119860" lat="43.6617708" lon="-70.2539384"/>
  <node id="4105119861" lat="43.6617377" lon="-70.2538988"/>
  <node id="4105119862" lat="43.6617200" lon="-70.2538998"/>
  <node id="4105119863" lat="43.6617061" lon="-70.2539221"/>
  <node id="4105119864" lat="43.6617053" lon="-70.2539465"/>
  <node id="4105119865" lat="43.6617347" lon="-70.2539862"/>
  <node id="4105119866" lat="43.6616259" lon="-70.2541518"/>
  <node id="4105119867" lat="43.6615509" lon="-70.2540563"/>
  <node id="4105119868" lat="43.6616017" lon="-70.2539872"/>
  <node id="4105119869" lat="43.6615454" lon="-70.2539000"/>
  <node id="4105119870" lat="43.6615699" lon="-70.2538615"/>
  <node id="4105119871" lat="43.6614691" lon="-70.2537159"/>
  <node id="4105119872" lat="43.6613707" lon="-70.2536526"/>
  <node id="4105119873" lat="43.6612869" lon="-70.2537644"/>
  <node id="4105119874" lat="43.6613222" lon="-70.2538213"/>
  <node id="4105119875" lat="43.6612943" lon="-70.2538569"/>
  <node id="4105119876" lat="43.6613275" lon="-70.2539035"/>
  <node id="4105119877" lat="43.6613564" lon="-70.2538731"/>
  <node id="4105119878" lat="43.6614615" lon="-70.2540187"/>
  <node id="4105119879" lat="43.6614934" lon="-70.2539846"/>
  <node id="4105119880" lat="43.6615062" lon="-70.2540038"/>
  <node id="4105119881" lat="43.6614527" lon="-70.2540847"/>
  <node id="4105119882" lat="43.6615402" lon="-70.2542033"/>
  <node id="4105119883" lat="43.6615090" lon="-70.2542503"/>
  <node id="4105119884" lat="43.6615212" lon="-70.2542680"/>
  <node id="4105119885" lat="43.6615012" lon="-70.2542911"/>
  <node id="4105119886" lat="43.6615129" lon="-70.2543081"/>
  <node id="4105119887" lat="43.6614806" lon="-70.2543566"/>
  <node id="4105119888" lat="43.6615100" lon="-70.2543993"/>
  <node id="4105127289" lat="43.6615034" lon="-70.2544085"/>
  <node id="4105127290" lat="43.6615395" lon="-70.2544522"/>
  <node id="4105127291" lat="43.6615446" lon="-70.2544440"/>
  <node id="4105127292" lat="43.6618195" lon="-70.2548023"/>
  <node id="4105127293" lat="43.6614439" lon="-70.2537482"/>
  <node id="4105713588" lat="43.6582339" lon="-70.2598207"/>
  <node id="4105714489" lat="43.6583187" lon="-70.2599392"/>
  <node id="4105714490" lat="43.6582525" lon="-70.2600348"/>
  <node id="4105714491" lat="43.6581603" lon="-70.2599177"/>
  <node id="4105832547" lat="43.6589091" lon="-70.2601821"/>
  <node id="4105832548" lat="43.6595407" lon="-70.2592480"/>
  <node id="4105832549" lat="43.6595931" lon="-70.2593308"/>
  <node id="4105832550" lat="43.6596237" lon="-70.2592966"/>
  <node id="4105832551" lat="43.6596438" lon="-70.2593200"/>
  <node id="4105832552" lat="43.6598576" lon="-70.2595541"/>
  <node id="4105832553" lat="43.6598834" lon="-70.2593370"/>
  <node id="4105832554" lat="43.6599480" lon="-70.2594261"/>
  <node id="4105832555" lat="43.6589089" lon="-70.2567530"/>
  <node id="4105832556" lat="43.6586816" lon="-70.2563557"/>
  <node id="4105832558" lat="43.6586359" lon="-70.2565946"/>
  <node id="4105832559" lat="43.6584964" lon="-70.2567943"/>
  <node id="4105832560" lat="43.6585828" lon="-70.2569108"/>
  <node id="4105832561" lat="43.6584640" lon="-70.2570497"/>
  <node id="4105832562" lat="43.6585159" lon="-70.2571470"/>
  <node id="4105832563" lat="43.6582753" lon="-70.2575708"/>
  <node id="4105832564" lat="43.6583360" lon="-70.2576749"/>
  <node id="4105832565" lat="43.6583610" lon="-70.2576830"/>
  <node id="4105832566" lat="43.6583919" lon="-70.2576769"/>
  <node id="4105832567" lat="43.6584140" lon="-70.2576546"/>
  <node id="4107732700" lat="43.6577935" lon="-70.2610466"/>
  <node id="4108013696" lat="43.6574902" lon="-70.2528546"/>
  <node id="4108013697" lat="43.6576828" lon="-70.2525582"/>
  <node id="4108013698" lat="43.6575247" lon="-70.2523016"/>
  <node id="4108013699" lat="43.6573263" lon="-70.2526227"/>
  <node id="4108013700" lat="43.6570853" lon="-70.2522810"/>
  <node id="4108013701" lat="43.6570090" lon="-70.2521870"/>
  <node id="4108013702" lat="43.6570062" lon="-70.2521616"/>
  <node id="4108014306" lat="43.6611125" lon="-70.2544774"/>
  <node id="4108014307" lat="43.6608870" lon="-70.2541715"/>
  <node id="4108014308" lat="43.6610897" lon="-70.2539334"/>
  <node id="4108014309" lat="43.6612941" lon="-70.2542194"/>
  <node id="4108014310" lat="43.6613008" lon="-70.2542019"/>
  <node id="4108014311" lat="43.6614224" lon="-70.2543595"/>
  <node id="4108014312" lat="43.6613751" lon="-70.2544319"/>
  <node id="4108014313" lat="43.6612561" lon="-70.2542731"/>
  <node id="4108014314" lat="43.6613618" lon="-70.2544925"/>
  <node id="4108014315" lat="43.6612729" lon="-70.2543707"/>
  <node id="4108014316" lat="43.6611563" lon="-70.2545334"/>
  <node id="4108014317" lat="43.6611665" lon="-70.2545475"/>
  <node id="4108014318" lat="43.6611665" lon="-70.2545603"/>
  <node id="4108014319" lat="43.6611792" lon="-70.2545766"/>
  <node id="4108014320" lat="43.6611893" lon="-70.2545790"/>
  <node id="4108014321" lat="43.6612113" lon="-70.2546035"/>
  <node id="4108014322" lat="43.6612138" lon="-70.2546245"/>
  <node id="4108014323" lat="43.6612240" lon="-70.2546397"/>
  <node id="4108014324" lat="43.6612358" lon="-70.2546397"/>
  <node id="4108014325" lat="43.6612461" lon="-70.2546539"/>
  <node id="4164165453" lat="43.6612393" lon="-70.2564503"/>
  <node id="4164165454" lat="43.6611687" lon="-70.2563527"/>
  <node id="4164165455" lat="43.6610768" lon="-70.2564970"/>
  <node id="4164165456" lat="43.6611481" lon="-70.2565916"/>
  <node id="4164165457" lat="43.6611650" lon="-70.2565672"/>
  <node id="4164165458" lat="43.6611761" lon="-70.2565753"/>
  <node id="4164165459" lat="43.6612158" lon="-70.2565174"/>
  <node id="4164165460" lat="43.6612040" lon="-70.2565062"/>
  <node id="4164165461" lat="43.6611422" lon="-70.2568294"/>
  <node id="4164165462" lat="43.6610768" lon="-70.2567450"/>
  <node id="4164165463" lat="43.6610702" lon="-70.2567511"/>
  <node id="4164165464" lat="43.6610003" lon="-70.2566800"/>
  <node id="4164165465" lat="43.6609959" lon="-70.2566536"/>
  <node id="4164165466" lat="43.6610047" lon="-70.2566271"/>
  <node id="4164165467" lat="43.6610224" lon="-70.2566139"/>
  <node id="4164165468" lat="43.6610511" lon="-70.2565672"/>
  <node id="4164165469" lat="43.6610533" lon="-70.2565448"/>
  <node id="4164165470" lat="43.6610636" lon="-70.2565326"/>
  <node id="4164165471" lat="43.6610790" lon="-70.2565224"/>
  <node id="4164165472" lat="43.6611489" lon="-70.2566048"/>
  <node id="4164165473" lat="43.6611334" lon="-70.2566332"/>
  <node id="4164165474" lat="43.6612062" lon="-70.2567135"/>
  <node id="4164165475" lat="43.6610981" lon="-70.2568080"/>
  <node id="4164165476" lat="43.6609820" lon="-70.2566749"/>
  <node id="4164165477" lat="43.6609312" lon="-70.2567613"/>
  <node id="4164165478" lat="43.6610474" lon="-70.2568904"/>
  <node id="4164165479" lat="43.6610606" lon="-70.2568690"/>
  <node id="4164165480" lat="43.6611128" lon="-70.2569331"/>
  <node id="4164165481" lat="43.6611481" lon="-70.2568741"/>
  <node id="4164165482" lat="43.6610945" lon="-70.2568152"/>
  <node id="4164165483" lat="43.6609729" lon="-70.2569284"/>
  <node id="4164165484" lat="43.6608748" lon="-70.2568152"/>
  <node id="4164165485" lat="43.6607929" lon="-70.2569746"/>
  <node id="4164165486" lat="43.6609116" lon="-70.2571279"/>
  <node id="4164165487" lat="43.6609489" lon="-70.2570571"/>
  <node id="4164165488" lat="43.6609172" lon="-70.2570178"/>
  <node id="4164165489" lat="43.6606991" lon="-70.2573282"/>
  <node id="4164165490" lat="43.6606273" lon="-70.2572426"/>
  <node id="4164165491" lat="43.6607059" lon="-70.2571168"/>
  <node id="4164165492" lat="43.6607777" lon="-70.2572024"/>
  <node id="4164165493" lat="43.6607516" lon="-70.2572441"/>
  <node id="4164165497" lat="43.6605969" lon="-70.2572943"/>
  <node id="4164165498" lat="43.6605328" lon="-70.2573982"/>
  <node id="4164165499" lat="43.6606095" lon="-70.2574807"/>
  <node id="4164165500" lat="43.6605935" lon="-70.2575089"/>
  <node id="4164165501" lat="43.6606236" lon="-70.2575371"/>
  <node id="4164165502" lat="43.6606168" lon="-70.2575464"/>
  <node id="4164165503" lat="43.6606580" lon="-70.2575914"/>
  <node id="4164165504" lat="43.6607347" lon="-70.2574626"/>
  <node id="4164165505" lat="43.6606978" lon="-70.2574217"/>
  <node id="4164165506" lat="43.6607031" lon="-70.2574143"/>
  <node id="4164165507" lat="43.6606609" lon="-70.2573647"/>
  <node id="4164165508" lat="43.6606556" lon="-70.2573755"/>
  <node id="4164165509" lat="43.6606449" lon="-70.2573614"/>
  <node id="4164165510" lat="43.6606570" lon="-70.2573386"/>
  <node id="4164165511" lat="43.6606148" lon="-70.2572856"/>
  <node id="4164165512" lat="43.6606032" lon="-70.2573030"/>
  <node id="4164165513" lat="43.6604840" lon="-70.2577836"/>
  <node id="4164165514" lat="43.6603768" lon="-70.2576522"/>
  <node id="4164165515" lat="43.6602943" lon="-70.2577903"/>
  <node id="4164165516" lat="43.6603613" lon="-70.2578668"/>
  <node id="4164165517" lat="43.6603637" lon="-70.2578607"/>
  <node id="4164165518" lat="43.6603884" lon="-70.2578916"/>
  <node id="4164165519" lat="43.6603962" lon="-70.2578809"/>
  <node id="4164165520" lat="43.6604049" lon="-70.2578936"/>
  <node id="4164165521" lat="43.6604137" lon="-70.2578936"/>
  <node id="4164165522" lat="43.6604438" lon="-70.2578460"/>
  <node id="4164165523" lat="43.6604573" lon="-70.2578379"/>
  <node id="4164165524" lat="43.6604651" lon="-70.2578453"/>
  <node id="4164165525" lat="43.6604937" lon="-70.2577937"/>
  <node id="4164165526" lat="43.6601459" lon="-70.2582738"/>
  <node id="4164165527" lat="43.6601289" lon="-70.2582443"/>
  <node id="4164165528" lat="43.6601197" lon="-70.2582376"/>
  <node id="4164165529" lat="43.6601144" lon="-70.2582409"/>
  <node id="4164165530" lat="43.6600595" lon="-70.2581793"/>
  <node id="4164165531" lat="43.6599829" lon="-70.2583093"/>
  <node id="4164165532" lat="43.6600639" lon="-70.2584012"/>
  <node id="4164165533" lat="43.6600722" lon="-70.2583865"/>
  <node id="4164165534" lat="43.6600775" lon="-70.2583918"/>
  <node id="4164165535" lat="43.6600163" lon="-70.2586108"/>
  <node id="4164165536" lat="43.6599006" lon="-70.2584556"/>
  <node id="4164165537" lat="43.6598887" lon="-70.2584567"/>
  <node id="4164165538" lat="43.6598752" lon="-70.2584754"/>
  <node id="4164165539" lat="43.6598752" lon="-70.2584929"/>
  <node id="4164165540" lat="43.6598169" lon="-70.2585922"/>
  <node id="4164165541" lat="43.6598034" lon="-70.2586027"/>
  <node id="4164165542" lat="43.6597916" lon="-70.2586249"/>
  <node id="4164165543" lat="43.6597925" lon="-70.2586377"/>
  <node id="4164165544" lat="43.6598507" lon="-70.2586996"/>
  <node id="4164165545" lat="43.6598524" lon="-70.2587159"/>
  <node id="4164165546" lat="43.6598651" lon="-70.2587288"/>
  <node id="4164165547" lat="43.6598752" lon="-70.2587288"/>
  <node id="4164165548" lat="43.6599208" lon="-70.2586587"/>
  <node id="4164165549" lat="43.6599352" lon="-70.2586482"/>
  <node id="4164165550" lat="43.6599403" lon="-70.2586389"/>
  <node id="4164165551" lat="43.6599740" lon="-70.2586774"/>
  <node id="4164165552" lat="43.6604644" lon="-70.2580103"/>
  <node id="4164165553" lat="43.6604119" lon="-70.2579440"/>
  <node id="4164165554" lat="43.6605047" lon="-70.2578068"/>
  <node id="4164165555" lat="43.6605566" lon="-70.2578758"/>
  <node id="4164165556" lat="43.6604618" lon="-70.2582059"/>
  <node id="4164165557" lat="43.6603511" lon="-70.2583775"/>
  <node id="4164165558" lat="43.6602877" lon="-70.2583067"/>
  <node id="4164165559" lat="43.6603460" lon="-70.2582120"/>
  <node id="4164165560" lat="43.6603472" lon="-70.2581908"/>
  <node id="4164165561" lat="43.6603626" lon="-70.2581643"/>
  <node id="4164165562" lat="43.6603735" lon="-70.2581678"/>
  <node id="4164165563" lat="43.6604010" lon="-70.2581236"/>
  <node id="4164165564" lat="43.6604196" lon="-70.2581492"/>
  <node id="4164165565" lat="43.6604388" lon="-70.2581475"/>
  <node id="4164165566" lat="43.6604541" lon="-70.2581652"/>
  <node id="4164165567" lat="43.6604612" lon="-70.2581731"/>
  <node id="4164165568" lat="43.6604413" lon="-70.2585164"/>
  <node id="4164165569" lat="43.6604958" lon="-70.2584217"/>
  <node id="4164165570" lat="43.6605009" lon="-70.2584032"/>
  <node id="4164165571" lat="43.6605412" lon="-70.2583350"/>
  <node id="4164165572" lat="43.6605527" lon="-70.2583288"/>
  <node id="4164165573" lat="43.6605630" lon="-70.2583288"/>
  <node id="4164165574" lat="43.6605719" lon="-70.2583403"/>
  <node id="4164165575" lat="43.6605745" lon="-70.2583572"/>
  <node id="4164165576" lat="43.6605860" lon="-70.2583704"/>
  <node id="4164165577" lat="43.6605956" lon="-70.2583731"/>
  <node id="4164165578" lat="43.6606052" lon="-70.2583784"/>
  <node id="4164165579" lat="43.6606091" lon="-70.2583934"/>
  <node id="4164165580" lat="43.6606091" lon="-70.2584067"/>
  <node id="4164165581" lat="43.6604977" lon="-70.2585872"/>
  <node id="4164165586" lat="43.6608933" lon="-70.2587827"/>
  <node id="4164165587" lat="43.6606494" lon="-70.2584447"/>
  <node id="4164165588" lat="43.6605354" lon="-70.2586093"/>
  <node id="4164165589" lat="43.6607889" lon="-70.2589438"/>
  <node id="4164165590" lat="43.6608094" lon="-70.2589429"/>
  <node id="4164165591" lat="43.6608869" lon="-70.2588226"/>
  <node id="4164166701" lat="43.6601816" lon="-70.2581205"/>
  <node id="4164166702" lat="43.6601301" lon="-70.2580703"/>
  <node id="4164166703" lat="43.6602416" lon="-70.2578847"/>
  <node id="4164166704" lat="43.6602906" lon="-70.2579442"/>
  <node id="4164166705" lat="43.6602804" lon="-70.2579582"/>
  <node id="4164166706" lat="43.6603142" lon="-70.2580096"/>
  <node id="4164166707" lat="43.6603235" lon="-70.2579956"/>
  <node id="4164166708" lat="43.6603708" lon="-70.2580516"/>
  <node id="4164166709" lat="43.6602551" lon="-70.2582303"/>
  <node id="4164166710" lat="43.6602103" lon="-70.2581684"/>
  <node id="4164166711" lat="43.6602357" lon="-70.2581252"/>
  <node id="4164166712" lat="43.6602078" lon="-70.2580797"/>
  <node id="4164245072" lat="43.6608264" lon="-70.2572977"/>
  <node id="4164245073" lat="43.6607590" lon="-70.2573909"/>
  <node id="4164245074" lat="43.6607229" lon="-70.2573409"/>
  <node id="4164245075" lat="43.6607903" lon="-70.2572477"/>
  <node id="4164245076" lat="43.6612189" lon="-70.2571751"/>
  <node id="4164245077" lat="43.6610903" lon="-70.2573814"/>
  <node id="4164245078" lat="43.6610513" lon="-70.2573316"/>
  <node id="4164245079" lat="43.6611484" lon="-70.2571792"/>
  <node id="4164245080" lat="43.6611564" lon="-70.2571944"/>
  <node id="4164245081" lat="43.6611947" lon="-70.2571446"/>
  <node id="4164245082" lat="43.6611185" lon="-70.2580690"/>
  <node id="4164245083" lat="43.6612082" lon="-70.2579379"/>
  <node id="4164245084" lat="43.6612155" lon="-70.2579440"/>
  <node id="4164245085" lat="43.6612405" lon="-70.2579104"/>
  <node id="4164245086" lat="43.6612346" lon="-70.2579043"/>
  <node id="4164245087" lat="43.6612670" lon="-70.2578657"/>
  <node id="4164245088" lat="43.6612265" lon="-70.2578098"/>
  <node id="4164245989" lat="43.6612199" lon="-70.2578200"/>
  <node id="4164245990" lat="43.6612126" lon="-70.2578179"/>
  <node id="4164245991" lat="43.6612015" lon="-70.2578230"/>
  <node id="4164245992" lat="43.6611920" lon="-70.2578413"/>
  <node id="4164245993" lat="43.6611942" lon="-70.2578494"/>
  <node id="4164245994" lat="43.6611751" lon="-70.2578799"/>
  <node id="4164245995" lat="43.6611633" lon="-70.2578789"/>
  <node id="4164245996" lat="43.6611515" lon="-70.2578972"/>
  <node id="4164245997" lat="43.6611295" lon="-70.2578891"/>
  <node id="4164245998" lat="43.6611052" lon="-70.2579308"/>
  <node id="4164245999" lat="43.6611126" lon="-70.2579440"/>
  <node id="4164246000" lat="43.6610685" lon="-70.2579978"/>
  <node id="4164246001" lat="43.6610795" lon="-70.2580141"/>
  <node id="4164246002" lat="43.6610574" lon="-70.2580426"/>
  <node id="4164246003" lat="43.6610310" lon="-70.2580415"/>
  <node id="4164246004" lat="43.6610037" lon="-70.2580771"/>
  <node id="4164246005" lat="43.6610640" lon="-70.2581625"/>
  <node id="4164246006" lat="43.6611037" lon="-70.2581035"/>
  <node id="4164246007" lat="43.6610839" lon="-70.2580751"/>
  <node id="4164246008" lat="43.6611052" lon="-70.2580527"/>
  <node id="4164246009" lat="43.6615037" lon="-70.2574714"/>
  <node id="4164246010" lat="43.6613383" lon="-70.2577082"/>
  <node id="4164246011" lat="43.6613001" lon="-70.2576624"/>
  <node id="4164246012" lat="43.6613464" lon="-70.2575893"/>
  <node id="4164246013" lat="43.6613368" lon="-70.2575730"/>
  <node id="4164246014" lat="43.6613729" lon="-70.2575130"/>
  <node id="4164246015" lat="43.6613898" lon="-70.2575415"/>
  <node id="4164246016" lat="43.6614699" lon="-70.2574246"/>
  <node id="4164246017" lat="43.6613802" lon="-70.2580436"/>
  <node id="4164246018" lat="43.6613751" lon="-70.2580365"/>
  <node id="4164246019" lat="43.6613751" lon="-70.2580212"/>
  <node id="4164246020" lat="43.6613648" lon="-70.2580070"/>
  <node id="4164246021" lat="43.6613559" lon="-70.2580100"/>
  <node id="4164246022" lat="43.6613339" lon="-70.2579785"/>
  <node id="4164246023" lat="43.6612309" lon="-70.2581310"/>
  <node id="4164246024" lat="43.6612236" lon="-70.2581422"/>
  <node id="4164246025" lat="43.6612670" lon="-70.2582052"/>
  <node id="4164246026" lat="43.6612743" lon="-70.2581909"/>
  <node id="4164246027" lat="43.6612802" lon="-70.2581981"/>
  <node id="4164246028" lat="43.6616849" lon="-70.2584492"/>
  <node id="4164246029" lat="43.6616756" lon="-70.2584538"/>
  <node id="4164246030" lat="43.6616466" lon="-70.2584226"/>
  <node id="4164246031" lat="43.6616373" lon="-70.2584293"/>
  <node id="4164246032" lat="43.6615937" lon="-70.2583687"/>
  <node id="4164246033" lat="43.6616006" lon="-70.2583556"/>
  <node id="4164246034" lat="43.6615757" lon="-70.2583221"/>
  <node id="4164246035" lat="43.6615868" lon="-70.2583044"/>
  <node id="4164246036" lat="43.6615281" lon="-70.2585996"/>
  <node id="4164246037" lat="43.6615412" lon="-70.2585790"/>
  <node id="4164246038" lat="43.6615250" lon="-70.2585534"/>
  <node id="4164246039" lat="43.6615066" lon="-70.2585752"/>
  <node id="4164246040" lat="43.6614580" lon="-70.2586387"/>
  <node id="4164246041" lat="43.6614524" lon="-70.2586292"/>
  <node id="4164246042" lat="43.6612885" lon="-70.2588954"/>
  <node id="4164246043" lat="43.6612604" lon="-70.2589415"/>
  <node id="4164246044" lat="43.6612530" lon="-70.2589361"/>
  <node id="4164246045" lat="43.6613667" lon="-70.2587209"/>
  <node id="4164246046" lat="43.6612943" lon="-70.2588294"/>
  <node id="4164246047" lat="43.6612871" lon="-70.2588199"/>
  <node id="4164246048" lat="43.6613604" lon="-70.2587130"/>
  <node id="4164246049" lat="43.6611774" lon="-70.2589186"/>
  <node id="4164246050" lat="43.6611928" lon="-70.2586681"/>
  <node id="4164246051" lat="43.6611189" lon="-70.2587927"/>
  <node id="4164246052" lat="43.6611206" lon="-70.2587710"/>
  <node id="4164246053" lat="43.6611412" lon="-70.2587399"/>
  <node id="4164246054" lat="43.6611361" lon="-70.2587172"/>
  <node id="4164246055" lat="43.6611534" lon="-70.2586875"/>
  <node id="4164246056" lat="43.6611636" lon="-70.2586961"/>
  <node id="4164246057" lat="43.6611855" lon="-70.2586628"/>
  <node id="4164246058" lat="43.6612461" lon="-70.2585841"/>
  <node id="4164246059" lat="43.6613264" lon="-70.2584761"/>
  <node id="4164246060" lat="43.6613204" lon="-70.2584666"/>
  <node id="4164246061" lat="43.6612935" lon="-70.2585050"/>
  <node id="4164246062" lat="43.6612805" lon="-70.2584871"/>
  <node id="4164246063" lat="43.6612618" lon="-70.2585133"/>
  <node id="4164246064" lat="43.6612701" lon="-70.2585355"/>
  <node id="4164246065" lat="43.6615175" lon="-70.2576427"/>
  <node id="4164246066" lat="43.6614118" lon="-70.2578063"/>
  <node id="4164246067" lat="43.6613608" lon="-70.2577413"/>
  <node id="4164246068" lat="43.6614302" lon="-70.2576340"/>
  <node id="4164246069" lat="43.6614404" lon="-70.2576461"/>
  <node id="4164246070" lat="43.6614773" lon="-70.2575911"/>
  <node id="4164246079" lat="43.6619226" lon="-70.2587713"/>
  <node id="4164246080" lat="43.6619137" lon="-70.2587855"/>
  <node id="4164246081" lat="43.6618983" lon="-70.2587631"/>
  <node id="4164246082" lat="43.6619020" lon="-70.2587469"/>
  <node id="4164246083" lat="43.6618836" lon="-70.2587225"/>
  <node id="4164246084" lat="43.6618733" lon="-70.2587438"/>
  <node id="4164246085" lat="43.6618417" lon="-70.2587001"/>
  <node id="4164246086" lat="43.6618358" lon="-70.2587113"/>
  <node id="4164246087" lat="43.6617932" lon="-70.2586554"/>
  <node id="4164246088" lat="43.6616939" lon="-70.2588150"/>
  <node id="4164246089" lat="43.6617549" lon="-70.2588831"/>
  <node id="4164246090" lat="43.6617512" lon="-70.2589003"/>
  <node id="4164246091" lat="43.6618042" lon="-70.2589573"/>
  <node id="4164246092" lat="43.6617961" lon="-70.2589674"/>
  <node id="4164246093" lat="43.6618498" lon="-70.2590315"/>
  <node id="4164246094" lat="43.6618549" lon="-70.2590213"/>
  <node id="4164246097" lat="43.6618093" lon="-70.2590426"/>
  <node id="4164246098" lat="43.6617932" lon="-70.2590691"/>
  <node id="4164246099" lat="43.6617814" lon="-70.2590579"/>
  <node id="4164246100" lat="43.6617314" lon="-70.2591372"/>
  <node id="4164246101" lat="43.6617402" lon="-70.2591504"/>
  <node id="4164246102" lat="43.6617204" lon="-70.2591737"/>
  <node id="4164246103" lat="43.6617240" lon="-70.2591849"/>
  <node id="4164246104" lat="43.6617108" lon="-70.2592032"/>
  <node id="4164246105" lat="43.6617005" lon="-70.2591910"/>
  <node id="4164246106" lat="43.6616740" lon="-70.2592327"/>
  <node id="4164246107" lat="43.6616777" lon="-70.2592449"/>
  <node id="4164246108" lat="43.6616343" lon="-70.2593038"/>
  <node id="4164246121" lat="43.6616539" lon="-70.2576090"/>
  <node id="4164246122" lat="43.6615521" lon="-70.2574636"/>
  <node id="4164246123" lat="43.6614930" lon="-70.2575436"/>
  <node id="4164246124" lat="43.6615986" lon="-70.2576872"/>
  <node id="4164246125" lat="43.6616138" lon="-70.2576639"/>
  <node id="4164246126" lat="43.6616243" lon="-70.2576639"/>
  <node id="4164246127" lat="43.6616319" lon="-70.2576533"/>
  <node id="4164246128" lat="43.6616315" lon="-70.2576364"/>
  <node id="4164246129" lat="43.6611848" lon="-70.2583489"/>
  <node id="4164246130" lat="43.6612299" lon="-70.2582804"/>
  <node id="4164246131" lat="43.6611653" lon="-70.2581918"/>
  <node id="4164246132" lat="43.6611179" lon="-70.2582534"/>
  <node id="4164246135" lat="43.6615933" lon="-70.2594677"/>
  <node id="4164246136" lat="43.6612334" lon="-70.2590070"/>
  <node id="4164246137" lat="43.6614975" lon="-70.2586050"/>
  <node id="4164246138" lat="43.6616814" lon="-70.2588299"/>
  <node id="4164246139" lat="43.6615120" lon="-70.2590979"/>
  <node id="4164246140" lat="43.6614707" lon="-70.2590610"/>
  <node id="4164246141" lat="43.6614596" lon="-70.2590902"/>
  <node id="4164246142" lat="43.6616635" lon="-70.2593644"/>
  <node id="4164251694" lat="43.6607353" lon="-70.2577191"/>
  <node id="4164251695" lat="43.6606377" lon="-70.2578621"/>
  <node id="4164251696" lat="43.6605981" lon="-70.2578105"/>
  <node id="4164251697" lat="43.6606698" lon="-70.2577054"/>
  <node id="4164251698" lat="43.6606536" lon="-70.2576842"/>
  <node id="4164251699" lat="43.6606795" lon="-70.2576462"/>
  <node id="4164251700" lat="43.6610024" lon="-70.2586161"/>
  <node id="4164251701" lat="43.6610351" lon="-70.2585674"/>
  <node id="4164251702" lat="43.6610210" lon="-70.2585524"/>
  <node id="4164251703" lat="43.6610287" lon="-70.2585409"/>
  <node id="4164251704" lat="43.6609851" lon="-70.2584789"/>
  <node id="4164251705" lat="43.6608968" lon="-70.2586019"/>
  <node id="4164251706" lat="43.6609288" lon="-70.2586506"/>
  <node id="4164251707" lat="43.6609806" lon="-70.2585860"/>
  <node id="4164251708" lat="43.6609185" lon="-70.2584567"/>
  <node id="4164251709" lat="43.6608571" lon="-70.2585441"/>
  <node id="4164251710" lat="43.6607988" lon="-70.2584657"/>
  <node id="4164251711" lat="43.6608586" lon="-70.2583806"/>
  <node id="4164251712" lat="43.6608225" lon="-70.2583321"/>
  <node id="4164251713" lat="43.6608533" lon="-70.2582882"/>
  <node id="4164251714" lat="43.6609168" lon="-70.2583736"/>
  <node id="4164251715" lat="43.6608876" lon="-70.2584152"/>
  <node id="4164251716" lat="43.6608434" lon="-70.2583010"/>
  <node id="4164251717" lat="43.6607945" lon="-70.2583694"/>
  <node id="4164251718" lat="43.6607850" lon="-70.2583565"/>
  <node id="4164251719" lat="43.6607492" lon="-70.2584065"/>
  <node id="4164251720" lat="43.6606888" lon="-70.2583240"/>
  <node id="4164251721" lat="43.6607257" lon="-70.2582724"/>
  <node id="4164251722" lat="43.6607654" lon="-70.2581927"/>
  <node id="4164251723" lat="43.6607828" lon="-70.2582165"/>
  <node id="4164251724" lat="43.6607930" lon="-70.2582022"/>
  <node id="4164251725" lat="43.6608384" lon="-70.2582642"/>
  <node id="4164251726" lat="43.6608276" lon="-70.2582794"/>
  <node id="4164251727" lat="43.6607169" lon="-70.2582604"/>
  <node id="4164251728" lat="43.6607101" lon="-70.2582579"/>
  <node id="4164251729" lat="43.6606754" lon="-70.2583037"/>
  <node id="4164251730" lat="43.6606406" lon="-70.2582541"/>
  <node id="4164251731" lat="43.6607314" lon="-70.2581221"/>
  <node id="4164251732" lat="43.6607716" lon="-70.2581759"/>
  <node id="4248965336" lat="43.6621864" lon="-70.2553011"/>
  <node id="4467287306" lat="43.6577861" lon="-70.2532856"/>
  <node id="4467287307" lat="43.6579053" lon="-70.2531264"/>
  <node id="4467287308" lat="43.6578503" lon="-70.2530477"/>
  <node id="4467287309" lat="43.6577311" lon="-70.2532069"/>
  <node id="4497692543" lat="43.6580764" lon="-70.2516267"/>
  <node id="4497692544" lat="43.6580501" lon="-70.2516588"/>
  <node id="4497692545" lat="43.6580739" lon="-70.2517009"/>
  <node id="4497692546" lat="43.6576782" lon="-70.2521620"/>
  <node id="4497692547" lat="43.6576465" lon="-70.2521054"/>
  <node id="4497692548" lat="43.6581054" lon="-70.2521340"/>
  <node id="4497692549" lat="43.6578510" lon="-70.2524248"/>
  <node id="4497692550" lat="43.6577048" lon="-70.2521803"/>
  <node id="4497692551" lat="43.6579592" lon="-70.2518896"/>
  <node id="4497692552" lat="43.6580565" lon="-70.2520560"/>
  <node id="4497692553" lat="43.6580025" lon="-70.2519621"/>
  <node id="4497692554" lat="43.6580785" lon="-70.2520312"/>
  <node id="4497692555" lat="43.6580226" lon="-70.2519396"/>
  <node id="4497692556" lat="43.6587643" lon="-70.2524854"/>
  <node id="4497692557" lat="43.6585399" lon="-70.2528967"/>
  <node id="4497692558" lat="43.6583206" lon="-70.2526688"/>
  <node id="4497692559" lat="43.6582440" lon="-70.2528075"/>
  <node id="4497692560" lat="43.6582225" lon="-70.2527885"/>
  <node id="4497692561" lat="43.6581554" lon="-70.2529264"/>
  <node id="4497692562" lat="43.6578553" lon="-70.2524319"/>
  <node id="4497692563" lat="43.6581133" lon="-70.2521359"/>
  <node id="4497692564" lat="43.6580651" lon="-70.2520586"/>
  <node id="4497692565" lat="43.6580858" lon="-70.2520337"/>
  <node id="4497692566" lat="43.6579636" lon="-70.2518423"/>
  <node id="4497692567" lat="43.6582628" lon="-70.2517289"/>
  <node id="4497692568" lat="43.6581845" lon="-70.2518146"/>
  <node id="4497692569" lat="43.6581024" lon="-70.2516727"/>
  <node id="4497692570" lat="43.6583352" lon="-70.2526848"/>
  <node id="4497693717" lat="43.6587400" lon="-70.2541943"/>
  <node id="4497693718" lat="43.6584658" lon="-70.2546770"/>
  <node id="4497693719" lat="43.6582992" lon="-70.2543737"/>
  <node id="4497693720" lat="43.6585515" lon="-70.2539472"/>
  <node id="4497693721" lat="43.6585805" lon="-70.2539949"/>
  <node id="4497693722" lat="43.6586040" lon="-70.2539612"/>
  <node id="4543808064" lat="43.6556496" lon="-70.2549434"/>
  <node id="4543808065" lat="43.6555137" lon="-70.2548233"/>
  <node id="4543808066" lat="43.6555686" lon="-70.2547048"/>
  <node id="4543808067" lat="43.6557044" lon="-70.2548249"/>
  <node id="4543808068" lat="43.6557483" lon="-70.2547096"/>
  <node id="4543808069" lat="43.6556171" lon="-70.2545985"/>
  <node id="4543808072" lat="43.6556838" lon="-70.2544481"/>
  <node id="4543808073" lat="43.6558150" lon="-70.2545592"/>
  <node id="4543808076" lat="43.6557257" lon="-70.2543641"/>
  <node id="4543833215" lat="43.6558511" lon="-70.2544706"/>
  <node id="4543833217" lat="43.6557560" lon="-70.2543041"/>
  <node id="4543833218" lat="43.6558762" lon="-70.2544067"/>
  <node id="4543833221" lat="43.6558093" lon="-70.2541846"/>
  <node id="4543833222" lat="43.6559296" lon="-70.2542872"/>
  <node id="4543833223" lat="43.6559260" lon="-70.2542347"/>
  <node id="4543833224" lat="43.6558093" lon="-70.2541298"/>
  <node id="4543833225" lat="43.6558443" lon="-70.2540553"/>
  <node id="4543833226" lat="43.6559611" lon="-70.2541602"/>
  <node id="4543833227" lat="43.6559930" lon="-70.2540924"/>
  <node id="4543833228" lat="43.6558763" lon="-70.2539874"/>
  <node id="4543833229" lat="43.6559083" lon="-70.2539194"/>
  <node id="4543833230" lat="43.6560250" lon="-70.2540243"/>
  <node id="4543833233" lat="43.6559402" lon="-70.2538516"/>
  <node id="4543833234" lat="43.6560569" lon="-70.2539565"/>
  <node id="4543833235" lat="43.6560925" lon="-70.2538809"/>
  <node id="4543833236" lat="43.6559758" lon="-70.2537760"/>
  <node id="4548641355" lat="43.6568479" lon="-70.2598179">
    <tag k="bench" v="yes"/>
    <tag k="bus" v="yes"/>
    <tag k="covered" v="yes"/>
    <tag k="highway" v="bus_stop"/>
    <tag k="name" v="Congress St + Center St"/>
    <tag k="name_1" v="Stop 1117"/>
    <tag k="network" v="METRO"/>
    <tag k="operator" v="METRO"/>
    <tag k="public_transport" v="platform"/>
    <tag k="public_transport:version" v="2"/>
    <tag k="ref" v="1117"/>
    <tag k="shelter" v="yes"/>
  </node>
  <node id="4564848030" lat="43.6558604" lon="-70.2563321"/>
  <node id="4564848031" lat="43.6558661" lon="-70.2563993"/>
  <node id="4564848032" lat="43.6558504" lon="-70.2564980"/>
  <node id="4564848033" lat="43.6557962" lon="-70.2566559"/>
  <node id="4564848034" lat="43.6556247" lon="-70.2569106"/>
  <node id="4564848035" lat="43.6552662" lon="-70.2566006"/>
  <node id="4564848036" lat="43.6554276" lon="-70.2562038"/>
  <node id="4564848037" lat="43.6553415" lon="-70.2564154"/>
  <node id="4564848038" lat="43.6557632" lon="-70.2567049"/>
  <node id="4564848039" lat="43.6558267" lon="-70.2564418"/>
  <node id="4564848040" lat="43.6558507" lon="-70.2564014"/>
  <node id="4564848041" lat="43.6558387" lon="-70.2564421"/>
  <node id="4564848042" lat="43.6558469" lon="-70.2564350"/>
  <node id="4564848043" lat="43.6558856" lon="-70.2563781"/>
  <node id="4564848044" lat="43.6559038" lon="-70.2564135"/>
  <node id="4564848045" lat="43.6559232" lon="-70.2564302"/>
  <node id="4564848046" lat="43.6558602" lon="-70.2564366"/>
  <node id="4564848047" lat="43.6560617" lon="-70.2565567"/>
  <node id="4564848048" lat="43.6562274" lon="-70.2566626"/>
  <node id="4564848049" lat="43.6558420" lon="-70.2573308"/>
  <node id="4564848050" lat="43.6557063" lon="-70.2571867"/>
  <node id="4564882779" lat="43.6600371" lon="-70.2544146"/>
  <node id="4564882780" lat="43.6600359" lon="-70.2544300"/>
  <node id="4564882781" lat="43.6600313" lon="-70.2544441"/>
  <node id="4564882782" lat="43.6600237" lon="-70.2544555"/>
  <node id="4564882783" lat="43.6599676" lon="-70.2544158"/>
  <node id="4564882784" lat="43.6599700" lon="-70.2544000"/>
  <node id="4564882785" lat="43.6599760" lon="-70.2543861"/>
  <node id="4564882786" lat="43.6599850" lon="-70.2543758"/>
  <node id="4564882787" lat="43.6600138" lon="-70.2544629"/>
  <node id="4564882788" lat="43.6600028" lon="-70.2544656"/>
  <node id="4564883879" lat="43.6558338" lon="-70.2583649"/>
  <node id="4564883880" lat="43.6567253" lon="-70.2568946"/>
  <node id="4564883881" lat="43.6563246" lon="-70.2575572"/>
  <node id="4564883886" lat="43.6566162" lon="-70.2574107"/>
  <node id="4564883887" lat="43.6564926" lon="-70.2572806"/>
  <node id="4564883888" lat="43.6567235" lon="-70.2572301"/>
  <node id="4564884689" lat="43.6566018" lon="-70.2571008"/>
  <node id="4564887852" lat="43.6565589" lon="-70.2591726"/>
  <node id="4564887853" lat="43.6564903" lon="-70.2592883"/>
  <node id="4564887854" lat="43.6562673" lon="-70.2590491"/>
  <node id="4564887855" lat="43.6565572" lon="-70.2592455"/>
  <node id="4564887856" lat="43.6562738" lon="-70.2589154"/>
  <node id="4564887857" lat="43.6560752" lon="-70.2591283"/>
  <node id="4564887858" lat="43.6563883" lon="-70.2594557"/>
  <node id="4564887859" lat="43.6561762" lon="-70.2592339"/>
  <node id="4564887862" lat="43.6560832" lon="-70.2594039"/>
  <node id="4564887863" lat="43.6561883" lon="-70.2595248"/>
  <node id="4564887865" lat="43.6562483" lon="-70.2595487"/>
  <node id="4564887866" lat="43.6563201" lon="-70.2596278"/>
  <node id="4564915399" lat="43.6601421" lon="-70.2562142"/>
  <node id="4564915400" lat="43.6602668" lon="-70.2560507"/>
  <node id="4564915401" lat="43.6603156" lon="-70.2560101"/>
  <node id="4564915402" lat="43.6602812" lon="-70.2560924"/>
  <node id="4564915403" lat="43.6602069" lon="-70.2561971"/>
  <node id="4564915404" lat="43.6606817" lon="-70.2554690"/>
  <node id="4564915405" lat="43.6610503" lon="-70.2559482"/>
  <node id="4564915406" lat="43.6611683" lon="-70.2557749"/>
  <node id="4564915407" lat="43.6604406" lon="-70.2548287"/>
  <node id="4564915408" lat="43.6603227" lon="-70.2550020"/>
  <node id="4564915409" lat="43.6602919" lon="-70.2561557">
    <tag k="noexit" v="yes"/>
  </node>
  <node id="4564915410" lat="43.6606628" lon="-70.2566139"/>
  <node id="4564915411" lat="43.6609300" lon="-70.2561908"/>
  <node id="4564915412" lat="43.6602049" lon="-70.2552035"/>
  <node id="4564915413" lat="43.6599175" lon="-70.2556329"/>
  <node id="4564915414" lat="43.6602123" lon="-70.2560386">
    <tag k="noexit" v="yes"/>
  </node>
  <node id="4564915415" lat="43.6605464" lon="-70.2556690"/>
  <node id="4564915416" lat="43.6607433" lon="-70.2564864"/>
  <node id="4564915417" lat="43.6603520" lon="-70.2559560"/>
  <node id="4564915418" lat="43.6600109" lon="-70.2554934"/>
  <node id="4564915419" lat="43.6608437" lon="-70.2563275"/>
  <node id="4564915420" lat="43.6604524" lon="-70.2558077"/>
  <node id="4564915421" lat="43.6601074" lon="-70.2553493"/>
  <node id="4564921189" lat="43.6599917" lon="-70.2544633"/>
  <node id="4564921190" lat="43.6599817" lon="-70.2544562"/>
  <node id="4564921191" lat="43.6599739" lon="-70.2544451"/>
  <node id="4564921192" lat="43.6599690" lon="-70.2544312"/>
  <node id="4564921193" lat="43.6599960" lon="-70.2543702"/>
  <node id="4564921194" lat="43.6600077" lon="-70.2543700"/>
  <node id="4564921195" lat="43.6600188" lon="-70.2543752"/>
  <node id="4564921196" lat="43.6600281" lon="-70.2543852"/>
  <node id="4564921197" lat="43.6600344" lon="-70.2543988"/>
  <node id="4564926072" lat="43.6613114" lon="-70.2589872"/>
  <node id="4564926073" lat="43.6613982" lon="-70.2591081"/>
  <node id="4564926074" lat="43.6615575" lon="-70.2588556"/>
  <node id="4564926075" lat="43.6614586" lon="-70.2587222"/>
  <node id="4564935268" lat="43.6609767" lon="-70.2591116"/>
  <node id="4564937904" lat="43.6607816" lon="-70.2600962"/>
  <node id="4564937905" lat="43.6609361" lon="-70.2598321"/>
  <node id="4564944876" lat="43.6605387" lon="-70.2590145"/>
  <node id="4564944877" lat="43.6606041" lon="-70.2589223"/>
  <node id="4564944878" lat="43.6605731" lon="-70.2588802"/>
  <node id="4564944879" lat="43.6605857" lon="-70.2588624"/>
  <node id="4564944880" lat="43.6605563" lon="-70.2588226"/>
  <node id="4564944881" lat="43.6605397" lon="-70.2588461"/>
  <node id="4564944882" lat="43.6605226" lon="-70.2588228"/>
  <node id="4564944883" lat="43.6605370" lon="-70.2588026"/>
  <node id="4564944884" lat="43.6605136" lon="-70.2587708"/>
  <node id="4564944885" lat="43.6604971" lon="-70.2587940"/>
  <node id="4564944886" lat="43.6604774" lon="-70.2587672"/>
  <node id="4564944887" lat="43.6604912" lon="-70.2587478"/>
  <node id="4564944888" lat="43.6604697" lon="-70.2587187"/>
  <node id="4564944889" lat="43.6604538" lon="-70.2587410"/>
  <node id="4564944890" lat="43.6604316" lon="-70.2587108"/>
  <node id="4564944891" lat="43.6604454" lon="-70.2586914"/>
  <node id="4564944892" lat="43.6604252" lon="-70.2586640"/>
  <node id="4564944893" lat="43.6604118" lon="-70.2586829"/>
  <node id="4564944894" lat="43.6603876" lon="-70.2586501"/>
  <node id="4564944895" lat="43.6604032" lon="-70.2586282"/>
  <node id="4564944896" lat="43.6603813" lon="-70.2585985"/>
  <node id="4564944897" lat="43.6603673" lon="-70.2586183"/>
  <node id="4564944898" lat="43.6603562" lon="-70.2586032"/>
  <node id="4564944899" lat="43.6602970" lon="-70.2586865"/>
  <node id="4564944900" lat="43.6605192" lon="-70.2593420"/>
  <node id="4564944901" lat="43.6607171" lon="-70.2590280"/>
  <node id="4564944902" lat="43.6606621" lon="-70.2589618"/>
  <node id="4564944903" lat="43.6604529" lon="-70.2592938"/>
  <node id="4564944904" lat="43.6604845" lon="-70.2593319"/>
  <node id="4564944905" lat="43.6604959" lon="-70.2593139"/>
  <node id="4564944906" lat="43.6603657" lon="-70.2593853"/>
  <node id="4564944907" lat="43.6604534" lon="-70.2592493"/>
  <node id="4564944908" lat="43.6603957" lon="-70.2591782"/>
  <node id="4564944909" lat="43.6603080" lon="-70.2593142"/>
  <node id="4564944910" lat="43.6603999" lon="-70.2590773"/>
  <node id="4564944911" lat="43.6602842" lon="-70.2592698"/>
  <node id="4564944912" lat="43.6602313" lon="-70.2592090"/>
  <node id="4564944913" lat="43.6602862" lon="-70.2591177"/>
  <node id="4564944914" lat="43.6603003" lon="-70.2591338"/>
  <node id="4564944915" lat="43.6603328" lon="-70.2590798"/>
  <node id="4564944916" lat="43.6603260" lon="-70.2590721"/>
  <node id="4564944917" lat="43.6603543" lon="-70.2590250"/>
  <node id="4564944918" lat="43.6603160" lon="-70.2589850"/>
  <node id="4564944919" lat="43.6602003" lon="-70.2591775"/>
  <node id="4564944920" lat="43.6601474" lon="-70.2591167"/>
  <node id="4564944921" lat="43.6602023" lon="-70.2590254"/>
  <node id="4564944922" lat="43.6602164" lon="-70.2590415"/>
  <node id="4564944923" lat="43.6602488" lon="-70.2589875"/>
  <node id="4564944924" lat="43.6602421" lon="-70.2589798"/>
  <node id="4564944925" lat="43.6602704" lon="-70.2589327"/>
  <node id="4564970229" lat="43.6605707" lon="-70.2545011"/>
  <node id="4564970230" lat="43.6606015" lon="-70.2545687"/>
  <node id="4564970231" lat="43.6607554" lon="-70.2547689"/>
  <node id="4564970232" lat="43.6609075" lon="-70.2549241"/>
  <node id="4564970233" lat="43.6610939" lon="-70.2551018"/>
  <node id="4564970234" lat="43.6613130" lon="-70.2552920"/>
  <node id="4564970235" lat="43.6614886" lon="-70.2554321"/>
  <node id="4564970236" lat="43.6616624" lon="-70.2551318"/>
  <node id="4564970237" lat="43.6615918" lon="-70.2550867"/>
  <node id="4564970238" lat="43.6613076" lon="-70.2548815"/>
  <node id="4564970239" lat="43.6610143" lon="-70.2545962"/>
  <node id="4564970240" lat="43.6608658" lon="-70.2544010"/>
  <node id="4564970241" lat="43.6607662" lon="-70.2542183"/>
  <node id="4564970242" lat="43.6616469" lon="-70.2555741"/>
  <node id="4564970243" lat="43.6617443" lon="-70.2556561"/>
  <node id="4564970244" lat="43.6619010" lon="-70.2558394"/>
  <node id="4564970245" lat="43.6622345" lon="-70.2562393"/>
  <node id="4564970266" lat="43.6622541" lon="-70.2556194"/>
  <node id="4564970267" lat="43.6620318" lon="-70.2554153"/>
  <node id="4564970268" lat="43.6618324" lon="-70.2552470"/>
  <node id="4564974160" lat="43.6604583" lon="-70.2543019"/>
  <node id="4564974161" lat="43.6606586" lon="-70.2540194"/>
  <node id="4564974162" lat="43.6605396" lon="-70.2537370"/>
  <node id="4564974163" lat="43.6604345" lon="-70.2534572"/>
  <node id="4564974164" lat="43.6603313" lon="-70.2531803"/>
  <node id="4564974165" lat="43.6602638" lon="-70.2529856"/>
  <node id="4564974166" lat="43.6601488" lon="-70.2527223"/>
  <node id="4564974167" lat="43.6600416" lon="-70.2525331"/>
  <node id="4564974168" lat="43.6598869" lon="-70.2522808"/>
  <node id="4564974169" lat="43.6597599" lon="-70.2521299"/>
  <node id="4564974170" lat="43.6595977" lon="-70.2519251"/>
  <node id="4564974171" lat="43.6595006" lon="-70.2517867"/>
  <node id="4564974172" lat="43.6594794" lon="-70.2517462"/>
  <node id="4564974173" lat="43.6594632" lon="-70.2517350"/>
  <node id="4564974174" lat="43.6594470" lon="-70.2517350"/>
  <node id="4564974175" lat="43.6594298" lon="-70.2517448"/>
  <node id="4564974176" lat="43.6594268" lon="-70.2517685"/>
  <node id="4564974177" lat="43.6594288" lon="-70.2517839"/>
  <node id="4564974178" lat="43.6594561" lon="-70.2518300"/>
  <node id="4564974179" lat="43.6595441" lon="-70.2519475"/>
  <node id="4564974180" lat="43.6596382" lon="-70.2521152"/>
  <node id="4564974181" lat="43.6597505" lon="-70.2523935"/>
  <node id="4564974182" lat="43.6598536" lon="-70.2526842"/>
  <node id="4564974183" lat="43.6602177" lon="-70.2536685"/>
  <node id="4567160315" lat="43.6601711" lon="-70.2562543"/>
  <node id="4572311573" lat="43.6575141" lon="-70.2591548">
    <tag k="bench" v="no"/>
    <tag k="bus" v="yes"/>
    <tag k="highway" v="bus_stop"/>
    <tag k="name" v="Congress St + Elm St"/>
    <tag k="network" v="METRO"/>
    <tag k="operator" v="METRO"/>
    <tag k="public_transport" v="platform"/>
    <tag k="shelter" v="no"/>
  </node>
  <node id="4599061715" lat="43.6607523" lon="-70.2537044"/>
  <node id="4599061716" lat="43.6608255" lon="-70.2538345"/>
  <node id="4599061717" lat="43.6608455" lon="-70.2538130"/>
  <node id="4599061718" lat="43.6607723" lon="-70.2536829"/>
  <node id="4599061719" lat="43.6608402" lon="-70.2537881"/>
  <node id="4599061720" lat="43.6608451" lon="-70.2537841"/>
  <node id="4599061721" lat="43.6608562" lon="-70.2538022"/>
  <node id="4599061722" lat="43.6609176" lon="-70.2537310"/>
  <node id="4599061723" lat="43.6608149" lon="-70.2535619"/>
  <node id="4599061724" lat="43.6607715" lon="-70.2536105"/>
  <node id="4599061725" lat="43.6607993" lon="-70.2536580"/>
  <node id="4599061726" lat="43.6607801" lon="-70.2536795"/>
  <node id="4599061727" lat="43.6608200" lon="-70.2537503"/>
  <node id="4599061728" lat="43.6610156" lon="-70.2536000"/>
  <node id="4599061729" lat="43.6610076" lon="-70.2536089"/>
  <node id="4599061730" lat="43.6610070" lon="-70.2536229"/>
  <node id="4599061731" lat="43.6609926" lon="-70.2536399"/>
  <node id="4599061732" lat="43.6609867" lon="-70.2536391"/>
  <node id="4599061733" lat="43.6609649" lon="-70.2536635"/>
  <node id="4599061734" lat="43.6609633" lon="-70.2536753"/>
  <node id="4599061735" lat="43.6609499" lon="-70.2536922"/>
  <node id="4599061736" lat="43.6609419" lon="-70.2536952"/>
  <node id="4599061737" lat="43.6609355" lon="-70.2537018"/>
  <node id="4599061738" lat="43.6607636" lon="-70.2534259"/>
  <node id="4599061739" lat="43.6608506" lon="-70.2533226"/>
  <node id="4717600255" lat="43.6554071" lon="-70.2574059"/>
  <node id="4717600256" lat="43.6553353" lon="-70.2573242"/>
  <node id="4831394154" lat="43.6578259" lon="-70.2533230">
    <tag k="name" v="Chimani, Inc."/>
    <tag k="office" v="yes"/>
  </node>
  <node id="4939309121" lat="43.6575864" lon="-70.2561370">
    <tag k="amenity" v="restaurant"/>
    <tag k="cuisine" v="asian"/>
    <tag k="internet_access" v="wlan"/>
    <tag k="name" v="Bubble Maineia"/>
    <tag k="name:en" v="Bubble Maineia"/>
  </node>
  <node id="4939309321" lat="43.6610112" lon="-70.2526984">
    <tag k="addr:city" v="Portland"/>
    <tag k="addr:housenumber" v="290"/>
    <tag k="addr:postcode" v="04101"/>
    <tag k="addr:state" v="ME"/>
    <tag k="addr:street" v="Congress Street"/>
    <tag k="email" v="info@portlandfood.coop"/>
    <tag k="internet_access" v="wlan"/>
    <tag k="name" v="Portland Food Co-op"/>
    <tag k="name:en" v="Portland Food Co-op"/>
    <tag k="opening_hours" v="08:00-21:00"/>
    <tag k="phone" v="+1-207-805-1599"/>
    <tag k="shop" v="supermarket"/>
    <tag k="website" v="https://www.portlandfood.coop/"/>
    <tag k="wheelchair" v="yes"/>
  </node>
  <node id="5001904140" lat="43.6577351" lon="-70.2583910">
    <tag k="addr:city" v="Portland"/>
    <tag k="addr:housenumber" v="2"/>
    <tag k="addr:postcode" v="04101"/>
    <tag k="addr:state" v="ME"/>
    <tag k="addr:street" v="Monument Way"/>
    <tag k="bench" v="yes"/>
    <tag k="bus" v="yes"/>
    <tag k="highway" v="bus_stop"/>
    <tag k="name" v="Monument Square, Stop ID: 1131"/>
    <tag k="network" v="1, 7, 8, 9B, 21, 24A, 24B"/>
    <tag k="operator" v="METRO, SMTT"/>
    <tag k="public_transport" v="platform"/>
    <tag k="shelter" v="yes"/>
    <tag k="website" v="https://www.southportland.org/departments/bus-transportation/bus-schedule/"/>
  </node>
  <node id="5001904141" lat="43.6575294" lon="-70.2568479">
    <tag k="bench" v="no"/>
    <tag k="bus" v="yes"/>
    <tag k="highway" v="bus_stop"/>
    <tag k="name" v="Temple Street + Free Street, Stop 1163"/>
    <tag k="network" v="SMTT"/>
    <tag k="operator" v="City of South Portland"/>
    <tag k="public_transport" v="platform"/>
    <tag k="shelter" v="no"/>
    <tag k="website" v="https://www.southportland.org/departments/bus-transportation/bus-schedule/"/>
  </node>
  <node id="5001916615" lat="43.6557532" lon="-70.2552833">
    <tag k="bus" v="yes"/>
    <tag k="highway" v="bus_stop"/>
    <tag k="lit" v="yes"/>
    <tag k="name" v="Temple Street &amp; Fore Street, Stop: 1162"/>
    <tag k="network" v="SMTT 21, 24A, 24B"/>
    <tag k="operator" v="City of South Portland"/>
    <tag k="public_transport" v="platform"/>
    <tag k="website" v="https://www.southportland.org/departments/bus-transportation/bus-schedule/"/>
  </node>
  <node id="5001981351" lat="43.6589050" lon="-70.2568842">
    <tag k="bus" v="yes"/>
    <tag k="highway" v="bus_stop"/>
    <tag k="name" v="CITY HALL - CONGRESS ST."/>
    <tag k="network" v="Portland Intercity"/>
    <tag k="operator" v="SH-Zoom"/>
    <tag k="public_transport" v="platform"/>
  </node>
  <node id="5027531221" lat="43.6570219" lon="-70.2521654">
    <tag k="amenity" v="bar"/>
    <tag k="name" v="Vena's Fizz house"/>
    <tag k="name:en" v="Vena's Fizz house"/>
    <tag k="wheelchair" v="no"/>
  </node>
  <node id="5065650214" lat="43.6587121" lon="-70.2578170">
    <tag k="addr:city" v="Portland"/>
    <tag k="addr:housenumber" v="415"/>
    <tag k="addr:postcode" v="04101"/>
    <tag k="addr:state" v="ME"/>
    <tag k="addr:street" v="Congress Street"/>
    <tag k="addr:unit" v="202"/>
    <tag k="building" v="commercial"/>
    <tag k="fax" v="+1-207-699-1380"/>
    <tag k="name" v="USAnswer"/>
    <tag k="office" v="company"/>
    <tag k="phone" v="855-254-0040"/>
    <tag k="website" v="https://usanswer.com/"/>
  </node>
  <node id="5094931625" lat="43.6571159" lon="-70.2578888">
    <tag k="addr:housenumber" v="30, 2Fl"/>
    <tag k="addr:street" v="City Center"/>
    <tag k="name" v="Grant Wahlquist Gallery"/>
    <tag k="opening_hours" v="We, Th, Sa 11:00-18:00"/>
    <tag k="phone" v="+1-207-245-5732"/>
    <tag k="tourism" v="gallery"/>
    <tag k="website" v="https://www.grantwahlquist.com/"/>
  </node>
  <node id="5267269342" lat="43.6623429" lon="-70.2565554"/>
  <node id="5267269343" lat="43.6622341" lon="-70.2566863"/>
  <node id="5267269344" lat="43.6619124" lon="-70.2571878"/>
  <node id="5267269345" lat="43.6622913" lon="-70.2567681"/>
  <node id="5481057242" lat="43.6565958" lon="-70.2526400"/>
  <node id="5481057243" lat="43.6565570" lon="-70.2527969"/>
  <node id="5481057246" lat="43.6565221" lon="-70.2529485"/>
  <node id="5481057247" lat="43.6563649" lon="-70.2527902"/>
  <node id="5481057248" lat="43.6561207" lon="-70.2538209"/>
  <node id="5481057249" lat="43.6560040" lon="-70.2537160"/>
  <node id="5481067754" lat="43.6561818" lon="-70.2537217"/>
  <node id="5481067755" lat="43.6562860" lon="-70.2535119"/>
  <node id="5481067756" lat="43.6561770" lon="-70.2534084"/>
  <node id="5481067758" lat="43.6563166" lon="-70.2534503"/>
  <node id="5481067759" lat="43.6561987" lon="-70.2533384"/>
  <node id="5481067760" lat="43.6561681" lon="-70.2534000"/>
  <node id="5481067761" lat="43.6563444" lon="-70.2533943"/>
  <node id="5481067762" lat="43.6562265" lon="-70.2532824"/>
  <node id="5481067763" lat="43.6562606" lon="-70.2532138"/>
  <node id="5481067764" lat="43.6563785" lon="-70.2533258"/>
  <node id="5481067765" lat="43.6564524" lon="-70.2531770"/>
  <node id="5481067766" lat="43.6563345" lon="-70.2530650"/>
  <node id="5481067778" lat="43.6569726" lon="-70.2537162"/>
  <node id="5481067779" lat="43.6570797" lon="-70.2535136"/>
  <node id="5481067780" lat="43.6570036" lon="-70.2534323"/>
  <node id="5481067781" lat="43.6568904" lon="-70.2536311"/>
  <node id="5481067782" lat="43.6568172" lon="-70.2535553"/>
  <node id="5481067783" lat="43.6569258" lon="-70.2533491"/>
  <node id="5481067785" lat="43.6568246" lon="-70.2535408"/>
  <node id="5481067787" lat="43.6567987" lon="-70.2532966"/>
  <node id="5481067788" lat="43.6568968" lon="-70.2534012"/>
  <node id="5481067789" lat="43.6570907" lon="-70.2534938"/>
  <node id="5481067790" lat="43.6571738" lon="-70.2533352"/>
  <node id="5481067791" lat="43.6570410" lon="-70.2531696"/>
  <node id="5481067792" lat="43.6570043" lon="-70.2532442"/>
  <node id="5481067793" lat="43.6570304" lon="-70.2532745"/>
  <node id="5481067794" lat="43.6569882" lon="-70.2533822"/>
  <node id="5481067795" lat="43.6570006" lon="-70.2531707"/>
  <node id="5481067796" lat="43.6569392" lon="-70.2530787"/>
  <node id="5481067797" lat="43.6568038" lon="-70.2532688"/>
  <node id="5481067798" lat="43.6568587" lon="-70.2533353"/>
  <node id="5481067799" lat="43.6569127" lon="-70.2533236"/>
  <node id="5481072707" lat="43.6563168" lon="-70.2538155"/>
  <node id="5481072708" lat="43.6560522" lon="-70.2544432"/>
  <node id="5481072709" lat="43.6565027" lon="-70.2548068"/>
  <node id="5481072710" lat="43.6565293" lon="-70.2547447"/>
  <node id="5481072711" lat="43.6565606" lon="-70.2547703"/>
  <node id="5481072712" lat="43.6567714" lon="-70.2542781"/>
  <node id="5481072713" lat="43.6567415" lon="-70.2542536"/>
  <node id="5481072714" lat="43.6567618" lon="-70.2542062"/>
  <node id="5481077328" lat="43.6560962" lon="-70.2533472"/>
  <node id="5481077329" lat="43.6560630" lon="-70.2532971"/>
  <node id="5481077330" lat="43.6561322" lon="-70.2532754"/>
  <node id="5481077331" lat="43.6560928" lon="-70.2532377"/>
  <node id="5481222260" lat="43.6556385" lon="-70.2543692"/>
  <node id="5481222263" lat="43.6556167" lon="-70.2543507"/>
  <node id="5481222270" lat="43.6556628" lon="-70.2543150"/>
  <node id="5481222272" lat="43.6556914" lon="-70.2542504"/>
  <node id="5481222273" lat="43.6556991" lon="-70.2541937"/>
  <node id="5481222274" lat="43.6557371" lon="-70.2541113"/>
  <node id="5481222290" lat="43.6556745" lon="-70.2539848"/>
  <node id="5481222291" lat="43.6557491" lon="-70.2538291"/>
  <node id="5481222292" lat="43.6558329" lon="-70.2539139"/>
  <node id="5481222293" lat="43.6557886" lon="-70.2537937"/>
  <node id="5481222296" lat="43.6559077" lon="-70.2537565"/>
  <node id="5481222299" lat="43.6559301" lon="-70.2537070"/>
  <node id="5481230197" lat="43.6582349" lon="-70.2516606"/>
  <node id="5481230198" lat="43.6583387" lon="-70.2515381"/>
  <node id="5481230199" lat="43.6581654" lon="-70.2515558"/>
  <node id="5481230200" lat="43.6581049" lon="-70.2516208"/>
  <node id="5481230201" lat="43.6582024" lon="-70.2517939"/>
  <node id="5481230202" lat="43.6571953" lon="-70.2570855"/>
  <node id="5481230205" lat="43.6573259" lon="-70.2531343"/>
  <node id="5481230206" lat="43.6573364" lon="-70.2531066"/>
  <node id="5481230207" lat="43.6573530" lon="-70.2530853"/>
  <node id="5481230208" lat="43.6574554" lon="-70.2531540"/>
  <node id="5481230209" lat="43.6574540" lon="-70.2531826"/>
  <node id="5481230210" lat="43.6574463" lon="-70.2532093"/>
  <node id="5481230211" lat="43.6574330" lon="-70.2532314"/>
  <node id="5481230212" lat="43.6574154" lon="-70.2532467"/>
  <node id="5481230213" lat="43.6573952" lon="-70.2532538"/>
  <node id="5481230214" lat="43.6573738" lon="-70.2530729"/>
  <node id="5481230215" lat="43.6573964" lon="-70.2530710"/>
  <node id="5481230216" lat="43.6574182" lon="-70.2530797"/>
  <node id="5481230217" lat="43.6574495" lon="-70.2531237"/>
  <node id="5481230218" lat="43.6573745" lon="-70.2532519"/>
  <node id="5481230219" lat="43.6573552" lon="-70.2532412"/>
  <node id="5635213647" lat="43.6576371" lon="-70.2603380">
    <tag k="addr:city" v="Portland"/>
    <tag k="addr:housenumber" v="24"/>
    <tag k="addr:postcode" v="04101"/>
    <tag k="addr:state" v="ME"/>
    <tag k="addr:street" v="Preble Street"/>
  </node>
  <node id="5635213648" lat="43.6580430" lon="-70.2607367"/>
  <node id="5635213649" lat="43.6576313" lon="-70.2602087"/>
  <node id="5635213650" lat="43.6574652" lon="-70.2604562"/>
  <node id="5635213651" lat="43.6578769" lon="-70.2609841"/>
  <node id="5701261075" lat="43.6552628" lon="-70.2570754">
    <tag k="addr:city" v="Portland"/>
    <tag k="addr:housenumber" v="10"/>
    <tag k="addr:postcode" v="04101"/>
    <tag k="addr:state" v="ME"/>
    <tag k="addr:street" v="Cotton Street"/>
    <tag k="name" v="Rivalries"/>
    <tag k="phone" v="+1-207-774-6044"/>
    <tag k="website" v="https://rivalriesmaine.com/"/>
  </node>
  <node id="5732647200" lat="43.6567297" lon="-70.2597779">
    <tag k="addr:city" v="Portland"/>
    <tag k="addr:housenumber" v="490"/>
    <tag k="addr:postcode" v="04101"/>
    <tag k="addr:state" v="ME"/>
    <tag k="addr:street" v="Congress Street"/>
    <tag k="name" v="The Raven Salon"/>
    <tag k="phone" v="+1-207-536-0163"/>
    <tag k="shop" v="beauty"/>
    <tag k="website" v="https://theravensalon.com/"/>
  </node>
  <node id="5906557087" lat="43.6569449" lon="-70.2540902">
    <tag k="brand" v="Fat Face"/>
    <tag k="brand:wikidata" v="Q5437186"/>
    <tag k="name" v="Fat Face"/>
    <tag k="name:en" v="Fat Face"/>
    <tag k="opening_hours" v="Mo-Th 10:00-19:00; Fr,Sa 10:00-20:00; Su 11:00-19:00"/>
    <tag k="shop" v="clothes"/>
  </node>
  <node id="6058189355" lat="43.6586044" lon="-70.2613089"/>
  <node id="6058359578" lat="43.6567964" lon="-70.2575987">
    <tag k="name" v="House of J Henry"/>
    <tag k="shop" v="hairdresser"/>
  </node>
  <node id="6111513364" lat="43.6589457" lon="-70.2572466">
    <tag k="bus" v="yes"/>
    <tag k="highway" v="bus_stop"/>
    <tag k="name" v="City Hall"/>
    <tag k="network" v="METRO"/>
    <tag k="operator" v="METRO"/>
    <tag k="public_transport" v="platform"/>
    <tag k="ref" v="121"/>
  </node>
  <node id="6171445585" lat="43.6571225" lon="-70.2579998">
    <tag k="addr:city" v="Portland"/>
    <tag k="addr:postcode" v="04101"/>
    <tag k="addr:state" v="ME"/>
    <tag k="internet_access" v="wlan"/>
    <tag k="name" v="Longfellow Books"/>
    <tag k="opening_hours" v="Mo-Fr 09:00-19:00; Sa-Su 09:00-18:00"/>
    <tag k="phone" v="+1-207-772-4045"/>
    <tag k="shop" v="books"/>
    <tag k="website" v="https://longfellowbooks.com/"/>
  </node>
  <node id="6561429422" lat="43.6566538" lon="-70.2578411">
    <tag k="addr:city" v="Portland"/>
    <tag k="addr:housenumber" v="26"/>
    <tag k="addr:postcode" v="04101"/>
    <tag k="addr:state" v="ME"/>
    <tag k="addr:street" v="Free Street"/>
    <tag k="amenity" v="restaurant"/>
    <tag k="contact:facebook" v="https://www.facebook.com/ElRayoTaqueria"/>
    <tag k="contact:twitter" v="https://twitter.com/tacotweet"/>
    <tag k="cuisine" v="mexican;burrito;nachos;tacos"/>
    <tag k="email" v="info@elrayotaqueria.com"/>
    <tag k="happy_hours" v="Mo-Fr 16:00-18:00"/>
    <tag k="name" v="El Rayo Taqueria"/>
    <tag k="phone" v="+1-207-780-8226"/>
    <tag k="takeaway" v="yes"/>
    <tag k="website" v="https://elrayotaqueria.com/"/>
  </node>
  <node id="6563944432" lat="43.6566820" lon="-70.2580179"/>
  <node id="6563944434" lat="43.6566578" lon="-70.2570073">
    <tag k="barrier" v="lift_gate"/>
  </node>
  <node id="6563944436" lat="43.6558960" lon="-70.2582628">
    <tag k="barrier" v="lift_gate"/>
  </node>
  <node id="6572597731" lat="43.6569600" lon="-70.2591135">
    <tag k="amenity" v="restaurant"/>
    <tag k="name" v="Mr. Tuna"/>
    <tag k="website" v="https://www.facebook.com/mr.tunamaine"/>
  </node>
  <node id="6744717885" lat="43.6558860" lon="-70.2540253">
    <tag k="addr:city" v="Portland"/>
    <tag k="addr:housenumber" v="33"/>
    <tag k="addr:postcode" v="04101-4145"/>
    <tag k="addr:state" v="ME"/>
    <tag k="addr:street" v="Wharf Street"/>
    <tag k="amenity" v="restaurant"/>
    <tag k="name" v="Street &amp; Company"/>
  </node>
  <node id="6744717886" lat="43.6581342" lon="-70.2543363">
    <tag k="amenity" v="bar"/>
    <tag k="name" v="Portland Hunt + Alpine Club"/>
  </node>
  <node id="6793845219" lat="43.6616365" lon="-70.2556220">
    <tag k="highway" v="traffic_signals"/>
    <tag k="traffic_signals:direction" v="forward"/>
  </node>
  <node id="6794055005" lat="43.6615538" lon="-70.2560366"/>
  <node id="6794055006" lat="43.6615107" lon="-70.2560795"/>
  <node id="6794055007" lat="43.6615423" lon="-70.2560145"/>
  <node id="6794059951" lat="43.6616790" lon="-70.2550787">
    <tag k="highway" v="traffic_signals"/>
    <tag k="traffic_signals:direction" v="forward"/>
  </node>
  <node id="6794059952" lat="43.6604650" lon="-70.2546957"/>
  <node id="6794059953" lat="43.6598217" lon="-70.2556311"/>
  <node id="6794059954" lat="43.6606664" lon="-70.2567857"/>
  <node id="6794059955" lat="43.6612427" lon="-70.2558147"/>
  <node id="6794076219" lat="43.6612067" lon="-70.2553327"/>
  <node id="6794076220" lat="43.6613183" lon="-70.2554789">
    <tag k="highway" v="give_way"/>
  </node>
  <node id="6794076221" lat="43.6613905" lon="-70.2556214">
    <tag k="button_operated" v="yes"/>
    <tag k="crossing" v="traffic_signals"/>
    <tag k="crossing:markings" v="zebra"/>
    <tag k="highway" v="crossing"/>
  </node>
  <node id="6795170695" lat="43.6616164" lon="-70.2556018">
    <tag k="crossing" v="traffic_signals"/>
    <tag k="crossing:markings" v="zebra"/>
    <tag k="highway" v="crossing"/>
    <tag k="tactile_paving" v="no"/>
  </node>
  <node id="6795170696" lat="43.6614715" lon="-70.2554752">
    <tag k="crossing" v="traffic_signals"/>
    <tag k="crossing:markings" v="zebra"/>
    <tag k="highway" v="crossing"/>
    <tag k="tactile_paving" v="no"/>
  </node>
  <node id="6795170700" lat="43.6614236" lon="-70.2557350"/>
  <node id="6799088176" lat="43.6596849" lon="-70.2553911"/>
  <node id="6799088177" lat="43.6603874" lon="-70.2543785"/>
  <node id="6799088178" lat="43.6600842" lon="-70.2536275"/>
  <node id="6799088179" lat="43.6597451" lon="-70.2553757"/>
  <node id="6799088180" lat="43.6593774" lon="-70.2548862"/>
  <node id="6801906479" lat="43.6602227" lon="-70.2538007">
    <tag k="maxspeed" v="35 mph"/>
    <tag k="traffic_sign" v="maxspeed"/>
  </node>
  <node id="6801911365" lat="43.6604797" lon="-70.2546432"/>
  <node id="6801911366" lat="43.6603626" lon="-70.2544624"/>
  <node id="6801911367" lat="43.6605404" lon="-70.2545439">
    <tag k="button_operated" v="yes"/>
    <tag k="crossing" v="traffic_signals"/>
    <tag k="crossing:island" v="no"/>
    <tag k="crossing:markings" v="zebra"/>
    <tag k="highway" v="crossing"/>
    <tag k="tactile_paving" v="no"/>
    <tag k="traffic_signals:sound" v="no"/>
    <tag k="traffic_signals:vibration" v="no"/>
  </node>
  <node id="6801911368" lat="43.6604383" lon="-70.2543694">
    <tag k="button_operated" v="yes"/>
    <tag k="crossing" v="traffic_signals"/>
    <tag k="crossing:island" v="no"/>
    <tag k="crossing:markings" v="zebra"/>
    <tag k="highway" v="crossing"/>
    <tag k="tactile_paving" v="no"/>
    <tag k="traffic_signals:sound" v="no"/>
    <tag k="traffic_signals:vibration" v="no"/>
  </node>
  <node id="6801911369" lat="43.6604248" lon="-70.2545512">
    <tag k="button_operated" v="yes"/>
    <tag k="crossing" v="traffic_signals"/>
    <tag k="crossing:island" v="no"/>
    <tag k="crossing:markings" v="zebra"/>
    <tag k="highway" v="crossing"/>
    <tag k="tactile_paving" v="no"/>
    <tag k="traffic_signals:sound" v="no"/>
    <tag k="traffic_signals:vibration" v="no"/>
  </node>
  <node id="6801911370" lat="43.6605418" lon="-70.2543803">
    <tag k="highway" v="traffic_signals"/>
    <tag k="traffic_signals:direction" v="backward"/>
  </node>
  <node id="6801945133" lat="43.6594317" lon="-70.2518533">
    <tag k="highway" v="traffic_signals"/>
  </node>
  <node id="6826732723" lat="43.6581165" lon="-70.2515642"/>
  <node id="6837275729" lat="43.6567017" lon="-70.2524624"/>
  <node id="6837275730" lat="43.6567046" lon="-70.2524711"/>
  <node id="6837275732" lat="43.6567114" lon="-70.2524718"/>
  <node id="6837291198" lat="43.6566511" lon="-70.2526911">
    <tag k="crossing" v="uncontrolled"/>
    <tag k="highway" v="crossing"/>
  </node>
  <node id="6837291199" lat="43.6566280" lon="-70.2525709">
    <tag k="crossing" v="uncontrolled"/>
    <tag k="highway" v="crossing"/>
  </node>
  <node id="6837291200" lat="43.6566595" lon="-70.2525373">
    <tag k="crossing" v="unmarked"/>
    <tag k="crossing:markings" v="no"/>
    <tag k="highway" v="crossing"/>
  </node>
  <node id="6837291201" lat="43.6567066" lon="-70.2525652">
    <tag k="crossing" v="unmarked"/>
    <tag k="crossing:markings" v="no"/>
    <tag k="highway" v="crossing"/>
  </node>
  <node id="6837297618" lat="43.6569560" lon="-70.2522462">
    <tag k="direction" v="backward"/>
    <tag k="highway" v="stop"/>
  </node>
  <node id="6837298328" lat="43.6568670" lon="-70.2522718">
    <tag k="crossing" v="unmarked"/>
    <tag k="crossing:markings" v="no"/>
    <tag k="highway" v="crossing"/>
  </node>
  <node id="6839104887" lat="43.6579735" lon="-70.2541667">
    <tag k="crossing" v="uncontrolled"/>
    <tag k="crossing:island" v="no"/>
    <tag k="highway" v="crossing"/>
  </node>
  <node id="6839104888" lat="43.6578811" lon="-70.2541856">
    <tag k="crossing" v="uncontrolled"/>
    <tag k="highway" v="crossing"/>
    <tag k="tactile_paving" v="yes"/>
  </node>
  <node id="6839104889" lat="43.6579053" lon="-70.2543025">
    <tag k="crossing" v="uncontrolled"/>
    <tag k="crossing:island" v="no"/>
    <tag k="highway" v="crossing"/>
  </node>
  <node id="6839104890" lat="43.6579864" lon="-70.2541404">
    <tag k="direction" v="forward"/>
    <tag k="highway" v="stop"/>
  </node>
  <node id="6839129524" lat="43.6592437" lon="-70.2567510">
    <tag k="amenity" v="post_box"/>
    <tag k="operator" v="United States Postal Service"/>
    <tag k="operator:short" v="USPS"/>
    <tag k="operator:type" v="public"/>
    <tag k="operator:website" v="https://www.usps.com"/>
    <tag k="operator:wikidata" v="Q668687"/>
    <tag k="operator:wikipedia" v="en:United States Postal Service"/>
    <tag k="short_name" v="USPS"/>
  </node>
  <node id="6839130292" lat="43.6588080" lon="-70.2556656">
    <tag k="crossing" v="uncontrolled"/>
    <tag k="crossing:island" v="no"/>
    <tag k="highway" v="crossing"/>
    <tag k="tactile_paving" v="yes"/>
  </node>
  <node id="6839130293" lat="43.6587460" lon="-70.2556621">
    <tag k="crossing" v="uncontrolled"/>
    <tag k="highway" v="crossing"/>
    <tag k="tactile_paving" v="yes"/>
  </node>
  <node id="6839130294" lat="43.6587492" lon="-70.2557729">
    <tag k="crossing" v="uncontrolled"/>
    <tag k="crossing:island" v="no"/>
    <tag k="highway" v="crossing"/>
    <tag k="tactile_paving" v="yes"/>
  </node>
  <node id="6839130295" lat="43.6587386" lon="-70.2557922">
    <tag k="direction" v="backward"/>
    <tag k="highway" v="stop"/>
  </node>
  <node id="6839130296" lat="43.6588178" lon="-70.2556476">
    <tag k="direction" v="forward"/>
    <tag k="highway" v="stop"/>
  </node>
  <node id="6839133708" lat="43.6579855" lon="-70.2551403"/>
  <node id="6839133709" lat="43.6578196" lon="-70.2553475"/>
  <node id="6839133710" lat="43.6577755" lon="-70.2547956"/>
  <node id="6839133711" lat="43.6578031" lon="-70.2548258"/>
  <node id="6839133712" lat="43.6576540" lon="-70.2550623"/>
  <node id="6839133713" lat="43.6577430" lon="-70.2548077"/>
  <node id="6839133714" lat="43.6581092" lon="-70.2551208"/>
  <node id="6839133715" lat="43.6582746" lon="-70.2549268"/>
  <node id="6839133716" lat="43.6578157" lon="-70.2546649"/>
  <node id="6839133717" lat="43.6578473" lon="-70.2547272"/>
  <node id="6839133718" lat="43.6579812" lon="-70.2544060"/>
  <node id="6839133719" lat="43.6578206" lon="-70.2546273"/>
  <node id="6839133720" lat="43.6579385" lon="-70.2543960"/>
  <node id="6839144556" lat="43.6588330" lon="-70.2574511">
    <tag k="crossing" v="uncontrolled"/>
    <tag k="crossing:island" v="no"/>
    <tag k="crossing:markings" v="zebra"/>
    <tag k="highway" v="crossing"/>
  </node>
  <node id="6839148336" lat="43.6591596" lon="-70.2564072">
    <tag k="crossing" v="uncontrolled"/>
    <tag k="crossing:island" v="no"/>
    <tag k="crossing:markings" v="zebra"/>
    <tag k="highway" v="crossing"/>
  </node>
  <node id="6839148337" lat="43.6593086" lon="-70.2566059">
    <tag k="crossing" v="uncontrolled"/>
    <tag k="crossing:island" v="no"/>
    <tag k="crossing:markings" v="zebra"/>
    <tag k="highway" v="crossing"/>
  </node>
  <node id="6839148338" lat="43.6592656" lon="-70.2564356">
    <tag k="crossing" v="uncontrolled"/>
    <tag k="crossing:island" v="no"/>
    <tag k="crossing:markings" v="zebra"/>
    <tag k="highway" v="crossing"/>
  </node>
  <node id="6839148339" lat="43.6589811" lon="-70.2567263">
    <tag k="crossing" v="uncontrolled"/>
    <tag k="highway" v="crossing"/>
  </node>
  <node id="6839148340" lat="43.6590657" lon="-70.2569250">
    <tag k="crossing" v="uncontrolled"/>
    <tag k="crossing:island" v="no"/>
    <tag k="crossing:markings" v="zebra"/>
    <tag k="highway" v="crossing"/>
  </node>
  <node id="6839148341" lat="43.6589741" lon="-70.2568243">
    <tag k="crossing" v="uncontrolled"/>
    <tag k="crossing:island" v="no"/>
    <tag k="crossing:markings" v="zebra"/>
    <tag k="highway" v="crossing"/>
  </node>
  <node id="6839148342" lat="43.6591008" lon="-70.2568624"/>
  <node id="6839148343" lat="43.6587650" lon="-70.2571869">
    <tag k="crossing" v="uncontrolled"/>
    <tag k="crossing:island" v="no"/>
    <tag k="crossing:markings" v="zebra"/>
    <tag k="highway" v="crossing"/>
  </node>
  <node id="6839148344" lat="43.6591287" lon="-70.2565630">
    <tag k="crossing" v="uncontrolled"/>
    <tag k="crossing:island" v="no"/>
    <tag k="crossing:markings" v="zebra"/>
    <tag k="highway" v="crossing"/>
  </node>
  <node id="6839148345" lat="43.6592110" lon="-70.2566550">
    <tag k="crossing" v="uncontrolled"/>
    <tag k="crossing:island" v="no"/>
    <tag k="crossing:markings" v="zebra"/>
    <tag k="highway" v="crossing"/>
  </node>
  <node id="6839148346" lat="43.6588559" lon="-70.2572955">
    <tag k="crossing" v="uncontrolled"/>
    <tag k="crossing:island" v="no"/>
    <tag k="crossing:markings" v="zebra"/>
    <tag k="highway" v="crossing"/>
  </node>
  <node id="6839149782" lat="43.6584272" lon="-70.2549563">
    <tag k="crossing" v="uncontrolled"/>
    <tag k="highway" v="crossing"/>
  </node>
  <node id="6839149783" lat="43.6583186" lon="-70.2549069">
    <tag k="crossing" v="uncontrolled"/>
    <tag k="highway" v="crossing"/>
    <tag k="tactile_paving" v="yes"/>
  </node>
  <node id="6839164043" lat="43.6582813" lon="-70.2577943">
    <tag k="highway" v="traffic_signals"/>
    <tag k="traffic_signals:direction" v="forward"/>
  </node>
  <node id="6839164044" lat="43.6582828" lon="-70.2580480">
    <tag k="highway" v="traffic_signals"/>
    <tag k="traffic_signals:direction" v="backward"/>
  </node>
  <node id="6839167350" lat="43.6583059" lon="-70.2580211">
    <tag k="button_operated" v="yes"/>
    <tag k="crossing" v="traffic_signals"/>
    <tag k="crossing:island" v="no"/>
    <tag k="highway" v="crossing"/>
  </node>
  <node id="6839167351" lat="43.6583045" lon="-70.2578304">
    <tag k="button_operated" v="yes"/>
    <tag k="crossing" v="traffic_signals"/>
    <tag k="crossing:island" v="no"/>
    <tag k="highway" v="crossing"/>
  </node>
  <node id="6842510012" lat="43.6575181" lon="-70.2590763"/>
  <node id="6842510013" lat="43.6576173" lon="-70.2589409">
    <tag k="crossing" v="traffic_signals"/>
    <tag k="highway" v="crossing"/>
  </node>
  <node id="6842510014" lat="43.6576101" lon="-70.2587477">
    <tag k="crossing" v="traffic_signals"/>
    <tag k="highway" v="crossing"/>
  </node>
  <node id="6842510015" lat="43.6578086" lon="-70.2588308">
    <tag k="crossing" v="traffic_signals"/>
    <tag k="highway" v="crossing"/>
  </node>
  <node id="6842510016" lat="43.6577952" lon="-70.2586964">
    <tag k="crossing" v="traffic_signals"/>
    <tag k="highway" v="crossing"/>
  </node>
  <node id="6842510017" lat="43.6570337" lon="-70.2595901"/>
  <node id="6842510018" lat="43.6572695" lon="-70.2584428"/>
  <node id="6842510019" lat="43.6573330" lon="-70.2584830"/>
  <node id="6842510020" lat="43.6573180" lon="-70.2584635"/>
  <node id="6842510021" lat="43.6570061" lon="-70.2595820"/>
  <node id="6842510022" lat="43.6575858" lon="-70.2588243"/>
  <node id="6842510023" lat="43.6570434" lon="-70.2592910"/>
  <node id="6842510024" lat="43.6572375" lon="-70.2584528"/>
  <node id="6842510025" lat="43.6572137" lon="-70.2584857"/>
  <node id="6842510026" lat="43.6575722" lon="-70.2588934"/>
  <node id="6842510027" lat="43.6575737" lon="-70.2587572"/>
  <node id="6842510028" lat="43.6573520" lon="-70.2585159"/>
  <node id="6842510029" lat="43.6570633" lon="-70.2595753"/>
  <node id="6842510030" lat="43.6569362" lon="-70.2595083"/>
  <node id="6842510031" lat="43.6578226" lon="-70.2586629">
    <tag k="highway" v="traffic_signals"/>
    <tag k="traffic_signals:direction" v="forward"/>
  </node>
  <node id="6842510032" lat="43.6579748" lon="-70.2584648"/>
  <node id="6842510033" lat="43.6581064" lon="-70.2582914"/>
  <node id="6843943963" lat="43.6582869" lon="-70.2593069">
    <tag k="amenity" v="parking_entrance"/>
  </node>
  <node id="6843943964" lat="43.6588390" lon="-70.2597275"/>
  <node id="6843943965" lat="43.6588015" lon="-70.2596766"/>
  <node id="6843943966" lat="43.6583319" lon="-70.2590509"/>
  <node id="6843943967" lat="43.6583631" lon="-70.2590933"/>
  <node id="6843943968" lat="43.6583758" lon="-70.2590301"/>
  <node id="6843943969" lat="43.6583922" lon="-70.2590523"/>
  <node id="6843965450" lat="43.6589059" lon="-70.2600644">
    <tag k="amenity" v="post_box"/>
    <tag k="operator" v="United States Postal Service"/>
    <tag k="operator:short" v="USPS"/>
    <tag k="operator:type" v="public"/>
    <tag k="operator:website" v="https://www.usps.com"/>
    <tag k="operator:wikidata" v="Q668687"/>
    <tag k="operator:wikipedia" v="en:United States Postal Service"/>
    <tag k="short_name" v="USPS"/>
  </node>
  <node id="6843965451" lat="43.6590735" lon="-70.2601623">
    <tag k="addr:city" v="Portland"/>
    <tag k="addr:housenumber" v="307"/>
    <tag k="addr:postcode" v="04101"/>
    <tag k="addr:state" v="ME"/>
    <tag k="addr:street" v="Cumberland Avenue"/>
    <tag k="name" v="Avesta Housing"/>
  </node>
  <node id="6843965452" lat="43.6590368" lon="-70.2602236">
    <tag k="addr:city" v="Portland"/>
    <tag k="addr:housenumber" v="309"/>
    <tag k="addr:postcode" v="04101"/>
    <tag k="addr:state" v="ME"/>
    <tag k="addr:street" v="Cumberland Avenue"/>
    <tag k="building" v="commercial"/>
  </node>
  <node id="6843965453" lat="43.6588231" lon="-70.2602091">
    <tag k="crossing" v="traffic_signals"/>
    <tag k="highway" v="crossing"/>
  </node>
  <node id="6843965454" lat="43.6588135" lon="-70.2600556">
    <tag k="crossing" v="traffic_signals"/>
    <tag k="highway" v="crossing"/>
  </node>
  <node id="6843965455" lat="43.6587302" lon="-70.2601961">
    <tag k="crossing" v="traffic_signals"/>
    <tag k="highway" v="crossing"/>
  </node>
  <node id="6843965456" lat="43.6588272" lon="-70.2600288">
    <tag k="highway" v="traffic_signals"/>
    <tag k="traffic_signals:direction" v="forward"/>
  </node>
  <node id="6843965457" lat="43.6587041" lon="-70.2600432">
    <tag k="highway" v="traffic_signals"/>
  </node>
  <node id="6843966708" lat="43.6591158" lon="-70.2607239">
    <tag k="amenity" v="parking_entrance"/>
  </node>
  <node id="6843966709" lat="43.6589023" lon="-70.2603075">
    <tag k="maxspeed" v="25 mph"/>
    <tag k="traffic_sign" v="maxspeed"/>
  </node>
  <node id="6843969042" lat="43.6595587" lon="-70.2611619">
    <tag k="crossing" v="uncontrolled"/>
    <tag k="highway" v="crossing"/>
  </node>
  <node id="6843969043" lat="43.6595536" lon="-70.2610466">
    <tag k="crossing" v="uncontrolled"/>
    <tag k="highway" v="crossing"/>
  </node>
  <node id="6843969044" lat="43.6594835" lon="-70.2611650">
    <tag k="crossing" v="uncontrolled"/>
    <tag k="highway" v="crossing"/>
  </node>
  <node id="6843969046" lat="43.6594302" lon="-70.2611451">
    <tag k="bonnet:colour" v="gray"/>
    <tag k="cap:colour" v="gray"/>
    <tag k="colour" v="yellow"/>
    <tag k="couplings" v="3"/>
    <tag k="emergency" v="fire_hydrant"/>
    <tag k="fire_hydrant:position" v="sidewalk"/>
    <tag k="fire_hydrant:type" v="pillar"/>
    <tag k="pillar:type" v="dry_barrel"/>
    <tag k="water_source" v="main"/>
  </node>
  <node id="6843969047" lat="43.6592972" lon="-70.2608208"/>
  <node id="6990981119" lat="43.6553128" lon="-70.2570509"/>
  <node id="6990981123" lat="43.6558979" lon="-70.2545089"/>
  <node id="6990981124" lat="43.6561091" lon="-70.2540414"/>
  <node id="6990981126" lat="43.6563240" lon="-70.2570430"/>
  <node id="6990981127" lat="43.6561031" lon="-70.2574069"/>
  <node id="6990981129" lat="43.6574439" lon="-70.2554334"/>
  <node id="6990981130" lat="43.6576491" lon="-70.2567184"/>
  <node id="6990981131" lat="43.6577768" lon="-70.2568876"/>
  <node id="6990981168" lat="43.6594533" lon="-70.2579703"/>
  <node id="6990981169" lat="43.6593812" lon="-70.2578713"/>
  <node id="6990981170" lat="43.6593216" lon="-70.2579541"/>
  <node id="6990981171" lat="43.6593937" lon="-70.2580531"/>
  <node id="6991007128" lat="43.6571150" lon="-70.2584113"/>
  <node id="6991007129" lat="43.6564763" lon="-70.2585977"/>
  <node id="6991007130" lat="43.6563521" lon="-70.2588032"/>
  <node id="6991007131" lat="43.6565083" lon="-70.2589878"/>
  <node id="6991007132" lat="43.6566359" lon="-70.2587820"/>
  <node id="6991007133" lat="43.6566881" lon="-70.2591983"/>
  <node id="6991007134" lat="43.6568099" lon="-70.2589995"/>
  <node id="6991007135" lat="43.6566301" lon="-70.2587891"/>
  <node id="6991007136" lat="43.6558170" lon="-70.2585051"/>
  <node id="6991007137" lat="43.6558160" lon="-70.2584662"/>
  <node id="6991007138" lat="43.6557578" lon="-70.2584018"/>
  <node id="6991007139" lat="43.6556560" lon="-70.2584246"/>
  <node id="6991007140" lat="43.6556142" lon="-70.2584957"/>
  <node id="6991007141" lat="43.6556142" lon="-70.2585199"/>
  <node id="7042939594" lat="43.6617845" lon="-70.2584429"/>
  <node id="7042939595" lat="43.6618642" lon="-70.2583153"/>
  <node id="7042939598" lat="43.6619752" lon="-70.2578797"/>
  <node id="7042939599" lat="43.6619030" lon="-70.2579997"/>
  <node id="7042939600" lat="43.6619516" lon="-70.2581682"/>
  <node id="7042939604" lat="43.6618375" lon="-70.2570915"/>
  <node id="7042939605" lat="43.6621085" lon="-70.2566625"/>
  <node id="7042939606" lat="43.6619040" lon="-70.2562575"/>
  <node id="7042939607" lat="43.6618518" lon="-70.2562335"/>
  <node id="7042939608" lat="43.6615676" lon="-70.2565021"/>
  <node id="7042939609" lat="43.6614785" lon="-70.2566333"/>
  <node id="7042939610" lat="43.6619778" lon="-70.2568733"/>
  <node id="7042939611" lat="43.6618849" lon="-70.2567519"/>
  <node id="7042939612" lat="43.6616879" lon="-70.2563884"/>
  <node id="7042939613" lat="43.6619938" lon="-70.2572314"/>
  <node id="7042939614" lat="43.6619326" lon="-70.2571563"/>
  <node id="7045455406" lat="43.6569689" lon="-70.2606805"/>
  <node id="7048145515" lat="43.6576275" lon="-70.2600709"/>
  <node id="7048145516" lat="43.6577832" lon="-70.2598265"/>
  <node id="7048145517" lat="43.6577909" lon="-70.2597842"/>
  <node id="7048145518" lat="43.6577823" lon="-70.2597326"/>
  <node id="7048145519" lat="43.6577574" lon="-70.2596890"/>
  <node id="7048145520" lat="43.6577258" lon="-70.2596638"/>
  <node id="7048145521" lat="43.6576885" lon="-70.2596585"/>
  <node id="7048145522" lat="43.6576445" lon="-70.2596744"/>
  <node id="7048145523" lat="43.6576043" lon="-70.2597128"/>
  <node id="7048145524" lat="43.6574831" lon="-70.2598815"/>
  <node id="7048145525" lat="43.6579002" lon="-70.2597517"/>
  <node id="7048145526" lat="43.6580133" lon="-70.2598539"/>
  <node id="7048145527" lat="43.6582105" lon="-70.2601206"/>
  <node id="7048145528" lat="43.6582541" lon="-70.2601406"/>
  <node id="7048145529" lat="43.6582947" lon="-70.2600985"/>
  <node id="7048145530" lat="43.6585078" lon="-70.2597798"/>
  <node id="7048145531" lat="43.6583520" lon="-70.2600127"/>
  <node id="7059016080" lat="43.6618244" lon="-70.2583791">
    <tag k="barrier" v="gate"/>
  </node>
  <node id="7130404150" lat="43.6623968" lon="-70.2565014"/>
  <node id="7171965049" lat="43.6582655" lon="-70.2558544">
    <tag k="addr:city" v="Portland"/>
    <tag k="addr:housenumber" v="102"/>
    <tag k="addr:postcode" v="04101"/>
    <tag k="addr:state" v="ME"/>
    <tag k="addr:street" v="Exchange Street"/>
    <tag k="building" v="commercial"/>
  </node>
  <node id="7171965054" lat="43.6575061" lon="-70.2594041">
    <tag k="addr:city" v="Portland"/>
    <tag k="addr:housenumber" v="465"/>
    <tag k="addr:postcode" v="04101"/>
    <tag k="addr:state" v="ME"/>
    <tag k="addr:street" v="Congress Street"/>
    <tag k="building" v="commercial"/>
  </node>
  <node id="7171965055" lat="43.6574328" lon="-70.2595203">
    <tag k="addr:city" v="Portland"/>
    <tag k="addr:housenumber" v="467"/>
    <tag k="addr:postcode" v="04101"/>
    <tag k="addr:state" v="ME"/>
    <tag k="addr:street" v="Congress Street"/>
  </node>
  <node id="7171965056" lat="43.6576263" lon="-70.2525671">
    <tag k="addr:city" v="Portland"/>
    <tag k="addr:housenumber" v="4"/>
    <tag k="addr:postcode" v="04101"/>
    <tag k="addr:state" v="ME"/>
    <tag k="addr:street" v="Milk Street"/>
    <tag k="building" v="commercial"/>
  </node>
  <node id="7171965059" lat="43.6612592" lon="-70.2546332">
    <tag k="addr:city" v="Portland"/>
    <tag k="addr:housenumber" v="115"/>
    <tag k="addr:postcode" v="04101"/>
    <tag k="addr:state" v="ME"/>
    <tag k="addr:street" v="Franklin Street"/>
  </node>
  <node id="7171965060" lat="43.6612282" lon="-70.2545891">
    <tag k="addr:city" v="Portland"/>
    <tag k="addr:housenumber" v="113"/>
    <tag k="addr:postcode" v="04101"/>
    <tag k="addr:state" v="ME"/>
    <tag k="addr:street" v="Franklin Street"/>
    <tag k="building" v="apartments"/>
  </node>
  <node id="7171965061" lat="43.6577199" lon="-70.2542929">
    <tag k="addr:city" v="Portland"/>
    <tag k="addr:housenumber" v="172"/>
    <tag k="addr:postcode" v="04101"/>
    <tag k="addr:state" v="ME"/>
    <tag k="addr:street" v="Middle Street"/>
    <tag k="check_date" v="2023-07-29"/>
    <tag k="name" v="The Salt Cellar"/>
    <tag k="shop" v="gift"/>
  </node>
  <node id="7171965062" lat="43.6584321" lon="-70.2603474">
    <tag k="addr:city" v="Portland"/>
    <tag k="addr:housenumber" v="320"/>
    <tag k="addr:postcode" v="04101"/>
    <tag k="addr:state" v="ME"/>
    <tag k="addr:street" v="Cumberland Avenue"/>
  </node>
  <node id="7171965075" lat="43.6608353" lon="-70.2530617">
    <tag k="addr:city" v="Portland"/>
    <tag k="addr:housenumber" v="60"/>
    <tag k="addr:postcode" v="04101"/>
    <tag k="addr:state" v="ME"/>
    <tag k="addr:street" v="Hampshire Street"/>
    <tag k="building" v="yes"/>
  </node>
  <node id="7171965076" lat="43.6608840" lon="-70.2531371">
    <tag k="addr:city" v="Portland"/>
    <tag k="addr:housenumber" v="62"/>
    <tag k="addr:postcode" v="04101"/>
    <tag k="addr:state" v="ME"/>
    <tag k="addr:street" v="Hampshire Street"/>
    <tag k="building" v="apartments"/>
  </node>
  <node id="7171965077" lat="43.6606153" lon="-70.2530013">
    <tag k="addr:city" v="Portland"/>
    <tag k="addr:housenumber" v="56"/>
    <tag k="addr:postcode" v="04101"/>
    <tag k="addr:state" v="ME"/>
    <tag k="addr:street" v="Hampshire Street"/>
  </node>
  <node id="7171973289" lat="43.6578451" lon="-70.2539606">
    <tag k="addr:city" v="Portland"/>
    <tag k="addr:housenumber" v="59"/>
    <tag k="addr:postcode" v="04101"/>
    <tag k="addr:state" v="ME"/>
    <tag k="addr:street" v="Market Street"/>
  </node>
  <node id="7171973290" lat="43.6577382" lon="-70.2538530">
    <tag k="addr:city" v="Portland"/>
    <tag k="addr:housenumber" v="55"/>
    <tag k="addr:postcode" v="04101"/>
    <tag k="addr:state" v="ME"/>
    <tag k="addr:street" v="Market Street"/>
  </node>
  <node id="7171973296" lat="43.6607223" lon="-70.2571955">
    <tag k="addr:city" v="Portland"/>
    <tag k="addr:housenumber" v="237"/>
    <tag k="addr:postcode" v="04101"/>
    <tag k="addr:state" v="ME"/>
    <tag k="addr:street" v="Cumberland Avenue"/>
  </node>
  <node id="7171973297" lat="43.6581880" lon="-70.2534841">
    <tag k="addr:city" v="Portland"/>
    <tag k="addr:housenumber" v="148"/>
    <tag k="addr:postcode" v="04101"/>
    <tag k="addr:state" v="ME"/>
    <tag k="addr:street" v="Middle Street"/>
    <tag k="building" v="commercial"/>
  </node>
  <node id="7171973312" lat="43.6586175" lon="-70.2557750">
    <tag k="addr:city" v="Portland"/>
    <tag k="addr:housenumber" v="107"/>
    <tag k="addr:postcode" v="04101"/>
    <tag k="addr:state" v="ME"/>
    <tag k="addr:street" v="Exchange Street"/>
  </node>
  <node id="7171973313" lat="43.6585689" lon="-70.2556933">
    <tag k="addr:city" v="Portland"/>
    <tag k="addr:housenumber" v="103"/>
    <tag k="addr:postcode" v="04101"/>
    <tag k="addr:state" v="ME"/>
    <tag k="addr:street" v="Exchange Street"/>
  </node>
  <node id="7171973314" lat="43.6585249" lon="-70.2556056">
    <tag k="addr:city" v="Portland"/>
    <tag k="addr:housenumber" v="101"/>
    <tag k="addr:postcode" v="04101"/>
    <tag k="addr:state" v="ME"/>
    <tag k="addr:street" v="Exchange Street"/>
  </node>
  <node id="7171973315" lat="43.6584099" lon="-70.2554110">
    <tag k="addr:city" v="Portland"/>
    <tag k="addr:housenumber" v="95"/>
    <tag k="addr:postcode" v="04101"/>
    <tag k="addr:state" v="ME"/>
    <tag k="addr:street" v="Exchange Street"/>
    <tag k="building" v="commercial"/>
  </node>
  <node id="7171973316" lat="43.6583349" lon="-70.2552792">
    <tag k="addr:city" v="Portland"/>
    <tag k="addr:housenumber" v="89"/>
    <tag k="addr:postcode" v="04101"/>
    <tag k="addr:state" v="ME"/>
    <tag k="addr:street" v="Exchange Street"/>
    <tag k="amenity" v="cafe"/>
    <tag k="cuisine" v="tea"/>
    <tag k="diet:vegan" v="yes"/>
    <tag k="diet:vegetarian" v="yes"/>
    <tag k="name" v="Dobra Tea"/>
    <tag k="opening_hours" v="Th 13:00-18:00; Fr,Sa 12:00-17:00"/>
    <tag k="phone" v="+1 207-370-1558"/>
    <tag k="website" v="https://www.dobrateame.com"/>
  </node>
  <node id="7171973317" lat="43.6583040" lon="-70.2552227">
    <tag k="addr:city" v="Portland"/>
    <tag k="addr:housenumber" v="87"/>
    <tag k="addr:postcode" v="04101"/>
    <tag k="addr:state" v="ME"/>
    <tag k="addr:street" v="Exchange Street"/>
  </node>
  <node id="7171973318" lat="43.6582235" lon="-70.2550907">
    <tag k="addr:city" v="Portland"/>
    <tag k="addr:housenumber" v="83"/>
    <tag k="addr:postcode" v="04101"/>
    <tag k="addr:state" v="ME"/>
    <tag k="addr:street" v="Exchange Street"/>
    <tag k="amenity" v="restaurant"/>
    <tag k="name" v="Black Cow Burgers &amp; Fries"/>
    <tag k="website" v="https://www.blackcowburgers.com/"/>
  </node>
  <node id="7171973367" lat="43.6575579" lon="-70.2546987">
    <tag k="addr:city" v="Portland"/>
    <tag k="addr:housenumber" v="178"/>
    <tag k="addr:postcode" v="04101"/>
    <tag k="addr:state" v="ME"/>
    <tag k="addr:street" v="Middle Street"/>
    <tag k="building" v="commercial"/>
  </node>
  <node id="7171973383" lat="43.6586670" lon="-70.2564848">
    <tag k="addr:city" v="Portland"/>
    <tag k="addr:housenumber" v="120"/>
    <tag k="addr:postcode" v="04101"/>
    <tag k="addr:state" v="ME"/>
    <tag k="addr:street" v="Exchange Street"/>
    <tag k="amenity" v="bank"/>
    <tag k="name" v="Norway Savings Bank"/>
  </node>
  <node id="7171973384" lat="43.6567199" lon="-70.2534345"/>
  <node id="7171973385" lat="43.6568151" lon="-70.2534679">
    <tag k="addr:city" v="Portland"/>
    <tag k="addr:housenumber" v="13"/>
    <tag k="addr:postcode" v="04101"/>
    <tag k="addr:state" v="ME"/>
    <tag k="addr:street" v="Exchange Street"/>
  </node>
  <node id="7171973386" lat="43.6568506" lon="-70.2535121">
    <tag k="addr:city" v="Portland"/>
    <tag k="addr:housenumber" v="15"/>
    <tag k="addr:postcode" v="04101"/>
    <tag k="addr:state" v="ME"/>
    <tag k="addr:street" v="Exchange Street"/>
  </node>
  <node id="7171973387" lat="43.6570120" lon="-70.2535712">
    <tag k="addr:city" v="Portland"/>
    <tag k="addr:housenumber" v="30"/>
    <tag k="addr:postcode" v="04101"/>
    <tag k="addr:state" v="ME"/>
    <tag k="addr:street" v="Milk Street"/>
    <tag k="building" v="commercial"/>
  </node>
  <node id="7171973388" lat="43.6568861" lon="-70.2535562">
    <tag k="addr:city" v="Portland"/>
    <tag k="addr:housenumber" v="17"/>
    <tag k="addr:postcode" v="04101"/>
    <tag k="addr:state" v="ME"/>
    <tag k="addr:street" v="Exchange Street"/>
  </node>
  <node id="7171973389" lat="43.6569307" lon="-70.2536005">
    <tag k="addr:city" v="Portland"/>
    <tag k="addr:housenumber" v="19"/>
    <tag k="addr:postcode" v="04101"/>
    <tag k="addr:state" v="ME"/>
    <tag k="addr:street" v="Exchange Street"/>
  </node>
  <node id="7171973390" lat="43.6569661" lon="-70.2536509">
    <tag k="addr:city" v="Portland"/>
    <tag k="addr:housenumber" v="21"/>
    <tag k="addr:postcode" v="04101"/>
    <tag k="addr:state" v="ME"/>
    <tag k="addr:street" v="Exchange Street"/>
  </node>
  <node id="7171973393" lat="43.6566731" lon="-70.2536820">
    <tag k="addr:city" v="Portland"/>
    <tag k="addr:housenumber" v="18"/>
    <tag k="addr:postcode" v="04101"/>
    <tag k="addr:state" v="ME"/>
    <tag k="addr:street" v="Exchange Street"/>
  </node>
  <node id="7171973398" lat="43.6590858" lon="-70.2549538">
    <tag k="addr:city" v="Portland"/>
    <tag k="addr:housenumber" v="156"/>
    <tag k="addr:postcode" v="04101"/>
    <tag k="addr:state" v="ME"/>
    <tag k="addr:street" v="Federal Street"/>
  </node>
  <node id="7171973404" lat="43.6567087" lon="-70.2537199">
    <tag k="addr:city" v="Portland"/>
    <tag k="addr:housenumber" v="22"/>
    <tag k="addr:postcode" v="04101"/>
    <tag k="addr:state" v="ME"/>
    <tag k="addr:street" v="Exchange Street"/>
  </node>
  <node id="7171973412" lat="43.6602702" lon="-70.2602370">
    <tag k="addr:city" v="Portland"/>
    <tag k="addr:housenumber" v="201"/>
    <tag k="addr:postcode" v="04101"/>
    <tag k="addr:state" v="ME"/>
    <tag k="addr:street" v="Oxford Street"/>
  </node>
  <node id="7171973417" lat="43.6576356" lon="-70.2525363">
    <tag k="addr:city" v="Portland"/>
    <tag k="addr:housenumber" v="2"/>
    <tag k="addr:postcode" v="04101"/>
    <tag k="addr:state" v="ME"/>
    <tag k="addr:street" v="Milk Street"/>
  </node>
  <node id="7171973494" lat="43.6578654" lon="-70.2566212">
    <tag k="addr:city" v="Portland"/>
    <tag k="addr:housenumber" v="23"/>
    <tag k="addr:postcode" v="04101"/>
    <tag k="addr:state" v="ME"/>
    <tag k="addr:street" v="Temple Street"/>
  </node>
  <node id="7171973502" lat="43.6580827" lon="-70.2536431">
    <tag k="addr:city" v="Portland"/>
    <tag k="addr:housenumber" v="152"/>
    <tag k="addr:postcode" v="04101"/>
    <tag k="addr:state" v="ME"/>
    <tag k="addr:street" v="Middle Street"/>
  </node>
  <node id="7171973518" lat="43.6594418" lon="-70.2528653">
    <tag k="addr:city" v="Portland"/>
    <tag k="addr:housenumber" v="188"/>
    <tag k="addr:postcode" v="04101"/>
    <tag k="addr:state" v="ME"/>
    <tag k="addr:street" v="Newbury Street West"/>
  </node>
  <node id="7171973523" lat="43.6579620" lon="-70.2576588">
    <tag k="addr:city" v="Portland"/>
    <tag k="addr:housenumber" v="225"/>
    <tag k="addr:postcode" v="04101"/>
    <tag k="addr:state" v="ME"/>
    <tag k="addr:street" v="Federal Street West"/>
    <tag k="amenity" v="fast_food"/>
    <tag k="cuisine" v="donut"/>
    <tag k="name" v="Eighty8 Donuts"/>
    <tag k="website" v="https://www.eighty8donuts.com/"/>
  </node>
  <node id="7171973525" lat="43.6577911" lon="-70.2564150">
    <tag k="addr:city" v="Portland"/>
    <tag k="addr:housenumber" v="19"/>
    <tag k="addr:postcode" v="04101"/>
    <tag k="addr:state" v="ME"/>
    <tag k="addr:street" v="Temple Street"/>
  </node>
  <node id="7171973533" lat="43.6585350" lon="-70.2534541">
    <tag k="addr:city" v="Portland"/>
    <tag k="addr:housenumber" v="145"/>
    <tag k="addr:postcode" v="04101"/>
    <tag k="addr:state" v="ME"/>
    <tag k="addr:street" v="Middle Street"/>
  </node>
  <node id="7171973534" lat="43.6583662" lon="-70.2536552">
    <tag k="addr:city" v="Portland"/>
    <tag k="addr:housenumber" v="145"/>
    <tag k="addr:postcode" v="04101"/>
    <tag k="addr:state" v="ME"/>
    <tag k="addr:street" v="Middle Street"/>
  </node>
  <node id="7171973537" lat="43.6567488" lon="-70.2537642">
    <tag k="addr:city" v="Portland"/>
    <tag k="addr:housenumber" v="24"/>
    <tag k="addr:postcode" v="04101"/>
    <tag k="addr:state" v="ME"/>
    <tag k="addr:street" v="Exchange Street"/>
  </node>
  <node id="7171973564" lat="43.6560039" lon="-70.2539471">
    <tag k="addr:city" v="Portland"/>
    <tag k="addr:housenumber" v="418"/>
    <tag k="addr:postcode" v="04101"/>
    <tag k="addr:state" v="ME"/>
    <tag k="addr:street" v="Fore Street"/>
  </node>
  <node id="7171973565" lat="43.6560791" lon="-70.2537905">
    <tag k="addr:city" v="Portland"/>
    <tag k="addr:housenumber" v="410"/>
    <tag k="addr:postcode" v="04101"/>
    <tag k="addr:state" v="ME"/>
    <tag k="addr:street" v="Fore Street"/>
  </node>
  <node id="7171973619" lat="43.6610598" lon="-70.2527005">
    <tag k="addr:city" v="Portland"/>
    <tag k="addr:housenumber" v="292"/>
    <tag k="addr:postcode" v="04101"/>
    <tag k="addr:state" v="ME"/>
    <tag k="addr:street" v="Congress Street"/>
  </node>
  <node id="7171973620" lat="43.6602302" lon="-70.2581402">
    <tag k="addr:city" v="Portland"/>
    <tag k="addr:housenumber" v="1"/>
    <tag k="addr:postcode" v="04101"/>
    <tag k="addr:state" v="ME"/>
    <tag k="addr:street" v="Stone Street"/>
  </node>
  <node id="7171973621" lat="43.6605415" lon="-70.2588970">
    <tag k="addr:city" v="Portland"/>
    <tag k="addr:housenumber" v="24"/>
    <tag k="addr:postcode" v="04101"/>
    <tag k="addr:state" v="ME"/>
    <tag k="addr:street" v="Stone Street"/>
  </node>
  <node id="7171973622" lat="43.6604172" lon="-70.2587456">
    <tag k="addr:city" v="Portland"/>
    <tag k="addr:housenumber" v="18"/>
    <tag k="addr:postcode" v="04101"/>
    <tag k="addr:state" v="ME"/>
    <tag k="addr:street" v="Stone Street"/>
    <tag k="addr:unit" v="A"/>
  </node>
  <node id="7171973623" lat="43.6606794" lon="-70.2590487">
    <tag k="addr:city" v="Portland"/>
    <tag k="addr:housenumber" v="176"/>
    <tag k="addr:postcode" v="04101"/>
    <tag k="addr:state" v="ME"/>
    <tag k="addr:street" v="Oxford Street"/>
    <tag k="addr:unit" v="A"/>
  </node>
  <node id="7171973624" lat="43.6606382" lon="-70.2591099">
    <tag k="addr:city" v="Portland"/>
    <tag k="addr:housenumber" v="178"/>
    <tag k="addr:postcode" v="04101"/>
    <tag k="addr:state" v="ME"/>
    <tag k="addr:street" v="Oxford Street"/>
    <tag k="addr:unit" v="A"/>
  </node>
  <node id="7171973625" lat="43.6606016" lon="-70.2591711">
    <tag k="addr:city" v="Portland"/>
    <tag k="addr:housenumber" v="180"/>
    <tag k="addr:postcode" v="04101"/>
    <tag k="addr:state" v="ME"/>
    <tag k="addr:street" v="Oxford Street"/>
    <tag k="addr:unit" v="A"/>
  </node>
  <node id="7171973626" lat="43.6605235" lon="-70.2593059">
    <tag k="addr:city" v="Portland"/>
    <tag k="addr:housenumber" v="184"/>
    <tag k="addr:postcode" v="04101"/>
    <tag k="addr:state" v="ME"/>
    <tag k="addr:street" v="Oxford Street"/>
    <tag k="addr:unit" v="A"/>
  </node>
  <node id="7171973627" lat="43.6605603" lon="-70.2592385">
    <tag k="addr:city" v="Portland"/>
    <tag k="addr:housenumber" v="182"/>
    <tag k="addr:postcode" v="04101"/>
    <tag k="addr:state" v="ME"/>
    <tag k="addr:street" v="Oxford Street"/>
    <tag k="addr:unit" v="A"/>
  </node>
  <node id="7171973628" lat="43.6609550" lon="-70.2585522">
    <tag k="addr:city" v="Portland"/>
    <tag k="addr:housenumber" v="63"/>
    <tag k="addr:postcode" v="04101"/>
    <tag k="addr:state" v="ME"/>
    <tag k="addr:street" v="Myrtle Street"/>
  </node>
  <node id="7171973629" lat="43.6586616" lon="-70.2579090">
    <tag k="addr:city" v="Portland"/>
    <tag k="addr:housenumber" v="417"/>
    <tag k="addr:postcode" v="04101"/>
    <tag k="addr:state" v="ME"/>
    <tag k="addr:street" v="Congress Street"/>
  </node>
  <node id="7171973630" lat="43.6582152" lon="-70.2583771">
    <tag k="addr:city" v="Portland"/>
    <tag k="addr:housenumber" v="431"/>
    <tag k="addr:postcode" v="04101"/>
    <tag k="addr:state" v="ME"/>
    <tag k="addr:street" v="Congress Street"/>
  </node>
  <node id="7171973631" lat="43.6581651" lon="-70.2584381">
    <tag k="addr:city" v="Portland"/>
    <tag k="addr:housenumber" v="435"/>
    <tag k="addr:postcode" v="04101"/>
    <tag k="addr:state" v="ME"/>
    <tag k="addr:street" v="Congress Street"/>
  </node>
  <node id="7171973632" lat="43.6580143" lon="-70.2586334">
    <tag k="addr:city" v="Portland"/>
    <tag k="addr:housenumber" v="441"/>
    <tag k="addr:postcode" v="04101"/>
    <tag k="addr:state" v="ME"/>
    <tag k="addr:street" v="Congress Street"/>
  </node>
  <node id="7171973950" lat="43.6554645" lon="-70.2546671">
    <tag k="addr:city" v="Portland"/>
    <tag k="addr:housenumber" v="52"/>
    <tag k="addr:postcode" v="04101"/>
    <tag k="addr:state" v="ME"/>
    <tag k="addr:street" v="Wharf Street"/>
  </node>
  <node id="7171973951" lat="43.6554788" lon="-70.2546272">
    <tag k="addr:city" v="Portland"/>
    <tag k="addr:housenumber" v="50"/>
    <tag k="addr:postcode" v="04101"/>
    <tag k="addr:state" v="ME"/>
    <tag k="addr:street" v="Wharf Street"/>
  </node>
  <node id="7171973952" lat="43.6555112" lon="-70.2545486">
    <tag k="addr:city" v="Portland"/>
    <tag k="addr:housenumber" v="48"/>
    <tag k="addr:postcode" v="04101"/>
    <tag k="addr:state" v="ME"/>
    <tag k="addr:street" v="Wharf Street"/>
  </node>
  <node id="7171973953" lat="43.6555464" lon="-70.2544551">
    <tag k="addr:city" v="Portland"/>
    <tag k="addr:housenumber" v="46"/>
    <tag k="addr:postcode" v="04101"/>
    <tag k="addr:state" v="ME"/>
    <tag k="addr:street" v="Wharf Street"/>
  </node>
  <node id="7171973954" lat="43.6555820" lon="-70.2543602">
    <tag k="addr:city" v="Portland"/>
    <tag k="addr:housenumber" v="44"/>
    <tag k="addr:postcode" v="04101"/>
    <tag k="addr:state" v="ME"/>
    <tag k="addr:street" v="Wharf Street"/>
  </node>
  <node id="7171973955" lat="43.6557642" lon="-70.2540537">
    <tag k="addr:city" v="Portland"/>
    <tag k="addr:housenumber" v="36"/>
    <tag k="addr:postcode" v="04101"/>
    <tag k="addr:state" v="ME"/>
    <tag k="addr:street" v="Wharf Street"/>
  </node>
  <node id="7171973956" lat="43.6558493" lon="-70.2540927">
    <tag k="addr:city" v="Portland"/>
    <tag k="addr:housenumber" v="35"/>
    <tag k="addr:postcode" v="04101"/>
    <tag k="addr:state" v="ME"/>
    <tag k="addr:street" v="Wharf Street"/>
  </node>
  <node id="7171973957" lat="43.6557889" lon="-70.2542589">
    <tag k="addr:city" v="Portland"/>
    <tag k="addr:housenumber" v="37"/>
    <tag k="addr:postcode" v="04101"/>
    <tag k="addr:state" v="ME"/>
    <tag k="addr:street" v="Wharf Street"/>
  </node>
  <node id="7171973958" lat="43.6557107" lon="-70.2544122">
    <tag k="addr:city" v="Portland"/>
    <tag k="addr:housenumber" v="43"/>
    <tag k="addr:postcode" v="04101"/>
    <tag k="addr:state" v="ME"/>
    <tag k="addr:street" v="Wharf Street"/>
  </node>
  <node id="7171973959" lat="43.6556324" lon="-70.2545718">
    <tag k="addr:city" v="Portland"/>
    <tag k="addr:housenumber" v="45"/>
    <tag k="addr:postcode" v="04101"/>
    <tag k="addr:state" v="ME"/>
    <tag k="addr:street" v="Wharf Street"/>
  </node>
  <node id="7171973960" lat="43.6555910" lon="-70.2546578">
    <tag k="addr:city" v="Portland"/>
    <tag k="addr:housenumber" v="47"/>
    <tag k="addr:postcode" v="04101"/>
    <tag k="addr:state" v="ME"/>
    <tag k="addr:street" v="Wharf Street"/>
  </node>
  <node id="7171973968" lat="43.6557385" lon="-70.2543446">
    <tag k="addr:city" v="Portland"/>
    <tag k="addr:housenumber" v="41"/>
    <tag k="addr:postcode" v="04101"/>
    <tag k="addr:state" v="ME"/>
    <tag k="addr:street" v="Wharf Street"/>
  </node>
  <node id="7171973994" lat="43.6595948" lon="-70.2582013">
    <tag k="addr:city" v="Portland"/>
    <tag k="addr:housenumber" v="21"/>
    <tag k="addr:postcode" v="04101"/>
    <tag k="addr:state" v="ME"/>
    <tag k="addr:street" v="Chestnut Street"/>
    <tag k="building" v="apartments"/>
  </node>
  <node id="7171973995" lat="43.6596756" lon="-70.2582216">
    <tag k="addr:city" v="Portland"/>
    <tag k="addr:housenumber" v="270"/>
    <tag k="addr:postcode" v="04101"/>
    <tag k="addr:state" v="ME"/>
    <tag k="addr:street" v="Cumberland Avenue"/>
  </node>
  <node id="7171973996" lat="43.6597952" lon="-70.2579885">
    <tag k="addr:city" v="Portland"/>
    <tag k="addr:housenumber" v="266"/>
    <tag k="addr:postcode" v="04101"/>
    <tag k="addr:state" v="ME"/>
    <tag k="addr:street" v="Cumberland Avenue"/>
  </node>
  <node id="7171973997" lat="43.6558704" lon="-70.2550418">
    <tag k="addr:city" v="Portland"/>
    <tag k="addr:housenumber" v="443"/>
    <tag k="addr:postcode" v="04101"/>
    <tag k="addr:state" v="ME"/>
    <tag k="addr:street" v="Fore Street"/>
  </node>
  <node id="7171974019" lat="43.6570720" lon="-70.2534423">
    <tag k="addr:city" v="Portland"/>
    <tag k="addr:housenumber" v="26"/>
    <tag k="addr:postcode" v="04101"/>
    <tag k="addr:state" v="ME"/>
    <tag k="addr:street" v="Milk Street"/>
    <tag k="name" v="Waterlily Handmade"/>
    <tag k="shop" v="jewelry"/>
  </node>
  <node id="7171974024" lat="43.6593690" lon="-70.2594864">
    <tag k="addr:city" v="Portland"/>
    <tag k="addr:housenumber" v="291"/>
    <tag k="addr:postcode" v="04101"/>
    <tag k="addr:state" v="ME"/>
    <tag k="addr:street" v="Cumberland Avenue"/>
    <tag k="building" v="apartments"/>
  </node>
  <node id="7171974030" lat="43.6568517" lon="-70.2529974">
    <tag k="addr:city" v="Portland"/>
    <tag k="addr:housenumber" v="28"/>
    <tag k="addr:postcode" v="04101"/>
    <tag k="addr:state" v="ME"/>
    <tag k="addr:street" v="Market Street"/>
  </node>
  <node id="7171974033" lat="43.6570951" lon="-70.2533869">
    <tag k="addr:city" v="Portland"/>
    <tag k="addr:housenumber" v="24"/>
    <tag k="addr:postcode" v="04101"/>
    <tag k="addr:state" v="ME"/>
    <tag k="addr:street" v="Milk Street"/>
  </node>
  <node id="7171974037" lat="43.6567887" lon="-70.2538146">
    <tag k="addr:city" v="Portland"/>
    <tag k="addr:housenumber" v="26"/>
    <tag k="addr:postcode" v="04101"/>
    <tag k="addr:state" v="ME"/>
    <tag k="addr:street" v="Exchange Street"/>
  </node>
  <node id="7171974040" lat="43.6559415" lon="-70.2538900">
    <tag k="addr:city" v="Portland"/>
    <tag k="addr:housenumber" v="29"/>
    <tag k="addr:postcode" v="04101"/>
    <tag k="addr:state" v="ME"/>
    <tag k="addr:street" v="Wharf Street"/>
  </node>
  <node id="7171974041" lat="43.6603473" lon="-70.2577334">
    <tag k="addr:city" v="Portland"/>
    <tag k="addr:housenumber" v="253"/>
    <tag k="addr:postcode" v="04101"/>
    <tag k="addr:state" v="ME"/>
    <tag k="addr:street" v="Cumberland Avenue"/>
    <tag k="building" v="apartments"/>
  </node>
  <node id="7171974042" lat="43.6568110" lon="-70.2538399">
    <tag k="addr:city" v="Portland"/>
    <tag k="addr:housenumber" v="28"/>
    <tag k="addr:postcode" v="04101"/>
    <tag k="addr:state" v="ME"/>
    <tag k="addr:street" v="Exchange Street"/>
  </node>
  <node id="7171974047" lat="43.6579314" lon="-70.2567652">
    <tag k="addr:city" v="Portland"/>
    <tag k="addr:housenumber" v="25"/>
    <tag k="addr:postcode" v="04101"/>
    <tag k="addr:state" v="ME"/>
    <tag k="addr:street" v="Temple Street"/>
  </node>
  <node id="7171974049" lat="43.6563148" lon="-70.2531041">
    <tag k="addr:city" v="Portland"/>
    <tag k="addr:housenumber" v="3"/>
    <tag k="addr:postcode" v="04101"/>
    <tag k="addr:state" v="ME"/>
    <tag k="addr:street" v="Wharf Street"/>
  </node>
  <node id="7171974151" lat="43.6602175" lon="-70.2584810">
    <tag k="addr:city" v="Portland"/>
    <tag k="addr:housenumber" v="10"/>
    <tag k="addr:postcode" v="04101"/>
    <tag k="addr:state" v="ME"/>
    <tag k="addr:street" v="Stone Street"/>
  </node>
  <node id="7171974158" lat="43.6596186" lon="-70.2597211">
    <tag k="addr:city" v="Portland"/>
    <tag k="addr:housenumber" v="9"/>
    <tag k="addr:postcode" v="04101"/>
    <tag k="addr:state" v="ME"/>
    <tag k="addr:street" v="Cedar Street"/>
    <tag k="building" v="apartments"/>
  </node>
  <node id="7171974272" lat="43.6616860" lon="-70.2571722">
    <tag k="addr:city" v="Portland"/>
    <tag k="addr:housenumber" v="58"/>
    <tag k="addr:postcode" v="04101"/>
    <tag k="addr:state" v="ME"/>
    <tag k="addr:street" v="Wilmot Street"/>
  </node>
  <node id="7171974273" lat="43.6617010" lon="-70.2574516">
    <tag k="addr:city" v="Portland"/>
    <tag k="addr:housenumber" v="136"/>
    <tag k="addr:postcode" v="04101"/>
    <tag k="addr:state" v="ME"/>
    <tag k="addr:street" v="Oxford Street"/>
  </node>
  <node id="7171974274" lat="43.6616282" lon="-70.2571090">
    <tag k="addr:city" v="Portland"/>
    <tag k="addr:housenumber" v="56"/>
    <tag k="addr:postcode" v="04101"/>
    <tag k="addr:state" v="ME"/>
    <tag k="addr:street" v="Wilmot Street"/>
    <tag k="building" v="apartments"/>
  </node>
  <node id="7171974277" lat="43.6569804" lon="-70.2531675">
    <tag k="addr:city" v="Portland"/>
    <tag k="addr:housenumber" v="36"/>
    <tag k="addr:postcode" v="04101"/>
    <tag k="addr:state" v="ME"/>
    <tag k="addr:street" v="Market Street"/>
  </node>
  <node id="7171974293" lat="43.6615216" lon="-70.2569765">
    <tag k="addr:city" v="Portland"/>
    <tag k="addr:housenumber" v="52"/>
    <tag k="addr:postcode" v="04101"/>
    <tag k="addr:state" v="ME"/>
    <tag k="addr:street" v="Wilmot Street"/>
    <tag k="building" v="apartments"/>
  </node>
  <node id="7171974294" lat="43.6615446" lon="-70.2573429">
    <tag k="addr:city" v="Portland"/>
    <tag k="addr:housenumber" v="138"/>
    <tag k="addr:postcode" v="04101"/>
    <tag k="addr:state" v="ME"/>
    <tag k="addr:street" v="Oxford Street"/>
  </node>
  <node id="7171974295" lat="43.6614279" lon="-70.2569002">
    <tag k="addr:city" v="Portland"/>
    <tag k="addr:housenumber" v="50"/>
    <tag k="addr:postcode" v="04101"/>
    <tag k="addr:state" v="ME"/>
    <tag k="addr:street" v="Wilmot Street"/>
    <tag k="building" v="apartments"/>
  </node>
  <node id="7171974296" lat="43.6613564" lon="-70.2568491">
    <tag k="addr:city" v="Portland"/>
    <tag k="addr:housenumber" v="48"/>
    <tag k="addr:postcode" v="04101"/>
    <tag k="addr:state" v="ME"/>
    <tag k="addr:street" v="Wilmot Street"/>
    <tag k="building" v="apartments"/>
  </node>
  <node id="7171974303" lat="43.6611670" lon="-70.2564730">
    <tag k="addr:city" v="Portland"/>
    <tag k="addr:housenumber" v="223"/>
    <tag k="addr:postcode" v="04101"/>
    <tag k="addr:state" v="ME"/>
    <tag k="addr:street" v="Cumberland Avenue"/>
    <tag k="building" v="apartments"/>
  </node>
  <node id="7171974305" lat="43.6611201" lon="-70.2566457">
    <tag k="addr:city" v="Portland"/>
    <tag k="addr:housenumber" v="227"/>
    <tag k="addr:postcode" v="04101"/>
    <tag k="addr:state" v="ME"/>
    <tag k="addr:street" v="Cumberland Avenue"/>
    <tag k="building" v="apartments"/>
  </node>
  <node id="7171974306" lat="43.6610834" lon="-70.2567007">
    <tag k="addr:city" v="Portland"/>
    <tag k="addr:housenumber" v="229"/>
    <tag k="addr:postcode" v="04101"/>
    <tag k="addr:state" v="ME"/>
    <tag k="addr:street" v="Cumberland Avenue"/>
    <tag k="building" v="apartments"/>
  </node>
  <node id="7171974307" lat="43.6610732" lon="-70.2535646"/>
  <node id="7171974310" lat="43.6610153" lon="-70.2571644">
    <tag k="addr:city" v="Portland"/>
    <tag k="addr:housenumber" v="147"/>
    <tag k="addr:postcode" v="04101"/>
    <tag k="addr:state" v="ME"/>
    <tag k="addr:street" v="Pearl Street"/>
    <tag k="building" v="apartments"/>
  </node>
  <node id="7171974311" lat="43.6609364" lon="-70.2532845"/>
  <node id="7171974336" lat="43.6607438" lon="-70.2605569">
    <tag k="addr:city" v="Portland"/>
    <tag k="addr:housenumber" v="1"/>
    <tag k="addr:postcode" v="04101"/>
    <tag k="addr:state" v="ME"/>
    <tag k="addr:street" v="Hall Court"/>
  </node>
  <node id="7171974337" lat="43.6607130" lon="-70.2572263">
    <tag k="addr:city" v="Portland"/>
    <tag k="addr:housenumber" v="239"/>
    <tag k="addr:postcode" v="04101"/>
    <tag k="addr:state" v="ME"/>
    <tag k="addr:street" v="Cumberland Avenue"/>
  </node>
  <node id="7171974340" lat="43.6605820" lon="-70.2601319">
    <tag k="addr:city" v="Portland"/>
    <tag k="addr:housenumber" v="72"/>
    <tag k="addr:postcode" v="04101"/>
    <tag k="addr:state" v="ME"/>
    <tag k="addr:street" v="Chestnut Street"/>
  </node>
  <node id="7171974343" lat="43.6604727" lon="-70.2524588">
    <tag k="addr:city" v="Portland"/>
    <tag k="addr:housenumber" v="96"/>
    <tag k="addr:postcode" v="04101"/>
    <tag k="addr:state" v="ME"/>
    <tag k="addr:street" v="Federal Street East"/>
  </node>
  <node id="7171974345" lat="43.6603702" lon="-70.2576966">
    <tag k="addr:city" v="Portland"/>
    <tag k="addr:housenumber" v="251"/>
    <tag k="addr:postcode" v="04101"/>
    <tag k="addr:state" v="ME"/>
    <tag k="addr:street" v="Cumberland Avenue"/>
    <tag k="building" v="apartments"/>
  </node>
  <node id="7171974348" lat="43.6604289" lon="-70.2523463">
    <tag k="addr:city" v="Portland"/>
    <tag k="addr:housenumber" v="42"/>
    <tag k="addr:postcode" v="04101"/>
    <tag k="addr:state" v="ME"/>
    <tag k="addr:street" v="Hampshire Street"/>
  </node>
  <node id="7171974349" lat="43.6603815" lon="-70.2525624">
    <tag k="addr:city" v="Portland"/>
    <tag k="addr:housenumber" v="100"/>
    <tag k="addr:postcode" v="04101"/>
    <tag k="addr:state" v="ME"/>
    <tag k="addr:street" v="Federal Street East"/>
  </node>
  <node id="7171974351" lat="43.6603433" lon="-70.2601331">
    <tag k="addr:city" v="Portland"/>
    <tag k="addr:housenumber" v="197"/>
    <tag k="addr:postcode" v="04101"/>
    <tag k="addr:state" v="ME"/>
    <tag k="addr:street" v="Oxford Street"/>
  </node>
  <node id="7171974354" lat="43.6603535" lon="-70.2522455">
    <tag k="addr:city" v="Portland"/>
    <tag k="addr:housenumber" v="36"/>
    <tag k="addr:postcode" v="04101"/>
    <tag k="addr:state" v="ME"/>
    <tag k="addr:street" v="Hampshire Street"/>
  </node>
  <node id="7171974355" lat="43.6602378" lon="-70.2603169">
    <tag k="addr:city" v="Portland"/>
    <tag k="addr:housenumber" v="203"/>
    <tag k="addr:postcode" v="04101"/>
    <tag k="addr:state" v="ME"/>
    <tag k="addr:street" v="Oxford Street"/>
  </node>
  <node id="7171974356" lat="43.6601893" lon="-70.2597839">
    <tag k="addr:city" v="Portland"/>
    <tag k="addr:housenumber" v="190"/>
    <tag k="addr:postcode" v="04101"/>
    <tag k="addr:state" v="ME"/>
    <tag k="addr:street" v="Oxford Street"/>
  </node>
  <node id="7171974358" lat="43.6601653" lon="-70.2521672">
    <tag k="addr:city" v="Portland"/>
    <tag k="addr:housenumber" v="167"/>
    <tag k="addr:postcode" v="04101"/>
    <tag k="addr:state" v="ME"/>
    <tag k="addr:street" v="Newbury Street"/>
    <tag k="building" v="apartments"/>
  </node>
  <node id="7171974359" lat="43.6602075" lon="-70.2520130">
    <tag k="addr:city" v="Portland"/>
    <tag k="addr:housenumber" v="32"/>
    <tag k="addr:postcode" v="04101"/>
    <tag k="addr:state" v="ME"/>
    <tag k="addr:street" v="Hampshire Street"/>
  </node>
  <node id="7171974361" lat="43.6600451" lon="-70.2596054"/>
  <node id="7171974362" lat="43.6602081" lon="-70.2598699"/>
  <node id="7171974363" lat="43.6603218" lon="-70.2524724"/>
  <node id="7171974369" lat="43.6599811" lon="-70.2607270">
    <tag k="addr:city" v="Portland"/>
    <tag k="addr:housenumber" v="215"/>
    <tag k="addr:postcode" v="04101"/>
    <tag k="addr:state" v="ME"/>
    <tag k="addr:street" v="Oxford Street"/>
  </node>
  <node id="7171974370" lat="43.6599661" lon="-70.2518530">
    <tag k="addr:city" v="Portland"/>
    <tag k="addr:housenumber" v="160"/>
    <tag k="addr:postcode" v="04101"/>
    <tag k="addr:state" v="ME"/>
    <tag k="addr:street" v="Newbury Street"/>
    <tag k="building" v="apartments"/>
  </node>
  <node id="7171974377" lat="43.6597790" lon="-70.2598732">
    <tag k="addr:city" v="Portland"/>
    <tag k="addr:housenumber" v="15"/>
    <tag k="addr:postcode" v="04101"/>
    <tag k="addr:state" v="ME"/>
    <tag k="addr:street" v="Cedar Street"/>
  </node>
  <node id="7171974379" lat="43.6597081" lon="-70.2597663">
    <tag k="addr:city" v="Portland"/>
    <tag k="addr:housenumber" v="11"/>
    <tag k="addr:postcode" v="04101"/>
    <tag k="addr:state" v="ME"/>
    <tag k="addr:street" v="Cedar Street"/>
  </node>
  <node id="7171974380" lat="43.6594682" lon="-70.2537464">
    <tag k="addr:city" v="Portland"/>
    <tag k="addr:housenumber" v="124"/>
    <tag k="addr:postcode" v="04101"/>
    <tag k="addr:state" v="ME"/>
    <tag k="addr:street" v="Federal Street"/>
  </node>
  <node id="7171974410" lat="43.6584121" lon="-70.2613453">
    <tag k="addr:city" v="Portland"/>
    <tag k="addr:housenumber" v="331"/>
    <tag k="addr:postcode" v="04101"/>
    <tag k="addr:state" v="ME"/>
    <tag k="addr:street" v="Cumberland Avenue"/>
  </node>
  <node id="7171974414" lat="43.6581423" lon="-70.2535451">
    <tag k="addr:city" v="Portland"/>
    <tag k="addr:housenumber" v="150"/>
    <tag k="addr:postcode" v="04101"/>
    <tag k="addr:state" v="ME"/>
    <tag k="addr:street" v="Middle Street"/>
    <tag k="building" v="apartments"/>
  </node>
  <node id="7171974416" lat="43.6580440" lon="-70.2555274">
    <tag k="addr:city" v="Portland"/>
    <tag k="addr:housenumber" v="88"/>
    <tag k="addr:postcode" v="04101"/>
    <tag k="addr:state" v="ME"/>
    <tag k="addr:street" v="Exchange Street"/>
    <tag k="building" v="apartments"/>
  </node>
  <node id="7171974417" lat="43.6579207" lon="-70.2552768">
    <tag k="addr:city" v="Portland"/>
    <tag k="addr:housenumber" v="80"/>
    <tag k="addr:postcode" v="04101"/>
    <tag k="addr:state" v="ME"/>
    <tag k="addr:street" v="Exchange Street"/>
    <tag k="building" v="commercial"/>
  </node>
  <node id="7171974418" lat="43.6576075" lon="-70.2518164">
    <tag k="addr:city" v="Portland"/>
    <tag k="addr:housenumber" v="25"/>
    <tag k="addr:postcode" v="04101"/>
    <tag k="addr:state" v="ME"/>
    <tag k="addr:street" v="Pearl Street"/>
    <tag k="building" v="commercial"/>
  </node>
  <node id="7171974419" lat="43.6578565" lon="-70.2607012">
    <tag k="addr:city" v="Portland"/>
    <tag k="addr:housenumber" v="28"/>
    <tag k="addr:postcode" v="04101"/>
    <tag k="addr:state" v="ME"/>
    <tag k="addr:street" v="Preble Street"/>
  </node>
  <node id="7171974427" lat="43.6588234" lon="-70.2607896">
    <tag k="addr:city" v="Portland"/>
    <tag k="addr:housenumber" v="315"/>
    <tag k="addr:postcode" v="04101"/>
    <tag k="addr:state" v="ME"/>
    <tag k="addr:street" v="Cumberland Avenue"/>
  </node>
  <node id="7171974451" lat="43.6572693" lon="-70.2548570">
    <tag k="addr:city" v="Portland"/>
    <tag k="addr:housenumber" v="182"/>
    <tag k="addr:postcode" v="04101"/>
    <tag k="addr:state" v="ME"/>
    <tag k="addr:street" v="Middle Street"/>
    <tag k="addr:unit" v="Rear"/>
  </node>
  <node id="7171974455" lat="43.6570679" lon="-70.2521710">
    <tag k="addr:city" v="Portland"/>
    <tag k="addr:housenumber" v="341"/>
    <tag k="addr:postcode" v="04101"/>
    <tag k="addr:state" v="ME"/>
    <tag k="addr:street" v="Fore Street"/>
    <tag k="building" v="yes"/>
  </node>
  <node id="7171974457" lat="43.6570957" lon="-70.2533249">
    <tag k="addr:city" v="Portland"/>
    <tag k="addr:housenumber" v="42"/>
    <tag k="addr:postcode" v="04101"/>
    <tag k="addr:state" v="ME"/>
    <tag k="addr:street" v="Market Street"/>
  </node>
  <node id="7171974467" lat="43.6567140" lon="-70.2528333">
    <tag k="addr:city" v="Portland"/>
    <tag k="addr:housenumber" v="363"/>
    <tag k="addr:postcode" v="04101"/>
    <tag k="addr:state" v="ME"/>
    <tag k="addr:street" v="Fore Street"/>
    <tag k="alcohol" v="yes"/>
    <tag k="amenity" v="restaurant"/>
    <tag k="cuisine" v="grilled_cheese"/>
    <tag k="diet:gluten_free" v="yes"/>
    <tag k="diet:vegan" v="yes"/>
    <tag k="name" v="Cheese Louise"/>
    <tag k="opening_hours" v="Su-Th 11:00-21:00; Fr,Sa 11:00-13:00"/>
    <tag k="outdoor_seating" v="yes"/>
    <tag k="phone" v="+1-207-536-0257"/>
    <tag k="website" v="https://www.eatcheeselouise.com/"/>
  </node>
  <node id="7171974471" lat="43.6565231" lon="-70.2595509">
    <tag k="addr:city" v="Portland"/>
    <tag k="addr:housenumber" v="482"/>
    <tag k="addr:postcode" v="04101"/>
    <tag k="addr:state" v="ME"/>
    <tag k="addr:street" v="Congress Street"/>
    <tag k="building" v="commercial"/>
  </node>
  <node id="7171974474" lat="43.6566204" lon="-70.2531538">
    <tag k="addr:city" v="Portland"/>
    <tag k="addr:housenumber" v="379"/>
    <tag k="addr:postcode" v="04101"/>
    <tag k="addr:state" v="ME"/>
    <tag k="addr:street" v="Fore Street"/>
  </node>
  <node id="7171974554" lat="43.6558632" lon="-70.2536403">
    <tag k="addr:city" v="Portland"/>
    <tag k="addr:housenumber" v="10"/>
    <tag k="addr:postcode" v="04101"/>
    <tag k="addr:state" v="ME"/>
    <tag k="addr:street" v="Dana Street"/>
  </node>
  <node id="7171974556" lat="43.6557698" lon="-70.2539546">
    <tag k="addr:city" v="Portland"/>
    <tag k="addr:housenumber" v="34"/>
    <tag k="addr:postcode" v="04101"/>
    <tag k="addr:state" v="ME"/>
    <tag k="addr:street" v="Wharf Street"/>
  </node>
  <node id="7171974808" lat="43.6565578" lon="-70.2527061">
    <tag k="addr:city" v="Portland"/>
    <tag k="addr:housenumber" v="366"/>
    <tag k="addr:postcode" v="04101"/>
    <tag k="addr:state" v="ME"/>
    <tag k="addr:street" v="Fore Street"/>
  </node>
  <node id="7171974811" lat="43.6564261" lon="-70.2528088">
    <tag k="addr:city" v="Portland"/>
    <tag k="addr:housenumber" v="11"/>
    <tag k="addr:postcode" v="04101"/>
    <tag k="addr:state" v="ME"/>
    <tag k="addr:street" v="Moulton Street"/>
  </node>
  <node id="7171974812" lat="43.6565482" lon="-70.2527555">
    <tag k="addr:city" v="Portland"/>
    <tag k="addr:housenumber" v="368"/>
    <tag k="addr:postcode" v="04101"/>
    <tag k="addr:state" v="ME"/>
    <tag k="addr:street" v="Fore Street"/>
  </node>
  <node id="7171974813" lat="43.6565154" lon="-70.2528788">
    <tag k="addr:city" v="Portland"/>
    <tag k="addr:housenumber" v="376"/>
    <tag k="addr:postcode" v="04101"/>
    <tag k="addr:state" v="ME"/>
    <tag k="addr:street" v="Fore Street"/>
  </node>
  <node id="7171974814" lat="43.6565340" lon="-70.2528234">
    <tag k="addr:city" v="Portland"/>
    <tag k="addr:housenumber" v="370"/>
    <tag k="addr:postcode" v="04101"/>
    <tag k="addr:state" v="ME"/>
    <tag k="addr:street" v="Fore Street"/>
    <tag k="check_date" v="2023-07-29"/>
    <tag k="name" v="Silver Therapeutics"/>
    <tag k="shop" v="cannabis"/>
  </node>
  <node id="7171974815" lat="43.6563731" lon="-70.2531239">
    <tag k="addr:city" v="Portland"/>
    <tag k="addr:housenumber" v="12"/>
    <tag k="addr:postcode" v="04101"/>
    <tag k="addr:state" v="ME"/>
    <tag k="addr:street" v="Moulton Street"/>
    <tag k="amenity" v="ice_cream"/>
    <tag k="check_date" v="2023-07-29"/>
    <tag k="name" v="Beal's Ice Cream"/>
  </node>
  <node id="7171974818" lat="43.6562385" lon="-70.2534931">
    <tag k="addr:city" v="Portland"/>
    <tag k="addr:housenumber" v="398"/>
    <tag k="addr:postcode" v="04101"/>
    <tag k="addr:state" v="ME"/>
    <tag k="addr:street" v="Fore Street"/>
  </node>
  <node id="7171974819" lat="43.6563859" lon="-70.2531924">
    <tag k="addr:city" v="Portland"/>
    <tag k="addr:housenumber" v="386"/>
    <tag k="addr:postcode" v="04101"/>
    <tag k="addr:state" v="ME"/>
    <tag k="addr:street" v="Fore Street"/>
    <tag k="building" v="commercial"/>
  </node>
  <node id="7171974820" lat="43.6563980" lon="-70.2531482">
    <tag k="addr:city" v="Portland"/>
    <tag k="addr:housenumber" v="384"/>
    <tag k="addr:postcode" v="04101"/>
    <tag k="addr:state" v="ME"/>
    <tag k="addr:street" v="Fore Street"/>
  </node>
  <node id="7171974821" lat="43.6563628" lon="-70.2532415">
    <tag k="addr:city" v="Portland"/>
    <tag k="addr:housenumber" v="388"/>
    <tag k="addr:postcode" v="04101"/>
    <tag k="addr:state" v="ME"/>
    <tag k="addr:street" v="Fore Street"/>
    <tag k="email" v="portland@coolasamoose.com"/>
    <tag k="image" v="https://www.coolasamoose.com/dsn/coolasamoose/content/images/port%20store.jpg"/>
    <tag k="name" v="Cool as a Moose"/>
    <tag k="opening_hours" v="Mo-Su 08:00-22:00"/>
    <tag k="phone" v="+1-207-774-4515"/>
    <tag k="seasonal" v="spring;summer;autumn"/>
    <tag k="shop" v="clothes"/>
    <tag k="website" v="https://www.coolasamoose.com"/>
  </node>
  <node id="7171974822" lat="43.6586645" lon="-70.2531343">
    <tag k="addr:city" v="Portland"/>
    <tag k="addr:housenumber" v="131"/>
    <tag k="addr:postcode" v="04101"/>
    <tag k="addr:state" v="ME"/>
    <tag k="addr:street" v="Middle Street"/>
  </node>
  <node id="7171974823" lat="43.6587059" lon="-70.2530546">
    <tag k="addr:city" v="Portland"/>
    <tag k="addr:housenumber" v="129"/>
    <tag k="addr:postcode" v="04101"/>
    <tag k="addr:state" v="ME"/>
    <tag k="addr:street" v="Middle Street"/>
  </node>
  <node id="7171974824" lat="43.6589320" lon="-70.2550188">
    <tag k="addr:city" v="Portland"/>
    <tag k="addr:housenumber" v="142"/>
    <tag k="addr:postcode" v="04101"/>
    <tag k="addr:state" v="ME"/>
    <tag k="addr:street" v="Federal Street"/>
  </node>
  <node id="7171974833" lat="43.6584860" lon="-70.2538127">
    <tag k="addr:city" v="Portland"/>
    <tag k="addr:housenumber" v="66"/>
    <tag k="addr:postcode" v="04101"/>
    <tag k="addr:state" v="ME"/>
    <tag k="addr:street" v="Pearl Street"/>
    <tag k="building" v="commercial"/>
  </node>
  <node id="7171975185" lat="43.6594104" lon="-70.2594067">
    <tag k="addr:city" v="Portland"/>
    <tag k="addr:housenumber" v="289"/>
    <tag k="addr:postcode" v="04101"/>
    <tag k="addr:state" v="ME"/>
    <tag k="addr:street" v="Cumberland Avenue"/>
    <tag k="building" v="apartments"/>
  </node>
  <node id="7171975188" lat="43.6590403" lon="-70.2541715">
    <tag k="addr:city" v="Portland"/>
    <tag k="addr:housenumber" v="134"/>
    <tag k="addr:postcode" v="04101"/>
    <tag k="addr:state" v="ME"/>
    <tag k="addr:street" v="Federal Street"/>
  </node>
  <node id="7171975191" lat="43.6591679" lon="-70.2532130">
    <tag k="addr:city" v="Portland"/>
    <tag k="addr:housenumber" v="192"/>
    <tag k="addr:postcode" v="04101"/>
    <tag k="addr:state" v="ME"/>
    <tag k="addr:street" v="Newbury Street West"/>
  </node>
  <node id="7171975240" lat="43.6600643" lon="-70.2588994">
    <tag k="addr:city" v="Portland"/>
    <tag k="addr:housenumber" v="41"/>
    <tag k="addr:postcode" v="04101"/>
    <tag k="addr:state" v="ME"/>
    <tag k="addr:street" v="Chestnut Street"/>
    <tag k="building" v="apartments"/>
  </node>
  <node id="7171975247" lat="43.6573221" lon="-70.2577198">
    <tag k="addr:city" v="Portland"/>
    <tag k="addr:housenumber" v="25"/>
    <tag k="addr:postcode" v="04101"/>
    <tag k="addr:state" v="ME"/>
    <tag k="addr:street" v="City Center"/>
  </node>
  <node id="7171975248" lat="43.6559829" lon="-70.2538165">
    <tag k="addr:city" v="Portland"/>
    <tag k="addr:housenumber" v="25"/>
    <tag k="addr:postcode" v="04101"/>
    <tag k="addr:state" v="ME"/>
    <tag k="addr:street" v="Wharf Street"/>
  </node>
  <node id="7171975254" lat="43.6583371" lon="-70.2546654">
    <tag k="addr:city" v="Portland"/>
    <tag k="addr:housenumber" v="85"/>
    <tag k="addr:postcode" v="04101"/>
    <tag k="addr:state" v="ME"/>
    <tag k="addr:street" v="Market Street"/>
    <tag k="building" v="apartments"/>
  </node>
  <node id="7171975256" lat="43.6564823" lon="-70.2534362">
    <tag k="addr:city" v="Portland"/>
    <tag k="addr:housenumber" v="2"/>
    <tag k="addr:postcode" v="04101"/>
    <tag k="addr:state" v="ME"/>
    <tag k="addr:street" v="Exchange Street"/>
  </node>
  <node id="7171975262" lat="43.6562259" lon="-70.2530030">
    <tag k="addr:city" v="Portland"/>
    <tag k="addr:housenumber" v="2"/>
    <tag k="addr:postcode" v="04101"/>
    <tag k="addr:state" v="ME"/>
    <tag k="addr:street" v="Wharf Street"/>
  </node>
  <node id="7171975263" lat="43.6568950" lon="-70.2572520">
    <tag k="addr:city" v="Portland"/>
    <tag k="addr:housenumber" v="4"/>
    <tag k="addr:postcode" v="04101"/>
    <tag k="addr:state" v="ME"/>
    <tag k="addr:street" v="Free Street"/>
  </node>
  <node id="7171975264" lat="43.6574598" lon="-70.2587086">
    <tag k="addr:city" v="Portland"/>
    <tag k="addr:housenumber" v="4"/>
    <tag k="addr:postcode" v="04101"/>
    <tag k="addr:state" v="ME"/>
    <tag k="addr:street" v="Monument Square"/>
  </node>
  <node id="7171975266" lat="43.6568766" lon="-70.2572889">
    <tag k="addr:city" v="Portland"/>
    <tag k="addr:housenumber" v="6"/>
    <tag k="addr:postcode" v="04101"/>
    <tag k="addr:state" v="ME"/>
    <tag k="addr:street" v="Free Street"/>
  </node>
  <node id="7171975267" lat="43.6575570" lon="-70.2526818">
    <tag k="addr:city" v="Portland"/>
    <tag k="addr:housenumber" v="6"/>
    <tag k="addr:postcode" v="04101"/>
    <tag k="addr:state" v="ME"/>
    <tag k="addr:street" v="Milk Street"/>
  </node>
  <node id="7171975270" lat="43.6570433" lon="-70.2568707">
    <tag k="addr:city" v="Portland"/>
    <tag k="addr:housenumber" v="8"/>
    <tag k="addr:postcode" v="04101"/>
    <tag k="addr:state" v="ME"/>
    <tag k="addr:street" v="City Center"/>
  </node>
  <node id="7171975271" lat="43.6565485" lon="-70.2535554">
    <tag k="addr:city" v="Portland"/>
    <tag k="addr:housenumber" v="8"/>
    <tag k="addr:postcode" v="04101"/>
    <tag k="addr:state" v="ME"/>
    <tag k="addr:street" v="Exchange Street"/>
  </node>
  <node id="7171975272" lat="43.6575187" lon="-70.2527481">
    <tag k="addr:city" v="Portland"/>
    <tag k="addr:housenumber" v="8"/>
    <tag k="addr:postcode" v="04101"/>
    <tag k="addr:state" v="ME"/>
    <tag k="addr:street" v="Milk Street"/>
    <tag k="amenity" v="cafe"/>
    <tag k="check_date:opening_hours" v="2024-10-31"/>
    <tag k="name" v="The Crooked Mile Cafe"/>
    <tag k="opening_hours" v="Mo-Fr 07:30-15:30"/>
    <tag k="phone" v="+1 207-772-8708"/>
    <tag k="website" v="https://crookedmilecafe.com"/>
  </node>
  <node id="7171975278" lat="43.6602486" lon="-70.2585126">
    <tag k="addr:city" v="Portland"/>
    <tag k="addr:housenumber" v="12"/>
    <tag k="addr:postcode" v="04101"/>
    <tag k="addr:state" v="ME"/>
    <tag k="addr:street" v="Stone Street"/>
  </node>
  <node id="7171975283" lat="43.6568030" lon="-70.2574361">
    <tag k="addr:city" v="Portland"/>
    <tag k="addr:housenumber" v="16"/>
    <tag k="addr:postcode" v="04101"/>
    <tag k="addr:state" v="ME"/>
    <tag k="addr:street" v="Free Street"/>
  </node>
  <node id="7171975285" lat="43.6567662" lon="-70.2575036">
    <tag k="addr:city" v="Portland"/>
    <tag k="addr:housenumber" v="18"/>
    <tag k="addr:postcode" v="04101"/>
    <tag k="addr:state" v="ME"/>
    <tag k="addr:street" v="Free Street"/>
  </node>
  <node id="7171975289" lat="43.6567160" lon="-70.2575707">
    <tag k="addr:city" v="Portland"/>
    <tag k="addr:housenumber" v="20"/>
    <tag k="addr:postcode" v="04101"/>
    <tag k="addr:state" v="ME"/>
    <tag k="addr:street" v="Free Street"/>
  </node>
  <node id="7171975291" lat="43.6605059" lon="-70.2588591">
    <tag k="addr:city" v="Portland"/>
    <tag k="addr:housenumber" v="22"/>
    <tag k="addr:postcode" v="04101"/>
    <tag k="addr:state" v="ME"/>
    <tag k="addr:street" v="Stone Street"/>
  </node>
  <node id="7171975301" lat="43.6569448" lon="-70.2539481">
    <tag k="addr:city" v="Portland"/>
    <tag k="addr:housenumber" v="32"/>
    <tag k="addr:postcode" v="04101"/>
    <tag k="addr:state" v="ME"/>
    <tag k="addr:street" v="Exchange Street"/>
  </node>
  <node id="7171975305" lat="43.6578085" lon="-70.2527817">
    <tag k="addr:city" v="Portland"/>
    <tag k="addr:housenumber" v="32"/>
    <tag k="addr:postcode" v="04101"/>
    <tag k="addr:state" v="ME"/>
    <tag k="addr:street" v="Pearl Street"/>
  </node>
  <node id="7171975307" lat="43.6579769" lon="-70.2608029">
    <tag k="addr:city" v="Portland"/>
    <tag k="addr:housenumber" v="34"/>
    <tag k="addr:postcode" v="04101"/>
    <tag k="addr:state" v="ME"/>
    <tag k="addr:street" v="Preble Street"/>
  </node>
  <node id="7171975311" lat="43.6559922" lon="-70.2554288">
    <tag k="addr:city" v="Portland"/>
    <tag k="addr:housenumber" v="36"/>
    <tag k="addr:postcode" v="04101"/>
    <tag k="addr:state" v="ME"/>
    <tag k="addr:street" v="Union Street"/>
  </node>
  <node id="7171975312" lat="43.6570244" lon="-70.2540862">
    <tag k="addr:city" v="Portland"/>
    <tag k="addr:housenumber" v="38"/>
    <tag k="addr:postcode" v="04101"/>
    <tag k="addr:state" v="ME"/>
    <tag k="addr:street" v="Exchange Street"/>
  </node>
  <node id="7171975320" lat="43.6562557" lon="-70.2552111">
    <tag k="addr:city" v="Portland"/>
    <tag k="addr:housenumber" v="40"/>
    <tag k="addr:postcode" v="04101"/>
    <tag k="addr:state" v="ME"/>
    <tag k="addr:street" v="Union Street"/>
  </node>
  <node id="7171975322" lat="43.6603921" lon="-70.2581560">
    <tag k="addr:city" v="Portland"/>
    <tag k="addr:housenumber" v="42"/>
    <tag k="addr:postcode" v="04101"/>
    <tag k="addr:state" v="ME"/>
    <tag k="addr:street" v="Myrtle Street"/>
  </node>
  <node id="7171975325" lat="43.6563013" lon="-70.2584302">
    <tag k="addr:city" v="Portland"/>
    <tag k="addr:housenumber" v="44"/>
    <tag k="addr:postcode" v="04101"/>
    <tag k="addr:state" v="ME"/>
    <tag k="addr:street" v="Free Street"/>
  </node>
  <node id="7171975328" lat="43.6588758" lon="-70.2605303">
    <tag k="addr:city" v="Portland"/>
    <tag k="addr:housenumber" v="46"/>
    <tag k="addr:postcode" v="04101"/>
    <tag k="addr:state" v="ME"/>
    <tag k="addr:street" v="Elm Street"/>
  </node>
  <node id="7171975334" lat="43.6562554" lon="-70.2556451">
    <tag k="addr:city" v="Portland"/>
    <tag k="addr:housenumber" v="48"/>
    <tag k="addr:postcode" v="04101"/>
    <tag k="addr:state" v="ME"/>
    <tag k="addr:street" v="Union Street"/>
  </node>
  <node id="7171975344" lat="43.6602810" lon="-70.2595911"/>
  <node id="7171975345" lat="43.6575146" lon="-70.2545428">
    <tag k="addr:city" v="Portland"/>
    <tag k="addr:housenumber" v="56"/>
    <tag k="addr:postcode" v="04101"/>
    <tag k="addr:state" v="ME"/>
    <tag k="addr:street" v="Exchange Street"/>
    <tag k="building" v="apartments"/>
  </node>
  <node id="7171975348" lat="43.6574326" lon="-70.2538094">
    <tag k="addr:city" v="Portland"/>
    <tag k="addr:housenumber" v="58"/>
    <tag k="addr:postcode" v="04101"/>
    <tag k="addr:state" v="ME"/>
    <tag k="addr:street" v="Market Street"/>
  </node>
  <node id="7171975349" lat="43.6590400" lon="-70.2611600">
    <tag k="addr:city" v="Portland"/>
    <tag k="addr:housenumber" v="60"/>
    <tag k="addr:postcode" v="04101"/>
    <tag k="addr:state" v="ME"/>
    <tag k="addr:street" v="Elm Street"/>
  </node>
  <node id="7171975351" lat="43.6591375" lon="-70.2612985">
    <tag k="addr:city" v="Portland"/>
    <tag k="addr:housenumber" v="62"/>
    <tag k="addr:postcode" v="04101"/>
    <tag k="addr:state" v="ME"/>
    <tag k="addr:street" v="Elm Street"/>
    <tag k="building" v="commercial"/>
  </node>
  <node id="7171975358" lat="43.6579889" lon="-70.2543977">
    <tag k="addr:city" v="Portland"/>
    <tag k="addr:housenumber" v="76"/>
    <tag k="addr:postcode" v="04101"/>
    <tag k="addr:state" v="ME"/>
    <tag k="addr:street" v="Market Street"/>
  </node>
  <node id="7171975363" lat="43.6579823" lon="-70.2554021">
    <tag k="addr:city" v="Portland"/>
    <tag k="addr:housenumber" v="84"/>
    <tag k="addr:postcode" v="04101"/>
    <tag k="addr:state" v="ME"/>
    <tag k="addr:street" v="Exchange Street"/>
  </node>
  <node id="7171975366" lat="43.6580178" lon="-70.2554524">
    <tag k="addr:city" v="Portland"/>
    <tag k="addr:housenumber" v="86"/>
    <tag k="addr:postcode" v="04101"/>
    <tag k="addr:state" v="ME"/>
    <tag k="addr:street" v="Exchange Street"/>
  </node>
  <node id="7171975371" lat="43.6580706" lon="-70.2555651">
    <tag k="addr:city" v="Portland"/>
    <tag k="addr:housenumber" v="90"/>
    <tag k="addr:postcode" v="04101"/>
    <tag k="addr:state" v="ME"/>
    <tag k="addr:street" v="Exchange Street"/>
    <tag k="amenity" v="restaurant"/>
    <tag k="cuisine" v="thai"/>
    <tag k="name" v="Crispy Gai"/>
  </node>
  <node id="7171975394" lat="43.6582200" lon="-70.2534413">
    <tag k="addr:city" v="Portland"/>
    <tag k="addr:housenumber" v="146"/>
    <tag k="addr:postcode" v="04101"/>
    <tag k="addr:state" v="ME"/>
    <tag k="addr:street" v="Middle Street"/>
  </node>
  <node id="7171975396" lat="43.6581272" lon="-70.2540967">
    <tag k="addr:city" v="Portland"/>
    <tag k="addr:housenumber" v="154"/>
    <tag k="addr:postcode" v="04101"/>
    <tag k="addr:state" v="ME"/>
    <tag k="addr:street" v="Middle Street"/>
  </node>
  <node id="7171975397" lat="43.6575946" lon="-70.2546375">
    <tag k="addr:city" v="Portland"/>
    <tag k="addr:housenumber" v="176"/>
    <tag k="addr:postcode" v="04101"/>
    <tag k="addr:state" v="ME"/>
    <tag k="addr:street" v="Middle Street"/>
  </node>
  <node id="7171975410" lat="43.6565247" lon="-70.2528480">
    <tag k="addr:city" v="Portland"/>
    <tag k="addr:housenumber" v="372"/>
    <tag k="addr:postcode" v="04101"/>
    <tag k="addr:state" v="ME"/>
    <tag k="addr:street" v="Fore Street"/>
    <tag k="check_date" v="2023-07-29"/>
    <tag k="name" v="Skordo"/>
    <tag k="payment:credit_cards" v="yes"/>
    <tag k="shop" v="spices"/>
    <tag k="website" v="https://skordo.com/"/>
    <tag k="wheelchair" v="no"/>
  </node>
  <node id="7171975411" lat="43.6562061" lon="-70.2535731">
    <tag k="addr:city" v="Portland"/>
    <tag k="addr:housenumber" v="408"/>
    <tag k="addr:postcode" v="04101"/>
    <tag k="addr:state" v="ME"/>
    <tag k="addr:street" v="Fore Street"/>
    <tag k="building" v="commercial"/>
  </node>
  <node id="7171975414" lat="43.6556711" lon="-70.2547401">
    <tag k="addr:city" v="Portland"/>
    <tag k="addr:housenumber" v="438"/>
    <tag k="addr:postcode" v="04101"/>
    <tag k="addr:state" v="ME"/>
    <tag k="addr:street" v="Fore Street"/>
  </node>
  <node id="7171975418" lat="43.6566604" lon="-70.2597584">
    <tag k="addr:city" v="Portland"/>
    <tag k="addr:housenumber" v="484"/>
    <tag k="addr:postcode" v="04101"/>
    <tag k="addr:state" v="ME"/>
    <tag k="addr:street" v="Congress Street"/>
  </node>
  <node id="7171975420" lat="43.6564854" lon="-70.2601082">
    <tag k="addr:city" v="Portland"/>
    <tag k="addr:housenumber" v="494"/>
    <tag k="addr:postcode" v="04101"/>
    <tag k="addr:state" v="ME"/>
    <tag k="addr:street" v="Congress Street"/>
  </node>
  <node id="7171975421" lat="43.6564399" lon="-70.2601507">
    <tag k="addr:city" v="Portland"/>
    <tag k="addr:housenumber" v="496"/>
    <tag k="addr:postcode" v="04101"/>
    <tag k="addr:state" v="ME"/>
    <tag k="addr:street" v="Congress Street"/>
    <tag k="building" v="commercial"/>
  </node>
  <node id="7171975430" lat="43.6579446" lon="-70.2588366">
    <tag k="addr:city" v="Portland"/>
    <tag k="addr:housenumber" v="1"/>
    <tag k="addr:postcode" v="04101"/>
    <tag k="addr:state" v="ME"/>
    <tag k="addr:street" v="Elm Street"/>
  </node>
  <node id="7171975435" lat="43.6568207" lon="-70.2566428">
    <tag k="addr:city" v="Portland"/>
    <tag k="addr:housenumber" v="3"/>
    <tag k="addr:postcode" v="04101"/>
    <tag k="addr:state" v="ME"/>
    <tag k="addr:street" v="Spring Street"/>
  </node>
  <node id="7171975437" lat="43.6573644" lon="-70.2595995">
    <tag k="addr:city" v="Portland"/>
    <tag k="addr:housenumber" v="5"/>
    <tag k="addr:postcode" v="04101"/>
    <tag k="addr:state" v="ME"/>
    <tag k="addr:street" v="Preble Street"/>
  </node>
  <node id="7171975439" lat="43.6566635" lon="-70.2533346">
    <tag k="addr:city" v="Portland"/>
    <tag k="addr:housenumber" v="7"/>
    <tag k="addr:postcode" v="04101"/>
    <tag k="addr:state" v="ME"/>
    <tag k="addr:street" v="Exchange Street"/>
  </node>
  <node id="7171975441" lat="43.6565524" lon="-70.2568914">
    <tag k="addr:city" v="Portland"/>
    <tag k="addr:housenumber" v="7"/>
    <tag k="addr:postcode" v="04101"/>
    <tag k="addr:state" v="ME"/>
    <tag k="addr:street" v="Spring Street"/>
  </node>
  <node id="7171975443" lat="43.6560010" lon="-70.2533952">
    <tag k="addr:city" v="Portland"/>
    <tag k="addr:housenumber" v="9"/>
    <tag k="addr:postcode" v="04101"/>
    <tag k="addr:state" v="ME"/>
    <tag k="addr:street" v="Dana Street"/>
  </node>
  <node id="7171975447" lat="43.6569394" lon="-70.2577180">
    <tag k="addr:city" v="Portland"/>
    <tag k="addr:housenumber" v="11"/>
    <tag k="addr:postcode" v="04101"/>
    <tag k="addr:state" v="ME"/>
    <tag k="addr:street" v="Free Street"/>
  </node>
  <node id="7171975448" lat="43.6576278" lon="-70.2561202">
    <tag k="addr:city" v="Portland"/>
    <tag k="addr:housenumber" v="11"/>
    <tag k="addr:postcode" v="04101"/>
    <tag k="addr:state" v="ME"/>
    <tag k="addr:street" v="Temple Street"/>
  </node>
  <node id="7171975449" lat="43.6568980" lon="-70.2577978">
    <tag k="addr:city" v="Portland"/>
    <tag k="addr:housenumber" v="13"/>
    <tag k="addr:postcode" v="04101"/>
    <tag k="addr:state" v="ME"/>
    <tag k="addr:street" v="Free Street"/>
  </node>
  <node id="7171975450" lat="43.6582779" lon="-70.2592280">
    <tag k="addr:city" v="Portland"/>
    <tag k="addr:housenumber" v="15"/>
    <tag k="addr:postcode" v="04101"/>
    <tag k="addr:state" v="ME"/>
    <tag k="addr:street" v="Elm Street"/>
  </node>
  <node id="7171975453" lat="43.6568509" lon="-70.2579240">
    <tag k="addr:city" v="Portland"/>
    <tag k="addr:housenumber" v="15"/>
    <tag k="addr:postcode" v="04101"/>
    <tag k="addr:state" v="ME"/>
    <tag k="addr:street" v="Free Street"/>
    <tag k="name" v="Maine Surfers Union"/>
    <tag k="shop" v="yes"/>
  </node>
  <node id="7171975455" lat="43.6593197" lon="-70.2578359">
    <tag k="addr:city" v="Portland"/>
    <tag k="addr:housenumber" v="17"/>
    <tag k="addr:postcode" v="04101"/>
    <tag k="addr:state" v="ME"/>
    <tag k="addr:street" v="Chestnut Street"/>
    <tag k="building" v="commercial"/>
  </node>
  <node id="7171975458" lat="43.6598041" lon="-70.2600412">
    <tag k="addr:city" v="Portland"/>
    <tag k="addr:housenumber" v="19"/>
    <tag k="addr:postcode" v="04101"/>
    <tag k="addr:state" v="ME"/>
    <tag k="addr:street" v="Cedar Street"/>
    <tag k="building" v="apartments"/>
  </node>
  <node id="7171975463" lat="43.6598889" lon="-70.2601112">
    <tag k="addr:city" v="Portland"/>
    <tag k="addr:housenumber" v="21"/>
    <tag k="addr:postcode" v="04101"/>
    <tag k="addr:state" v="ME"/>
    <tag k="addr:street" v="Cedar Street"/>
  </node>
  <node id="7171975464" lat="43.6583760" lon="-70.2593106">
    <tag k="addr:city" v="Portland"/>
    <tag k="addr:housenumber" v="21"/>
    <tag k="addr:postcode" v="04101"/>
    <tag k="addr:state" v="ME"/>
    <tag k="addr:street" v="Elm Street"/>
  </node>
  <node id="7171975476" lat="43.6576466" lon="-70.2519474">
    <tag k="addr:city" v="Portland"/>
    <tag k="addr:housenumber" v="27"/>
    <tag k="addr:postcode" v="04101"/>
    <tag k="addr:state" v="ME"/>
    <tag k="addr:street" v="Pearl Street"/>
  </node>
  <node id="7171975479" lat="43.6570813" lon="-70.2538207">
    <tag k="addr:city" v="Portland"/>
    <tag k="addr:housenumber" v="29"/>
    <tag k="addr:postcode" v="04101"/>
    <tag k="addr:state" v="ME"/>
    <tag k="addr:street" v="Exchange Street"/>
  </node>
  <node id="7171975483" lat="43.6571884" lon="-70.2539097">
    <tag k="addr:city" v="Portland"/>
    <tag k="addr:housenumber" v="33"/>
    <tag k="addr:postcode" v="04101"/>
    <tag k="addr:state" v="ME"/>
    <tag k="addr:street" v="Exchange Street"/>
  </node>
  <node id="7171975486" lat="43.6573645" lon="-70.2526236">
    <tag k="addr:city" v="Portland"/>
    <tag k="addr:housenumber" v="33"/>
    <tag k="addr:postcode" v="04101"/>
    <tag k="addr:state" v="ME"/>
    <tag k="addr:street" v="Silver Street"/>
  </node>
  <node id="7171975487" lat="43.6572060" lon="-70.2539411">
    <tag k="addr:city" v="Portland"/>
    <tag k="addr:housenumber" v="35"/>
    <tag k="addr:postcode" v="04101"/>
    <tag k="addr:state" v="ME"/>
    <tag k="addr:street" v="Exchange Street"/>
  </node>
  <node id="7171975492" lat="43.6572237" lon="-70.2539725">
    <tag k="addr:city" v="Portland"/>
    <tag k="addr:housenumber" v="37"/>
    <tag k="addr:postcode" v="04101"/>
    <tag k="addr:state" v="ME"/>
    <tag k="addr:street" v="Exchange Street"/>
  </node>
  <node id="7171975496" lat="43.6583459" lon="-70.2608168">
    <tag k="addr:city" v="Portland"/>
    <tag k="addr:housenumber" v="39"/>
    <tag k="addr:postcode" v="04101"/>
    <tag k="addr:state" v="ME"/>
    <tag k="addr:street" v="Preble Street"/>
  </node>
  <node id="7171975501" lat="43.6576944" lon="-70.2529281">
    <tag k="addr:city" v="Portland"/>
    <tag k="addr:housenumber" v="43"/>
    <tag k="addr:postcode" v="04101"/>
    <tag k="addr:state" v="ME"/>
    <tag k="addr:street" v="Silver Street"/>
    <tag k="name" v="Fitz &amp; Bennett"/>
    <tag k="shop" v="gift"/>
  </node>
  <node id="7171975504" lat="43.6582522" lon="-70.2529646">
    <tag k="addr:city" v="Portland"/>
    <tag k="addr:housenumber" v="45"/>
    <tag k="addr:postcode" v="04101"/>
    <tag k="addr:state" v="ME"/>
    <tag k="addr:street" v="Pearl Street"/>
  </node>
  <node id="7171975506" lat="43.6574151" lon="-70.2541687">
    <tag k="addr:city" v="Portland"/>
    <tag k="addr:housenumber" v="47"/>
    <tag k="addr:postcode" v="04101"/>
    <tag k="addr:state" v="ME"/>
    <tag k="addr:street" v="Exchange Street"/>
  </node>
  <node id="7171975519" lat="43.6575931" lon="-70.2543584">
    <tag k="addr:city" v="Portland"/>
    <tag k="addr:housenumber" v="55"/>
    <tag k="addr:postcode" v="04101"/>
    <tag k="addr:state" v="ME"/>
    <tag k="addr:street" v="Exchange Street"/>
  </node>
  <node id="7171975523" lat="43.6564631" lon="-70.2555936">
    <tag k="addr:city" v="Portland"/>
    <tag k="addr:housenumber" v="55"/>
    <tag k="addr:postcode" v="04101"/>
    <tag k="addr:state" v="ME"/>
    <tag k="addr:street" v="Union Street"/>
  </node>
  <node id="7171975525" lat="43.6553387" lon="-70.2575358">
    <tag k="addr:city" v="Portland"/>
    <tag k="addr:housenumber" v="59"/>
    <tag k="addr:postcode" v="04101"/>
    <tag k="addr:state" v="ME"/>
    <tag k="addr:street" v="Center Street"/>
  </node>
  <node id="7171975537" lat="43.6610051" lon="-70.2601345">
    <tag k="addr:city" v="Portland"/>
    <tag k="addr:housenumber" v="75"/>
    <tag k="addr:postcode" v="04101"/>
    <tag k="addr:state" v="ME"/>
    <tag k="addr:street" v="Chestnut Street"/>
  </node>
  <node id="7171975538" lat="43.6586364" lon="-70.2536484">
    <tag k="addr:city" v="Portland"/>
    <tag k="addr:housenumber" v="75"/>
    <tag k="addr:postcode" v="04101"/>
    <tag k="addr:state" v="ME"/>
    <tag k="addr:street" v="Pearl Street"/>
    <tag k="building" v="commercial"/>
  </node>
  <node id="7171975544" lat="43.6582798" lon="-70.2545525">
    <tag k="addr:city" v="Portland"/>
    <tag k="addr:housenumber" v="81"/>
    <tag k="addr:postcode" v="04101"/>
    <tag k="addr:state" v="ME"/>
    <tag k="addr:street" v="Market Street"/>
    <tag k="check_date" v="2023-07-29"/>
    <tag k="name" v="Arcana"/>
    <tag k="shop" v="gift"/>
  </node>
  <node id="7171975552" lat="43.6583546" lon="-70.2547091">
    <tag k="addr:city" v="Portland"/>
    <tag k="addr:housenumber" v="87"/>
    <tag k="addr:postcode" v="04101"/>
    <tag k="addr:state" v="ME"/>
    <tag k="addr:street" v="Market Street"/>
  </node>
  <node id="7171975569" lat="43.6612015" lon="-70.2545576">
    <tag k="addr:city" v="Portland"/>
    <tag k="addr:housenumber" v="111"/>
    <tag k="addr:postcode" v="04101"/>
    <tag k="addr:state" v="ME"/>
    <tag k="addr:street" v="Franklin Street"/>
    <tag k="building" v="apartments"/>
  </node>
  <node id="7171975573" lat="43.6589480" lon="-70.2527372">
    <tag k="addr:city" v="Portland"/>
    <tag k="addr:housenumber" v="119"/>
    <tag k="addr:postcode" v="04101"/>
    <tag k="addr:state" v="ME"/>
    <tag k="addr:street" v="Middle Street"/>
  </node>
  <node id="7171975578" lat="43.6588243" lon="-70.2529330">
    <tag k="addr:city" v="Portland"/>
    <tag k="addr:housenumber" v="123"/>
    <tag k="addr:postcode" v="04101"/>
    <tag k="addr:state" v="ME"/>
    <tag k="addr:street" v="Middle Street"/>
  </node>
  <node id="7171975581" lat="43.6587288" lon="-70.2530241">
    <tag k="addr:city" v="Portland"/>
    <tag k="addr:housenumber" v="127"/>
    <tag k="addr:postcode" v="04101"/>
    <tag k="addr:state" v="ME"/>
    <tag k="addr:street" v="Middle Street"/>
  </node>
  <node id="7171975593" lat="43.6576509" lon="-70.2552463">
    <tag k="addr:city" v="Portland"/>
    <tag k="addr:housenumber" v="185"/>
    <tag k="addr:postcode" v="04101"/>
    <tag k="addr:state" v="ME"/>
    <tag k="addr:street" v="Middle Street"/>
  </node>
  <node id="7171975604" lat="43.6571020" lon="-70.2520555">
    <tag k="addr:city" v="Portland"/>
    <tag k="addr:housenumber" v="339"/>
    <tag k="addr:postcode" v="04101"/>
    <tag k="addr:state" v="ME"/>
    <tag k="addr:street" v="Fore Street"/>
    <tag k="amenity" v="restaurant"/>
    <tag k="cuisine" v="japanese"/>
    <tag k="name" v="Mami"/>
  </node>
  <node id="7171975606" lat="43.6567240" lon="-70.2528333">
    <tag k="addr:city" v="Portland"/>
    <tag k="addr:housenumber" v="365"/>
    <tag k="addr:postcode" v="04101"/>
    <tag k="addr:state" v="ME"/>
    <tag k="addr:street" v="Fore Street"/>
  </node>
  <node id="7171975607" lat="43.6564218" lon="-70.2536148">
    <tag k="addr:city" v="Portland"/>
    <tag k="addr:housenumber" v="399"/>
    <tag k="addr:postcode" v="04101"/>
    <tag k="addr:state" v="ME"/>
    <tag k="addr:street" v="Fore Street"/>
    <tag k="name" v="Güven Gallery"/>
    <tag k="tourism" v="gallery"/>
  </node>
  <node id="7171975608" lat="43.6563897" lon="-70.2536637">
    <tag k="addr:city" v="Portland"/>
    <tag k="addr:housenumber" v="401"/>
    <tag k="addr:postcode" v="04101"/>
    <tag k="addr:state" v="ME"/>
    <tag k="addr:street" v="Fore Street"/>
  </node>
  <node id="7171975610" lat="43.6560391" lon="-70.2544315">
    <tag k="addr:city" v="Portland"/>
    <tag k="addr:housenumber" v="427"/>
    <tag k="addr:postcode" v="04101"/>
    <tag k="addr:state" v="ME"/>
    <tag k="addr:street" v="Fore Street"/>
  </node>
  <node id="7171975611" lat="43.6581375" lon="-70.2584871">
    <tag k="addr:city" v="Portland"/>
    <tag k="addr:housenumber" v="437"/>
    <tag k="addr:postcode" v="04101"/>
    <tag k="addr:state" v="ME"/>
    <tag k="addr:street" v="Congress Street"/>
  </node>
  <node id="7171975613" lat="43.6556494" lon="-70.2554899">
    <tag k="addr:city" v="Portland"/>
    <tag k="addr:housenumber" v="465"/>
    <tag k="addr:postcode" v="04101"/>
    <tag k="addr:state" v="ME"/>
    <tag k="addr:street" v="Fore Street"/>
  </node>
  <node id="7171975614" lat="43.6556170" lon="-70.2555698">
    <tag k="addr:city" v="Portland"/>
    <tag k="addr:housenumber" v="469"/>
    <tag k="addr:postcode" v="04101"/>
    <tag k="addr:state" v="ME"/>
    <tag k="addr:street" v="Fore Street"/>
  </node>
  <node id="7171975615" lat="43.6572226" lon="-70.2598074">
    <tag k="addr:city" v="Portland"/>
    <tag k="addr:housenumber" v="475"/>
    <tag k="addr:postcode" v="04101"/>
    <tag k="addr:state" v="ME"/>
    <tag k="addr:street" v="Congress Street"/>
  </node>
  <node id="7171975616" lat="43.6555381" lon="-70.2557852">
    <tag k="addr:city" v="Portland"/>
    <tag k="addr:housenumber" v="477"/>
    <tag k="addr:postcode" v="04101"/>
    <tag k="addr:state" v="ME"/>
    <tag k="addr:street" v="Fore Street"/>
  </node>
  <node id="7171975617" lat="43.6555104" lon="-70.2558466">
    <tag k="addr:city" v="Portland"/>
    <tag k="addr:housenumber" v="479"/>
    <tag k="addr:postcode" v="04101"/>
    <tag k="addr:state" v="ME"/>
    <tag k="addr:street" v="Fore Street"/>
  </node>
  <node id="7171975618" lat="43.6569525" lon="-70.2602110">
    <tag k="addr:city" v="Portland"/>
    <tag k="addr:housenumber" v="485"/>
    <tag k="addr:postcode" v="04101"/>
    <tag k="addr:state" v="ME"/>
    <tag k="addr:street" v="Congress Street"/>
  </node>
  <node id="7171975787" lat="43.6603321" lon="-70.2587004">
    <tag k="addr:city" v="Portland"/>
    <tag k="addr:housenumber" v="14"/>
    <tag k="addr:postcode" v="04101"/>
    <tag k="addr:state" v="ME"/>
    <tag k="addr:street" v="Stone Street"/>
  </node>
  <node id="7171975788" lat="43.6603728" lon="-70.2586889">
    <tag k="addr:city" v="Portland"/>
    <tag k="addr:housenumber" v="16"/>
    <tag k="addr:postcode" v="04101"/>
    <tag k="addr:state" v="ME"/>
    <tag k="addr:street" v="Stone Street"/>
  </node>
  <node id="7171975789" lat="43.6604616" lon="-70.2588023">
    <tag k="addr:city" v="Portland"/>
    <tag k="addr:housenumber" v="20"/>
    <tag k="addr:postcode" v="04101"/>
    <tag k="addr:state" v="ME"/>
    <tag k="addr:street" v="Stone Street"/>
  </node>
  <node id="7171975790" lat="43.6602478" lon="-70.2581778">
    <tag k="addr:city" v="Portland"/>
    <tag k="addr:housenumber" v="3"/>
    <tag k="addr:postcode" v="04101"/>
    <tag k="addr:state" v="ME"/>
    <tag k="addr:street" v="Stone Street"/>
  </node>
  <node id="7171975791" lat="43.6601818" lon="-70.2584492">
    <tag k="addr:city" v="Portland"/>
    <tag k="addr:housenumber" v="8"/>
    <tag k="addr:postcode" v="04101"/>
    <tag k="addr:state" v="ME"/>
    <tag k="addr:street" v="Stone Street"/>
  </node>
  <node id="7171975792" lat="43.6601644" lon="-70.2583993">
    <tag k="addr:city" v="Portland"/>
    <tag k="addr:housenumber" v="6"/>
    <tag k="addr:postcode" v="04101"/>
    <tag k="addr:state" v="ME"/>
    <tag k="addr:street" v="Stone Street"/>
  </node>
  <node id="7171975793" lat="43.6601378" lon="-70.2583615">
    <tag k="addr:city" v="Portland"/>
    <tag k="addr:housenumber" v="4"/>
    <tag k="addr:postcode" v="04101"/>
    <tag k="addr:state" v="ME"/>
    <tag k="addr:street" v="Stone Street"/>
  </node>
  <node id="7171975821" lat="43.6595873" lon="-70.2597018">
    <tag k="addr:city" v="Portland"/>
    <tag k="addr:housenumber" v="7"/>
    <tag k="addr:postcode" v="04101"/>
    <tag k="addr:state" v="ME"/>
    <tag k="addr:street" v="Cedar Street"/>
  </node>
  <node id="7171975822" lat="43.6599508" lon="-70.2602117">
    <tag k="addr:city" v="Portland"/>
    <tag k="addr:housenumber" v="25"/>
    <tag k="addr:postcode" v="04101"/>
    <tag k="addr:state" v="ME"/>
    <tag k="addr:street" v="Cedar Street"/>
    <tag k="building" v="apartments"/>
  </node>
  <node id="7171975823" lat="43.6602079" lon="-70.2605767">
    <tag k="addr:city" v="Portland"/>
    <tag k="addr:housenumber" v="33"/>
    <tag k="addr:postcode" v="04101"/>
    <tag k="addr:state" v="ME"/>
    <tag k="addr:street" v="Cedar Street"/>
  </node>
  <node id="7171975831" lat="43.6599753" lon="-70.2588046">
    <tag k="addr:city" v="Portland"/>
    <tag k="addr:housenumber" v="37"/>
    <tag k="addr:postcode" v="04101"/>
    <tag k="addr:state" v="ME"/>
    <tag k="addr:street" v="Chestnut Street"/>
    <tag k="building" v="apartments"/>
  </node>
  <node id="7171975832" lat="43.6602870" lon="-70.2596646">
    <tag k="addr:city" v="Portland"/>
    <tag k="addr:housenumber" v="58"/>
    <tag k="addr:postcode" v="04101"/>
    <tag k="addr:state" v="ME"/>
    <tag k="addr:street" v="Chestnut Street"/>
  </node>
  <node id="7171975858" lat="43.6600340" lon="-70.2551038">
    <tag k="addr:city" v="Portland"/>
    <tag k="addr:housenumber" v="344"/>
    <tag k="addr:postcode" v="04101"/>
    <tag k="addr:state" v="ME"/>
    <tag k="addr:street" v="Congress Street"/>
  </node>
  <node id="7171975859" lat="43.6588079" lon="-70.2577012">
    <tag k="addr:city" v="Portland"/>
    <tag k="addr:housenumber" v="411"/>
    <tag k="addr:postcode" v="04101"/>
    <tag k="addr:state" v="ME"/>
    <tag k="addr:street" v="Congress Street"/>
  </node>
  <node id="7171975860" lat="43.6587622" lon="-70.2577685">
    <tag k="addr:city" v="Portland"/>
    <tag k="addr:housenumber" v="413"/>
    <tag k="addr:postcode" v="04101"/>
    <tag k="addr:state" v="ME"/>
    <tag k="addr:street" v="Congress Street"/>
  </node>
  <node id="7171975903" lat="43.6619779" lon="-70.2547846">
    <tag k="addr:city" v="Portland"/>
    <tag k="addr:housenumber" v="190"/>
    <tag k="addr:postcode" v="04101"/>
    <tag k="addr:state" v="ME"/>
    <tag k="addr:street" v="Cumberland Avenue"/>
  </node>
  <node id="7171975904" lat="43.6611949" lon="-70.2563868">
    <tag k="addr:city" v="Portland"/>
    <tag k="addr:housenumber" v="221"/>
    <tag k="addr:postcode" v="04101"/>
    <tag k="addr:state" v="ME"/>
    <tag k="addr:street" v="Cumberland Avenue"/>
  </node>
  <node id="7171975905" lat="43.6611305" lon="-70.2565157">
    <tag k="addr:city" v="Portland"/>
    <tag k="addr:housenumber" v="225"/>
    <tag k="addr:postcode" v="04101"/>
    <tag k="addr:state" v="ME"/>
    <tag k="addr:street" v="Cumberland Avenue"/>
  </node>
  <node id="7171975906" lat="43.6609704" lon="-70.2567418">
    <tag k="addr:city" v="Portland"/>
    <tag k="addr:housenumber" v="233"/>
    <tag k="addr:postcode" v="04101"/>
    <tag k="addr:state" v="ME"/>
    <tag k="addr:street" v="Cumberland Avenue"/>
  </node>
  <node id="7171975907" lat="43.6599184" lon="-70.2578360">
    <tag k="addr:city" v="Portland"/>
    <tag k="addr:housenumber" v="262"/>
    <tag k="addr:postcode" v="04101"/>
    <tag k="addr:state" v="ME"/>
    <tag k="addr:street" v="Cumberland Avenue"/>
  </node>
  <node id="7171975920" lat="43.6558943" lon="-70.2536782">
    <tag k="addr:city" v="Portland"/>
    <tag k="addr:housenumber" v="12"/>
    <tag k="addr:postcode" v="04101"/>
    <tag k="addr:state" v="ME"/>
    <tag k="addr:street" v="Dana Street"/>
  </node>
  <node id="7171975942" lat="43.6572905" lon="-70.2540421">
    <tag k="addr:city" v="Portland"/>
    <tag k="addr:housenumber" v="41"/>
    <tag k="addr:postcode" v="04101"/>
    <tag k="addr:state" v="ME"/>
    <tag k="addr:street" v="Exchange Street"/>
  </node>
  <node id="7171975943" lat="43.6571136" lon="-70.2541624">
    <tag k="addr:city" v="Portland"/>
    <tag k="addr:housenumber" v="42"/>
    <tag k="addr:postcode" v="04101"/>
    <tag k="addr:state" v="ME"/>
    <tag k="addr:street" v="Exchange Street"/>
  </node>
  <node id="7171975944" lat="43.6573394" lon="-70.2540927">
    <tag k="addr:city" v="Portland"/>
    <tag k="addr:housenumber" v="43"/>
    <tag k="addr:postcode" v="04101"/>
    <tag k="addr:state" v="ME"/>
    <tag k="addr:street" v="Exchange Street"/>
  </node>
  <node id="7171975945" lat="43.6574686" lon="-70.2542194">
    <tag k="addr:city" v="Portland"/>
    <tag k="addr:housenumber" v="51"/>
    <tag k="addr:postcode" v="04101"/>
    <tag k="addr:state" v="ME"/>
    <tag k="addr:street" v="Exchange Street"/>
    <tag k="amenity" v="ice_cream"/>
    <tag k="check_date" v="2023-07-29"/>
    <tag k="name" v="Mt. Desert Island"/>
  </node>
  <node id="7171975946" lat="43.6579425" lon="-70.2553454">
    <tag k="addr:city" v="Portland"/>
    <tag k="addr:housenumber" v="82"/>
    <tag k="addr:postcode" v="04101"/>
    <tag k="addr:state" v="ME"/>
    <tag k="addr:street" v="Exchange Street"/>
  </node>
  <node id="7171975956" lat="43.6570495" lon="-70.2522016">
    <tag k="addr:city" v="Portland"/>
    <tag k="addr:housenumber" v="345"/>
    <tag k="addr:postcode" v="04101"/>
    <tag k="addr:state" v="ME"/>
    <tag k="addr:street" v="Fore Street"/>
  </node>
  <node id="7171975957" lat="43.6566954" lon="-70.2528888">
    <tag k="addr:city" v="Portland"/>
    <tag k="addr:housenumber" v="367"/>
    <tag k="addr:postcode" v="04101"/>
    <tag k="addr:state" v="ME"/>
    <tag k="addr:street" v="Fore Street"/>
  </node>
  <node id="7171975958" lat="43.6566108" lon="-70.2532094">
    <tag k="addr:city" v="Portland"/>
    <tag k="addr:housenumber" v="383"/>
    <tag k="addr:postcode" v="04101"/>
    <tag k="addr:state" v="ME"/>
    <tag k="addr:street" v="Fore Street"/>
  </node>
  <node id="7171975959" lat="43.6561782" lon="-70.2542083">
    <tag k="addr:city" v="Portland"/>
    <tag k="addr:housenumber" v="417"/>
    <tag k="addr:postcode" v="04101"/>
    <tag k="addr:state" v="ME"/>
    <tag k="addr:street" v="Fore Street"/>
  </node>
  <node id="7171975960" lat="43.6556521" lon="-70.2548327">
    <tag k="addr:city" v="Portland"/>
    <tag k="addr:housenumber" v="444"/>
    <tag k="addr:postcode" v="04101"/>
    <tag k="addr:state" v="ME"/>
    <tag k="addr:street" v="Fore Street"/>
    <tag k="building" v="yes"/>
  </node>
  <node id="7171975961" lat="43.6557047" lon="-70.2553670">
    <tag k="addr:city" v="Portland"/>
    <tag k="addr:housenumber" v="455"/>
    <tag k="addr:postcode" v="04101"/>
    <tag k="addr:state" v="ME"/>
    <tag k="addr:street" v="Fore Street"/>
  </node>
  <node id="7171975962" lat="43.6556725" lon="-70.2554346">
    <tag k="addr:city" v="Portland"/>
    <tag k="addr:housenumber" v="463"/>
    <tag k="addr:postcode" v="04101"/>
    <tag k="addr:state" v="ME"/>
    <tag k="addr:street" v="Fore Street"/>
  </node>
  <node id="7171975963" lat="43.6555704" lon="-70.2557115">
    <tag k="addr:city" v="Portland"/>
    <tag k="addr:housenumber" v="475"/>
    <tag k="addr:postcode" v="04101"/>
    <tag k="addr:state" v="ME"/>
    <tag k="addr:street" v="Fore Street"/>
  </node>
  <node id="7171975985" lat="43.6568213" lon="-70.2574117">
    <tag k="addr:city" v="Portland"/>
    <tag k="addr:housenumber" v="14"/>
    <tag k="addr:postcode" v="04101"/>
    <tag k="addr:state" v="ME"/>
    <tag k="addr:street" v="Free Street"/>
  </node>
  <node id="7171975986" lat="43.6568196" lon="-70.2579759">
    <tag k="addr:city" v="Portland"/>
    <tag k="addr:housenumber" v="17"/>
    <tag k="addr:postcode" v="04101"/>
    <tag k="addr:state" v="ME"/>
    <tag k="addr:street" v="Free Street"/>
  </node>
  <node id="7171975987" lat="43.6566517" lon="-70.2576872">
    <tag k="addr:city" v="Portland"/>
    <tag k="addr:housenumber" v="24"/>
    <tag k="addr:postcode" v="04101"/>
    <tag k="addr:state" v="ME"/>
    <tag k="addr:street" v="Free Street"/>
  </node>
  <node id="7171975988" lat="43.6562228" lon="-70.2586084">
    <tag k="addr:city" v="Portland"/>
    <tag k="addr:housenumber" v="48"/>
    <tag k="addr:postcode" v="04101"/>
    <tag k="addr:state" v="ME"/>
    <tag k="addr:street" v="Free Street"/>
  </node>
  <node id="7171976005" lat="43.6603979" lon="-70.2523023">
    <tag k="addr:city" v="Portland"/>
    <tag k="addr:housenumber" v="40"/>
    <tag k="addr:postcode" v="04101"/>
    <tag k="addr:state" v="ME"/>
    <tag k="addr:street" v="Hampshire Street"/>
    <tag k="building" v="apartments"/>
  </node>
  <node id="7171976082" lat="43.6568208" lon="-70.2529472">
    <tag k="addr:city" v="Portland"/>
    <tag k="addr:housenumber" v="26"/>
    <tag k="addr:postcode" v="04101"/>
    <tag k="addr:state" v="ME"/>
    <tag k="addr:street" v="Market Street"/>
  </node>
  <node id="7171976083" lat="43.6569315" lon="-70.2531107">
    <tag k="addr:city" v="Portland"/>
    <tag k="addr:housenumber" v="32"/>
    <tag k="addr:postcode" v="04101"/>
    <tag k="addr:state" v="ME"/>
    <tag k="addr:street" v="Market Street"/>
  </node>
  <node id="7171976084" lat="43.6570333" lon="-70.2532678">
    <tag k="addr:city" v="Portland"/>
    <tag k="addr:housenumber" v="38"/>
    <tag k="addr:postcode" v="04101"/>
    <tag k="addr:state" v="ME"/>
    <tag k="addr:street" v="Market Street"/>
  </node>
  <node id="7171976085" lat="43.6570780" lon="-70.2532998">
    <tag k="addr:city" v="Portland"/>
    <tag k="addr:housenumber" v="40"/>
    <tag k="addr:postcode" v="04101"/>
    <tag k="addr:state" v="ME"/>
    <tag k="addr:street" v="Market Street"/>
  </node>
  <node id="7171976086" lat="43.6577959" lon="-70.2539286">
    <tag k="addr:city" v="Portland"/>
    <tag k="addr:housenumber" v="57"/>
    <tag k="addr:postcode" v="04101"/>
    <tag k="addr:state" v="ME"/>
    <tag k="addr:street" v="Market Street"/>
  </node>
  <node id="7171976087" lat="43.6575570" lon="-70.2539608">
    <tag k="addr:city" v="Portland"/>
    <tag k="addr:housenumber" v="64"/>
    <tag k="addr:postcode" v="04101"/>
    <tag k="addr:state" v="ME"/>
    <tag k="addr:street" v="Market Street"/>
  </node>
  <node id="7171976088" lat="43.6583018" lon="-70.2546026">
    <tag k="addr:city" v="Portland"/>
    <tag k="addr:housenumber" v="83"/>
    <tag k="addr:postcode" v="04101"/>
    <tag k="addr:state" v="ME"/>
    <tag k="addr:street" v="Market Street"/>
  </node>
  <node id="7171976089" lat="43.6583809" lon="-70.2547779">
    <tag k="addr:city" v="Portland"/>
    <tag k="addr:housenumber" v="89"/>
    <tag k="addr:postcode" v="04101"/>
    <tag k="addr:state" v="ME"/>
    <tag k="addr:street" v="Market Street"/>
  </node>
  <node id="7171976101" lat="43.6586273" lon="-70.2532452">
    <tag k="addr:city" v="Portland"/>
    <tag k="addr:housenumber" v="137"/>
    <tag k="addr:postcode" v="04101"/>
    <tag k="addr:state" v="ME"/>
    <tag k="addr:street" v="Middle Street"/>
  </node>
  <node id="7171976102" lat="43.6575440" lon="-70.2555542">
    <tag k="addr:city" v="Portland"/>
    <tag k="addr:housenumber" v="195"/>
    <tag k="addr:postcode" v="04101"/>
    <tag k="addr:state" v="ME"/>
    <tag k="addr:street" v="Middle Street"/>
    <tag k="amenity" v="bank"/>
    <tag k="check_date" v="2023-07-29"/>
    <tag k="name" v="Machias Savings Bank"/>
  </node>
  <node id="7171976103" lat="43.6571133" lon="-70.2533625">
    <tag k="addr:city" v="Portland"/>
    <tag k="addr:housenumber" v="22"/>
    <tag k="addr:postcode" v="04101"/>
    <tag k="addr:state" v="ME"/>
    <tag k="addr:street" v="Milk Street"/>
    <tag k="addr:unit" v="1"/>
    <tag k="building" v="commercial"/>
  </node>
  <node id="7171976104" lat="43.6570626" lon="-70.2534731">
    <tag k="addr:city" v="Portland"/>
    <tag k="addr:housenumber" v="28"/>
    <tag k="addr:postcode" v="04101"/>
    <tag k="addr:state" v="ME"/>
    <tag k="addr:street" v="Milk Street"/>
  </node>
  <node id="7171976110" lat="43.6573106" lon="-70.2587675">
    <tag k="addr:city" v="Portland"/>
    <tag k="addr:housenumber" v="15"/>
    <tag k="addr:postcode" v="04101"/>
    <tag k="addr:state" v="ME"/>
    <tag k="addr:street" v="Monument Square"/>
    <tag k="building" v="commercial"/>
  </node>
  <node id="7171976111" lat="43.6570259" lon="-70.2588608">
    <tag k="addr:city" v="Portland"/>
    <tag k="addr:housenumber" v="20"/>
    <tag k="addr:postcode" v="04101"/>
    <tag k="addr:state" v="ME"/>
    <tag k="addr:street" v="Monument Square"/>
  </node>
  <node id="7171976112" lat="43.6572854" lon="-70.2590088">
    <tag k="addr:city" v="Portland"/>
    <tag k="addr:housenumber" v="23"/>
    <tag k="addr:postcode" v="04101"/>
    <tag k="addr:state" v="ME"/>
    <tag k="addr:street" v="Monument Square"/>
  </node>
  <node id="7171976113" lat="43.6569971" lon="-70.2590214">
    <tag k="addr:city" v="Portland"/>
    <tag k="addr:housenumber" v="24"/>
    <tag k="addr:postcode" v="04101"/>
    <tag k="addr:state" v="ME"/>
    <tag k="addr:street" v="Monument Square"/>
  </node>
  <node id="7171976184" lat="43.6575734" lon="-70.2524606">
    <tag k="addr:city" v="Portland"/>
    <tag k="addr:housenumber" v="30"/>
    <tag k="addr:postcode" v="04101"/>
    <tag k="addr:state" v="ME"/>
    <tag k="addr:street" v="Pearl Street"/>
  </node>
  <node id="7171976210" lat="43.6578719" lon="-70.2601186">
    <tag k="addr:city" v="Portland"/>
    <tag k="addr:housenumber" v="25"/>
    <tag k="addr:postcode" v="04101"/>
    <tag k="addr:state" v="ME"/>
    <tag k="addr:street" v="Preble Street"/>
  </node>
  <node id="7171976211" lat="43.6579148" lon="-70.2607210">
    <tag k="addr:city" v="Portland"/>
    <tag k="addr:housenumber" v="30"/>
    <tag k="addr:postcode" v="04101"/>
    <tag k="addr:state" v="ME"/>
    <tag k="addr:street" v="Preble Street"/>
    <tag k="building" v="yes"/>
  </node>
  <node id="7171976237" lat="43.6574441" lon="-70.2527555">
    <tag k="addr:city" v="Portland"/>
    <tag k="addr:housenumber" v="35"/>
    <tag k="addr:postcode" v="04101"/>
    <tag k="addr:state" v="ME"/>
    <tag k="addr:street" v="Silver Street"/>
  </node>
  <node id="7171976238" lat="43.6574708" lon="-70.2527871">
    <tag k="addr:city" v="Portland"/>
    <tag k="addr:housenumber" v="37"/>
    <tag k="addr:postcode" v="04101"/>
    <tag k="addr:state" v="ME"/>
    <tag k="addr:street" v="Silver Street"/>
  </node>
  <node id="7171976264" lat="43.6603234" lon="-70.2582662">
    <tag k="addr:city" v="Portland"/>
    <tag k="addr:housenumber" v="7"/>
    <tag k="addr:postcode" v="04101"/>
    <tag k="addr:state" v="ME"/>
    <tag k="addr:street" v="Stone Street"/>
    <tag k="building" v="apartments"/>
  </node>
  <node id="7171976265" lat="43.6604873" lon="-70.2585114">
    <tag k="addr:city" v="Portland"/>
    <tag k="addr:housenumber" v="15"/>
    <tag k="addr:postcode" v="04101"/>
    <tag k="addr:state" v="ME"/>
    <tag k="addr:street" v="Stone Street"/>
    <tag k="building" v="apartments"/>
  </node>
  <node id="7171976287" lat="43.6562134" lon="-70.2533190">
    <tag k="addr:city" v="Portland"/>
    <tag k="addr:housenumber" v="15"/>
    <tag k="addr:postcode" v="04101"/>
    <tag k="addr:state" v="ME"/>
    <tag k="addr:street" v="Wharf Street"/>
  </node>
  <node id="7171976288" lat="43.6561766" lon="-70.2533926">
    <tag k="addr:city" v="Portland"/>
    <tag k="addr:housenumber" v="17"/>
    <tag k="addr:postcode" v="04101"/>
    <tag k="addr:state" v="ME"/>
    <tag k="addr:street" v="Wharf Street"/>
  </node>
  <node id="7171976289" lat="43.6559228" lon="-70.2539578">
    <tag k="addr:city" v="Portland"/>
    <tag k="addr:housenumber" v="31"/>
    <tag k="addr:postcode" v="04101"/>
    <tag k="addr:state" v="ME"/>
    <tag k="addr:street" v="Wharf Street"/>
  </node>
  <node id="7171976290" lat="43.6555534" lon="-70.2547996">
    <tag k="addr:city" v="Portland"/>
    <tag k="addr:housenumber" v="51"/>
    <tag k="addr:postcode" v="04101"/>
    <tag k="addr:state" v="ME"/>
    <tag k="addr:street" v="Wharf Street"/>
  </node>
  <node id="7171976317" lat="43.6568509" lon="-70.2571767">
    <tag k="addr:city" v="Portland"/>
    <tag k="addr:housenumber" v="98"/>
    <tag k="addr:postcode" v="04101"/>
    <tag k="addr:state" v="ME"/>
    <tag k="addr:street" v="Cross Street North"/>
    <tag k="amenity" v="restaurant"/>
  </node>
  <node id="7171976326" lat="43.6604856" lon="-70.2529304">
    <tag k="addr:city" v="Portland"/>
    <tag k="addr:housenumber" v="99"/>
    <tag k="addr:postcode" v="04101"/>
    <tag k="addr:state" v="ME"/>
    <tag k="addr:street" v="Franklin Street"/>
  </node>
  <node id="7535569228" lat="43.6560613" lon="-70.2538244">
    <tag k="addr:city" v="Portland"/>
    <tag k="addr:housenumber" v="414"/>
    <tag k="addr:postcode" v="04101"/>
    <tag k="addr:state" v="ME"/>
    <tag k="addr:street" v="Fore Street"/>
    <tag k="amenity" v="restaurant"/>
    <tag k="building" v="yes"/>
    <tag k="name" v="Central Provisions"/>
    <tag k="website" v="http://central-provisions.com"/>
  </node>
  <node id="7702087540" lat="43.6608979" lon="-70.2604788"/>
  <node id="7702087548" lat="43.6601767" lon="-70.2608167"/>
  <node id="7702087549" lat="43.6597106" lon="-70.2611520"/>
  <node id="7702087550" lat="43.6598517" lon="-70.2609465"/>
  <node id="7702087551" lat="43.6598698" lon="-70.2609496"/>
  <node id="7702087552" lat="43.6599908" lon="-70.2611079"/>
  <node id="7702087560" lat="43.6602183" lon="-70.2607547"/>
  <node id="7721147169" lat="43.6607715" lon="-70.2531172"/>
  <node id="7721147170" lat="43.6607411" lon="-70.2530666"/>
  <node id="7721147171" lat="43.6607857" lon="-70.2530154"/>
  <node id="7721147172" lat="43.6608018" lon="-70.2530422"/>
  <node id="7721147173" lat="43.6608102" lon="-70.2530326"/>
  <node id="7721147174" lat="43.6608068" lon="-70.2530268"/>
  <node id="7721147175" lat="43.6608648" lon="-70.2529604"/>
  <node id="7721147176" lat="43.6609739" lon="-70.2531428"/>
  <node id="7721147177" lat="43.6608931" lon="-70.2532351"/>
  <node id="7721147178" lat="43.6608895" lon="-70.2532289"/>
  <node id="7721147179" lat="43.6608749" lon="-70.2532456"/>
  <node id="7721147180" lat="43.6608680" lon="-70.2532340"/>
  <node id="7721147181" lat="43.6608388" lon="-70.2532675"/>
  <node id="7721147182" lat="43.6608251" lon="-70.2532448"/>
  <node id="7721147183" lat="43.6608014" lon="-70.2532721"/>
  <node id="7721147184" lat="43.6607743" lon="-70.2532272"/>
  <node id="7721220785" lat="43.6608044" lon="-70.2531926"/>
  <node id="7721220786" lat="43.6607968" lon="-70.2531799"/>
  <node id="7721220787" lat="43.6608060" lon="-70.2531693"/>
  <node id="7721220788" lat="43.6607850" lon="-70.2531343"/>
  <node id="7721220789" lat="43.6607580" lon="-70.2531653"/>
  <node id="7721220790" lat="43.6607464" lon="-70.2531460"/>
  <node id="7721220791" lat="43.6606151" lon="-70.2530738"/>
  <node id="7721220792" lat="43.6606344" lon="-70.2532043"/>
  <node id="7721220793" lat="43.6606006" lon="-70.2535393"/>
  <node id="7721220794" lat="43.6604636" lon="-70.2531959"/>
  <node id="7721220796" lat="43.6604109" lon="-70.2530381"/>
  <node id="7721220797" lat="43.6604282" lon="-70.2529932"/>
  <node id="7721220799" lat="43.6606390" lon="-70.2527369"/>
  <node id="7721220800" lat="43.6606932" lon="-70.2526758"/>
  <node id="7721220801" lat="43.6607823" lon="-70.2528089"/>
  <node id="7721220802" lat="43.6607070" lon="-70.2529665"/>
  <node id="7721220803" lat="43.6610086" lon="-70.2532022"/>
  <node id="7721220804" lat="43.6610506" lon="-70.2532764"/>
  <node id="7721220805" lat="43.6609312" lon="-70.2534133"/>
  <node id="7721220806" lat="43.6608922" lon="-70.2533495"/>
  <node id="7721220807" lat="43.6609416" lon="-70.2532932"/>
  <node id="7721220808" lat="43.6609639" lon="-70.2533825"/>
  <node id="7721220809" lat="43.6610171" lon="-70.2533200"/>
  <node id="7721220810" lat="43.6610386" lon="-70.2533521"/>
  <node id="7721220811" lat="43.6610276" lon="-70.2533679"/>
  <node id="7721220812" lat="43.6610551" lon="-70.2534128"/>
  <node id="7721220813" lat="43.6611015" lon="-70.2533568"/>
  <node id="7721220814" lat="43.6611611" lon="-70.2534560"/>
  <node id="7721220815" lat="43.6606343" lon="-70.2523363"/>
  <node id="7721220816" lat="43.6605273" lon="-70.2521537"/>
  <node id="7888484011" lat="43.6609445" lon="-70.2530232"/>
  <node id="7888484015" lat="43.6613407" lon="-70.2533648"/>
  <node id="7888484016" lat="43.6612839" lon="-70.2532679"/>
  <node id="7888484018" lat="43.6610383" lon="-70.2528879"/>
  <node id="7888484020" lat="43.6612371" lon="-70.2531955"/>
  <node id="7888484021" lat="43.6613528" lon="-70.2530589"/>
  <node id="7888484022" lat="43.6611497" lon="-70.2527272"/>
  <node id="7888484024" lat="43.6612140" lon="-70.2533511"/>
  <node id="7888484025" lat="43.6609717" lon="-70.2529398"/>
  <node id="7891719742" lat="43.6580050" lon="-70.2546643"/>
  <node id="7891719743" lat="43.6580529" lon="-70.2546994"/>
  <node id="7891719744" lat="43.6580677" lon="-70.2546994"/>
  <node id="7891719745" lat="43.6580803" lon="-70.2546892"/>
  <node id="7891719746" lat="43.6580849" lon="-70.2546756"/>
  <node id="7891719747" lat="43.6580820" lon="-70.2546558"/>
  <node id="7891719748" lat="43.6580771" lon="-70.2546309"/>
  <node id="7891719749" lat="43.6580701" lon="-70.2546156"/>
  <node id="7891719750" lat="43.6580595" lon="-70.2545987"/>
  <node id="7891719751" lat="43.6580456" lon="-70.2545874"/>
  <node id="7891719752" lat="43.6580357" lon="-70.2545766"/>
  <node id="7891719753" lat="43.6580230" lon="-70.2545613"/>
  <node id="7891719754" lat="43.6580161" lon="-70.2545494"/>
  <node id="7891719755" lat="43.6580091" lon="-70.2545240"/>
  <node id="7891719756" lat="43.6580001" lon="-70.2544997"/>
  <node id="7891719757" lat="43.6579813" lon="-70.2544697"/>
  <node id="7891719758" lat="43.6579625" lon="-70.2544544"/>
  <node id="7891719759" lat="43.6579522" lon="-70.2544550"/>
  <node id="7891719760" lat="43.6579420" lon="-70.2544595"/>
  <node id="7891719761" lat="43.6579367" lon="-70.2544685"/>
  <node id="7891719762" lat="43.6579309" lon="-70.2544861"/>
  <node id="7891719763" lat="43.6579293" lon="-70.2545076"/>
  <node id="7891719764" lat="43.6579277" lon="-70.2545245"/>
  <node id="7891719765" lat="43.6579268" lon="-70.2545410"/>
  <node id="7891719766" lat="43.6579359" lon="-70.2545477"/>
  <node id="7891719767" lat="43.6579510" lon="-70.2545540"/>
  <node id="7891719768" lat="43.6579666" lon="-70.2545630"/>
  <node id="7891719769" lat="43.6579780" lon="-70.2545743"/>
  <node id="7891719770" lat="43.6579858" lon="-70.2545896"/>
  <node id="7891719771" lat="43.6579944" lon="-70.2546100"/>
  <node id="7891719772" lat="43.6579993" lon="-70.2546298"/>
  <node id="7891719773" lat="43.6581016" lon="-70.2548703"/>
  <node id="7891719774" lat="43.6581164" lon="-70.2548612"/>
  <node id="7891719775" lat="43.6581311" lon="-70.2548561"/>
  <node id="7891719776" lat="43.6581528" lon="-70.2548606"/>
  <node id="7891719777" lat="43.6581684" lon="-70.2548697"/>
  <node id="7891719778" lat="43.6581798" lon="-70.2548872"/>
  <node id="7891719779" lat="43.6581876" lon="-70.2549133"/>
  <node id="7891719780" lat="43.6581958" lon="-70.2549217"/>
  <node id="7891719781" lat="43.6582072" lon="-70.2549212"/>
  <node id="7891719782" lat="43.6582167" lon="-70.2549116"/>
  <node id="7891719783" lat="43.6582322" lon="-70.2548918"/>
  <node id="7891719784" lat="43.6582216" lon="-70.2548629"/>
  <node id="7891738692" lat="43.6565960" lon="-70.2547792">
    <tag k="barrier" v="lift_gate"/>
  </node>
  <node id="7891738693" lat="43.6568088" lon="-70.2547513"/>
  <node id="7891738694" lat="43.6569365" lon="-70.2544405"/>
  <node id="7891738695" lat="43.6570208" lon="-70.2544266"/>
  <node id="7891738696" lat="43.6568097" lon="-70.2542692"/>
  <node id="7891738697" lat="43.6570246" lon="-70.2544853"/>
  <node id="7891738698" lat="43.6570635" lon="-70.2544070"/>
  <node id="7891738699" lat="43.6572461" lon="-70.2542638">
    <tag k="barrier" v="swing_gate"/>
    <tag k="bicycle" v="yes"/>
    <tag k="foot" v="yes"/>
    <tag k="motor_vehicle" v="no"/>
  </node>
  <node id="7891738700" lat="43.6571659" lon="-70.2544516"/>
  <node id="7891738701" lat="43.6572932" lon="-70.2542146"/>
  <node id="7891738702" lat="43.6573798" lon="-70.2553342"/>
  <node id="7891738703" lat="43.6571392" lon="-70.2556767"/>
  <node id="7891738704" lat="43.6569409" lon="-70.2559586"/>
  <node id="7891738705" lat="43.6568648" lon="-70.2551152"/>
  <node id="7891738706" lat="43.6567491" lon="-70.2553817"/>
  <node id="7891755885" lat="43.6581991" lon="-70.2548273"/>
  <node id="7891755886" lat="43.6581827" lon="-70.2548041"/>
  <node id="7891755887" lat="43.6581733" lon="-70.2547871"/>
  <node id="7891755888" lat="43.6581622" lon="-70.2547769"/>
  <node id="7891755889" lat="43.6581409" lon="-70.2547678"/>
  <node id="7891755890" lat="43.6581282" lon="-70.2547611"/>
  <node id="7891755891" lat="43.6581168" lon="-70.2547560"/>
  <node id="7891755892" lat="43.6581061" lon="-70.2547463"/>
  <node id="7891755893" lat="43.6580984" lon="-70.2547458"/>
  <node id="7891755894" lat="43.6580877" lon="-70.2547503"/>
  <node id="7891755895" lat="43.6580808" lon="-70.2547560"/>
  <node id="7891755896" lat="43.6580754" lon="-70.2547786"/>
  <node id="7891755897" lat="43.6580746" lon="-70.2548029"/>
  <node id="7891755898" lat="43.6580767" lon="-70.2548239"/>
  <node id="7891755899" lat="43.6580840" lon="-70.2548442"/>
  <node id="7891755900" lat="43.6579788" lon="-70.2547509"/>
  <node id="7891755901" lat="43.6579629" lon="-70.2547661"/>
  <node id="7891755902" lat="43.6579494" lon="-70.2547797"/>
  <node id="7891755903" lat="43.6579375" lon="-70.2547859"/>
  <node id="7891755904" lat="43.6579277" lon="-70.2547916"/>
  <node id="7891755905" lat="43.6579281" lon="-70.2548001"/>
  <node id="7891755906" lat="43.6579375" lon="-70.2548154"/>
  <node id="7891755907" lat="43.6579657" lon="-70.2548601"/>
  <node id="7891755908" lat="43.6579858" lon="-70.2548799"/>
  <node id="7891755909" lat="43.6580054" lon="-70.2548821"/>
  <node id="7891755910" lat="43.6580234" lon="-70.2548646"/>
  <node id="7891755911" lat="43.6580271" lon="-70.2548397"/>
  <node id="7891755912" lat="43.6580280" lon="-70.2548171"/>
  <node id="7891755913" lat="43.6580247" lon="-70.2547939"/>
  <node id="7891755914" lat="43.6580153" lon="-70.2547718"/>
  <node id="7891755915" lat="43.6580042" lon="-70.2547571"/>
  <node id="7891755916" lat="43.6580937" lon="-70.2550782"/>
  <node id="7891755917" lat="43.6580474" lon="-70.2550033"/>
  <node id="7891755918" lat="43.6580384" lon="-70.2549813"/>
  <node id="7891755919" lat="43.6580355" lon="-70.2549568"/>
  <node id="7891755920" lat="43.6580358" lon="-70.2549448"/>
  <node id="7891755921" lat="43.6580442" lon="-70.2549313"/>
  <node id="7891755922" lat="43.6580550" lon="-70.2549148"/>
  <node id="7891755923" lat="43.6580662" lon="-70.2549153"/>
  <node id="7891755924" lat="43.6580781" lon="-70.2549203"/>
  <node id="7891755925" lat="43.6580785" lon="-70.2549288"/>
  <node id="7891755926" lat="43.6580778" lon="-70.2549433"/>
  <node id="7891755927" lat="43.6580814" lon="-70.2549633"/>
  <node id="7891755928" lat="43.6580897" lon="-70.2549828"/>
  <node id="7891755929" lat="43.6581034" lon="-70.2549993"/>
  <node id="7891755930" lat="43.6581175" lon="-70.2550118"/>
  <node id="7891755931" lat="43.6581179" lon="-70.2550198"/>
  <node id="7891755932" lat="43.6581132" lon="-70.2550423"/>
  <node id="7891755933" lat="43.6581110" lon="-70.2550528"/>
  <node id="7891755946" lat="43.6578478" lon="-70.2546387">
    <tag k="natural" v="stone"/>
  </node>
  <node id="7891755947" lat="43.6578912" lon="-70.2546555">
    <tag k="natural" v="stone"/>
  </node>
  <node id="7891755948" lat="43.6578670" lon="-70.2546740">
    <tag k="natural" v="stone"/>
  </node>
  <node id="7891755949" lat="43.6578481" lon="-70.2546736">
    <tag k="natural" v="stone"/>
  </node>
  <node id="7891755950" lat="43.6578641" lon="-70.2546184">
    <tag k="natural" v="stone"/>
  </node>
  <node id="7891755955" lat="43.6578938" lon="-70.2547122">
    <tag k="natural" v="tree"/>
  </node>
  <node id="7891755956" lat="43.6579148" lon="-70.2546967">
    <tag k="natural" v="tree"/>
  </node>
  <node id="7891755957" lat="43.6579282" lon="-70.2546681">
    <tag k="natural" v="tree"/>
  </node>
  <node id="7891755958" lat="43.6579222" lon="-70.2546292">
    <tag k="natural" v="tree"/>
  </node>
  <node id="7891755959" lat="43.6579036" lon="-70.2546034">
    <tag k="natural" v="tree"/>
  </node>
  <node id="7963638811" lat="43.6598655" lon="-70.2517793"/>
  <node id="7963638812" lat="43.6598944" lon="-70.2518209"/>
  <node id="7963638813" lat="43.6600155" lon="-70.2519463"/>
  <node id="7963638814" lat="43.6599046" lon="-70.2521101"/>
  <node id="7963638815" lat="43.6596089" lon="-70.2517089"/>
  <node id="7963638817" lat="43.6597845" lon="-70.2516515"/>
  <node id="7977210974" lat="43.6573231" lon="-70.2559206">
    <tag k="amenity" v="bench"/>
    <tag k="backrest" v="yes"/>
  </node>
  <node id="7977210975" lat="43.6573493" lon="-70.2562587">
    <tag k="amenity" v="bench"/>
    <tag k="backrest" v="yes"/>
  </node>
  <node id="7977210976" lat="43.6573622" lon="-70.2560116">
    <tag k="amenity" v="bench"/>
  </node>
  <node id="7977210977" lat="43.6573711" lon="-70.2560579">
    <tag k="amenity" v="bench"/>
  </node>
  <node id="7977210978" lat="43.6573747" lon="-70.2561062">
    <tag k="amenity" v="bench"/>
  </node>
  <node id="7977210979" lat="43.6573720" lon="-70.2561508">
    <tag k="amenity" v="bench"/>
  </node>
  <node id="7977210980" lat="43.6574277" lon="-70.2560904">
    <tag k="amenity" v="bench"/>
    <tag k="backrest" v="yes"/>
  </node>
  <node id="7977210981" lat="43.6574167" lon="-70.2561738">
    <tag k="amenity" v="bench"/>
  </node>
  <node id="7977210982" lat="43.6574828" lon="-70.2561221">
    <tag k="amenity" v="bench"/>
  </node>
  <node id="7977210983" lat="43.6575116" lon="-70.2561764">
    <tag k="amenity" v="bench"/>
  </node>
  <node id="7977210984" lat="43.6571016" lon="-70.2554277"/>
  <node id="7977230985" lat="43.6570934" lon="-70.2554311"/>
  <node id="7977230986" lat="43.6570859" lon="-70.2554367"/>
  <node id="7977230987" lat="43.6570794" lon="-70.2554441"/>
  <node id="7977230988" lat="43.6570740" lon="-70.2554532"/>
  <node id="7977230989" lat="43.6570700" lon="-70.2554636"/>
  <node id="7977230990" lat="43.6570675" lon="-70.2554748"/>
  <node id="7977230991" lat="43.6570667" lon="-70.2554865"/>
  <node id="7977230992" lat="43.6570675" lon="-70.2554982"/>
  <node id="7977230993" lat="43.6570700" lon="-70.2555095"/>
  <node id="7977230994" lat="43.6570740" lon="-70.2555198"/>
  <node id="7977230995" lat="43.6570794" lon="-70.2555289"/>
  <node id="7977230996" lat="43.6570859" lon="-70.2555364"/>
  <node id="7977230997" lat="43.6570934" lon="-70.2555419"/>
  <node id="7977230998" lat="43.6571016" lon="-70.2555453"/>
  <node id="7977230999" lat="43.6571100" lon="-70.2555465"/>
  <node id="7977231000" lat="43.6571185" lon="-70.2555453"/>
  <node id="7977231001" lat="43.6571266" lon="-70.2555419"/>
  <node id="7977231002" lat="43.6571341" lon="-70.2555364"/>
  <node id="7977231003" lat="43.6571407" lon="-70.2555289"/>
  <node id="7977231004" lat="43.6571461" lon="-70.2555198"/>
  <node id="7977231005" lat="43.6571501" lon="-70.2555095"/>
  <node id="7977231006" lat="43.6571526" lon="-70.2554982"/>
  <node id="7977231007" lat="43.6571534" lon="-70.2554865"/>
  <node id="7977231008" lat="43.6571526" lon="-70.2554748"/>
  <node id="7977231009" lat="43.6571501" lon="-70.2554636"/>
  <node id="7977231010" lat="43.6571461" lon="-70.2554532"/>
  <node id="7977231011" lat="43.6571407" lon="-70.2554441"/>
  <node id="7977231012" lat="43.6571341" lon="-70.2554367"/>
  <node id="7977231013" lat="43.6571266" lon="-70.2554311"/>
  <node id="7977231014" lat="43.6571185" lon="-70.2554277"/>
  <node id="7977231015" lat="43.6571100" lon="-70.2554266"/>
  <node id="7977231016" lat="43.6576508" lon="-70.2545954"/>
  <node id="7977231017" lat="43.6567803" lon="-70.2537547"/>
  <node id="7977231018" lat="43.6567825" lon="-70.2537571"/>
  <node id="7977231019" lat="43.6566499" lon="-70.2540081"/>
  <node id="7977231020" lat="43.6568836" lon="-70.2538743"/>
  <node id="7977231021" lat="43.6567506" lon="-70.2540925"/>
  <node id="7977231022" lat="43.6565020" lon="-70.2532151"/>
  <node id="7977231023" lat="43.6561509" lon="-70.2534358"/>
  <node id="7977231024" lat="43.6561594" lon="-70.2534438"/>
  <node id="7977231025" lat="43.6560643" lon="-70.2536102"/>
  <node id="7977231026" lat="43.6557577" lon="-70.2540653"/>
  <node id="7981424042" lat="43.6567870" lon="-70.2580111"/>
  <node id="7981424043" lat="43.6568518" lon="-70.2586756"/>
  <node id="7981424044" lat="43.6570128" lon="-70.2583872">
    <tag k="amenity" v="parking_entrance"/>
  </node>
  <node id="7981424045" lat="43.6569267" lon="-70.2587403"/>
  <node id="7981424046" lat="43.6569801" lon="-70.2585893"/>
  <node id="7981424047" lat="43.6567299" lon="-70.2581139">
    <tag k="amenity" v="parking_entrance"/>
  </node>
  <node id="7981424048" lat="43.6566681" lon="-70.2580418"/>
  <node id="8004531794" lat="43.6579656" lon="-70.2545695">
    <tag k="amenity" v="bench"/>
    <tag k="backrest" v="no"/>
  </node>
  <node id="8004531795" lat="43.6580099" lon="-70.2545158">
    <tag k="amenity" v="bench"/>
    <tag k="backrest" v="no"/>
  </node>
  <node id="8004531796" lat="43.6580365" lon="-70.2545718">
    <tag k="amenity" v="bench"/>
    <tag k="backrest" v="no"/>
  </node>
  <node id="8004531797" lat="43.6580869" lon="-70.2546656">
    <tag k="amenity" v="bench"/>
    <tag k="backrest" v="yes"/>
  </node>
  <node id="8004531798" lat="43.6580308" lon="-70.2546875">
    <tag k="amenity" v="bench"/>
    <tag k="backrest" v="yes"/>
  </node>
  <node id="8004531799" lat="43.6579964" lon="-70.2546416">
    <tag k="amenity" v="bench"/>
    <tag k="backrest" v="yes"/>
  </node>
  <node id="8004531800" lat="43.6579245" lon="-70.2545251">
    <tag k="amenity" v="bench"/>
    <tag k="backrest" v="no"/>
  </node>
  <node id="8004531801" lat="43.6579342" lon="-70.2545506">
    <tag k="amenity" v="bench"/>
    <tag k="backrest" v="no"/>
  </node>
  <node id="8006552719" lat="43.6564725" lon="-70.2568086">
    <tag k="crossing" v="marked"/>
    <tag k="crossing:markings" v="yes"/>
    <tag k="highway" v="crossing"/>
  </node>
  <node id="8006552720" lat="43.6564427" lon="-70.2566531"/>
  <node id="8006552721" lat="43.6564292" lon="-70.2566376"/>
  <node id="8006552722" lat="43.6563500" lon="-70.2566756"/>
  <node id="8006552723" lat="43.6563633" lon="-70.2566520"/>
  <node id="8006552724" lat="43.6563793" lon="-70.2566365"/>
  <node id="8006552725" lat="43.6563993" lon="-70.2566311"/>
  <node id="8006552726" lat="43.6564154" lon="-70.2566308"/>
  <node id="8006552727" lat="43.6564116" lon="-70.2567043"/>
  <node id="8006552728" lat="43.6559453" lon="-70.2564077"/>
  <node id="8006552729" lat="43.6559377" lon="-70.2563910"/>
  <node id="8006552730" lat="43.6559295" lon="-70.2563612"/>
  <node id="8006552731" lat="43.6559219" lon="-70.2563217"/>
  <node id="8006552732" lat="43.6559187" lon="-70.2562946"/>
  <node id="8006552733" lat="43.6559225" lon="-70.2562639"/>
  <node id="8006552734" lat="43.6559327" lon="-70.2562297"/>
  <node id="8006552735" lat="43.6559675" lon="-70.2561517"/>
  <node id="8006552736" lat="43.6560315" lon="-70.2559982"/>
  <node id="8006552737" lat="43.6561096" lon="-70.2559317"/>
  <node id="8006552738" lat="43.6562546" lon="-70.2555789"/>
  <node id="8006552739" lat="43.6562585" lon="-70.2562322"/>
  <node id="8006552740" lat="43.6562610" lon="-70.2562844"/>
  <node id="8006552741" lat="43.6562517" lon="-70.2563351"/>
  <node id="8006552742" lat="43.6560365" lon="-70.2563561"/>
  <node id="8006552743" lat="43.6560213" lon="-70.2563022"/>
  <node id="8006552744" lat="43.6560202" lon="-70.2562444"/>
  <node id="8006552745" lat="43.6560334" lon="-70.2561896"/>
  <node id="8006552746" lat="43.6562316" lon="-70.2563794"/>
  <node id="8006552747" lat="43.6562026" lon="-70.2564129"/>
  <node id="8006552748" lat="43.6561675" lon="-70.2564325"/>
  <node id="8006552749" lat="43.6561298" lon="-70.2564362"/>
  <node id="8006552750" lat="43.6560930" lon="-70.2564236"/>
  <node id="8006552751" lat="43.6560609" lon="-70.2563960"/>
  <node id="8006552752" lat="43.6560593" lon="-70.2561442"/>
  <node id="8006552753" lat="43.6560948" lon="-70.2561136"/>
  <node id="8006552754" lat="43.6561357" lon="-70.2561015"/>
  <node id="8006552755" lat="43.6561771" lon="-70.2561094"/>
  <node id="8006552756" lat="43.6562142" lon="-70.2561362"/>
  <node id="8006552757" lat="43.6562424" lon="-70.2561788"/>
  <node id="8006552758" lat="43.6560669" lon="-70.2564943"/>
  <node id="8006552759" lat="43.6559718" lon="-70.2561414"/>
  <node id="8006565546" lat="43.6574326" lon="-70.2560346">
    <tag k="amenity" v="bicycle_parking"/>
  </node>
  <node id="8006565547" lat="43.6572001" lon="-70.2560356"/>
  <node id="8006565548" lat="43.6573420" lon="-70.2558455"/>
  <node id="8006565549" lat="43.6573458" lon="-70.2558439"/>
  <node id="8006565550" lat="43.6573500" lon="-70.2558436"/>
  <node id="8006565551" lat="43.6573552" lon="-70.2558458"/>
  <node id="8006565552" lat="43.6573587" lon="-70.2558530"/>
  <node id="8006565553" lat="43.6575258" lon="-70.2561806"/>
  <node id="8006565554" lat="43.6575286" lon="-70.2561864"/>
  <node id="8006565555" lat="43.6575293" lon="-70.2561910"/>
  <node id="8006565556" lat="43.6575286" lon="-70.2561965"/>
  <node id="8006565557" lat="43.6575263" lon="-70.2562010"/>
  <node id="8006565558" lat="43.6574026" lon="-70.2563210"/>
  <node id="8006565559" lat="43.6573993" lon="-70.2563236"/>
  <node id="8006565560" lat="43.6573948" lon="-70.2563253"/>
  <node id="8006565561" lat="43.6573916" lon="-70.2563240"/>
  <node id="8006565562" lat="43.6572034" lon="-70.2561757"/>
  <node id="8006565563" lat="43.6571965" lon="-70.2561673"/>
  <node id="8006565564" lat="43.6571926" lon="-70.2561618"/>
  <node id="8006565565" lat="43.6571888" lon="-70.2561540"/>
  <node id="8006565566" lat="43.6571846" lon="-70.2561449"/>
  <node id="8006565567" lat="43.6571822" lon="-70.2561378"/>
  <node id="8006565568" lat="43.6571799" lon="-70.2561271"/>
  <node id="8006565569" lat="43.6571782" lon="-70.2561134"/>
  <node id="8006565570" lat="43.6571778" lon="-70.2561005"/>
  <node id="8006565571" lat="43.6571782" lon="-70.2560875"/>
  <node id="8006565572" lat="43.6571801" lon="-70.2560745"/>
  <node id="8006565573" lat="43.6571843" lon="-70.2560612"/>
  <node id="8006565574" lat="43.6571900" lon="-70.2560499"/>
  <node id="8006565575" lat="43.6575960" lon="-70.2562378">
    <tag k="amenity" v="parking_entrance"/>
  </node>
  <node id="8006565576" lat="43.6573698" lon="-70.2564538"/>
  <node id="8328719475" lat="43.6586191" lon="-70.2564423"/>
  <node id="8328719476" lat="43.6585520" lon="-70.2563298"/>
  <node id="8328719477" lat="43.6585188" lon="-70.2563914"/>
  <node id="8328719478" lat="43.6586660" lon="-70.2562117"/>
  <node id="8328719480" lat="43.6582609" lon="-70.2566536"/>
  <node id="8328719481" lat="43.6587127" lon="-70.2571104">
    <tag k="entrance" v="yes"/>
  </node>
  <node id="8328719482" lat="43.6584842" lon="-70.2570876"/>
  <node id="8328719493" lat="43.6581603" lon="-70.2568403"/>
  <node id="8328719498" lat="43.6584059" lon="-70.2573408">
    <tag k="entrance" v="yes"/>
  </node>
  <node id="8328719499" lat="43.6585619" lon="-70.2564076">
    <tag k="amenity" v="atm"/>
    <tag k="operator" v="Norway Savings Bank"/>
  </node>
  <node id="8328719500" lat="43.6587168" lon="-70.2564172">
    <tag k="entrance" v="yes"/>
  </node>
  <node id="8328719501" lat="43.6585711" lon="-70.2564821"/>
  <node id="8328719504" lat="43.6584614" lon="-70.2565009"/>
  <node id="8328780131" lat="43.6581706" lon="-70.2552392">
    <tag k="entrance" v="yes"/>
  </node>
  <node id="8328785062" lat="43.6591473" lon="-70.2561671">
    <tag k="man_made" v="flagpole"/>
  </node>
  <node id="8328785063" lat="43.6591547" lon="-70.2561461">
    <tag k="man_made" v="flagpole"/>
  </node>
  <node id="8328785064" lat="43.6591668" lon="-70.2561317">
    <tag k="man_made" v="flagpole"/>
  </node>
  <node id="8328785065" lat="43.6591684" lon="-70.2561606">
    <tag k="historic" v="memorial"/>
  </node>
  <node id="8328785066" lat="43.6592005" lon="-70.2561657">
    <tag k="amenity" v="bench"/>
  </node>
  <node id="8328785067" lat="43.6591782" lon="-70.2562003">
    <tag k="amenity" v="bench"/>
  </node>
  <node id="8328785068" lat="43.6591836" lon="-70.2563096"/>
  <node id="8328785069" lat="43.6588687" lon="-70.2557627"/>
  <node id="8328785070" lat="43.6589296" lon="-70.2556476"/>
  <node id="8328785071" lat="43.6592215" lon="-70.2559738"/>
  <node id="8328785072" lat="43.6591720" lon="-70.2560580"/>
  <node id="8328785073" lat="43.6592457" lon="-70.2561492"/>
  <node id="8328785074" lat="43.6593007" lon="-70.2560567"/>
  <node id="8328785075" lat="43.6593156" lon="-70.2560757"/>
  <node id="8328785076" lat="43.6591708" lon="-70.2563063"/>
  <node id="8328785077" lat="43.6591767" lon="-70.2563111"/>
  <node id="8328785078" lat="43.6592043" lon="-70.2561962"/>
  <node id="8328785079" lat="43.6592078" lon="-70.2561856"/>
  <node id="8328785080" lat="43.6591641" lon="-70.2561559"/>
  <node id="8328785081" lat="43.6591603" lon="-70.2561656"/>
  <node id="8328785082" lat="43.6592085" lon="-70.2561739"/>
  <node id="8328785083" lat="43.6592063" lon="-70.2561626"/>
  <node id="8328785084" lat="43.6592015" lon="-70.2561530"/>
  <node id="8328785085" lat="43.6591947" lon="-70.2561461"/>
  <node id="8328785086" lat="43.6591865" lon="-70.2561428"/>
  <node id="8328785087" lat="43.6591781" lon="-70.2561435"/>
  <node id="8328785088" lat="43.6591703" lon="-70.2561480"/>
  <node id="8328785089" lat="43.6591589" lon="-70.2561763"/>
  <node id="8328785090" lat="43.6591600" lon="-70.2561872"/>
  <node id="8328785091" lat="43.6591636" lon="-70.2561970"/>
  <node id="8328785092" lat="43.6591691" lon="-70.2562047"/>
  <node id="8328785093" lat="43.6591762" lon="-70.2562097"/>
  <node id="8328785094" lat="43.6591841" lon="-70.2562113"/>
  <node id="8328785095" lat="43.6591919" lon="-70.2562094"/>
  <node id="8328785096" lat="43.6591988" lon="-70.2562042"/>
  <node id="8328785098" lat="43.6590255" lon="-70.2557556"/>
  <node id="8328785099" lat="43.6591596" lon="-70.2555082"/>
  <node id="8328785100" lat="43.6590671" lon="-70.2554038"/>
  <node id="8328785101" lat="43.6591736" lon="-70.2558831"/>
  <node id="8328785102" lat="43.6591721" lon="-70.2558684"/>
  <node id="8328785103" lat="43.6590942" lon="-70.2557800"/>
  <node id="8328785104" lat="43.6590841" lon="-70.2557825"/>
  <node id="8328785105" lat="43.6590458" lon="-70.2557181"/>
  <node id="8328785106" lat="43.6590874" lon="-70.2556616"/>
  <node id="8328785107" lat="43.6590764" lon="-70.2556617"/>
  <node id="8328785108" lat="43.6591871" lon="-70.2554887"/>
  <node id="8328785109" lat="43.6591855" lon="-70.2554713"/>
  <node id="8328785110" lat="43.6592222" lon="-70.2554313"/>
  <node id="8328785111" lat="43.6592493" lon="-70.2554639"/>
  <node id="8328785112" lat="43.6593829" lon="-70.2556051"/>
  <node id="8328785113" lat="43.6592507" lon="-70.2554770"/>
  <node id="8328785114" lat="43.6592154" lon="-70.2559158"/>
  <node id="8328785115" lat="43.6595906" lon="-70.2555872"/>
  <node id="8328785116" lat="43.6592663" lon="-70.2550566"/>
  <node id="8328786817" lat="43.6591065" lon="-70.2553322"/>
  <node id="8328786818" lat="43.6592002" lon="-70.2554466"/>
  <node id="8328786819" lat="43.6594073" lon="-70.2556299"/>
  <node id="8328786820" lat="43.6594428" lon="-70.2555674"/>
  <node id="8328786821" lat="43.6595413" lon="-70.2556695"/>
  <node id="8328786822" lat="43.6595276" lon="-70.2555872">
    <tag k="historic" v="memorial"/>
  </node>
  <node id="8328786823" lat="43.6595032" lon="-70.2557338"/>
  <node id="8328786825" lat="43.6591075" lon="-70.2573682"/>
  <node id="8328786826" lat="43.6593216" lon="-70.2570649"/>
  <node id="8328786827" lat="43.6593248" lon="-70.2570685"/>
  <node id="8328786828" lat="43.6591114" lon="-70.2573733"/>
  <node id="8328786829" lat="43.6588741" lon="-70.2573597"/>
  <node id="8328786830" lat="43.6592906" lon="-70.2566689"/>
  <node id="8328786831" lat="43.6591045" lon="-70.2569705"/>
  <node id="8328786832" lat="43.6588883" lon="-70.2573384"/>
  <node id="8328786833" lat="43.6592484" lon="-70.2567023"/>
  <node id="8328786834" lat="43.6592222" lon="-70.2575425"/>
  <node id="8328786835" lat="43.6592290" lon="-70.2575546"/>
  <node id="8328786836" lat="43.6593123" lon="-70.2574359"/>
  <node id="8328786837" lat="43.6593621" lon="-70.2574259"/>
  <node id="8328786838" lat="43.6593754" lon="-70.2573891"/>
  <node id="8328786839" lat="43.6593367" lon="-70.2574431"/>
  <node id="8328786840" lat="43.6593713" lon="-70.2574098"/>
  <node id="8328786841" lat="43.6593743" lon="-70.2573700"/>
  <node id="8328786842" lat="43.6593503" lon="-70.2574398"/>
  <node id="8328786843" lat="43.6593240" lon="-70.2574428"/>
  <node id="8328786844" lat="43.6592131" lon="-70.2570346">
    <tag k="amenity" v="bicycle_parking"/>
  </node>
  <node id="8328786845" lat="43.6590745" lon="-70.2572283">
    <tag k="amenity" v="bicycle_parking"/>
  </node>
  <node id="8328786846" lat="43.6592212" lon="-70.2570458">
    <tag k="natural" v="tree"/>
  </node>
  <node id="8328786847" lat="43.6591969" lon="-70.2570116">
    <tag k="natural" v="tree"/>
  </node>
  <node id="8328786848" lat="43.6590583" lon="-70.2572066">
    <tag k="natural" v="tree"/>
  </node>
  <node id="8328786849" lat="43.6590816" lon="-70.2572401">
    <tag k="natural" v="tree"/>
  </node>
  <node id="8328786850" lat="43.6592146" lon="-70.2572165">
    <tag k="entrance" v="yes"/>
  </node>
  <node id="8328786851" lat="43.6595671" lon="-70.2570911">
    <tag k="entrance" v="yes"/>
  </node>
  <node id="8492507073" lat="43.6569429" lon="-70.2590734">
    <tag k="amenity" v="restaurant"/>
    <tag k="cuisine" v="jamaican"/>
    <tag k="name" v="Yardie Ting"/>
    <tag k="opening_hours" v="Tu-Sa 11:00-19:00"/>
    <tag k="phone" v="+1-207-420-8355"/>
    <tag k="website" v="https://www.yardieting.com"/>
  </node>
  <node id="8613655117" lat="43.6580175" lon="-70.2587931">
    <tag k="addr:city" v="Portland"/>
    <tag k="addr:housenumber" v="443"/>
    <tag k="addr:postcode" v="04101"/>
    <tag k="addr:state" v="ME"/>
    <tag k="addr:street" v="Congress Street"/>
    <tag k="addr:unit" v="2nd Floor"/>
    <tag k="amenity" v="clinic"/>
    <tag k="brand" v="Planned Parenthood"/>
    <tag k="brand:wikidata" v="Q2553262"/>
    <tag k="healthcare" v="counselling"/>
    <tag k="healthcare:counselling" v="antenatal;sexual"/>
    <tag k="name" v="Planned Parenthood"/>
    <tag k="operator" v="Planned Parenthood"/>
    <tag k="operator:type" v="ngo"/>
    <tag k="operator:wikidata" v="Q2553262"/>
    <tag k="operator:wikipedia" v="en:Planned Parenthood"/>
    <tag k="phone" v="+1-207-797-8881"/>
    <tag k="website" v="https://www.plannedparenthood.org/health-center/maine/portland/04101/portland-health-center-2940-91770"/>
  </node>
  <node id="8617193156" lat="43.6562552" lon="-70.2539616">
    <tag k="amenity" v="parking_entrance"/>
  </node>
  <node id="8617193157" lat="43.6561103" lon="-70.2543838">
    <tag k="addr:city" v="Portland"/>
    <tag k="addr:housenumber" v="425"/>
    <tag k="addr:postcode" v="04101"/>
    <tag k="addr:state" v="ME"/>
    <tag k="addr:street" v="Fore Street"/>
    <tag k="amenity" v="restaurant"/>
    <tag k="cuisine" v="seafood"/>
    <tag k="name" v="Maine Lobster Shack"/>
  </node>
  <node id="8617193158" lat="43.6561426" lon="-70.2542956">
    <tag k="addr:city" v="Portland"/>
    <tag k="addr:housenumber" v="425"/>
    <tag k="addr:postcode" v="04101"/>
    <tag k="addr:state" v="ME"/>
    <tag k="addr:street" v="Fore Street"/>
    <tag k="amenity" v="ice_cream"/>
    <tag k="name" v="The Gelato Fiasco"/>
  </node>
  <node id="8617272600" lat="43.6554626" lon="-70.2547474"/>
  <node id="8617295800" lat="43.6574430" lon="-70.2567895">
    <tag k="alt_name" v="Dunkin' Donuts"/>
    <tag k="amenity" v="fast_food"/>
    <tag k="brand" v="Dunkin'"/>
    <tag k="brand:wikidata" v="Q847743"/>
    <tag k="contact:website" v="https://locations.dunkindonuts.com/en/me/portland/1-city-center/342212"/>
    <tag k="cuisine" v="donut;coffee_shop"/>
    <tag k="fixme:atp" v="Check if still exists. No corresponding ATP object."/>
    <tag k="name" v="Dunkin'"/>
    <tag k="takeaway" v="yes"/>
  </node>
  <node id="8617295801" lat="43.6572415" lon="-70.2576561"/>
  <node id="8617295802" lat="43.6572342" lon="-70.2576667"/>
  <node id="8617295803" lat="43.6572387" lon="-70.2577324"/>
  <node id="8617295804" lat="43.6572568" lon="-70.2577507"/>
  <node id="8617295805" lat="43.6572596" lon="-70.2578033"/>
  <node id="8617295806" lat="43.6572538" lon="-70.2578132"/>
  <node id="8617295807" lat="43.6572984" lon="-70.2577799"/>
  <node id="8617295808" lat="43.6573050" lon="-70.2577870"/>
  <node id="8617295809" lat="43.6573197" lon="-70.2577606"/>
  <node id="8617295810" lat="43.6573154" lon="-70.2577046"/>
  <node id="8617295811" lat="43.6573563" lon="-70.2576964"/>
  <node id="8617295812" lat="43.6573461" lon="-70.2576234"/>
  <node id="8617295813" lat="43.6573416" lon="-70.2576330"/>
  <node id="8617295814" lat="43.6573714" lon="-70.2576669"/>
  <node id="8617295815" lat="43.6572675" lon="-70.2576114"/>
  <node id="8617295816" lat="43.6572362" lon="-70.2575718"/>
  <node id="8617308382" lat="43.6573786" lon="-70.2571306">
    <tag k="amenity" v="bar"/>
    <tag k="name" v="Citrus"/>
    <tag k="website" v="https://www.instagram.com/citrusportland/"/>
  </node>
  <node id="8617338617" lat="43.6572578" lon="-70.2575308"/>
  <node id="8617338618" lat="43.6572323" lon="-70.2574958"/>
  <node id="8617338619" lat="43.6572267" lon="-70.2574207"/>
  <node id="8617338620" lat="43.6572512" lon="-70.2573790"/>
  <node id="8617338621" lat="43.6572244" lon="-70.2573456"/>
  <node id="8617338622" lat="43.6572454" lon="-70.2573048"/>
  <node id="8617338623" lat="43.6572156" lon="-70.2572657"/>
  <node id="8617338624" lat="43.6572362" lon="-70.2575344">
    <tag k="amenity" v="bench"/>
  </node>
  <node id="8617338625" lat="43.6572331" lon="-70.2573809">
    <tag k="amenity" v="bench"/>
  </node>
  <node id="8617338626" lat="43.6572173" lon="-70.2573133">
    <tag k="amenity" v="post_box"/>
    <tag k="operator" v="United States Postal Service"/>
    <tag k="operator:short" v="USPS"/>
    <tag k="operator:type" v="public"/>
    <tag k="operator:website" v="https://www.usps.com"/>
    <tag k="operator:wikidata" v="Q668687"/>
    <tag k="operator:wikipedia" v="en:United States Postal Service"/>
    <tag k="short_name" v="USPS"/>
  </node>
  <node id="8617338627" lat="43.6572156" lon="-70.2572794">
    <tag k="amenity" v="post_box"/>
    <tag k="brand" v="UPS"/>
    <tag k="brand:type" v="private"/>
    <tag k="brand:wikidata" v="Q155026"/>
    <tag k="official_name" v="United Parcel Service"/>
    <tag k="operator" v="UPS"/>
    <tag k="operator:type" v="private"/>
    <tag k="operator:wikidata" v="Q155026"/>
    <tag k="operator:wikipedia" v="en:United Parcel Service"/>
  </node>
  <node id="8617338628" lat="43.6571914" lon="-70.2572728">
    <tag k="natural" v="tree"/>
  </node>
  <node id="8617338629" lat="43.6571982" lon="-70.2573491">
    <tag k="natural" v="tree"/>
  </node>
  <node id="8617338630" lat="43.6571718" lon="-70.2572946"/>
  <node id="8617338631" lat="43.6572023" lon="-70.2572293"/>
  <node id="8617338632" lat="43.6572209" lon="-70.2582386"/>
  <node id="8617338633" lat="43.6573856" lon="-70.2579615"/>
  <node id="8617338634" lat="43.6573346" lon="-70.2579090"/>
  <node id="8617338635" lat="43.6573024" lon="-70.2579668"/>
  <node id="8617338636" lat="43.6573147" lon="-70.2581601"/>
  <node id="8617338637" lat="43.6573404" lon="-70.2581850"/>
  <node id="8617338638" lat="43.6573676" lon="-70.2581321"/>
  <node id="8617338639" lat="43.6573599" lon="-70.2580590"/>
  <node id="8617338640" lat="43.6573917" lon="-70.2580023"/>
  <node id="8617338641" lat="43.6573350" lon="-70.2581395">
    <tag k="artwork_type" v="sculpture"/>
    <tag k="tourism" v="artwork"/>
  </node>
  <node id="8617338642" lat="43.6573695" lon="-70.2580944">
    <tag k="amenity" v="bench"/>
  </node>
  <node id="8617338643" lat="43.6573867" lon="-70.2580187">
    <tag k="amenity" v="bench"/>
  </node>
  <node id="8617338644" lat="43.6574539" lon="-70.2579773"/>
  <node id="8617338645" lat="43.6573950" lon="-70.2579152"/>
  <node id="8617338646" lat="43.6574158" lon="-70.2578753"/>
  <node id="8682311842" lat="43.6591432" lon="-70.2563839">
    <tag k="direction" v="forward"/>
    <tag k="highway" v="stop"/>
  </node>
  <node id="8688650034" lat="43.6573937" lon="-70.2547248"/>
  <node id="8688650035" lat="43.6572152" lon="-70.2545804"/>
  <node id="8688650036" lat="43.6571704" lon="-70.2546862"/>
  <node id="8688650037" lat="43.6572537" lon="-70.2547537"/>
  <node id="8688650038" lat="43.6572484" lon="-70.2547663"/>
  <node id="8688650039" lat="43.6573435" lon="-70.2548432"/>
  <node id="8688650040" lat="43.6571163" lon="-70.2546481"/>
  <node id="8688650041" lat="43.6572359" lon="-70.2547715">
    <tag k="entrance" v="yes"/>
  </node>
  <node id="8688650042" lat="43.6572462" lon="-70.2547476"/>
  <node id="8688650043" lat="43.6572399" lon="-70.2547619"/>
  <node id="9201397809" lat="43.6569133" lon="-70.2538040"/>
  <node id="9201397810" lat="43.6567350" lon="-70.2541399"/>
  <node id="9413369286" lat="43.6561659" lon="-70.2587507">
    <tag k="direction" v="forward"/>
    <tag k="highway" v="stop"/>
  </node>
  <node id="9445408136" lat="43.6578244" lon="-70.2589970">
    <tag k="access" v="yes"/>
    <tag k="amenity" v="bicycle_parking"/>
    <tag k="capacity" v="21"/>
    <tag k="covered" v="no"/>
    <tag k="fee" v="no"/>
  </node>
  <node id="9445408137" lat="43.6575459" lon="-70.2592120">
    <tag k="entrance" v="main"/>
  </node>
  <node id="9471658561" lat="43.6597158" lon="-70.2553211"/>
  <node id="9471658562" lat="43.6601515" lon="-70.2547018"/>
  <node id="9471658563" lat="43.6600437" lon="-70.2537127"/>
  <node id="9471658564" lat="43.6597820" lon="-70.2557285">
    <tag k="highway" v="traffic_signals"/>
    <tag k="traffic_signals:direction" v="backward"/>
  </node>
  <node id="9471658565" lat="43.6596314" lon="-70.2554801">
    <tag k="highway" v="traffic_signals"/>
    <tag k="traffic_signals:direction" v="forward"/>
  </node>
  <node id="9471658566" lat="43.6598739" lon="-70.2533183"/>
  <node id="9557205544" lat="43.6592536" lon="-70.2613293"/>
  <node id="9557205545" lat="43.6591392" lon="-70.2611817"/>
  <node id="9557205546" lat="43.6592701" lon="-70.2609875"/>
  <node id="9557205547" lat="43.6593846" lon="-70.2611350"/>
  <node id="9557205548" lat="43.6590083" lon="-70.2610342"/>
  <node id="9557205549" lat="43.6591580" lon="-70.2607951"/>
  <node id="9557205550" lat="43.6592734" lon="-70.2609331"/>
  <node id="9557205551" lat="43.6591237" lon="-70.2611722"/>
  <node id="9557205555" lat="43.6595214" lon="-70.2612259"/>
  <node id="9557205579" lat="43.6602523" lon="-70.2608828"/>
  <node id="9557205580" lat="43.6601363" lon="-70.2607317"/>
  <node id="9557205581" lat="43.6599776" lon="-70.2609645"/>
  <node id="9557205582" lat="43.6600189" lon="-70.2610183"/>
  <node id="9557205583" lat="43.6599358" lon="-70.2611402"/>
  <node id="9557205584" lat="43.6598904" lon="-70.2610810"/>
  <node id="9557205592" lat="43.6608907" lon="-70.2604028"/>
  <node id="9557205595" lat="43.6595971" lon="-70.2610814"/>
  <node id="9557205596" lat="43.6598424" lon="-70.2606991"/>
  <node id="9557205597" lat="43.6599812" lon="-70.2608833"/>
  <node id="9557205598" lat="43.6598927" lon="-70.2610108"/>
  <node id="9557205599" lat="43.6599105" lon="-70.2610344"/>
  <node id="9557205613" lat="43.6593545" lon="-70.2602337"/>
  <node id="9557205614" lat="43.6595229" lon="-70.2599668"/>
  <node id="9557205615" lat="43.6596131" lon="-70.2600756"/>
  <node id="9557205616" lat="43.6594448" lon="-70.2603424"/>
  <node id="9557209117" lat="43.6594496" lon="-70.2603501"/>
  <node id="9557209118" lat="43.6596194" lon="-70.2600798"/>
  <node id="9557209119" lat="43.6597504" lon="-70.2602372"/>
  <node id="9557209120" lat="43.6595806" lon="-70.2605074"/>
  <node id="9557209121" lat="43.6591375" lon="-70.2604740"/>
  <node id="9557209122" lat="43.6592927" lon="-70.2602363"/>
  <node id="9557209123" lat="43.6592483" lon="-70.2601808"/>
  <node id="9557209124" lat="43.6590931" lon="-70.2604185"/>
  <node id="9557209125" lat="43.6591334" lon="-70.2604976"/>
  <node id="9557209126" lat="43.6593001" lon="-70.2602425"/>
  <node id="9557209127" lat="43.6594135" lon="-70.2603840"/>
  <node id="9557209128" lat="43.6592469" lon="-70.2606392"/>
  <node id="9557209129" lat="43.6592512" lon="-70.2606456"/>
  <node id="9557209130" lat="43.6594228" lon="-70.2603844"/>
  <node id="9557209131" lat="43.6595491" lon="-70.2605429"/>
  <node id="9557209132" lat="43.6593754" lon="-70.2608071"/>
  <node id="9559121854" lat="43.6557684" lon="-70.2579146"/>
  <node id="9559121855" lat="43.6563432" lon="-70.2569857"/>
  <node id="9559121856" lat="43.6563375" lon="-70.2568857"/>
  <node id="9559121857" lat="43.6557612" lon="-70.2578171"/>
  <node id="9559121896" lat="43.6597548" lon="-70.2602465"/>
  <node id="9559121897" lat="43.6595830" lon="-70.2605174"/>
  <node id="9559121898" lat="43.6597155" lon="-70.2606381"/>
  <node id="9559121899" lat="43.6598615" lon="-70.2603921"/>
  <node id="9559132227" lat="43.6554502" lon="-70.2580833"/>
  <node id="9559132228" lat="43.6554924" lon="-70.2581417"/>
  <node id="9559139908" lat="43.6594923" lon="-70.2564204"/>
  <node id="9559139909" lat="43.6597504" lon="-70.2567617"/>
  <node id="9559139910" lat="43.6599478" lon="-70.2564774"/>
  <node id="9559139911" lat="43.6602011" lon="-70.2568180"/>
  <node id="9559139912" lat="43.6601011" lon="-70.2569629"/>
  <node id="9559139913" lat="43.6601783" lon="-70.2570648"/>
  <node id="9559139914" lat="43.6599857" lon="-70.2573545"/>
  <node id="9559139915" lat="43.6601768" lon="-70.2576133"/>
  <node id="9559139916" lat="43.6604194" lon="-70.2571942"/>
  <node id="9559151117" lat="43.6602079" lon="-70.2568985"/>
  <node id="9559151118" lat="43.6602996" lon="-70.2567644"/>
  <node id="9559151119" lat="43.6602127" lon="-70.2566417"/>
  <node id="9559151120" lat="43.6602777" lon="-70.2565505"/>
  <node id="9559151121" lat="43.6597349" lon="-70.2558035"/>
  <node id="9559151122" lat="43.6594487" lon="-70.2563734"/>
  <node id="9559151123" lat="43.6600915" lon="-70.2569624"/>
  <node id="9559151124" lat="43.6601919" lon="-70.2568159"/>
  <node id="9559151125" lat="43.6599446" lon="-70.2564919"/>
  <node id="9559151126" lat="43.6597516" lon="-70.2567734"/>
  <node id="9559151127" lat="43.6601653" lon="-70.2570592"/>
  <node id="9559151128" lat="43.6594989" lon="-70.2564425"/>
  <node id="9559151129" lat="43.6593982" lon="-70.2565894"/>
  <node id="9559151130" lat="43.6599721" lon="-70.2573410"/>
  <node id="9559151131" lat="43.6603936" lon="-70.2567048"/>
  <node id="9559151132" lat="43.6603776" lon="-70.2567275"/>
  <node id="9559151133" lat="43.6602242" lon="-70.2566438"/>
  <node id="9559151134" lat="43.6603136" lon="-70.2567644"/>
  <node id="9559151135" lat="43.6605551" lon="-70.2569668"/>
  <node id="9559151136" lat="43.6602847" lon="-70.2565580"/>
  <node id="9559151137" lat="43.6602190" lon="-70.2568985"/>
  <node id="9559151138" lat="43.6604160" lon="-70.2571640"/>
  <node id="9559235453" lat="43.6605979" lon="-70.2581920"/>
  <node id="9559235454" lat="43.6604640" lon="-70.2580217"/>
  <node id="9559235455" lat="43.6605654" lon="-70.2578714"/>
  <node id="9559235456" lat="43.6606949" lon="-70.2580424"/>
  <node id="9559617090" lat="43.6616899" lon="-70.2539125"/>
  <node id="9559617091" lat="43.6617672" lon="-70.2538135"/>
  <node id="9559617092" lat="43.6619198" lon="-70.2540097"/>
  <node id="9559617093" lat="43.6617781" lon="-70.2542143"/>
  <node id="9559617094" lat="43.6620090" lon="-70.2545482"/>
  <node id="9559617096" lat="43.6617625" lon="-70.2536211"/>
  <node id="9559617099" lat="43.6614211" lon="-70.2535062"/>
  <node id="9559617124" lat="43.6603283" lon="-70.2607249"/>
  <node id="9559617125" lat="43.6603395" lon="-70.2607396"/>
  <node id="9559617126" lat="43.6603459" lon="-70.2606993"/>
  <node id="9559617127" lat="43.6603847" lon="-70.2607504"/>
  <node id="9559617128" lat="43.6603116" lon="-70.2607801"/>
  <node id="9559617129" lat="43.6604303" lon="-70.2606844"/>
  <node id="9559617130" lat="43.6604659" lon="-70.2607314"/>
  <node id="9559617131" lat="43.6603747" lon="-70.2608635"/>
  <node id="9559617132" lat="43.6606149" lon="-70.2607103"/>
  <node id="9559617133" lat="43.6606496" lon="-70.2606622"/>
  <node id="9559617135" lat="43.6605719" lon="-70.2606511"/>
  <node id="9559617136" lat="43.6605392" lon="-70.2606965"/>
  <node id="9663301790" lat="43.6603090" lon="-70.2529971"/>
  <node id="9769127061" lat="43.6560629" lon="-70.2558394"/>
  <node id="10128013774" lat="43.6571500" lon="-70.2577728">
    <tag k="addr:city" v="Portland"/>
    <tag k="addr:housenumber" v="30"/>
    <tag k="addr:postcode" v="04101"/>
    <tag k="addr:state" v="ME"/>
    <tag k="addr:street" v="City Center"/>
    <tag k="amenity" v="cafe"/>
    <tag k="check_date:currency:XBT" v="2025-03-13"/>
    <tag k="contact:twitter" v="@hifi_donuts"/>
    <tag k="currency:XBT" v="yes"/>
    <tag k="email" v="hifidonutsportland@gmail.com"/>
    <tag k="name" v="HiFi Donuts"/>
    <tag k="payment:lightning" v="yes"/>
    <tag k="payment:lightning_contactless" v="no"/>
    <tag k="payment:onchain" v="yes"/>
    <tag k="phone" v="+1 207 747-5314"/>
    <tag k="survey:date" v="2022-10-19"/>
    <tag k="website" v="https://hifidonuts.com/"/>
  </node>
  <node id="10229063047" lat="43.6601023" lon="-70.2520750"/>
  <node id="10229063048" lat="43.6599964" lon="-70.2522722"/>
  <node id="10229063049" lat="43.6602394" lon="-70.2526419"/>
  <node id="10562999076" lat="43.6583291" lon="-70.2593881">
    <tag k="bus" v="yes"/>
    <tag k="highway" v="bus_stop"/>
    <tag k="name" v="Elm Street Pulse"/>
    <tag k="network" v="Lakes Region Explorer"/>
    <tag k="operator" v="Regional Transportation Program"/>
    <tag k="public_transport" v="platform"/>
  </node>
  <node id="10869267559" lat="43.6569177" lon="-70.2595887">
    <tag k="direction" v="forward"/>
    <tag k="highway" v="stop"/>
  </node>
  <node id="10869267560" lat="43.6571090" lon="-70.2595869">
    <tag k="highway" v="traffic_signals"/>
    <tag k="traffic_signals" v="signal"/>
    <tag k="traffic_signals:direction" v="forward"/>
  </node>
  <node id="10869267561" lat="43.6572551" lon="-70.2594042">
    <tag k="highway" v="traffic_signals"/>
    <tag k="traffic_signals" v="signal"/>
    <tag k="traffic_signals:direction" v="forward"/>
  </node>
  <node id="10869267562" lat="43.6572454" lon="-70.2595691">
    <tag k="highway" v="traffic_signals"/>
    <tag k="traffic_signals" v="signal"/>
    <tag k="traffic_signals:direction" v="forward"/>
  </node>
  <node id="10890473220" lat="43.6567438" lon="-70.2597983"/>
  <node id="10890999827" lat="43.6555687" lon="-70.2580290">
    <tag k="highway" v="traffic_signals"/>
    <tag k="traffic_signals" v="signal"/>
    <tag k="traffic_signals:direction" v="forward"/>
  </node>
  <node id="10890999828" lat="43.6557424" lon="-70.2580041">
    <tag k="highway" v="traffic_signals"/>
    <tag k="traffic_signals" v="signal"/>
    <tag k="traffic_signals:direction" v="forward"/>
  </node>
  <node id="10890999829" lat="43.6557660" lon="-70.2582765">
    <tag k="highway" v="traffic_signals"/>
    <tag k="traffic_signals" v="signal"/>
    <tag k="traffic_signals:direction" v="backward"/>
  </node>
  <node id="10890999830" lat="43.6555607" lon="-70.2582944">
    <tag k="highway" v="traffic_signals"/>
    <tag k="traffic_signals" v="signal"/>
    <tag k="traffic_signals:direction" v="backward"/>
  </node>
  <node id="10890999831" lat="43.6555730" lon="-70.2582752">
    <tag k="button_operated" v="yes"/>
    <tag k="crossing" v="traffic_signals"/>
    <tag k="crossing:island" v="no"/>
    <tag k="crossing:markings" v="yes"/>
    <tag k="highway" v="crossing"/>
    <tag k="tactile_paving" v="no"/>
  </node>
  <node id="10890999832" lat="43.6557508" lon="-70.2582567">
    <tag k="button_operated" v="yes"/>
    <tag k="crossing" v="traffic_signals"/>
    <tag k="crossing:island" v="no"/>
    <tag k="crossing:markings" v="yes"/>
    <tag k="highway" v="crossing"/>
    <tag k="tactile_paving" v="no"/>
  </node>
  <node id="10890999833" lat="43.6557274" lon="-70.2580286">
    <tag k="button_operated" v="yes"/>
    <tag k="crossing" v="traffic_signals"/>
    <tag k="crossing:island" v="no"/>
    <tag k="crossing:markings" v="yes"/>
    <tag k="highway" v="crossing"/>
    <tag k="tactile_paving" v="no"/>
  </node>
  <node id="10890999834" lat="43.6555900" lon="-70.2580545">
    <tag k="button_operated" v="yes"/>
    <tag k="crossing" v="traffic_signals"/>
    <tag k="crossing:island" v="no"/>
    <tag k="crossing:markings" v="yes"/>
    <tag k="highway" v="crossing"/>
    <tag k="tactile_paving" v="no"/>
  </node>
  <node id="10890999835" lat="43.6563199" lon="-70.2588825"/>
  <node id="10890999836" lat="43.6562793" lon="-70.2588464">
    <tag k="crossing" v="uncontrolled"/>
    <tag k="crossing:island" v="no"/>
    <tag k="crossing:markings" v="zebra"/>
    <tag k="highway" v="crossing"/>
    <tag k="tactile_paving" v="no"/>
  </node>
  <node id="10890999837" lat="43.6561793" lon="-70.2587615">
    <tag k="crossing" v="uncontrolled"/>
    <tag k="crossing:island" v="no"/>
    <tag k="crossing:markings" v="zebra"/>
    <tag k="highway" v="crossing"/>
    <tag k="tactile_paving" v="no"/>
  </node>
  <node id="10890999838" lat="43.6562664" lon="-70.2587367">
    <tag k="crossing" v="uncontrolled"/>
    <tag k="crossing:island" v="no"/>
    <tag k="crossing:markings" v="zebra"/>
    <tag k="highway" v="crossing"/>
    <tag k="tactile_paving" v="no"/>
  </node>
  <node id="10890999839" lat="43.6561704" lon="-70.2589259">
    <tag k="crossing" v="uncontrolled"/>
    <tag k="crossing:island" v="no"/>
    <tag k="crossing:markings" v="zebra"/>
    <tag k="highway" v="crossing"/>
    <tag k="tactile_paving" v="no"/>
  </node>
  <node id="10890999840" lat="43.6569392" lon="-70.2596122">
    <tag k="crossing" v="uncontrolled"/>
    <tag k="crossing:island" v="no"/>
    <tag k="crossing:markings" v="zebra"/>
    <tag k="highway" v="crossing"/>
    <tag k="tactile_paving" v="no"/>
  </node>
  <node id="10890999841" lat="43.6572254" lon="-70.2594406">
    <tag k="button_operated" v="yes"/>
    <tag k="crossing" v="traffic_signals"/>
    <tag k="crossing:island" v="no"/>
    <tag k="crossing:markings" v="zebra"/>
    <tag k="highway" v="crossing"/>
    <tag k="tactile_paving" v="no"/>
  </node>
  <node id="10890999842" lat="43.6571314" lon="-70.2595525">
    <tag k="button_operated" v="yes"/>
    <tag k="crossing" v="traffic_signals"/>
    <tag k="crossing:island" v="no"/>
    <tag k="crossing:markings" v="zebra"/>
    <tag k="highway" v="crossing"/>
    <tag k="tactile_paving" v="no"/>
  </node>
  <node id="10890999843" lat="43.6572272" lon="-70.2595455">
    <tag k="button_operated" v="yes"/>
    <tag k="crossing" v="traffic_signals"/>
    <tag k="crossing:island" v="no"/>
    <tag k="crossing:markings" v="zebra"/>
    <tag k="highway" v="crossing"/>
    <tag k="tactile_paving" v="no"/>
  </node>
  <node id="11069400963" lat="43.6583296" lon="-70.2558985">
    <tag k="amenity" v="restaurant"/>
    <tag k="check_date" v="2023-07-29"/>
    <tag k="contact:instagram" v="highrollerlobsterco"/>
    <tag k="cuisine" v="seafood"/>
    <tag k="dog" v="outside"/>
    <tag k="name" v="The Highroller Lobster Co."/>
    <tag k="outdoor_seating" v="yes"/>
    <tag k="takeaway" v="yes"/>
    <tag k="website" v="https://highrollerlobster.com/"/>
  </node>
  <node id="11069412236" lat="43.6587344" lon="-70.2530558">
    <tag k="amenity" v="bar"/>
    <tag k="contact:instagram" v="cellardoorportland"/>
    <tag k="dog" v="outside"/>
    <tag k="drink:wine" v="yes"/>
    <tag k="name" v="Cellardoor Winery"/>
    <tag k="outdoor_seating" v="yes"/>
    <tag k="website" v="https://mainewine.com/"/>
  </node>
  <node id="11069633958" lat="43.6558340" lon="-70.2550129">
    <tag k="addr:housenumber" v="443"/>
    <tag k="addr:street" v="Fore Street"/>
    <tag k="amenity" v="restaurant"/>
    <tag k="check_date" v="2023-07-29"/>
    <tag k="contact:instagram" v="evooldport"/>
    <tag k="dog" v="outside"/>
    <tag k="name" v="Evo Kitchen &amp; Bar"/>
    <tag k="outdoor_seating" v="yes"/>
    <tag k="website" v="https://www.evoportland.com/"/>
  </node>
  <node id="11069657431" lat="43.6572341" lon="-70.2539850">
    <tag k="amenity" v="pub"/>
    <tag k="check_date" v="2023-07-29"/>
    <tag k="contact:instagram" v="thirstyportland"/>
    <tag k="cuisine" v="sausage"/>
    <tag k="dog" v="outside"/>
    <tag k="drink:beer" v="yes"/>
    <tag k="name" v="The Thirsty Pig"/>
    <tag k="outdoor_seating" v="yes"/>
    <tag k="website" v="https://www.thirstypigportland.com/"/>
  </node>
  <node id="11071907869" lat="43.6561565" lon="-70.2589556">
    <tag k="direction" v="forward"/>
    <tag k="highway" v="stop"/>
  </node>
  <node id="11071957204" lat="43.6566624" lon="-70.2579041"/>
  <node id="11071966305" lat="43.6563480" lon="-70.2584688"/>
  <node id="11071966306" lat="43.6566277" lon="-70.2579731"/>
  <node id="11071966307" lat="43.6564705" lon="-70.2577975"/>
  <node id="11071966308" lat="43.6561987" lon="-70.2583096"/>
  <node id="11075701870" lat="43.6561863" lon="-70.2536289">
    <tag k="check_date" v="2023-07-29"/>
    <tag k="name" v="Joseph's"/>
    <tag k="shop" v="clothes"/>
  </node>
  <node id="11075724035" lat="43.6557890" lon="-70.2553116">
    <tag k="amenity" v="bicycle_rental"/>
    <tag k="check_date" v="2023-07-29"/>
  </node>
  <node id="11075724036" lat="43.6559829" lon="-70.2556600">
    <tag k="amenity" v="restaurant"/>
    <tag k="check_date" v="2023-07-29"/>
    <tag k="name" v="Topo Chico"/>
  </node>
  <node id="11075724037" lat="43.6571512" lon="-70.2560304">
    <tag k="amenity" v="bicycle_rental"/>
    <tag k="check_date" v="2023-07-29"/>
  </node>
  <node id="11075724038" lat="43.6575829" lon="-70.2553560">
    <tag k="addr:housenumber" v="191"/>
    <tag k="addr:street" v="Middle Street"/>
    <tag k="check_date" v="2023-07-29"/>
    <tag k="name" v="Crystal Joys"/>
    <tag k="shop" v="gift"/>
  </node>
  <node id="11076009845" lat="43.6581509" lon="-70.2555324">
    <tag k="check_date" v="2023-07-29"/>
    <tag k="clothes" v="underwear"/>
    <tag k="name" v="Aristelle"/>
    <tag k="shop" v="clothes"/>
  </node>
  <node id="11076009846" lat="43.6581470" lon="-70.2556736">
    <tag k="amenity" v="bench"/>
    <tag k="backrest" v="yes"/>
  </node>
  <node id="11076009847" lat="43.6582096" lon="-70.2557426">
    <tag k="amenity" v="bench"/>
    <tag k="backrest" v="yes"/>
  </node>
  <node id="11076009848" lat="43.6585699" lon="-70.2558627">
    <tag k="check_date" v="2023-07-29"/>
    <tag k="name" v="Jill McGowan"/>
    <tag k="shop" v="clothes"/>
  </node>
  <node id="11076009849" lat="43.6583418" lon="-70.2548109">
    <tag k="check_date" v="2023-07-29"/>
    <tag k="name" v="Jen Burral Designs"/>
    <tag k="shop" v="clothes"/>
  </node>
  <node id="11076009850" lat="43.6580315" lon="-70.2542772">
    <tag k="brand" v="Madewell"/>
    <tag k="brand:wikidata" v="Q64026213"/>
    <tag k="check_date" v="2023-07-29"/>
    <tag k="clothes" v="men;women"/>
    <tag k="name" v="Madewell"/>
    <tag k="shop" v="clothes"/>
    <tag k="website" v="https://stores.madewell.com/us/me/portland/75-market-street"/>
  </node>
  <node id="11076009851" lat="43.6569649" lon="-70.2536820">
    <tag k="check_date" v="2023-07-29"/>
    <tag k="name" v="Uncommon Paws"/>
    <tag k="shop" v="pet"/>
  </node>
  <node id="11076009852" lat="43.6566925" lon="-70.2534022">
    <tag k="check_date" v="2023-07-29"/>
    <tag k="name" v="Mocean"/>
    <tag k="shop" v="clothes"/>
  </node>
  <node id="11076009853" lat="43.6566421" lon="-70.2533458">
    <tag k="check_date" v="2023-07-29"/>
    <tag k="shop" v="cannabis"/>
  </node>
  <node id="11076009854" lat="43.6565805" lon="-70.2533020">
    <tag k="check_date" v="2023-07-29"/>
    <tag k="name" v="Psychic Connection"/>
    <tag k="phone" v="+1 207-774-4848"/>
    <tag k="shop" v="psychic"/>
  </node>
  <node id="11076009855" lat="43.6565074" lon="-70.2529088">
    <tag k="check_date" v="2023-07-29"/>
    <tag k="name" v="Maine Potters"/>
    <tag k="shop" v="pottery"/>
  </node>
  <node id="11076009856" lat="43.6560818" lon="-70.2535483">
    <tag k="amenity" v="atm"/>
    <tag k="check_date" v="2023-07-29"/>
    <tag k="indoor" v="no"/>
  </node>
  <node id="11076009857" lat="43.6555730" lon="-70.2543876">
    <tag k="amenity" v="restaurant"/>
    <tag k="check_date" v="2023-07-29"/>
    <tag k="name" v="Rigby Yard"/>
  </node>
  <node id="11081681683" lat="43.6584451" lon="-70.2556195">
    <tag k="addr:housenumber" v="99"/>
    <tag k="addr:street" v="Exchange Street"/>
    <tag k="check_date" v="2023-08-01"/>
    <tag k="name" v="Holly Stone"/>
    <tag k="shop" v="clothes"/>
  </node>
  <node id="11081681684" lat="43.6582931" lon="-70.2557863">
    <tag k="addr:housenumber" v="102"/>
    <tag k="addr:street" v="Exchange Street"/>
    <tag k="check_date" v="2023-08-01"/>
    <tag k="name" v="Kaplan Thompson Architects"/>
    <tag k="office" v="architect"/>
  </node>
  <node id="11081681685" lat="43.6584877" lon="-70.2556929">
    <tag k="addr:housenumber" v="101"/>
    <tag k="addr:street" v="Exchange Street"/>
    <tag k="check_date" v="2023-08-01"/>
    <tag k="name" v="Folly 101"/>
    <tag k="shop" v="houseware"/>
  </node>
  <node id="11081681686" lat="43.6583832" lon="-70.2555540">
    <tag k="addr:housenumber" v="97"/>
    <tag k="addr:street" v="Exchange Street"/>
    <tag k="check_date" v="2023-08-01"/>
    <tag k="description" v="Goldsmith Designer"/>
    <tag k="name" v="Holly Hamilton"/>
    <tag k="shop" v="art"/>
  </node>
  <node id="11081762428" lat="43.6573723" lon="-70.2541341">
    <tag k="check_date" v="2023-08-01"/>
    <tag k="name" v="Sherman's Maine Coast Book Shops"/>
    <tag k="shop" v="books"/>
  </node>
  <node id="11081762429" lat="43.6573313" lon="-70.2540875">
    <tag k="addr:housenumber" v="47"/>
    <tag k="addr:street" v="Exchange Street"/>
    <tag k="check_date" v="2023-08-01"/>
    <tag k="name" v="Treehouse Toys"/>
    <tag k="shop" v="toys"/>
  </node>
  <node id="11081762430" lat="43.6568494" lon="-70.2538637">
    <tag k="addr:housenumber" v="26"/>
    <tag k="addr:street" v="Exchange Street"/>
    <tag k="amenity" v="bar"/>
    <tag k="check_date" v="2023-08-01"/>
    <tag k="name" v="Blyth &amp; Burrows"/>
  </node>
  <node id="11081762431" lat="43.6568981" lon="-70.2539171">
    <tag k="addr:housenumber" v="28"/>
    <tag k="addr:street" v="Exchange Street"/>
    <tag k="check_date" v="2023-08-01"/>
    <tag k="name" v="Gus &amp; Ruby"/>
    <tag k="shop" v="stationery"/>
  </node>
  <node id="11086112817" lat="43.6602020" lon="-70.2596974"/>
  <node id="11086112818" lat="43.6601996" lon="-70.2597114"/>
  <node id="11086112819" lat="43.6601885" lon="-70.2597302"/>
  <node id="11086112820" lat="43.6601746" lon="-70.2597347"/>
  <node id="11086112821" lat="43.6601240" lon="-70.2596630"/>
  <node id="11086112822" lat="43.6602149" lon="-70.2595405"/>
  <node id="11086112823" lat="43.6602123" lon="-70.2595368"/>
  <node id="11086112824" lat="43.6602280" lon="-70.2595157"/>
  <node id="11086249911" lat="43.6600577" lon="-70.2595885"/>
  <node id="11086249912" lat="43.6600561" lon="-70.2595862"/>
  <node id="11086249913" lat="43.6601020" lon="-70.2595246"/>
  <node id="11086249914" lat="43.6601044" lon="-70.2595115"/>
  <node id="11086249915" lat="43.6601189" lon="-70.2594917"/>
  <node id="11086249916" lat="43.6601315" lon="-70.2594870"/>
  <node id="11086249917" lat="43.6601596" lon="-70.2594472"/>
  <node id="11086249918" lat="43.6601834" lon="-70.2594793"/>
  <node id="11086249919" lat="43.6601972" lon="-70.2594776"/>
  <node id="11086249920" lat="43.6602149" lon="-70.2594997"/>
  <node id="11086249921" lat="43.6602144" lon="-70.2595249"/>
  <node id="11086249922" lat="43.6601131" lon="-70.2596608"/>
  <node id="11086249923" lat="43.6600952" lon="-70.2596352"/>
  <node id="11086249924" lat="43.6600802" lon="-70.2596553"/>
  <node id="11086249925" lat="43.6603338" lon="-70.2596582"/>
  <node id="11086249926" lat="43.6602943" lon="-70.2596073"/>
  <node id="11086249927" lat="43.6601938" lon="-70.2597565"/>
  <node id="11086249928" lat="43.6601861" lon="-70.2597466"/>
  <node id="11086249929" lat="43.6601807" lon="-70.2597547"/>
  <node id="11086249930" lat="43.6601492" lon="-70.2597142"/>
  <node id="11086249931" lat="43.6601240" lon="-70.2597515"/>
  <node id="11086249932" lat="43.6602068" lon="-70.2598649"/>
  <node id="11086249933" lat="43.6602699" lon="-70.2597711"/>
  <node id="11086249934" lat="43.6602635" lon="-70.2597628"/>
  <node id="11086249935" lat="43.6601543" lon="-70.2597904"/>
  <node id="11086249936" lat="43.6601518" lon="-70.2597941"/>
  <node id="11086249937" lat="43.6601729" lon="-70.2599235"/>
  <node id="11086249938" lat="43.6600928" lon="-70.2598229"/>
  <node id="11086249939" lat="43.6601011" lon="-70.2598102"/>
  <node id="11086249940" lat="43.6600542" lon="-70.2597511"/>
  <node id="11086249941" lat="43.6600476" lon="-70.2597611"/>
  <node id="11086249942" lat="43.6600208" lon="-70.2597274"/>
  <node id="11086249943" lat="43.6600568" lon="-70.2596728"/>
  <node id="11086249944" lat="43.6601321" lon="-70.2597676"/>
  <node id="11086249945" lat="43.6601297" lon="-70.2597713"/>
  <node id="11135028634" lat="43.6570396" lon="-70.2534708"/>
  <node id="11135028635" lat="43.6570238" lon="-70.2534538"/>
  <node id="11135028636" lat="43.6570511" lon="-70.2534507"/>
  <node id="11135028637" lat="43.6570354" lon="-70.2534336"/>
  <node id="11135028638" lat="43.6569850" lon="-70.2533703"/>
  <node id="11135028639" lat="43.6569845" lon="-70.2533582"/>
  <node id="11135028640" lat="43.6569873" lon="-70.2533440"/>
  <node id="11286174139" lat="43.6593632" lon="-70.2519231">
    <tag k="barrier" v="kerb"/>
    <tag k="kerb" v="lowered"/>
    <tag k="tactile_paving" v="yes"/>
  </node>
  <node id="11286174140" lat="43.6593498" lon="-70.2519251"/>
  <node id="11286174141" lat="43.6593288" lon="-70.2519381">
    <tag k="barrier" v="kerb"/>
    <tag k="kerb" v="lowered"/>
    <tag k="tactile_paving" v="yes"/>
  </node>
  <node id="11286174142" lat="43.6591935" lon="-70.2517396">
    <tag k="barrier" v="kerb"/>
    <tag k="kerb" v="lowered"/>
    <tag k="tactile_paving" v="yes"/>
  </node>
  <node id="11286174143" lat="43.6592076" lon="-70.2516884"/>
  <node id="11286174145" lat="43.6595278" lon="-70.2515656"/>
  <node id="11286174146" lat="43.6595266" lon="-70.2515994"/>
  <node id="11286174147" lat="43.6595358" lon="-70.2516306"/>
  <node id="11286174148" lat="43.6594411" lon="-70.2517943">
    <tag k="barrier" v="kerb"/>
    <tag k="kerb" v="lowered"/>
    <tag k="tactile_paving" v="yes"/>
  </node>
  <node id="11286174149" lat="43.6594691" lon="-70.2517494">
    <tag k="barrier" v="kerb"/>
    <tag k="kerb" v="lowered"/>
    <tag k="tactile_paving" v="yes"/>
  </node>
  <node id="11286174150" lat="43.6592901" lon="-70.2515742">
    <tag k="barrier" v="kerb"/>
    <tag k="kerb" v="lowered"/>
  </node>
  <node id="11286174151" lat="43.6593236" lon="-70.2515367">
    <tag k="barrier" v="kerb"/>
    <tag k="kerb" v="lowered"/>
  </node>
  <node id="11286174152" lat="43.6591947" lon="-70.2516310"/>
  <node id="11286174153" lat="43.6592022" lon="-70.2516619"/>
  <node id="11329829039" lat="43.6595963" lon="-70.2517128"/>
  <node id="11329829040" lat="43.6598878" lon="-70.2521086"/>
  <node id="11329829041" lat="43.6599629" lon="-70.2522181"/>
  <node id="11329829042" lat="43.6600122" lon="-70.2523110"/>
  <node id="11329829043" lat="43.6602494" lon="-70.2527034"/>
  <node id="11329829044" lat="43.6603446" lon="-70.2529516"/>
  <node id="11329829045" lat="43.6604235" lon="-70.2531778"/>
  <node id="11329829046" lat="43.6606243" lon="-70.2537054"/>
  <node id="11329829047" lat="43.6607126" lon="-70.2538638"/>
  <node id="11329829048" lat="43.6607784" lon="-70.2538923"/>
  <node id="11329829049" lat="43.6608147" lon="-70.2538684"/>
  <node id="11329829050" lat="43.6606954" lon="-70.2541663">
    <tag k="highway" v="traffic_signals"/>
    <tag k="traffic_signals:direction" v="forward"/>
  </node>
  <node id="11329829051" lat="43.6608327" lon="-70.2539782">
    <tag k="highway" v="traffic_signals"/>
    <tag k="traffic_signals:direction" v="backward"/>
  </node>
  <node id="11329829052" lat="43.6606922" lon="-70.2539656">
    <tag k="highway" v="traffic_signals"/>
    <tag k="traffic_signals:direction" v="forward"/>
  </node>
  <node id="11329829053" lat="43.6614001" lon="-70.2557753">
    <tag k="button_operated" v="yes"/>
    <tag k="crossing" v="traffic_signals"/>
    <tag k="crossing:markings" v="zebra"/>
    <tag k="highway" v="crossing"/>
  </node>
  <node id="11329829054" lat="43.6614503" lon="-70.2558583"/>
  <node id="11329829055" lat="43.6613452" lon="-70.2556873"/>
  <node id="11329829056" lat="43.6613448" lon="-70.2556784"/>
  <node id="11329829057" lat="43.6614059" lon="-70.2555877"/>
  <node id="11329829058" lat="43.6614500" lon="-70.2555127"/>
  <node id="11329829059" lat="43.6614920" lon="-70.2554408"/>
  <node id="11329829060" lat="43.6616710" lon="-70.2551317"/>
  <node id="11329829061" lat="43.6616996" lon="-70.2550920">
    <tag k="button_operated" v="yes"/>
    <tag k="crossing" v="traffic_signals"/>
    <tag k="crossing:markings" v="zebra"/>
    <tag k="highway" v="crossing"/>
  </node>
  <node id="11329829062" lat="43.6617283" lon="-70.2550192"/>
  <node id="11329829063" lat="43.6617283" lon="-70.2550045"/>
  <node id="11329829064" lat="43.6617682" lon="-70.2549846"/>
  <node id="11329829065" lat="43.6613596" lon="-70.2556688"/>
  <node id="11329829066" lat="43.6616718" lon="-70.2551455"/>
  <node id="11329829067" lat="43.6613277" lon="-70.2557270"/>
  <node id="11329829068" lat="43.6610564" lon="-70.2562034"/>
  <node id="11329912369" lat="43.6606801" lon="-70.2568161"/>
  <node id="11329912370" lat="43.6616959" lon="-70.2550120"/>
  <node id="11329912371" lat="43.6615844" lon="-70.2549458"/>
  <node id="11329912372" lat="43.6613092" lon="-70.2547440"/>
  <node id="11329912373" lat="43.6610528" lon="-70.2544728"/>
  <node id="11329912374" lat="43.6608422" lon="-70.2541308"/>
  <node id="11329912375" lat="43.6608422" lon="-70.2541000"/>
  <node id="11329912376" lat="43.6611977" lon="-70.2536964"/>
  <node id="11329912377" lat="43.6620067" lon="-70.2546171"/>
  <node id="11329912378" lat="43.6621076" lon="-70.2544415"/>
  <node id="11329912379" lat="43.6612960" lon="-70.2561082"/>
  <node id="11329912380" lat="43.6615486" lon="-70.2557155"/>
  <node id="11329912381" lat="43.6615953" lon="-70.2556952"/>
  <node id="11329912382" lat="43.6617509" lon="-70.2558111"/>
  <node id="11329912383" lat="43.6619372" lon="-70.2560438"/>
  <node id="11329912384" lat="43.6623529" lon="-70.2565453"/>
  <node id="11329912386" lat="43.6616452" lon="-70.2555564"/>
  <node id="11329912387" lat="43.6618277" lon="-70.2552478"/>
  <node id="11329912388" lat="43.6618586" lon="-70.2551990">
    <tag k="button_operated" v="yes"/>
    <tag k="crossing" v="traffic_signals"/>
    <tag k="crossing:markings" v="zebra"/>
    <tag k="highway" v="crossing"/>
  </node>
  <node id="11329912389" lat="43.6619139" lon="-70.2551188"/>
  <node id="11329912390" lat="43.6619259" lon="-70.2550693"/>
  <node id="11329912391" lat="43.6618745" lon="-70.2550006">
    <tag k="button_operated" v="yes"/>
    <tag k="crossing" v="traffic_signals"/>
    <tag k="crossing:markings" v="zebra"/>
    <tag k="highway" v="crossing"/>
  </node>
  <node id="11329912392" lat="43.6618167" lon="-70.2549099"/>
  <node id="11329912393" lat="43.6621475" lon="-70.2546929"/>
  <node id="11329912394" lat="43.6613351" lon="-70.2556019"/>
  <node id="11329912395" lat="43.6612658" lon="-70.2555061"/>
  <node id="11329912396" lat="43.6608484" lon="-70.2550378"/>
  <node id="11329912397" lat="43.6605504" lon="-70.2546471"/>
  <node id="11329912398" lat="43.6605292" lon="-70.2546423"/>
  <node id="11329912399" lat="43.6604488" lon="-70.2546603"/>
  <node id="11329912400" lat="43.6600506" lon="-70.2549401"/>
  <node id="11329912401" lat="43.6601850" lon="-70.2547522"/>
  <node id="11329912402" lat="43.6603254" lon="-70.2545481"/>
  <node id="11329912403" lat="43.6603599" lon="-70.2544678"/>
  <node id="11329912404" lat="43.6604746" lon="-70.2543144">
    <tag k="barrier" v="kerb"/>
    <tag k="kerb" v="lowered"/>
    <tag k="tactile_paving" v="no"/>
  </node>
  <node id="11329912405" lat="43.6605691" lon="-70.2544942">
    <tag k="barrier" v="kerb"/>
    <tag k="kerb" v="lowered"/>
    <tag k="tactile_paving" v="no"/>
  </node>
  <node id="11329912406" lat="43.6607623" lon="-70.2542114">
    <tag k="barrier" v="kerb"/>
    <tag k="kerb" v="lowered"/>
    <tag k="tactile_paving" v="no"/>
  </node>
  <node id="11329912407" lat="43.6607858" lon="-70.2541827">
    <tag k="button_operated" v="yes"/>
    <tag k="crossing" v="traffic_signals"/>
    <tag k="crossing:island" v="no"/>
    <tag k="crossing:markings" v="zebra"/>
    <tag k="highway" v="crossing"/>
    <tag k="tactile_paving" v="no"/>
    <tag k="traffic_signals:sound" v="no"/>
    <tag k="traffic_signals:vibration" v="no"/>
  </node>
  <node id="11329912408" lat="43.6608422" lon="-70.2541176"/>
  <node id="11329912409" lat="43.6608512" lon="-70.2540898"/>
  <node id="11329912410" lat="43.6606676" lon="-70.2540300">
    <tag k="barrier" v="kerb"/>
    <tag k="kerb" v="lowered"/>
    <tag k="tactile_paving" v="no"/>
  </node>
  <node id="11329912411" lat="43.6607415" lon="-70.2538828"/>
  <node id="11329912412" lat="43.6598615" lon="-70.2552185"/>
  <node id="11329912413" lat="43.6597146" lon="-70.2554239"/>
  <node id="11329912414" lat="43.6596890" lon="-70.2554196"/>
  <node id="11329912415" lat="43.6593448" lon="-70.2548927"/>
  <node id="11329912416" lat="43.6593467" lon="-70.2548677"/>
  <node id="11329912417" lat="43.6598174" lon="-70.2540211"/>
  <node id="11329912418" lat="43.6593525" lon="-70.2548573"/>
  <node id="11329912419" lat="43.6597854" lon="-70.2540786"/>
  <node id="11329912420" lat="43.6596646" lon="-70.2557098">
    <tag k="highway" v="traffic_signals"/>
    <tag k="traffic_signals:direction" v="forward"/>
  </node>
  <node id="11329912421" lat="43.6597328" lon="-70.2557746"/>
  <node id="11329912422" lat="43.6597631" lon="-70.2557004">
    <tag k="button_operated" v="yes"/>
    <tag k="crossing" v="traffic_signals"/>
    <tag k="crossing:island" v="no"/>
    <tag k="crossing:markings" v="zebra"/>
    <tag k="highway" v="crossing"/>
    <tag k="tactile_paving" v="no"/>
    <tag k="traffic_signals:sound" v="no"/>
    <tag k="traffic_signals:vibration" v="no"/>
  </node>
  <node id="11329912423" lat="43.6598028" lon="-70.2556284"/>
  <node id="11329912424" lat="43.6598094" lon="-70.2555883"/>
  <node id="11329912425" lat="43.6597550" lon="-70.2555038">
    <tag k="button_operated" v="yes"/>
    <tag k="crossing" v="traffic_signals"/>
    <tag k="crossing:island" v="no"/>
    <tag k="crossing:markings" v="zebra"/>
    <tag k="highway" v="crossing"/>
    <tag k="tactile_paving" v="no"/>
    <tag k="traffic_signals:sound" v="no"/>
    <tag k="traffic_signals:vibration" v="no"/>
  </node>
  <node id="11329912426" lat="43.6596961" lon="-70.2554208"/>
  <node id="11329912427" lat="43.6596502" lon="-70.2555104">
    <tag k="button_operated" v="yes"/>
    <tag k="crossing" v="traffic_signals"/>
    <tag k="crossing:island" v="no"/>
    <tag k="crossing:markings" v="zebra"/>
    <tag k="highway" v="crossing"/>
    <tag k="tactile_paving" v="no"/>
    <tag k="traffic_signals:sound" v="no"/>
    <tag k="traffic_signals:vibration" v="no"/>
  </node>
  <node id="11329912428" lat="43.6596088" lon="-70.2555729"/>
  <node id="11329912429" lat="43.6596178" lon="-70.2556183"/>
  <node id="11329912430" lat="43.6596750" lon="-70.2556908">
    <tag k="button_operated" v="yes"/>
    <tag k="crossing" v="traffic_signals"/>
    <tag k="crossing:island" v="no"/>
    <tag k="crossing:markings" v="zebra"/>
    <tag k="highway" v="crossing"/>
    <tag k="tactile_paving" v="no"/>
    <tag k="traffic_signals:sound" v="no"/>
    <tag k="traffic_signals:vibration" v="no"/>
  </node>
  <node id="11329912431" lat="43.6591934" lon="-70.2563389"/>
  <node id="11329912432" lat="43.6592989" lon="-70.2550697"/>
  <node id="11329912433" lat="43.6593454" lon="-70.2565403"/>
  <node id="11329912435" lat="43.6593528" lon="-70.2565284"/>
  <node id="11329912436" lat="43.6597143" lon="-70.2557923"/>
  <node id="11329912437" lat="43.6597912" lon="-70.2558480"/>
  <node id="11329912438" lat="43.6598384" lon="-70.2559127"/>
  <node id="11329912439" lat="43.6599737" lon="-70.2558762"/>
  <node id="11329912440" lat="43.6602115" lon="-70.2550166"/>
  <node id="11329912441" lat="43.6597655" lon="-70.2554821">
    <tag k="highway" v="traffic_signals"/>
    <tag k="traffic_signals:direction" v="backward"/>
  </node>
  <node id="11329912442" lat="43.6599101" lon="-70.2552969"/>
  <node id="11329912443" lat="43.6598680" lon="-70.2553410"/>
  <node id="11329912444" lat="43.6609583" lon="-70.2538246"/>
  <node id="11329912445" lat="43.6595451" lon="-70.2559268"/>
  <node id="11329912446" lat="43.6595887" lon="-70.2518336"/>
  <node id="11356888389" lat="43.6565649" lon="-70.2603154">
    <tag k="crossing" v="uncontrolled"/>
    <tag k="crossing:island" v="no"/>
    <tag k="crossing:markings" v="zebra"/>
    <tag k="highway" v="crossing"/>
  </node>
  <node id="11356888398" lat="43.6566090" lon="-70.2603662"/>
  <node id="11356888399" lat="43.6565362" lon="-70.2602719"/>
  <node id="11356888403" lat="43.6568070" lon="-70.2601209"/>
  <node id="11356888404" lat="43.6568527" lon="-70.2600724"/>
  <node id="11356888405" lat="43.6571965" lon="-70.2596016"/>
  <node id="11356888406" lat="43.6566244" lon="-70.2603829"/>
  <node id="11356888407" lat="43.6569156" lon="-70.2596550"/>
  <node id="11356888408" lat="43.6565059" lon="-70.2602319"/>
  <node id="11356888409" lat="43.6569756" lon="-70.2595668"/>
  <node id="11356888410" lat="43.6571181" lon="-70.2594200"/>
  <node id="11356888418" lat="43.6572599" lon="-70.2594953"/>
  <node id="11356888419" lat="43.6577598" lon="-70.2588881"/>
  <node id="11356888420" lat="43.6571665" lon="-70.2596025"/>
  <node id="11356888421" lat="43.6571822" lon="-70.2596212"/>
  <node id="11356888422" lat="43.6570918" lon="-70.2595102"/>
  <node id="11356888423" lat="43.6572564" lon="-70.2594674"/>
  <node id="11356888424" lat="43.6571795" lon="-70.2594029"/>
  <node id="11356888425" lat="43.6572690" lon="-70.2594841"/>
  <node id="11356888426" lat="43.6583129" lon="-70.2607938"/>
  <node id="11356888427" lat="43.6570640" lon="-70.2594797"/>
  <node id="11356888428" lat="43.6575682" lon="-70.2588020"/>
  <node id="11356888429" lat="43.6575545" lon="-70.2588596"/>
  <node id="11356888430" lat="43.6575419" lon="-70.2588381"/>
  <node id="11356888431" lat="43.6575287" lon="-70.2587782"/>
  <node id="11356888432" lat="43.6573217" lon="-70.2585468"/>
  <node id="11356888433" lat="43.6571924" lon="-70.2584652"/>
  <node id="11356888434" lat="43.6576588" lon="-70.2590065"/>
  <node id="11356888435" lat="43.6576401" lon="-70.2589790"/>
  <node id="11356888436" lat="43.6578423" lon="-70.2587879"/>
  <node id="11356888437" lat="43.6571512" lon="-70.2593746"/>
  <node id="11356888438" lat="43.6576258" lon="-70.2587221"/>
  <node id="11356888439" lat="43.6577531" lon="-70.2588958"/>
  <node id="11356888440" lat="43.6586915" lon="-70.2601323"/>
  <node id="11356888441" lat="43.6578322" lon="-70.2587618"/>
  <node id="11356888442" lat="43.6577536" lon="-70.2586229">
    <tag k="barrier" v="kerb"/>
    <tag k="kerb" v="lowered"/>
  </node>
  <node id="11356888443" lat="43.6577423" lon="-70.2585984"/>
  <node id="11356888444" lat="43.6579687" lon="-70.2583168"/>
  <node id="11356888445" lat="43.6582645" lon="-70.2578865"/>
  <node id="11356888446" lat="43.6576508" lon="-70.2586956"/>
  <node id="11356888447" lat="43.6575705" lon="-70.2586163"/>
  <node id="11356888448" lat="43.6578549" lon="-70.2587591"/>
  <node id="11356888449" lat="43.6585348" lon="-70.2578611"/>
  <node id="11356888450" lat="43.6578464" lon="-70.2587784"/>
  <node id="11356888451" lat="43.6587763" lon="-70.2600088"/>
  <node id="11356888452" lat="43.6580808" lon="-70.2590856"/>
  <node id="11356888453" lat="43.6584673" lon="-70.2598404"/>
  <node id="11356888454" lat="43.6588544" lon="-70.2601109"/>
  <node id="11356888455" lat="43.6588537" lon="-70.2601644"/>
  <node id="11356888456" lat="43.6587925" lon="-70.2602606"/>
  <node id="11356888457" lat="43.6587777" lon="-70.2602732"/>
  <node id="11356888458" lat="43.6587659" lon="-70.2599951"/>
  <node id="11356888459" lat="43.6588684" lon="-70.2601284"/>
  <node id="11356888460" lat="43.6589549" lon="-70.2600001"/>
  <node id="11356888461" lat="43.6589008" lon="-70.2601896"/>
  <node id="11356888462" lat="43.6583949" lon="-70.2609276">
    <tag k="barrier" v="kerb"/>
    <tag k="kerb" v="lowered"/>
    <tag k="tactile_paving" v="yes"/>
  </node>
  <node id="11356888463" lat="43.6587813" lon="-70.2602800"/>
  <node id="11356888464" lat="43.6588847" lon="-70.2604275"/>
  <node id="11356888465" lat="43.6575297" lon="-70.2598166"/>
  <node id="11356888466" lat="43.6576730" lon="-70.2599994"/>
  <node id="11356888467" lat="43.6582582" lon="-70.2609858">
    <tag k="button_operated" v="yes"/>
    <tag k="crossing" v="traffic_signals"/>
    <tag k="crossing:island" v="no"/>
    <tag k="crossing:markings" v="zebra"/>
    <tag k="highway" v="crossing"/>
    <tag k="tactile_paving" v="yes"/>
    <tag k="traffic_signals:sound" v="yes"/>
    <tag k="traffic_signals:vibration" v="no"/>
  </node>
  <node id="11356888468" lat="43.6583521" lon="-70.2609855">
    <tag k="button_operated" v="yes"/>
    <tag k="crossing" v="traffic_signals"/>
    <tag k="crossing:island" v="no"/>
    <tag k="crossing:markings" v="zebra"/>
    <tag k="highway" v="crossing"/>
    <tag k="tactile_paving" v="yes"/>
    <tag k="traffic_signals:sound" v="yes"/>
    <tag k="traffic_signals:vibration" v="no"/>
  </node>
  <node id="11356936069" lat="43.6582474" lon="-70.2608526">
    <tag k="button_operated" v="yes"/>
    <tag k="crossing" v="traffic_signals"/>
    <tag k="crossing:island" v="no"/>
    <tag k="crossing:markings" v="zebra"/>
    <tag k="highway" v="crossing"/>
    <tag k="tactile_paving" v="yes"/>
    <tag k="traffic_signals:sound" v="yes"/>
    <tag k="traffic_signals:vibration" v="no"/>
  </node>
  <node id="11356936070" lat="43.6583635" lon="-70.2608081">
    <tag k="highway" v="traffic_signals"/>
    <tag k="traffic_signals" v="signal"/>
    <tag k="traffic_signals:direction" v="backward"/>
  </node>
  <node id="11356936071" lat="43.6582353" lon="-70.2610231">
    <tag k="highway" v="traffic_signals"/>
    <tag k="traffic_signals" v="signal"/>
    <tag k="traffic_signals:direction" v="forward"/>
  </node>
  <node id="11356936072" lat="43.6583708" lon="-70.2610098">
    <tag k="highway" v="traffic_signals"/>
    <tag k="traffic_signals" v="signal"/>
    <tag k="traffic_signals:direction" v="forward"/>
  </node>
  <node id="11356936073" lat="43.6583074" lon="-70.2610511"/>
  <node id="11356936074" lat="43.6582053" lon="-70.2609180"/>
  <node id="11356936075" lat="43.6584054" lon="-70.2609099"/>
  <node id="11356936076" lat="43.6584572" lon="-70.2578106">
    <tag k="button_operated" v="yes"/>
    <tag k="crossing" v="traffic_signals"/>
    <tag k="crossing:island" v="no"/>
    <tag k="highway" v="crossing"/>
  </node>
  <node id="11356936077" lat="43.6583839" lon="-70.2577190"/>
  <node id="11356936078" lat="43.6585125" lon="-70.2578906"/>
  <node id="11356936079" lat="43.6583555" lon="-70.2580979"/>
  <node id="11356936080" lat="43.6582359" lon="-70.2579281"/>
  <node id="11356936081" lat="43.6592465" lon="-70.2562488"/>
  <node id="11356936082" lat="43.6587331" lon="-70.2571471"/>
  <node id="11356936083" lat="43.6589418" lon="-70.2567905"/>
  <node id="11356936084" lat="43.6587997" lon="-70.2574957"/>
  <node id="11356936085" lat="43.6588573" lon="-70.2574098"/>
  <node id="11356936086" lat="43.6588860" lon="-70.2573738"/>
  <node id="11356936087" lat="43.6592782" lon="-70.2566741"/>
  <node id="11356936088" lat="43.6588980" lon="-70.2573523"/>
  <node id="11356936089" lat="43.6588738" lon="-70.2573192"/>
  <node id="11356936090" lat="43.6593464" lon="-70.2567170"/>
  <node id="11356936091" lat="43.6593164" lon="-70.2566808"/>
  <node id="11356936092" lat="43.6592624" lon="-70.2566827"/>
  <node id="11356936093" lat="43.6592391" lon="-70.2566905"/>
  <node id="11356936094" lat="43.6592563" lon="-70.2567130"/>
  <node id="11356936095" lat="43.6590998" lon="-70.2569653"/>
  <node id="11356936096" lat="43.6591091" lon="-70.2569757"/>
  <node id="11356936097" lat="43.6590332" lon="-70.2568892"/>
  <node id="11356936098" lat="43.6590203" lon="-70.2568750"/>
  <node id="11356936099" lat="43.6588207" lon="-70.2572539"/>
  <node id="11356936100" lat="43.6588069" lon="-70.2572377"/>
  <node id="11356936101" lat="43.6591699" lon="-70.2566090"/>
  <node id="11356936102" lat="43.6591849" lon="-70.2566258"/>
  <node id="11356936103" lat="43.6587485" lon="-70.2571702"/>
  <node id="11356936104" lat="43.6591108" lon="-70.2565441"/>
  <node id="11356936105" lat="43.6590157" lon="-70.2566653"/>
  <node id="11356936106" lat="43.6590979" lon="-70.2565280"/>
  <node id="11356936107" lat="43.6591334" lon="-70.2564585"/>
  <node id="11356936108" lat="43.6593403" lon="-70.2565151"/>
  <node id="11363157459" lat="43.6612558" lon="-70.2534636">
    <tag k="crossing" v="uncontrolled"/>
    <tag k="crossing:island" v="no"/>
    <tag k="crossing:markings" v="zebra"/>
    <tag k="highway" v="crossing"/>
  </node>
  <node id="11363157460" lat="43.6611924" lon="-70.2534722">
    <tag k="crossing" v="uncontrolled"/>
    <tag k="crossing:island" v="no"/>
    <tag k="crossing:markings" v="zebra"/>
    <tag k="highway" v="crossing"/>
  </node>
  <node id="11408530579" lat="43.6573515" lon="-70.2584115"/>
  <node id="11478833207" lat="43.6601184" lon="-70.2535113"/>
  <node id="11478833208" lat="43.6602078" lon="-70.2533246"/>
  <node id="11478833209" lat="43.6602995" lon="-70.2531817"/>
  <node id="11583129083" lat="43.6580965" lon="-70.2571797"/>
  <node id="11583129084" lat="43.6582124" lon="-70.2574130"/>
  <node id="11583129085" lat="43.6585119" lon="-70.2568903"/>
  <node id="11583129086" lat="43.6584481" lon="-70.2567714"/>
  <node id="11583129087" lat="43.6584820" lon="-70.2567145"/>
  <node id="11583129088" lat="43.6584107" lon="-70.2566334"/>
  <node id="11848694130" lat="43.6602501" lon="-70.2541909"/>
  <node id="11848694131" lat="43.6601168" lon="-70.2547511"/>
  <node id="11848694132" lat="43.6601306" lon="-70.2542617"/>
  <node id="11848694133" lat="43.6601563" lon="-70.2539356"/>
  <node id="11848694134" lat="43.6598426" lon="-70.2547154"/>
  <node id="11848766470" lat="43.6597277" lon="-70.2552746">
    <tag k="historic" v="millstone"/>
    <tag k="inscription" v="In 1745 on a high bluff on the opposite corner stood the old wind mill from which this stone was taken."/>
  </node>
  <node id="11904362408" lat="43.6595042" lon="-70.2612227"/>
  <node id="11904362409" lat="43.6594210" lon="-70.2611048"/>
  <node id="11904362410" lat="43.6594974" lon="-70.2609939"/>
  <node id="11904362411" lat="43.6595785" lon="-70.2611106"/>
  <node id="11904362412" lat="43.6594657" lon="-70.2610399">
    <tag k="crossing" v="uncontrolled"/>
    <tag k="highway" v="crossing"/>
  </node>
  <node id="11904362413" lat="43.6595473" lon="-70.2610587">
    <tag k="crossing" v="uncontrolled"/>
    <tag k="highway" v="crossing"/>
  </node>
  <node id="11904362414" lat="43.6594737" lon="-70.2611796">
    <tag k="crossing" v="uncontrolled"/>
    <tag k="highway" v="crossing"/>
  </node>
  <node id="11904362415" lat="43.6595513" lon="-70.2611520">
    <tag k="crossing" v="uncontrolled"/>
    <tag k="highway" v="crossing"/>
  </node>
  <node id="11904362437" lat="43.6591836" lon="-70.2605885"/>
  <node id="11904362438" lat="43.6592195" lon="-70.2595317"/>
  <node id="11904362439" lat="43.6592804" lon="-70.2594303"/>
  <node id="11904362440" lat="43.6592503" lon="-70.2594805">
    <tag k="crossing" v="uncontrolled"/>
    <tag k="highway" v="crossing"/>
  </node>
  <node id="11904362441" lat="43.6596890" lon="-70.2587604"/>
  <node id="11904362442" lat="43.6595809" lon="-70.2586156"/>
  <node id="11904362443" lat="43.6596645" lon="-70.2584837"/>
  <node id="11904362444" lat="43.6597692" lon="-70.2586203"/>
  <node id="11904362445" lat="43.6596337" lon="-70.2585322">
    <tag k="crossing" v="uncontrolled"/>
    <tag k="highway" v="crossing"/>
  </node>
  <node id="11904362446" lat="43.6597325" lon="-70.2585724">
    <tag k="crossing" v="uncontrolled"/>
    <tag k="highway" v="crossing"/>
  </node>
  <node id="11904362447" lat="43.6596466" lon="-70.2587036">
    <tag k="crossing" v="uncontrolled"/>
    <tag k="highway" v="crossing"/>
  </node>
  <node id="11904362448" lat="43.6597364" lon="-70.2586776">
    <tag k="crossing" v="uncontrolled"/>
    <tag k="highway" v="crossing"/>
  </node>
  <node id="11904362449" lat="43.6591437" lon="-70.2579888"/>
  <node id="11904381078" lat="43.6590320" lon="-70.2598637">
    <tag k="highway" v="crossing"/>
  </node>
  <node id="12029151177" lat="43.6605043" lon="-70.2604097"/>
  <node id="12029151178" lat="43.6605997" lon="-70.2605588"/>
  <node id="12029151179" lat="43.6607224" lon="-70.2601577"/>
  <node id="12029151180" lat="43.6606056" lon="-70.2602759"/>
  <node id="12029151181" lat="43.6608151" lon="-70.2602697"/>
  <node id="12029882963" lat="43.6580939" lon="-70.2590415">
    <tag k="amenity" v="bicycle_repair_station"/>
  </node>
  <node id="12055587469" lat="43.6580077" lon="-70.2546480">
    <tag k="amenity" v="drinking_water"/>
    <tag k="fountain" v="bubbler"/>
  </node>
  <node id="12058529887" lat="43.6595693" lon="-70.2586011"/>
  <node id="12058529888" lat="43.6589459" lon="-70.2596374"/>
  <node id="12058529889" lat="43.6583277" lon="-70.2588325"/>
  <node id="12058529890" lat="43.6586506" lon="-70.2584043"/>
  <node id="12058529891" lat="43.6586703" lon="-70.2584306"/>
  <node id="12058529892" lat="43.6587849" lon="-70.2582677"/>
  <node id="12058529893" lat="43.6587659" lon="-70.2582405"/>
  <node id="12058529894" lat="43.6588044" lon="-70.2581919"/>
  <node id="12058529895" lat="43.6588708" lon="-70.2582864"/>
  <node id="12058529896" lat="43.6591026" lon="-70.2579637"/>
  <node id="12062178060" lat="43.6619606" lon="-70.2550214"/>
  <node id="12062178061" lat="43.6621492" lon="-70.2547155"/>
  <node id="12067226670" lat="43.6578706" lon="-70.2601165">
    <tag k="amenity" v="restaurant"/>
    <tag k="indoor_seating" v="yes"/>
    <tag k="name" v="Slab"/>
    <tag k="outdoor_seating" v="yes"/>
  </node>
  <node id="12115348328" lat="43.6562491" lon="-70.2567377"/>
  <node id="12115348329" lat="43.6562273" lon="-70.2567124"/>
  <node id="12115348330" lat="43.6562445" lon="-70.2566842"/>
  <node id="12115348331" lat="43.6562663" lon="-70.2567096"/>
  <node id="12127006174" lat="43.6617234" lon="-70.2538826"/>
  <node id="12127006176" lat="43.6617824" lon="-70.2538056"/>
  <node id="12127006177" lat="43.6619769" lon="-70.2540917"/>
  <node id="12127006178" lat="43.6618488" lon="-70.2542768"/>
  <node id="12127006179" lat="43.6619811" lon="-70.2541388"/>
  <node id="12127006181" lat="43.6619636" lon="-70.2544826"/>
  <node id="12127006184" lat="43.6616169" lon="-70.2537384"/>
  <node id="12127006186" lat="43.6614967" lon="-70.2535758"/>
  <node id="12184778682" lat="43.6576113" lon="-70.2569233">
    <tag k="addr:city" v="Portland"/>
    <tag k="addr:housenumber" v="1"/>
    <tag k="addr:postcode" v="04101"/>
    <tag k="addr:state" v="ME"/>
    <tag k="addr:street" v="City Center"/>
    <tag k="addr:unit" v="1st Floor"/>
    <tag k="amenity" v="hospital"/>
    <tag k="email" v="scheduling@ahchiro.me"/>
    <tag k="emergency" v="no"/>
    <tag k="fax" v="207-699-2624"/>
    <tag k="healthcare" v="hospital"/>
    <tag k="healthcare:speciality" v="chiropractic;massage;physiotherapy"/>
    <tag k="name" v="Absolute Health Chiropractic &amp; Massage"/>
    <tag k="phone" v="207-699-2622"/>
    <tag k="website" v="https://www.ahchiro.me/"/>
  </node>
  <node id="12322245678" lat="43.6583831" lon="-70.2587241"/>
  <node id="12322245679" lat="43.6585707" lon="-70.2585103"/>
  <node id="12322245680" lat="43.6585311" lon="-70.2585039"/>
  <node id="12322245681" lat="43.6585555" lon="-70.2584993"/>
  <node id="12322245682" lat="43.6585992" lon="-70.2585300"/>
  <node id="12322245687" lat="43.6595303" lon="-70.2585430"/>
  <node id="12479669837" lat="43.6565266" lon="-70.2566843"/>
  <node id="12479669838" lat="43.6564503" lon="-70.2568045"/>
  <node id="12479669839" lat="43.6558901" lon="-70.2563334"/>
  <node id="12479669840" lat="43.6559032" lon="-70.2562872"/>
  <node id="12479669841" lat="43.6560224" lon="-70.2559841"/>
  <node id="12479669842" lat="43.6561011" lon="-70.2559133"/>
  <node id="12479669843" lat="43.6561896" lon="-70.2557100"/>
  <node id="12519506001" lat="43.6569489" lon="-70.2577312">
    <tag k="addr:housenumber" v="11"/>
    <tag k="addr:postcode" v="04101"/>
    <tag k="addr:street" v="Free Street"/>
    <tag k="amenity" v="restaurant"/>
    <tag k="cuisine" v="tapas"/>
    <tag k="email" v="krista@sur-lie.com"/>
    <tag k="name" v="Sur Lie"/>
    <tag k="opening_hours" v="We-Sa 17:00-21:00"/>
    <tag k="phone" v="+12079567350"/>
    <tag k="website" v="https://www.sur-lie.com"/>
    <tag k="website:menu" v="https://www.sur-lie.com/menu1"/>
  </node>
  <node id="12537471154" lat="43.6593707" lon="-70.2583761"/>
  <node id="12537471155" lat="43.6593601" lon="-70.2583891"/>
  <node id="12537471156" lat="43.6593466" lon="-70.2583695"/>
  <node id="12537471157" lat="43.6593488" lon="-70.2583372"/>
  <node id="12537471158" lat="43.6593554" lon="-70.2583277"/>
  <node id="12537471159" lat="43.6591893" lon="-70.2581062"/>
  <node id="12537471160" lat="43.6591818" lon="-70.2581145"/>
  <node id="12537471161" lat="43.6591420" lon="-70.2581177"/>
  <node id="12537471162" lat="43.6589863" lon="-70.2583417"/>
  <node id="12537471163" lat="43.6592072" lon="-70.2586280"/>
  <node id="12537471164" lat="43.6591410" lon="-70.2587219"/>
  <node id="12537471165" lat="43.6591033" lon="-70.2586726"/>
  <node id="12537471166" lat="43.6591346" lon="-70.2586235"/>
  <node id="12537471167" lat="43.6590720" lon="-70.2585405"/>
  <node id="12537471168" lat="43.6590393" lon="-70.2585889"/>
  <node id="12537471169" lat="43.6589217" lon="-70.2584353"/>
  <node id="12537471170" lat="43.6587709" lon="-70.2586491"/>
  <node id="12537471171" lat="43.6589223" lon="-70.2588498"/>
  <node id="12537471172" lat="43.6588281" lon="-70.2589830"/>
  <node id="12537471173" lat="43.6587828" lon="-70.2589273"/>
  <node id="12537471174" lat="43.6587970" lon="-70.2589065"/>
  <node id="12537471175" lat="43.6586467" lon="-70.2587074"/>
  <node id="12537471176" lat="43.6586342" lon="-70.2587255"/>
  <node id="12537471177" lat="43.6585705" lon="-70.2586396"/>
  <node id="12537471178" lat="43.6584264" lon="-70.2588316"/>
  <node id="12537471179" lat="43.6584944" lon="-70.2589181"/>
  <node id="12537471180" lat="43.6584827" lon="-70.2589342"/>
  <node id="12537471181" lat="43.6586370" lon="-70.2591434"/>
  <node id="12537471182" lat="43.6586477" lon="-70.2591260"/>
  <node id="12537471183" lat="43.6589242" lon="-70.2595055"/>
  <node id="12537471184" lat="43.6590135" lon="-70.2593741"/>
  <node id="12537471185" lat="43.6590008" lon="-70.2593567"/>
  <node id="12537471186" lat="43.6591657" lon="-70.2591230"/>
  <node id="12537471187" lat="43.6591862" lon="-70.2591474"/>
  <node id="12537471188" lat="43.6592958" lon="-70.2589919"/>
  <node id="12537471189" lat="43.6592735" lon="-70.2589597"/>
  <node id="12537471190" lat="43.6594472" lon="-70.2587120"/>
  <node id="12537471191" lat="43.6594633" lon="-70.2587329"/>
  <node id="12537471192" lat="43.6595490" lon="-70.2586164"/>
  <node id="12537471193" lat="43.6588548" lon="-70.2590231"/>
  <node id="12537471194" lat="43.6589499" lon="-70.2588857"/>
  <node id="12537471195" lat="43.6590515" lon="-70.2590201"/>
  <node id="12537471196" lat="43.6589565" lon="-70.2591575"/>
  <node id="12544640045" lat="43.6603249" lon="-70.2525624"/>
  <node id="12544640046" lat="43.6604043" lon="-70.2526762"/>
  <node id="12544640047" lat="43.6605631" lon="-70.2524302"/>
  <node id="12544640048" lat="43.6604808" lon="-70.2523144"/>
  <node id="12544640049" lat="43.6606745" lon="-70.2529184"/>
  <node id="12544640050" lat="43.6606039" lon="-70.2530799"/>
  <node id="12544640051" lat="43.6607318" lon="-70.2534628"/>
  <node id="12544640052" lat="43.6607104" lon="-70.2534322"/>
  <node id="12544640053" lat="43.6607434" lon="-70.2534204"/>
  <node id="12544640054" lat="43.6606643" lon="-70.2531660"/>
  <node id="12544640084" lat="43.6604359" lon="-70.2520362"/>
  <node id="12544640085" lat="43.6604920" lon="-70.2521379"/>
  <node id="12544640092" lat="43.6596428" lon="-70.2516635"/>
  <node id="12544640094" lat="43.6599126" lon="-70.2518008"/>
  <node id="12544640095" lat="43.6580356" lon="-70.2583847"/>
  <node id="12614368495" lat="43.6568471" lon="-70.2598232">
    <tag k="bus" v="yes"/>
    <tag k="highway" v="bus_stop"/>
    <tag k="name" v="Monument Square"/>
    <tag k="public_transport" v="platform"/>
  </node>
  <node id="12631778992" lat="43.6572484" lon="-70.2607181"/>
  <node id="12631778993" lat="43.6570703" lon="-70.2604944"/>
  <node id="12631778994" lat="43.6570190" lon="-70.2605725"/>
  <node id="12631778995" lat="43.6569437" lon="-70.2604780"/>
  <node id="12691407777" lat="43.6573666" lon="-70.2531663">
    <tag k="artwork_type" v="sculpture"/>
    <tag k="description" v="Dolphin"/>
    <tag k="tourism" v="artwork"/>
  </node>
  <way id="11385704">
    <nd ref="101291738"/>
    <nd ref="101291740"/>
    <nd ref="101291742"/>
    <tag k="highway" v="service"/>
    <tag k="service" v="alley"/>
    <tag k="surface" v="asphalt"/>
    <tag k="tiger:cfcc" v="A41"/>
    <tag k="tiger:county" v="Cumberland, ME"/>
    <tag k="tiger:reviewed" v="no"/>
  </way>
  <way id="11385712">
    <nd ref="101291815"/>
    <nd ref="11904381078"/>
    <nd ref="101291817"/>
    <nd ref="101291819"/>
    <nd ref="101291821"/>
    <nd ref="101291825"/>
    <tag k="highway" v="service"/>
    <tag k="service" v="alley"/>
  </way>
  <way id="11386124">
    <nd ref="101297749"/>
    <nd ref="101297746"/>
    <tag k="highway" v="residential"/>
    <tag k="name" v="Dana Street"/>
    <tag k="oneway" v="no"/>
    <tag k="sidewalk" v="both"/>
    <tag k="surface" v="sett"/>
    <tag k="tiger:cfcc" v="A41"/>
    <tag k="tiger:county" v="Cumberland, ME"/>
    <tag k="tiger:name_base" v="Dana"/>
    <tag k="tiger:name_type" v="St"/>
    <tag k="tiger:reviewed" v="no"/>
    <tag k="tiger:zip_left" v="04101"/>
    <tag k="tiger:zip_right" v="04101"/>
  </way>
  <way id="11390906">
    <nd ref="11408530579"/>
    <nd ref="101453052"/>
    <nd ref="101355362"/>
    <nd ref="6991007128"/>
    <nd ref="101355365"/>
    <nd ref="7981424046"/>
    <nd ref="7981424045"/>
    <nd ref="101355367"/>
    <nd ref="101355369"/>
    <nd ref="101355371"/>
    <nd ref="101355373"/>
    <nd ref="101355380"/>
    <tag k="highway" v="service"/>
    <tag k="name" v="Lancaster Lane"/>
    <tag k="tiger:cfcc" v="A41"/>
    <tag k="tiger:county" v="Cumberland, ME"/>
    <tag k="tiger:reviewed" v="no"/>
  </way>
  <way id="11391820">
    <nd ref="101337190"/>
    <nd ref="101372233"/>
    <nd ref="101372231"/>
    <tag k="highway" v="residential"/>
    <tag k="name" v="Stone Street"/>
    <tag k="oneway" v="yes"/>
    <tag k="tiger:cfcc" v="A41"/>
    <tag k="tiger:county" v="Cumberland, ME"/>
    <tag k="tiger:name_base" v="Stone"/>
    <tag k="tiger:name_type" v="St"/>
    <tag k="tiger:reviewed" v="no"/>
    <tag k="tiger:zip_left" v="04101"/>
    <tag k="tiger:zip_right" v="04101"/>
  </way>
  <way id="11392230">
    <nd ref="101380827"/>
    <nd ref="101380824"/>
    <nd ref="101380822"/>
    <nd ref="101380819"/>
    <nd ref="101380816"/>
    <tag k="highway" v="residential"/>
    <tag k="name" v="Cross Street"/>
    <tag k="official_name" v="Cross Street South"/>
    <tag k="oneway" v="yes"/>
  </way>
  <way id="11392246">
    <nd ref="101380981"/>
    <nd ref="101380978"/>
    <nd ref="4564883880"/>
    <nd ref="101380976"/>
    <nd ref="101477052"/>
    <tag k="highway" v="residential"/>
    <tag k="name" v="Cross Street North"/>
    <tag k="oneway" v="yes"/>
  </way>
  <way id="11392566">
    <nd ref="3481875039"/>
    <nd ref="101480290"/>
    <nd ref="101480286"/>
    <nd ref="101480282"/>
    <nd ref="9471658566"/>
    <nd ref="101291811"/>
    <tag k="highway" v="residential"/>
    <tag k="oneway" v="yes"/>
  </way>
  <way id="11392904">
    <nd ref="101396250"/>
    <nd ref="6837291199"/>
    <nd ref="101610358"/>
    <nd ref="101396255"/>
    <nd ref="101396260"/>
    <nd ref="101396264"/>
    <nd ref="6839104888"/>
    <nd ref="101396267"/>
    <nd ref="101396271"/>
    <nd ref="6839149783"/>
    <nd ref="101396277"/>
    <nd ref="101396287"/>
    <nd ref="6839130293"/>
    <nd ref="101396290"/>
    <nd ref="101396294"/>
    <nd ref="8682311842"/>
    <nd ref="6839148336"/>
    <nd ref="101396302"/>
    <tag k="highway" v="residential"/>
    <tag k="lanes" v="1"/>
    <tag k="name" v="Market Street"/>
    <tag k="old_name" v="Lime Street"/>
    <tag k="oneway" v="yes"/>
    <tag k="parking:both" v="lane"/>
    <tag k="parking:both:orientation" v="parallel"/>
    <tag k="source:old_name" v="Plan of Falmouth (Portland), 1775 - https://www.mainememory.net/artifact/35629"/>
    <tag k="surface" v="asphalt"/>
    <tag k="tiger:cfcc" v="A41"/>
    <tag k="tiger:county" v="Cumberland, ME"/>
    <tag k="tiger:name_base" v="Market"/>
    <tag k="tiger:name_type" v="St"/>
    <tag k="tiger:reviewed" v="yes"/>
    <tag k="tiger:zip_left" v="04101"/>
    <tag k="tiger:zip_right" v="04101"/>
  </way>
  <way id="11392905">
    <nd ref="6839148342"/>
    <nd ref="101396339"/>
    <nd ref="6839148339"/>
    <nd ref="8328719478"/>
    <nd ref="101396334"/>
    <nd ref="3490011347"/>
    <nd ref="3490011346"/>
    <nd ref="7977231016"/>
    <nd ref="101396319"/>
    <nd ref="7891738701"/>
    <nd ref="3471401416"/>
    <nd ref="316632836"/>
    <nd ref="101396315"/>
    <nd ref="9201397809"/>
    <nd ref="101396312"/>
    <nd ref="101396310"/>
    <tag k="cycleway:both" v="no"/>
    <tag k="highway" v="residential"/>
    <tag k="lane_markings" v="no"/>
    <tag k="name" v="Exchange Street"/>
    <tag k="old_name" v="Fish Street"/>
    <tag k="oneway" v="yes"/>
    <tag k="source:old_name" v="Plan of Falmouth (Portland), 1775 - https://www.mainememory.net/artifact/35629"/>
    <tag k="surface" v="asphalt"/>
    <tag k="tiger:cfcc" v="A41"/>
    <tag k="tiger:county" v="Cumberland, ME"/>
    <tag k="tiger:name_base" v="Exchange"/>
    <tag k="tiger:name_type" v="St"/>
    <tag k="tiger:reviewed" v="no"/>
    <tag k="tiger:zip_left" v="04101"/>
    <tag k="tiger:zip_right" v="04101"/>
  </way>
  <way id="11393494">
    <nd ref="101408902"/>
    <nd ref="101408912"/>
    <tag k="highway" v="residential"/>
    <tag k="name" v="Chapel Street"/>
    <tag k="oneway" v="yes"/>
    <tag k="tiger:cfcc" v="A41"/>
    <tag k="tiger:county" v="Cumberland, ME"/>
    <tag k="tiger:name_base" v="Chapel"/>
    <tag k="tiger:name_type" v="St"/>
    <tag k="tiger:reviewed" v="no"/>
    <tag k="tiger:zip_left" v="04101"/>
    <tag k="tiger:zip_right" v="04101"/>
  </way>
  <way id="11395734">
    <nd ref="101610334"/>
    <nd ref="101432200"/>
    <nd ref="6837297618"/>
    <nd ref="101432201"/>
    <tag k="highway" v="residential"/>
    <tag k="lane_markings" v="no"/>
    <tag k="name" v="Silver Street"/>
    <tag k="oneway" v="no"/>
    <tag k="surface" v="asphalt"/>
    <tag k="tiger:cfcc" v="A41"/>
    <tag k="tiger:county" v="Cumberland, ME"/>
    <tag k="tiger:name_base" v="Silver"/>
    <tag k="tiger:name_type" v="St"/>
    <tag k="tiger:zip_left" v="04101"/>
    <tag k="tiger:zip_right" v="04101"/>
  </way>
  <way id="11399205">
    <nd ref="101442079"/>
    <nd ref="11363157460"/>
    <nd ref="7888484011"/>
    <nd ref="101442069"/>
    <tag k="highway" v="residential"/>
    <tag k="name" v="Hampshire Street"/>
    <tag k="oneway" v="no"/>
    <tag k="tiger:cfcc" v="A41"/>
    <tag k="tiger:county" v="Cumberland, ME"/>
    <tag k="tiger:name_base" v="Hampshire"/>
    <tag k="tiger:name_type" v="St"/>
    <tag k="tiger:reviewed" v="no"/>
    <tag k="tiger:zip_left" v="04101"/>
    <tag k="tiger:zip_right" v="04101"/>
  </way>
  <way id="11404609">
    <nd ref="101460949"/>
    <nd ref="8280875512"/>
    <nd ref="101460959"/>
    <nd ref="101460961"/>
    <nd ref="101460967"/>
    <tag k="highway" v="residential"/>
    <tag k="name" v="Boyd Street"/>
    <tag k="tiger:cfcc" v="A41"/>
    <tag k="tiger:county" v="Cumberland, ME"/>
    <tag k="tiger:name_base" v="Boyd"/>
    <tag k="tiger:name_type" v="St"/>
    <tag k="tiger:reviewed" v="no"/>
    <tag k="tiger:zip_left" v="04101"/>
    <tag k="tiger:zip_right" v="04101"/>
  </way>
  <way id="11405061">
    <nd ref="101466964"/>
    <nd ref="101466966"/>
    <nd ref="101466978"/>
    <tag k="highway" v="residential"/>
    <tag k="name" v="Church Street"/>
    <tag k="sidewalk" v="both"/>
    <tag k="tiger:cfcc" v="A41"/>
    <tag k="tiger:county" v="Cumberland, ME"/>
    <tag k="tiger:name_base" v="Church"/>
    <tag k="tiger:name_type" v="St"/>
    <tag k="tiger:reviewed" v="no"/>
  </way>
  <way id="11405353">
    <nd ref="101297746"/>
    <nd ref="101471141"/>
    <tag k="highway" v="residential"/>
    <tag k="name" v="Wharf Street"/>
    <tag k="oneway" v="yes"/>
    <tag k="sidewalk" v="left"/>
    <tag k="surface" v="sett"/>
    <tag k="tiger:cfcc" v="A41"/>
    <tag k="tiger:county" v="Cumberland, ME"/>
    <tag k="tiger:name_base" v="Wharf"/>
    <tag k="tiger:name_type" v="St"/>
    <tag k="tiger:reviewed" v="no"/>
    <tag k="tiger:zip_left" v="04101"/>
    <tag k="tiger:zip_right" v="04101"/>
  </way>
  <way id="11405392">
    <nd ref="101291811"/>
    <nd ref="101471756"/>
    <nd ref="6839149782"/>
    <nd ref="101396277"/>
    <tag k="highway" v="residential"/>
    <tag k="name" v="Newbury Street"/>
    <tag k="official_name" v="Newbury Street West"/>
    <tag k="oneway" v="yes"/>
  </way>
  <way id="11406057">
    <nd ref="101454300"/>
    <nd ref="101480165"/>
    <nd ref="101480167"/>
    <nd ref="101480170"/>
    <nd ref="101480172"/>
    <nd ref="101408990"/>
    <nd ref="101480174"/>
    <nd ref="101480176"/>
    <nd ref="101480178"/>
    <nd ref="101480179"/>
    <nd ref="11363157462"/>
    <nd ref="101480181"/>
    <nd ref="11363157461"/>
    <nd ref="101294909"/>
    <nd ref="101442069"/>
    <tag k="highway" v="residential"/>
    <tag k="name" v="Federal Street"/>
    <tag k="official_name" v="Federal Street East"/>
    <tag k="surface" v="asphalt"/>
  </way>
  <way id="11407230">
    <nd ref="101495787"/>
    <nd ref="11904362440"/>
    <nd ref="101495789"/>
    <nd ref="101495790"/>
    <nd ref="7702087560"/>
    <nd ref="101495792"/>
    <nd ref="7702087554"/>
    <nd ref="101495796"/>
    <tag k="highway" v="residential"/>
    <tag k="name" v="Cedar Street"/>
    <tag k="oneway" v="yes"/>
    <tag k="tiger:cfcc" v="A41"/>
    <tag k="tiger:county" v="Cumberland, ME"/>
    <tag k="tiger:name_base" v="Cedar"/>
    <tag k="tiger:name_type" v="St"/>
    <tag k="tiger:reviewed" v="no"/>
    <tag k="tiger:zip_left" v="04101"/>
    <tag k="tiger:zip_right" v="04101"/>
  </way>
  <way id="11407842">
    <nd ref="101504542"/>
    <nd ref="101504540"/>
    <nd ref="5267269344"/>
    <nd ref="7042939604"/>
    <nd ref="101504537"/>
    <nd ref="7042939609"/>
    <nd ref="101504536"/>
    <tag k="highway" v="residential"/>
    <tag k="name" v="Wilmot Street"/>
    <tag k="oneway" v="no"/>
    <tag k="tiger:cfcc" v="A41"/>
    <tag k="tiger:county" v="Cumberland, ME"/>
    <tag k="tiger:name_base" v="Wilmot"/>
    <tag k="tiger:name_type" v="St"/>
    <tag k="tiger:reviewed" v="no"/>
    <tag k="tiger:zip_left" v="04101"/>
    <tag k="tiger:zip_right" v="04101"/>
  </way>
  <way id="11408179">
    <nd ref="101387989"/>
    <nd ref="6842510015"/>
    <nd ref="3548009608"/>
    <nd ref="101509497"/>
    <tag k="busway" v="right_lane"/>
    <tag k="cycleway:right" v="lane"/>
    <tag k="highway" v="secondary"/>
    <tag k="lanes" v="1"/>
    <tag k="maxspeed" v="25 mph"/>
    <tag k="name" v="Elm Street"/>
    <tag k="oneway" v="yes"/>
    <tag k="route" v="bicycle"/>
    <tag k="surface" v="asphalt"/>
  </way>
  <way id="11409604">
    <nd ref="101533503"/>
    <nd ref="9658264362"/>
    <nd ref="101533504"/>
    <nd ref="101533506"/>
    <nd ref="6801945132"/>
    <nd ref="101533507"/>
    <nd ref="101533511"/>
    <nd ref="11329912446"/>
    <nd ref="101533514"/>
    <nd ref="101533518"/>
    <nd ref="101533519"/>
    <nd ref="101533522"/>
    <nd ref="9663301790"/>
    <nd ref="101533526"/>
    <nd ref="101533528"/>
    <nd ref="101533530"/>
    <nd ref="11329829052"/>
    <nd ref="101533532"/>
    <nd ref="101533535"/>
    <tag k="highway" v="primary"/>
    <tag k="lanes" v="2"/>
    <tag k="name" v="Franklin Street"/>
    <tag k="old_name" v="Fiddle Lane"/>
    <tag k="oneway" v="yes"/>
    <tag k="ref" v="US 1A"/>
    <tag k="source:old_name" v="Plan of Falmouth (Portland), 1775 - https://www.mainememory.net/artifact/35629"/>
    <tag k="surface" v="asphalt"/>
  </way>
  <way id="11410632">
    <nd ref="101548756"/>
    <nd ref="101548757"/>
    <nd ref="101548759"/>
    <nd ref="101548761"/>
    <nd ref="101548763"/>
    <nd ref="101548765"/>
    <nd ref="101548767"/>
    <nd ref="101495792"/>
    <tag k="highway" v="residential"/>
    <tag k="name" v="Hall Court"/>
    <tag k="tiger:cfcc" v="A41"/>
    <tag k="tiger:county" v="Cumberland, ME"/>
    <tag k="tiger:name_base" v="Hall"/>
    <tag k="tiger:name_type" v="Ct"/>
    <tag k="tiger:reviewed" v="no"/>
    <tag k="tiger:zip_left" v="04101"/>
    <tag k="tiger:zip_right" v="04101"/>
  </way>
  <way id="11411320">
    <nd ref="101610366"/>
    <nd ref="6837275738"/>
    <nd ref="6837275737"/>
    <nd ref="6837298325"/>
    <nd ref="101432200"/>
    <nd ref="6837298328"/>
    <nd ref="6837291201"/>
    <tag k="highway" v="residential"/>
    <tag k="lanes" v="1"/>
    <tag k="name" v="Fore Street"/>
    <tag k="oneway" v="yes"/>
    <tag k="surface" v="cobblestone"/>
    <tag k="tiger:cfcc" v="A41"/>
    <tag k="tiger:county" v="Cumberland, ME"/>
    <tag k="tiger:name_base" v="Fore"/>
    <tag k="tiger:name_type" v="St"/>
    <tag k="tiger:reviewed" v="yes"/>
    <tag k="tiger:zip_left" v="04101"/>
    <tag k="tiger:zip_right" v="04101"/>
  </way>
  <way id="11412159">
    <nd ref="101741057"/>
    <nd ref="7325761671"/>
    <nd ref="11356006202"/>
    <nd ref="101580788"/>
    <nd ref="101580785"/>
    <nd ref="7543133218"/>
    <nd ref="101580782"/>
    <nd ref="7543133223"/>
    <nd ref="7325748960"/>
    <nd ref="101484927"/>
    <nd ref="7325758087"/>
    <nd ref="11518992454"/>
    <nd ref="101580777"/>
    <nd ref="101569124"/>
    <nd ref="4564887857"/>
    <nd ref="11071907869"/>
    <nd ref="10890999839"/>
    <nd ref="101580775"/>
    <nd ref="10890999838"/>
    <nd ref="7981424048"/>
    <nd ref="6563944432"/>
    <nd ref="101580769"/>
    <nd ref="3284137949"/>
    <nd ref="101380981"/>
    <nd ref="5481230202"/>
    <nd ref="101580751"/>
    <tag k="highway" v="residential"/>
    <tag k="name" v="Free Street"/>
    <tag k="oneway" v="yes"/>
    <tag k="sidewalk" v="both"/>
    <tag k="surface" v="asphalt"/>
    <tag k="tiger:cfcc" v="A41"/>
    <tag k="tiger:county" v="Cumberland, ME"/>
    <tag k="tiger:name_base" v="Free;Congress"/>
    <tag k="tiger:name_type" v="St"/>
    <tag k="tiger:reviewed" v="no"/>
    <tag k="tiger:zip_left" v="04101"/>
    <tag k="tiger:zip_left_1" v="04101"/>
    <tag k="tiger:zip_right" v="04101"/>
    <tag k="tiger:zip_right_1" v="04101"/>
  </way>
  <way id="11412242">
    <nd ref="3230182520"/>
    <nd ref="7977231092"/>
    <nd ref="10890999815"/>
    <nd ref="101582246"/>
    <nd ref="101582248"/>
    <nd ref="4564890980"/>
    <nd ref="7977231059"/>
    <nd ref="10890999818"/>
    <nd ref="10890999819"/>
    <nd ref="10890999824"/>
    <nd ref="101412002"/>
    <nd ref="10890999826"/>
    <nd ref="10890999820"/>
    <nd ref="10890999827"/>
    <nd ref="10890999834"/>
    <nd ref="101477063"/>
    <nd ref="10890999832"/>
    <nd ref="10890999829"/>
    <nd ref="4564883879"/>
    <nd ref="9413369286"/>
    <nd ref="10890999837"/>
    <nd ref="101580775"/>
    <tag k="bicycle" v="yes"/>
    <tag k="highway" v="unclassified"/>
    <tag k="name" v="Center Street"/>
    <tag k="old_name" v="Love Lane"/>
    <tag k="oneway" v="no"/>
    <tag k="source:old_name" v="Plan of Falmouth (Portland), 1775 - https://www.mainememory.net/artifact/35629"/>
    <tag k="surface" v="asphalt"/>
  </way>
  <way id="11412698">
    <nd ref="101503250"/>
    <nd ref="10890999863"/>
    <nd ref="10890999859"/>
    <nd ref="101592980"/>
    <nd ref="101592982"/>
    <nd ref="101592984"/>
    <tag k="highway" v="residential"/>
    <tag k="name" v="Union Street"/>
    <tag k="tiger:cfcc" v="A41"/>
    <tag k="tiger:county" v="Cumberland, ME"/>
    <tag k="tiger:name_base" v="Union"/>
    <tag k="tiger:name_type" v="St"/>
    <tag k="tiger:reviewed" v="no"/>
    <tag k="tiger:zip_left" v="04101"/>
    <tag k="tiger:zip_right" v="04101"/>
  </way>
  <way id="11412866">
    <nd ref="101396302"/>
    <nd ref="6839148337"/>
    <nd ref="101513693"/>
    <nd ref="101606549"/>
    <tag k="highway" v="residential"/>
    <tag k="name" v="Myrtle Street"/>
    <tag k="oneway" v="yes"/>
    <tag k="surface" v="asphalt"/>
    <tag k="tiger:cfcc" v="A41"/>
    <tag k="tiger:county" v="Cumberland, ME"/>
    <tag k="tiger:name_base" v="Myrtle"/>
    <tag k="tiger:name_type" v="St"/>
    <tag k="tiger:reviewed" v="no"/>
    <tag k="tiger:zip_left" v="04101"/>
    <tag k="tiger:zip_right" v="04101"/>
  </way>
  <way id="11413392">
    <nd ref="101509515"/>
    <nd ref="11904362413"/>
    <nd ref="6843969043"/>
    <nd ref="101291825"/>
    <nd ref="101495790"/>
    <nd ref="101606562"/>
    <nd ref="101691924"/>
    <nd ref="101606553"/>
    <nd ref="101606552"/>
    <nd ref="101606551"/>
    <nd ref="101606549"/>
    <nd ref="101408912"/>
    <nd ref="101606545"/>
    <nd ref="101606543"/>
    <tag k="highway" v="residential"/>
    <tag k="name" v="Oxford Street"/>
    <tag k="oneway" v="yes"/>
    <tag k="surface" v="asphalt"/>
    <tag k="tiger:cfcc" v="A41"/>
    <tag k="tiger:county" v="Cumberland, ME"/>
    <tag k="tiger:name_base" v="Oxford"/>
    <tag k="tiger:name_type" v="St"/>
    <tag k="tiger:reviewed" v="yes"/>
    <tag k="tiger:zip_left" v="04101"/>
    <tag k="tiger:zip_right" v="04101"/>
  </way>
  <way id="11413551">
    <nd ref="6837291200"/>
    <nd ref="6837298327"/>
    <nd ref="101610334"/>
    <nd ref="6837298326"/>
    <nd ref="6837275736"/>
    <nd ref="101610329"/>
    <nd ref="6837275739"/>
    <nd ref="101610366"/>
    <tag k="highway" v="residential"/>
    <tag k="lanes" v="1"/>
    <tag k="name" v="Fore Street"/>
    <tag k="oneway" v="yes"/>
    <tag k="surface" v="cobblestone"/>
    <tag k="tiger:cfcc" v="A41"/>
    <tag k="tiger:county" v="Cumberland, ME"/>
    <tag k="tiger:name_base" v="Fore"/>
    <tag k="tiger:name_type" v="St"/>
    <tag k="tiger:reviewed" v="yes"/>
    <tag k="tiger:zip_left" v="04101"/>
    <tag k="tiger:zip_right" v="04101"/>
  </way>
  <way id="11414119">
    <nd ref="101610344"/>
    <nd ref="101623186"/>
    <tag k="highway" v="unclassified"/>
    <tag k="name" v="Cotton Street"/>
    <tag k="tiger:cfcc" v="A41"/>
    <tag k="tiger:county" v="Cumberland, ME"/>
    <tag k="tiger:name_base" v="Cotton"/>
    <tag k="tiger:name_type" v="St"/>
    <tag k="tiger:reviewed" v="no"/>
    <tag k="tiger:zip_left" v="04101"/>
    <tag k="tiger:zip_right" v="04101"/>
  </way>
  <way id="11414483">
    <nd ref="101408977"/>
    <nd ref="11363215580"/>
    <nd ref="101629441"/>
    <nd ref="101629442"/>
    <nd ref="101629445"/>
    <nd ref="101629448"/>
    <nd ref="11363215573"/>
    <nd ref="101629452"/>
    <nd ref="11363215572"/>
    <nd ref="101629457"/>
    <nd ref="101629458"/>
    <nd ref="7963750908"/>
    <nd ref="101442061"/>
    <nd ref="3481857406"/>
    <nd ref="7963638809"/>
    <nd ref="7963638810"/>
    <nd ref="101629465"/>
    <nd ref="101629467"/>
    <nd ref="101533507"/>
    <nd ref="101533399"/>
    <tag k="highway" v="residential"/>
    <tag k="name" v="Middle Street"/>
    <tag k="sidewalk" v="both"/>
    <tag k="surface" v="asphalt"/>
    <tag k="tiger:cfcc" v="A45"/>
    <tag k="tiger:county" v="Cumberland, ME"/>
    <tag k="tiger:name_base" v="Middle"/>
    <tag k="tiger:name_type" v="St"/>
    <tag k="tiger:reviewed" v="yes"/>
  </way>
  <way id="11414488">
    <nd ref="101644435"/>
    <nd ref="316632834"/>
    <nd ref="101629566"/>
    <nd ref="3471401400"/>
    <nd ref="6990981129"/>
    <nd ref="3641029039"/>
    <nd ref="101629486"/>
    <tag k="highway" v="tertiary"/>
    <tag k="name" v="Middle Street"/>
    <tag k="oneway" v="no"/>
    <tag k="sidewalk" v="both"/>
    <tag k="surface" v="asphalt"/>
    <tag k="tiger:cfcc" v="A45"/>
    <tag k="tiger:county" v="Cumberland, ME"/>
    <tag k="tiger:name_base" v="Middle"/>
    <tag k="tiger:name_type" v="St"/>
    <tag k="tiger:reviewed" v="no"/>
  </way>
  <way id="11415243">
    <nd ref="101592984"/>
    <nd ref="101380849"/>
    <nd ref="8006552738"/>
    <nd ref="316632864"/>
    <nd ref="3471401409"/>
    <nd ref="101644435"/>
    <tag k="highway" v="residential"/>
    <tag k="name" v="Union Street"/>
    <tag k="sidewalk" v="both"/>
    <tag k="surface" v="asphalt"/>
    <tag k="tiger:cfcc" v="A41"/>
    <tag k="tiger:county" v="Cumberland, ME"/>
    <tag k="tiger:name_base" v="Temple"/>
    <tag k="tiger:name_type" v="St"/>
    <tag k="tiger:reviewed" v="no"/>
    <tag k="tiger:zip_left" v="04101"/>
    <tag k="tiger:zip_right" v="04101"/>
  </way>
  <way id="11415464">
    <nd ref="101649478"/>
    <nd ref="9658264378"/>
    <nd ref="101649480"/>
    <nd ref="6837275744"/>
    <nd ref="9658264373"/>
    <nd ref="6837275740"/>
    <nd ref="101610366"/>
    <nd ref="9658264375"/>
    <nd ref="6837275742"/>
    <nd ref="6837275745"/>
    <nd ref="101649485"/>
    <nd ref="101649487"/>
    <nd ref="101291738"/>
    <nd ref="101649489"/>
    <nd ref="101629482"/>
    <nd ref="101466978"/>
    <nd ref="101471756"/>
    <nd ref="316638955"/>
    <nd ref="9471658565"/>
    <nd ref="11329912427"/>
    <nd ref="316638904"/>
    <tag k="highway" v="residential"/>
    <tag k="lanes" v="2"/>
    <tag k="name" v="Pearl Street"/>
    <tag k="old_name" v="Pearson's Lane"/>
    <tag k="source:old_name" v="Plan of Falmouth (Portland), 1775 - https://www.mainememory.net/artifact/35629"/>
    <tag k="surface" v="asphalt"/>
  </way>
  <way id="11416848">
    <nd ref="101649485"/>
    <nd ref="101675836"/>
    <nd ref="101432201"/>
    <nd ref="101675838"/>
    <tag k="highway" v="unclassified"/>
    <tag k="lane_markings" v="no"/>
    <tag k="name" v="Milk Street"/>
    <tag k="surface" v="sett"/>
    <tag k="tiger:cfcc" v="A41"/>
    <tag k="tiger:county" v="Cumberland, ME"/>
    <tag k="tiger:name_base" v="Milk"/>
    <tag k="tiger:name_type" v="St"/>
    <tag k="tiger:reviewed" v="no"/>
    <tag k="tiger:zip_left" v="04101"/>
    <tag k="tiger:zip_right" v="04101"/>
  </way>
  <way id="11416849">
    <nd ref="5481230218"/>
    <nd ref="5481230219"/>
    <nd ref="101675843"/>
    <nd ref="101675852"/>
    <nd ref="101675854"/>
    <nd ref="5481230205"/>
    <nd ref="5481230206"/>
    <nd ref="5481230207"/>
    <nd ref="5481230214"/>
    <nd ref="5481230215"/>
    <nd ref="5481230216"/>
    <nd ref="101675838"/>
    <nd ref="5481230217"/>
    <nd ref="5481230208"/>
    <nd ref="5481230209"/>
    <nd ref="5481230210"/>
    <nd ref="5481230211"/>
    <nd ref="5481230212"/>
    <nd ref="5481230213"/>
    <nd ref="5481230218"/>
    <tag k="check_date" v="2025-03-22"/>
    <tag k="highway" v="residential"/>
    <tag k="name" v="Milk Street"/>
    <tag k="surface" v="sett"/>
    <tag k="tiger:cfcc" v="A45"/>
    <tag k="tiger:county" v="Cumberland, ME"/>
    <tag k="tiger:name_base" v="Milk"/>
    <tag k="tiger:name_type" v="St"/>
    <tag k="tiger:reviewed" v="no"/>
  </way>
  <way id="11417335">
    <nd ref="101454296"/>
    <nd ref="101685531"/>
    <nd ref="101685535"/>
    <nd ref="101685537"/>
    <nd ref="101685540"/>
    <nd ref="101685542"/>
    <nd ref="11363157466"/>
    <nd ref="101408987"/>
    <nd ref="101685547"/>
    <nd ref="101685550"/>
    <nd ref="101685552"/>
    <nd ref="11363157467"/>
    <nd ref="101685555"/>
    <nd ref="101685557"/>
    <nd ref="101685559"/>
    <nd ref="101685562"/>
    <nd ref="101442066"/>
    <nd ref="101685564"/>
    <tag k="highway" v="residential"/>
    <tag k="name" v="Newbury Street"/>
    <tag k="old_name" v="Turkey Lane"/>
    <tag k="source:old_name" v="Plan of Falmouth (Portland), 1775 - https://www.mainememory.net/artifact/35629"/>
    <tag k="surface" v="asphalt"/>
    <tag k="tiger:cfcc" v="A41"/>
    <tag k="tiger:county" v="Cumberland, ME"/>
    <tag k="tiger:name_base" v="Newbury"/>
    <tag k="tiger:name_type" v="St"/>
    <tag k="tiger:reviewed" v="no"/>
    <tag k="tiger:zip_left" v="04101"/>
    <tag k="tiger:zip_right" v="04101"/>
  </way>
  <way id="11417875">
    <nd ref="101610336"/>
    <nd ref="101471141"/>
    <nd ref="101424011"/>
    <tag k="highway" v="residential"/>
    <tag k="name" v="Moulton Street"/>
    <tag k="oneway" v="yes"/>
    <tag k="sidewalk" v="both"/>
    <tag k="surface" v="sett"/>
    <tag k="tiger:cfcc" v="A41"/>
    <tag k="tiger:county" v="Cumberland, ME"/>
    <tag k="tiger:name_base" v="Moulton"/>
    <tag k="tiger:name_type" v="St"/>
    <tag k="tiger:reviewed" v="no"/>
    <tag k="tiger:zip_left" v="04101"/>
    <tag k="tiger:zip_right" v="04101"/>
  </way>
  <way id="11417881">
    <nd ref="101379013"/>
    <nd ref="11904362459"/>
    <nd ref="101696541"/>
    <nd ref="101696539"/>
    <nd ref="7702087534"/>
    <nd ref="101696537"/>
    <nd ref="101696535"/>
    <nd ref="101466365"/>
    <tag k="cycleway:right" v="lane"/>
    <tag k="highway" v="tertiary"/>
    <tag k="name" v="Portland Street"/>
    <tag k="oneway" v="yes"/>
  </way>
  <way id="11420229">
    <nd ref="101691916"/>
    <nd ref="101741083"/>
    <nd ref="11356936076"/>
    <nd ref="101644446"/>
    <tag k="highway" v="secondary"/>
    <tag k="lanes" v="3"/>
    <tag k="lanes:backward" v="1"/>
    <tag k="lanes:forward" v="2"/>
    <tag k="maxspeed" v="25 mph"/>
    <tag k="name" v="Congress Street"/>
    <tag k="placement" v="transition"/>
    <tag k="route" v="bicycle"/>
    <tag k="surface" v="asphalt"/>
    <tag k="tiger:cfcc" v="A41"/>
    <tag k="tiger:county" v="Cumberland, ME"/>
    <tag k="tiger:name_base" v="Congress"/>
    <tag k="tiger:name_type" v="St"/>
    <tag k="tiger:reviewed" v="no"/>
    <tag k="tiger:zip_left" v="04102;04101"/>
    <tag k="tiger:zip_right" v="04102;04101"/>
    <tag k="turn:lanes:forward" v="left|through"/>
  </way>
  <way id="28798011">
    <nd ref="8006552738"/>
    <nd ref="8006552737"/>
    <nd ref="8006552736"/>
    <nd ref="8006552759"/>
    <nd ref="8006552735"/>
    <nd ref="8006552734"/>
    <nd ref="8006552733"/>
    <nd ref="8006552732"/>
    <nd ref="8006552731"/>
    <nd ref="8006552730"/>
    <nd ref="8006552729"/>
    <nd ref="8006552728"/>
    <nd ref="3556462815"/>
    <nd ref="8006552758"/>
    <nd ref="8006552722"/>
    <tag k="footway" v="sidewalk"/>
    <tag k="highway" v="footway"/>
  </way>
  <way id="28798088">
    <nd ref="316632864"/>
    <nd ref="7891738692"/>
    <nd ref="368008179"/>
    <tag k="foot" v="yes"/>
    <tag k="highway" v="service"/>
  </way>
  <way id="28798750">
    <nd ref="11329912413"/>
    <nd ref="9471658561"/>
    <nd ref="3481875031"/>
    <nd ref="316638905"/>
    <nd ref="3481875032"/>
    <nd ref="11848694134"/>
    <nd ref="316638907"/>
    <tag k="highway" v="footway"/>
  </way>
  <way id="28798755">
    <nd ref="11329912418"/>
    <nd ref="3481875038"/>
    <nd ref="316638956"/>
    <nd ref="1960760590"/>
    <nd ref="316638907"/>
    <tag k="highway" v="footway"/>
  </way>
  <way id="28798757">
    <nd ref="11329912419"/>
    <nd ref="316638909"/>
    <tag k="highway" v="footway"/>
  </way>
  <way id="28798763">
    <nd ref="316638913"/>
    <nd ref="1960760595"/>
    <nd ref="1960760598"/>
    <nd ref="9471658562"/>
    <nd ref="11329912401"/>
    <tag k="highway" v="footway"/>
  </way>
  <way id="29986993">
    <nd ref="6794059953"/>
    <nd ref="6794059952"/>
    <nd ref="6794059955"/>
    <nd ref="6794059954"/>
    <nd ref="4564915403"/>
    <nd ref="6794059953"/>
    <tag k="addr:city" v="Portland"/>
    <tag k="addr:housenumber" v="119"/>
    <tag k="addr:postcode" v="04101"/>
    <tag k="addr:state" v="ME"/>
    <tag k="addr:street" v="Pearl Street"/>
    <tag k="amenity" v="parking"/>
    <tag k="fee" v="yes"/>
    <tag k="name" v="Top of the Old Port Parking Lot"/>
    <tag k="operator" v="Dirigo Managment Company"/>
    <tag k="parking" v="surface"/>
    <tag k="phone" v="+1-207-828-1212"/>
  </way>
  <way id="29987107">
    <nd ref="330121083"/>
    <nd ref="330121084"/>
    <nd ref="8328786834"/>
    <nd ref="8328786835"/>
    <nd ref="8328786836"/>
    <nd ref="8328786843"/>
    <nd ref="8328786839"/>
    <nd ref="8328786842"/>
    <nd ref="8328786837"/>
    <nd ref="8328786840"/>
    <nd ref="8328786838"/>
    <nd ref="8328786841"/>
    <nd ref="330121087"/>
    <nd ref="330121088"/>
    <nd ref="330121089"/>
    <nd ref="330121090"/>
    <nd ref="8328786851"/>
    <nd ref="330121091"/>
    <nd ref="330121092"/>
    <nd ref="330121093"/>
    <nd ref="8328786827"/>
    <nd ref="8328786826"/>
    <nd ref="8328786850"/>
    <nd ref="8328786825"/>
    <nd ref="8328786828"/>
    <nd ref="330121094"/>
    <nd ref="330121096"/>
    <nd ref="330121083"/>
    <tag k="addr:city" v="Portland"/>
    <tag k="addr:housenumber" v="389"/>
    <tag k="addr:postcode" v="04101"/>
    <tag k="addr:state" v="ME"/>
    <tag k="addr:street" v="Congress Street"/>
    <tag k="amenity" v="townhall"/>
    <tag k="building" v="office"/>
    <tag k="name" v="Portland City Hall"/>
    <tag k="townhall:type" v="city"/>
    <tag k="wikidata" v="Q7231900"/>
    <tag k="wikipedia" v="en:Portland City Hall (Maine)"/>
  </way>
  <way id="30195075">
    <nd ref="101580775"/>
    <nd ref="10890999836"/>
    <nd ref="10890999835"/>
    <nd ref="4564887852"/>
    <nd ref="101355380"/>
    <nd ref="10869267559"/>
    <nd ref="10890999840"/>
    <nd ref="101582256"/>
    <tag k="bicycle" v="yes"/>
    <tag k="highway" v="unclassified"/>
    <tag k="name" v="Center Street"/>
    <tag k="old_name" v="Love Lane"/>
    <tag k="oneway" v="yes"/>
    <tag k="source:old_name" v="Plan of Falmouth (Portland), 1775 - https://www.mainememory.net/artifact/35629"/>
    <tag k="surface" v="asphalt"/>
    <tag k="tiger:cfcc" v="A41"/>
    <tag k="tiger:county" v="Cumberland, ME"/>
    <tag k="tiger:name_base" v="Center"/>
    <tag k="tiger:name_type" v="St"/>
    <tag k="tiger:reviewed" v="no"/>
    <tag k="tiger:zip_left" v="04101"/>
    <tag k="tiger:zip_right" v="04101"/>
  </way>
  <way id="30195670">
    <nd ref="101509515"/>
    <nd ref="6843969044"/>
    <nd ref="11904362414"/>
    <nd ref="8810709030"/>
    <nd ref="6843969045"/>
    <nd ref="11904362454"/>
    <nd ref="101466366"/>
    <tag k="highway" v="residential"/>
    <tag k="name" v="Oxford Street"/>
    <tag k="oneway" v="yes"/>
    <tag k="surface" v="asphalt"/>
    <tag k="tiger:cfcc" v="A41"/>
    <tag k="tiger:county" v="Cumberland, ME"/>
    <tag k="tiger:name_base" v="Oxford"/>
    <tag k="tiger:name_type" v="St"/>
    <tag k="tiger:reviewed" v="yes"/>
    <tag k="tiger:zip_left" v="04101"/>
    <tag k="tiger:zip_right" v="04101"/>
  </way>
  <way id="30753223">
    <nd ref="6799088179"/>
    <nd ref="340112578"/>
    <nd ref="6799088177"/>
    <nd ref="6799088178"/>
    <nd ref="6799088180"/>
    <nd ref="6799088176"/>
    <nd ref="6799088179"/>
    <tag k="leisure" v="park"/>
    <tag k="name" v="Lincoln Park"/>
    <tag k="tourism" v="Lincoln Park"/>
  </way>
  <way id="30766488">
    <nd ref="101466387"/>
    <nd ref="101466386"/>
    <nd ref="6845878489"/>
    <nd ref="101466384"/>
    <nd ref="5369244148"/>
    <nd ref="9730534983"/>
    <nd ref="9730534987"/>
    <nd ref="101466379"/>
    <nd ref="101474612"/>
    <nd ref="101466373"/>
    <nd ref="101466371"/>
    <nd ref="101466370"/>
    <nd ref="101466368"/>
    <nd ref="11904362456"/>
    <nd ref="101466366"/>
    <nd ref="101466365"/>
    <nd ref="6058189355"/>
    <nd ref="101466363"/>
    <nd ref="11356936072"/>
    <nd ref="11356888468"/>
    <nd ref="101466361"/>
    <tag k="cycleway:right" v="lane"/>
    <tag k="highway" v="secondary"/>
    <tag k="lanes" v="1"/>
    <tag k="maxspeed" v="25 mph"/>
    <tag k="name" v="Preble Street"/>
    <tag k="oneway" v="yes"/>
    <tag k="route" v="bicycle"/>
    <tag k="surface" v="asphalt"/>
    <tag k="tiger:cfcc" v="A41"/>
    <tag k="tiger:county" v="Cumberland, ME"/>
    <tag k="tiger:name_base" v="Preble"/>
    <tag k="tiger:name_type" v="St"/>
    <tag k="tiger:reviewed" v="no"/>
  </way>
  <way id="32705279">
    <nd ref="101592984"/>
    <nd ref="101380827"/>
    <nd ref="101610344"/>
    <nd ref="10890999821"/>
    <nd ref="10890999825"/>
    <nd ref="101412002"/>
    <nd ref="6990981122"/>
    <nd ref="10890999823"/>
    <nd ref="101523381"/>
    <tag k="highway" v="residential"/>
    <tag k="lanes" v="2"/>
    <tag k="name" v="Fore Street"/>
    <tag k="surface" v="asphalt"/>
  </way>
  <way id="32705280">
    <nd ref="101610358"/>
    <nd ref="6837291198"/>
    <nd ref="101610336"/>
    <nd ref="7977231022"/>
    <nd ref="101396310"/>
    <tag k="highway" v="residential"/>
    <tag k="lanes" v="2"/>
    <tag k="name" v="Fore Street"/>
    <tag k="surface" v="asphalt"/>
    <tag k="tiger:cfcc" v="A41"/>
    <tag k="tiger:county" v="Cumberland, ME"/>
    <tag k="tiger:name_base" v="Fore"/>
    <tag k="tiger:name_type" v="St"/>
    <tag k="tiger:reviewed" v="no"/>
    <tag k="tiger:zip_left" v="04101"/>
    <tag k="tiger:zip_right" v="04101"/>
  </way>
  <way id="32705291">
    <nd ref="101396302"/>
    <nd ref="6839148338"/>
    <nd ref="11329912445"/>
    <tag k="highway" v="secondary"/>
    <tag k="lanes" v="2"/>
    <tag k="maxspeed" v="25 mph"/>
    <tag k="name" v="Congress Street"/>
    <tag k="route" v="bicycle"/>
    <tag k="surface" v="asphalt"/>
    <tag k="tiger:cfcc" v="A41"/>
    <tag k="tiger:county" v="Cumberland, ME"/>
    <tag k="tiger:name_base" v="Congress"/>
    <tag k="tiger:name_type" v="St"/>
    <tag k="tiger:reviewed" v="yes"/>
    <tag k="tiger:zip_left" v="04101"/>
    <tag k="tiger:zip_right" v="04101"/>
  </way>
  <way id="50090001">
    <nd ref="316638915"/>
    <nd ref="6801911370"/>
    <nd ref="11329829050"/>
    <nd ref="101533535"/>
    <tag k="highway" v="secondary"/>
    <tag k="lanes" v="4"/>
    <tag k="maxspeed" v="25 mph"/>
    <tag k="name" v="Congress Street"/>
    <tag k="route" v="bicycle"/>
    <tag k="surface" v="asphalt"/>
    <tag k="tiger:cfcc" v="A41"/>
    <tag k="tiger:county" v="Cumberland, ME"/>
    <tag k="tiger:name_base" v="Congress"/>
    <tag k="tiger:name_type" v="St"/>
    <tag k="tiger:reviewed" v="no"/>
    <tag k="tiger:zip_left" v="04101"/>
    <tag k="tiger:zip_right" v="04101"/>
    <tag k="turn:lanes:backward" v="left|through"/>
    <tag k="turn:lanes:forward" v="left|through"/>
  </way>
  <way id="104712154">
    <nd ref="3481875034"/>
    <nd ref="3481875036"/>
    <nd ref="3481875037"/>
    <nd ref="1960760592"/>
    <nd ref="6801911366"/>
    <tag k="highway" v="footway"/>
  </way>
  <way id="104712189">
    <nd ref="316638955"/>
    <nd ref="101480305"/>
    <nd ref="6839130296"/>
    <nd ref="6839130292"/>
    <nd ref="101396290"/>
    <nd ref="6839130294"/>
    <nd ref="6839130295"/>
    <nd ref="101396334"/>
    <nd ref="8328719480"/>
    <nd ref="8328719493"/>
    <nd ref="101644443"/>
    <tag k="highway" v="residential"/>
    <tag k="name" v="Federal Street"/>
    <tag k="official_name" v="Federal Street West"/>
    <tag k="surface" v="asphalt"/>
  </way>
  <way id="104712229">
    <nd ref="3481875027"/>
    <nd ref="3481875028"/>
    <nd ref="3481875029"/>
    <nd ref="3481875030"/>
    <nd ref="316638913"/>
    <nd ref="3481875035"/>
    <nd ref="3481875034"/>
    <nd ref="3481875016"/>
    <nd ref="3481875017"/>
    <nd ref="3481875018"/>
    <nd ref="316638911"/>
    <nd ref="3481875019"/>
    <nd ref="3481875020"/>
    <nd ref="3481875021"/>
    <nd ref="3481875022"/>
    <nd ref="316638909"/>
    <nd ref="3481875023"/>
    <nd ref="3481875024"/>
    <nd ref="3481875025"/>
    <nd ref="3481875026"/>
    <nd ref="316638907"/>
    <nd ref="3481875027"/>
    <tag k="highway" v="footway"/>
  </way>
  <way id="176587158">
    <nd ref="101466361"/>
    <nd ref="11356936069"/>
    <nd ref="7048145515"/>
    <nd ref="7048145524"/>
    <nd ref="10869267562"/>
    <nd ref="10890999843"/>
    <nd ref="101466354"/>
    <tag k="cycleway:right" v="lane"/>
    <tag k="highway" v="secondary"/>
    <tag k="name" v="Preble Street"/>
    <tag k="oneway" v="yes"/>
  </way>
  <way id="180342571">
    <nd ref="101513767"/>
    <nd ref="11352498332"/>
    <nd ref="11352498334"/>
    <nd ref="101362559"/>
    <nd ref="101513761"/>
    <nd ref="11352503892"/>
    <nd ref="101513757"/>
    <nd ref="11352503891"/>
    <nd ref="101513755"/>
    <nd ref="101513753"/>
    <nd ref="11356006190"/>
    <nd ref="101513752"/>
    <nd ref="101513751"/>
    <nd ref="11356006191"/>
    <nd ref="11356006189"/>
    <nd ref="101513749"/>
    <nd ref="101513744"/>
    <nd ref="101484949"/>
    <nd ref="101513742"/>
    <nd ref="11684648675"/>
    <nd ref="101513740"/>
    <nd ref="101513735"/>
    <nd ref="101513732"/>
    <nd ref="101513726"/>
    <nd ref="101414166"/>
    <nd ref="11684648673"/>
    <nd ref="101487268"/>
    <nd ref="101379007"/>
    <nd ref="7263858638"/>
    <nd ref="101513723"/>
    <nd ref="11356936071"/>
    <nd ref="11356888467"/>
    <nd ref="101466361"/>
    <tag k="highway" v="secondary"/>
    <tag k="name" v="Cumberland Avenue"/>
    <tag k="sidewalk:both" v="separate"/>
  </way>
  <way id="180342572">
    <nd ref="101513612"/>
    <nd ref="101513623"/>
    <nd ref="101513639"/>
    <nd ref="101361240"/>
    <nd ref="101424851"/>
    <nd ref="101478054"/>
    <nd ref="101494489"/>
    <nd ref="8280892106"/>
    <nd ref="101513667"/>
    <nd ref="12127006182"/>
    <nd ref="101460949"/>
    <nd ref="101353236"/>
    <nd ref="11329912391"/>
    <nd ref="101513678"/>
    <tag k="highway" v="secondary"/>
    <tag k="name" v="Cumberland Avenue"/>
    <tag k="surface" v="asphalt"/>
    <tag k="tiger:cfcc" v="A41"/>
    <tag k="tiger:county" v="Cumberland, ME"/>
    <tag k="tiger:name_base" v="Cumberland"/>
    <tag k="tiger:name_type" v="Ave"/>
    <tag k="tiger:zip_left" v="04101"/>
    <tag k="tiger:zip_right" v="04101"/>
  </way>
  <way id="221648709">
    <nd ref="2306828067"/>
    <nd ref="2306827806"/>
    <nd ref="2306827985"/>
    <nd ref="2306827495"/>
    <nd ref="2306828067"/>
    <tag k="addr:city" v="Portland"/>
    <tag k="addr:housenumber" v="65"/>
    <tag k="addr:postcode" v="04101"/>
    <tag k="addr:state" v="ME"/>
    <tag k="addr:street" v="Elm Street"/>
    <tag k="building" v="yes"/>
    <tag k="source" v="Bing"/>
  </way>
  <way id="221648728">
    <nd ref="2306827267"/>
    <nd ref="2306827792"/>
    <nd ref="4164246051"/>
    <nd ref="4164246052"/>
    <nd ref="4164246053"/>
    <nd ref="4164246054"/>
    <nd ref="4164246055"/>
    <nd ref="4164246056"/>
    <nd ref="4164246057"/>
    <nd ref="4164246050"/>
    <nd ref="4164246058"/>
    <nd ref="4164246064"/>
    <nd ref="4164246063"/>
    <nd ref="4164246062"/>
    <nd ref="4164246061"/>
    <nd ref="4164246060"/>
    <nd ref="4164246059"/>
    <nd ref="2306827259"/>
    <nd ref="2306827833"/>
    <nd ref="4164246041"/>
    <nd ref="4164246040"/>
    <nd ref="2306827452"/>
    <nd ref="2306828060"/>
    <nd ref="4164246045"/>
    <nd ref="4164246048"/>
    <nd ref="4164246047"/>
    <nd ref="4164246046"/>
    <nd ref="2306827502"/>
    <nd ref="2306827834"/>
    <nd ref="4164246042"/>
    <nd ref="4164246043"/>
    <nd ref="4164246044"/>
    <nd ref="2306827789"/>
    <nd ref="2306827358"/>
    <nd ref="4164246049"/>
    <nd ref="2306827366"/>
    <nd ref="2306827267"/>
    <tag k="addr:city" v="Portland"/>
    <tag k="addr:housenumber" v="159"/>
    <tag k="addr:postcode" v="04101"/>
    <tag k="addr:state" v="ME"/>
    <tag k="addr:street" v="Oxford Street"/>
    <tag k="building" v="apartments"/>
    <tag k="source" v="Bing"/>
  </way>
  <way id="221648766">
    <nd ref="2306827539"/>
    <nd ref="2306827650"/>
    <nd ref="2306827239"/>
    <nd ref="2306827421"/>
    <nd ref="2306828093"/>
    <nd ref="2306827668"/>
    <nd ref="2306827394"/>
    <nd ref="2306828095"/>
    <nd ref="2306827539"/>
    <tag k="addr:city" v="Portland"/>
    <tag k="addr:housenumber" v="297"/>
    <tag k="addr:postcode" v="04101"/>
    <tag k="addr:state" v="ME"/>
    <tag k="addr:street" v="Cumberland Avenue"/>
    <tag k="building" v="yes"/>
    <tag k="source" v="Bing"/>
  </way>
  <way id="221648787">
    <nd ref="2306827801"/>
    <nd ref="2306827485"/>
    <nd ref="2306827887"/>
    <nd ref="2306827948"/>
    <nd ref="2306827801"/>
    <tag k="building" v="yes"/>
    <tag k="source" v="Bing"/>
  </way>
  <way id="221648788">
    <nd ref="2306827364"/>
    <nd ref="2306827641"/>
    <nd ref="2306827953"/>
    <nd ref="2306827380"/>
    <nd ref="2306827577"/>
    <nd ref="2306827582"/>
    <nd ref="2306827575"/>
    <nd ref="2306827610"/>
    <nd ref="2306827623"/>
    <nd ref="2306827615"/>
    <nd ref="2306827585"/>
    <nd ref="2306827730"/>
    <nd ref="2306827738"/>
    <nd ref="2306827255"/>
    <nd ref="2306827664"/>
    <nd ref="2306827251"/>
    <nd ref="2306827364"/>
    <tag k="building" v="yes"/>
    <tag k="fixme" v="the northwest edge is an overhang over the sidewalk"/>
    <tag k="name" v="Portland Public Market"/>
    <tag k="source" v="Bing"/>
  </way>
  <way id="221648799">
    <nd ref="2306827391"/>
    <nd ref="4105713588"/>
    <nd ref="4105714489"/>
    <nd ref="4105714490"/>
    <nd ref="4105714491"/>
    <nd ref="2306827503"/>
    <nd ref="2306827520"/>
    <nd ref="2306827511"/>
    <nd ref="2306827558"/>
    <nd ref="2306827491"/>
    <nd ref="2306827801"/>
    <nd ref="2306827485"/>
    <nd ref="9445408137"/>
    <nd ref="2306827311"/>
    <nd ref="2306827391"/>
    <tag k="addr:city" v="Portland"/>
    <tag k="addr:housenumber" v="5"/>
    <tag k="addr:postcode" v="04101"/>
    <tag k="addr:state" v="ME"/>
    <tag k="addr:street" v="Monument Square"/>
    <tag k="amenity" v="library"/>
    <tag k="building" v="yes"/>
    <tag k="name" v="Portland Public Library - Main Branch"/>
    <tag k="phone" v="+1-207-871-1700"/>
    <tag k="toilets:wheelchair" v="yes"/>
    <tag k="website" v="https://www.portlandlibrary.com/"/>
    <tag k="wheelchair" v="yes"/>
    <tag k="wikipedia" v="en:Portland Public Library"/>
  </way>
  <way id="221648801">
    <nd ref="2306827744"/>
    <nd ref="2306827647"/>
    <nd ref="2306827911"/>
    <nd ref="2306827872"/>
    <nd ref="2306827744"/>
    <tag k="building" v="yes"/>
    <tag k="source" v="Bing"/>
  </way>
  <way id="221648803">
    <nd ref="2306827728"/>
    <nd ref="4564935267"/>
    <nd ref="2306828076"/>
    <nd ref="4564937905"/>
    <nd ref="2306827240"/>
    <nd ref="4564935268"/>
    <nd ref="2306827962"/>
    <nd ref="2306827728"/>
    <tag k="addr:city" v="Portland"/>
    <tag k="addr:housenumber" v="134"/>
    <tag k="addr:postcode" v="04101"/>
    <tag k="addr:state" v="ME"/>
    <tag k="addr:street" v="Lancaster Street"/>
    <tag k="amenity" v="parking"/>
    <tag k="building" v="yes"/>
    <tag k="parking" v="multi-storey"/>
    <tag k="source" v="Bing"/>
  </way>
  <way id="221648884">
    <nd ref="2306827447"/>
    <nd ref="2306827274"/>
    <nd ref="2306827707"/>
    <nd ref="2306827390"/>
    <nd ref="2306827405"/>
    <nd ref="2306827290"/>
    <nd ref="4164246036"/>
    <nd ref="4164246037"/>
    <nd ref="4164246038"/>
    <nd ref="4164246039"/>
    <nd ref="2306827457"/>
    <nd ref="2306827671"/>
    <nd ref="2306827579"/>
    <nd ref="2306827630"/>
    <nd ref="2306827619"/>
    <nd ref="2306827653"/>
    <nd ref="4164246035"/>
    <nd ref="4164246034"/>
    <nd ref="4164246033"/>
    <nd ref="4164246032"/>
    <nd ref="4164246031"/>
    <nd ref="4164246030"/>
    <nd ref="4164246029"/>
    <nd ref="4164246028"/>
    <nd ref="2306827858"/>
    <nd ref="2306827869"/>
    <nd ref="2306827447"/>
    <tag k="addr:city" v="Portland"/>
    <tag k="addr:housenumber" v="180"/>
    <tag k="addr:postcode" v="04101"/>
    <tag k="addr:state" v="ME"/>
    <tag k="addr:street" v="Pearl Street"/>
    <tag k="building" v="yes"/>
    <tag k="source" v="Bing"/>
  </way>
  <way id="221648889">
    <nd ref="2306827953"/>
    <nd ref="2306827641"/>
    <nd ref="2306827377"/>
    <nd ref="2306827866"/>
    <nd ref="2306827953"/>
    <tag k="building" v="yes"/>
    <tag k="layer" v="1"/>
    <tag k="source" v="Bing"/>
  </way>
  <way id="221648916">
    <nd ref="2306827365"/>
    <nd ref="2306827989"/>
    <nd ref="2306827888"/>
    <nd ref="2306827904"/>
    <nd ref="4105832547"/>
    <nd ref="2306827365"/>
    <tag k="building" v="yes"/>
    <tag k="source" v="Bing"/>
  </way>
  <way id="221648919">
    <nd ref="2306827607"/>
    <nd ref="2306828000"/>
    <nd ref="4105832553"/>
    <nd ref="4105832554"/>
    <nd ref="4105832552"/>
    <nd ref="2306827217"/>
    <nd ref="2306827928"/>
    <nd ref="4105832551"/>
    <nd ref="4105832550"/>
    <nd ref="4105832549"/>
    <nd ref="4105832548"/>
    <nd ref="2306828015"/>
    <nd ref="2306827484"/>
    <nd ref="2306827607"/>
    <tag k="addr:city" v="Portland"/>
    <tag k="addr:housenumber" v="277"/>
    <tag k="addr:postcode" v="04101"/>
    <tag k="addr:state" v="ME"/>
    <tag k="addr:street" v="Cumberland Avenue"/>
    <tag k="amenity" v="social_facility"/>
    <tag k="branch" v="of Portland"/>
    <tag k="brand" v="Boys &amp; Girls Club"/>
    <tag k="brand:wikidata" v="Q2923055"/>
    <tag k="building" v="yes"/>
    <tag k="building:levels" v="3"/>
    <tag k="name" v="Boys &amp; Girls Club"/>
    <tag k="phone" v="+1-207-874-1070"/>
    <tag k="social_facility" v="outreach"/>
    <tag k="social_facility:for" v="child"/>
    <tag k="source" v="Bing"/>
    <tag k="website" v="https://www.bgcmaine.org/"/>
    <tag k="wheelchair" v="yes"/>
  </way>
  <way id="221648933">
    <nd ref="2306827931"/>
    <nd ref="2306827554"/>
    <nd ref="2306827590"/>
    <nd ref="2306827745"/>
    <nd ref="2306827931"/>
    <tag k="addr:city" v="Portland"/>
    <tag k="addr:housenumber" v="127"/>
    <tag k="addr:postcode" v="04101"/>
    <tag k="addr:state" v="ME"/>
    <tag k="addr:street" v="Oxford Street"/>
    <tag k="building" v="yes"/>
    <tag k="source" v="Bing"/>
  </way>
  <way id="221648998">
    <nd ref="2306827753"/>
    <nd ref="2306827519"/>
    <nd ref="2306827581"/>
    <nd ref="2306827866"/>
    <nd ref="2306827377"/>
    <nd ref="2306827584"/>
    <nd ref="6843966708"/>
    <nd ref="2306827753"/>
    <tag k="amenity" v="parking"/>
    <tag k="building" v="parking"/>
    <tag k="fee" v="yes"/>
    <tag k="operator" v="Lux Partners"/>
    <tag k="parking" v="multi-storey"/>
    <tag k="source" v="Bing"/>
  </way>
  <way id="221649007">
    <nd ref="2306827241"/>
    <nd ref="6843943965"/>
    <nd ref="6843943964"/>
    <nd ref="2306827218"/>
    <nd ref="6843943963"/>
    <nd ref="2306827723"/>
    <nd ref="6843943966"/>
    <nd ref="6843943967"/>
    <nd ref="6843943969"/>
    <nd ref="6843943968"/>
    <nd ref="2306828031"/>
    <nd ref="2306827241"/>
    <tag k="access" v="yes"/>
    <tag k="amenity" v="parking"/>
    <tag k="building" v="parking"/>
    <tag k="charge" v="$3/hour;$28/day"/>
    <tag k="fee" v="yes"/>
    <tag k="maxheight" v="6'6&quot;"/>
    <tag k="name" v="Elm Street Parking Facility"/>
    <tag k="parking" v="multi-storey"/>
  </way>
  <way id="227343317">
    <nd ref="2360438180"/>
    <nd ref="2360438188"/>
    <nd ref="5481077328"/>
    <nd ref="5481077330"/>
    <nd ref="5481077331"/>
    <nd ref="5481077329"/>
    <nd ref="6990981128"/>
    <nd ref="2360438185"/>
    <nd ref="2360438192"/>
    <nd ref="2360438180"/>
    <tag k="building" v="yes"/>
  </way>
  <way id="227343321">
    <nd ref="2360438186"/>
    <nd ref="2360438194"/>
    <nd ref="2360438190"/>
    <nd ref="2360438183"/>
    <nd ref="2360438186"/>
    <tag k="building" v="yes"/>
  </way>
  <way id="278159122">
    <nd ref="101644435"/>
    <nd ref="101477052"/>
    <nd ref="8006552719"/>
    <nd ref="101477053"/>
    <nd ref="6990981126"/>
    <nd ref="101477055"/>
    <nd ref="6990981127"/>
    <nd ref="101477057"/>
    <nd ref="10890999828"/>
    <nd ref="10890999833"/>
    <nd ref="101477063"/>
    <nd ref="10890999831"/>
    <nd ref="10890999830"/>
    <nd ref="101477065"/>
    <nd ref="101477067"/>
    <nd ref="101477069"/>
    <nd ref="101477072"/>
    <nd ref="101477074"/>
    <nd ref="7894954341"/>
    <nd ref="7894954339"/>
    <nd ref="11518992455"/>
    <nd ref="101477076"/>
    <nd ref="101477078"/>
    <nd ref="7325753907"/>
    <nd ref="101477079"/>
    <nd ref="101477082"/>
    <nd ref="7543133212"/>
    <nd ref="7543133236"/>
    <nd ref="101477084"/>
    <nd ref="10890287677"/>
    <nd ref="10890287680"/>
    <nd ref="101477086"/>
    <nd ref="101477088"/>
    <nd ref="10890287678"/>
    <nd ref="101477090"/>
    <nd ref="101476970"/>
    <nd ref="101477093"/>
    <nd ref="101477095"/>
    <nd ref="101477096"/>
    <nd ref="101477099"/>
    <nd ref="101477100"/>
    <nd ref="10886682816"/>
    <nd ref="101477101"/>
    <nd ref="9118079612"/>
    <nd ref="101312773"/>
    <nd ref="7678646566"/>
    <nd ref="101477107"/>
    <nd ref="101477109"/>
    <nd ref="10971616677"/>
    <nd ref="101477111"/>
    <tag k="highway" v="tertiary"/>
    <tag k="lanes" v="2"/>
    <tag k="lit" v="yes"/>
    <tag k="name" v="Spring Street"/>
    <tag k="old_name" v="Way To Majery Spring"/>
    <tag k="oneway" v="no"/>
    <tag k="sidewalk" v="both"/>
    <tag k="source:old_name" v="Plan of Falmouth (Portland), 1775 - https://www.mainememory.net/artifact/35629"/>
    <tag k="surface" v="asphalt"/>
  </way>
  <way id="288833923">
    <nd ref="2923875122"/>
    <nd ref="2923875123"/>
    <nd ref="2923875124"/>
    <nd ref="2923875125"/>
    <nd ref="7891738705"/>
    <nd ref="7891738706"/>
    <nd ref="2923875122"/>
    <tag k="addr:city" v="Portland"/>
    <tag k="addr:housenumber" v="1"/>
    <tag k="addr:postcode" v="04101"/>
    <tag k="addr:state" v="ME"/>
    <tag k="addr:street" v="Canal Plaza"/>
    <tag k="building" v="commercial"/>
    <tag k="building:levels" v="9"/>
  </way>
  <way id="321660142">
    <nd ref="6842510017"/>
    <nd ref="6842510021"/>
    <nd ref="6842510030"/>
    <nd ref="6842510023"/>
    <nd ref="6842510025"/>
    <nd ref="6842510024"/>
    <nd ref="6842510018"/>
    <nd ref="6842510020"/>
    <nd ref="6842510019"/>
    <nd ref="6842510028"/>
    <nd ref="6842510027"/>
    <nd ref="6842510022"/>
    <nd ref="6842510026"/>
    <nd ref="6842510029"/>
    <nd ref="6842510017"/>
    <tag k="bicycle" v="yes"/>
    <tag k="name" v="Monument Square"/>
    <tag k="place" v="square"/>
    <tag k="wikidata" v="Q6906848"/>
    <tag k="wikipedia" v="en:Monument Square (Portland, Maine)"/>
  </way>
  <way id="321660143">
    <nd ref="11408530579"/>
    <nd ref="101453052"/>
    <nd ref="101355362"/>
    <nd ref="6991007128"/>
    <nd ref="101355365"/>
    <nd ref="7981424044"/>
    <nd ref="3548009419"/>
    <nd ref="3548009430"/>
    <nd ref="3284137945"/>
    <nd ref="3548009428"/>
    <nd ref="3548009425"/>
    <nd ref="3548009416"/>
    <nd ref="3284137946"/>
    <nd ref="3284137947"/>
    <nd ref="3284137948"/>
    <nd ref="3284137949"/>
    <nd ref="101380981"/>
    <nd ref="3284137950"/>
    <nd ref="3569956314"/>
    <nd ref="3569956307"/>
    <nd ref="3569956304"/>
    <nd ref="3569956301"/>
    <nd ref="3284137951"/>
    <nd ref="101453050"/>
    <nd ref="8006565576"/>
    <nd ref="101580751"/>
    <nd ref="101644437"/>
    <nd ref="3284137952"/>
    <nd ref="3284137953"/>
    <nd ref="3284137954"/>
    <nd ref="3284137955"/>
    <nd ref="3284137956"/>
    <nd ref="3284137957"/>
    <nd ref="3284137958"/>
    <nd ref="3284137959"/>
    <nd ref="3284137960"/>
    <nd ref="3284138861"/>
    <nd ref="3284139051"/>
    <nd ref="3284138862"/>
    <nd ref="101480311"/>
    <nd ref="11408530579"/>
    <tag k="area" v="yes"/>
    <tag k="bicycle" v="yes"/>
    <tag k="highway" v="pedestrian"/>
    <tag k="name" v="City Center"/>
  </way>
  <way id="321660211">
    <nd ref="3284139046"/>
    <nd ref="3284139047"/>
    <nd ref="3284139048"/>
    <nd ref="3284139049"/>
    <nd ref="3284139050"/>
    <nd ref="3284137952"/>
    <nd ref="3284137953"/>
    <nd ref="3284137954"/>
    <nd ref="3284137955"/>
    <nd ref="3284137956"/>
    <nd ref="3284137957"/>
    <nd ref="3284137958"/>
    <nd ref="3284137959"/>
    <nd ref="3284137960"/>
    <nd ref="3284138861"/>
    <nd ref="3284139051"/>
    <nd ref="3284139046"/>
    <tag k="addr:city" v="Portland"/>
    <tag k="addr:housenumber" v="1"/>
    <tag k="addr:postcode" v="04101"/>
    <tag k="addr:state" v="ME"/>
    <tag k="addr:street" v="City Center"/>
    <tag k="building" v="commercial"/>
    <tag k="name" v="1 City Center"/>
    <tag k="wikidata" v="Q7092527"/>
    <tag k="wikipedia" v="en:One City Center (Maine)"/>
  </way>
  <way id="339824106">
    <nd ref="6839133715"/>
    <nd ref="6839133714"/>
    <nd ref="6839133717"/>
    <nd ref="6839133716"/>
    <nd ref="6839133719"/>
    <nd ref="6839133720"/>
    <nd ref="6839133718"/>
    <nd ref="6839133715"/>
    <tag k="leisure" v="park"/>
    <tag k="name" v="Post Office Park"/>
  </way>
  <way id="339824107">
    <nd ref="3470329971"/>
    <nd ref="3470329972"/>
    <nd ref="8328780131"/>
    <nd ref="3470329973"/>
    <nd ref="3470329974"/>
    <nd ref="3470329971"/>
    <tag k="addr:city" v="Portland"/>
    <tag k="addr:housenumber" v="85"/>
    <tag k="addr:postcode" v="04101"/>
    <tag k="addr:state" v="ME"/>
    <tag k="addr:street" v="Exchange Street"/>
    <tag k="building" v="commercial"/>
    <tag k="building:levels" v="4"/>
  </way>
  <way id="339824108">
    <nd ref="3470329972"/>
    <nd ref="3470329975"/>
    <nd ref="3470329976"/>
    <nd ref="3470329971"/>
    <nd ref="3470329972"/>
    <tag k="addr:city" v="Portland"/>
    <tag k="addr:housenumber" v="93"/>
    <tag k="addr:postcode" v="04101"/>
    <tag k="addr:state" v="ME"/>
    <tag k="addr:street" v="Exchange Street"/>
    <tag k="building" v="commercial"/>
    <tag k="building:levels" v="4"/>
  </way>
  <way id="339824109">
    <nd ref="3470329977"/>
    <nd ref="3470329978"/>
    <nd ref="3470329975"/>
    <nd ref="3470329976"/>
    <nd ref="3470329977"/>
    <tag k="addr:city" v="Portland"/>
    <tag k="addr:housenumber" v="97"/>
    <tag k="addr:postcode" v="04101"/>
    <tag k="addr:state" v="ME"/>
    <tag k="addr:street" v="Exchange Street"/>
    <tag k="building" v="commercial"/>
    <tag k="building:levels" v="4"/>
  </way>
  <way id="339824110">
    <nd ref="3470329977"/>
    <nd ref="3470329979"/>
    <nd ref="3470329980"/>
    <nd ref="3470329978"/>
    <nd ref="3470329977"/>
    <tag k="addr:city" v="Portland"/>
    <tag k="addr:housenumber" v="99"/>
    <tag k="addr:postcode" v="04101"/>
    <tag k="addr:state" v="ME"/>
    <tag k="addr:street" v="Exchange Street"/>
    <tag k="building" v="commercial"/>
    <tag k="building:levels" v="4"/>
  </way>
  <way id="339824111">
    <nd ref="3470329979"/>
    <nd ref="3470329981"/>
    <nd ref="3470329982"/>
    <nd ref="3470329983"/>
    <nd ref="3470329984"/>
    <nd ref="3470329985"/>
    <nd ref="3470329980"/>
    <nd ref="3470329979"/>
    <tag k="addr:city" v="Portland"/>
    <tag k="addr:housenumber" v="105"/>
    <tag k="addr:postcode" v="04101"/>
    <tag k="addr:state" v="ME"/>
    <tag k="addr:street" v="Exchange Street"/>
    <tag k="building" v="commercial"/>
    <tag k="wikidata" v="Q115516705"/>
    <tag k="wikipedia" v="en:Printers' Exchange Block"/>
  </way>
  <way id="339824112">
    <nd ref="3470329986"/>
    <nd ref="3470329991"/>
    <nd ref="3470329987"/>
    <nd ref="3470329988"/>
    <nd ref="3470329989"/>
    <nd ref="3470329986"/>
    <tag k="addr:city" v="Portland"/>
    <tag k="addr:housenumber" v="104"/>
    <tag k="addr:postcode" v="04101"/>
    <tag k="addr:state" v="ME"/>
    <tag k="addr:street" v="Exchange Street"/>
    <tag k="building" v="commercial"/>
    <tag k="building:levels" v="2"/>
  </way>
  <way id="339824113">
    <nd ref="3470329990"/>
    <nd ref="3470329986"/>
    <nd ref="3470329991"/>
    <nd ref="3470329992"/>
    <nd ref="3470329990"/>
    <tag k="addr:city" v="Portland"/>
    <tag k="addr:housenumber" v="106"/>
    <tag k="addr:postcode" v="04101"/>
    <tag k="addr:state" v="ME"/>
    <tag k="addr:street" v="Exchange Street"/>
    <tag k="building" v="commercial"/>
    <tag k="building:levels" v="4"/>
  </way>
  <way id="339824114">
    <nd ref="3470330293"/>
    <nd ref="3470329990"/>
    <nd ref="3470329992"/>
    <nd ref="3470330294"/>
    <nd ref="3470330295"/>
    <nd ref="3470330293"/>
    <tag k="addr:city" v="Portland"/>
    <tag k="addr:housenumber" v="110"/>
    <tag k="addr:postcode" v="04101"/>
    <tag k="addr:state" v="ME"/>
    <tag k="addr:street" v="Exchange Street"/>
    <tag k="amenity" v="restaurant"/>
    <tag k="building" v="yes"/>
    <tag k="building:levels" v="4"/>
    <tag k="cuisine" v="italian"/>
    <tag k="name" v="The Corner Room Italian Kitchen &amp; Bar"/>
    <tag k="website" v="https://www.thecornerroomkitchenandbar.com/"/>
  </way>
  <way id="339941806">
    <nd ref="7891738703"/>
    <nd ref="7891738704"/>
    <nd ref="3471401401"/>
    <nd ref="3471401404"/>
    <nd ref="3471401403"/>
    <nd ref="3471401411"/>
    <nd ref="7891738706"/>
    <nd ref="7891738705"/>
    <nd ref="3471401399"/>
    <nd ref="3471401407"/>
    <nd ref="3471401406"/>
    <nd ref="3471401405"/>
    <nd ref="3722250095"/>
    <nd ref="7891738702"/>
    <nd ref="7891738703"/>
    <tag k="area" v="yes"/>
    <tag k="highway" v="pedestrian"/>
    <tag k="name" v="Canal Plaza"/>
  </way>
  <way id="339941807">
    <nd ref="3471401401"/>
    <nd ref="3471401402"/>
    <nd ref="3471401403"/>
    <nd ref="3471401404"/>
    <nd ref="3471401401"/>
    <tag k="addr:city" v="Portland"/>
    <tag k="addr:housenumber" v="2"/>
    <tag k="addr:state" v="ME"/>
    <tag k="addr:street" v="Canal Plaza"/>
    <tag k="building" v="commercial"/>
    <tag k="building:levels" v="4"/>
  </way>
  <way id="339941808">
    <nd ref="3471401405"/>
    <nd ref="3471401406"/>
    <nd ref="3471401407"/>
    <nd ref="3471401408"/>
    <nd ref="3471401405"/>
    <tag k="addr:city" v="Portland"/>
    <tag k="addr:housenumber" v="3"/>
    <tag k="addr:postcode" v="04101"/>
    <tag k="addr:state" v="ME"/>
    <tag k="addr:street" v="Canal Plaza"/>
    <tag k="building" v="commercial"/>
    <tag k="building:levels" v="6"/>
  </way>
  <way id="339941809">
    <nd ref="3471401411"/>
    <nd ref="3471401409"/>
    <tag k="handrail" v="yes"/>
    <tag k="highway" v="steps"/>
    <tag k="name" v="Canal Plaza"/>
    <tag k="surface" v="paved"/>
  </way>
  <way id="339941811">
    <nd ref="3471401399"/>
    <nd ref="3471401412"/>
    <tag k="highway" v="steps"/>
    <tag k="name" v="Canal Plaza"/>
    <tag k="surface" v="paved"/>
  </way>
  <way id="339941812">
    <nd ref="3471401412"/>
    <nd ref="3471401413"/>
    <nd ref="8688650040"/>
    <nd ref="3471401415"/>
    <nd ref="7891738700"/>
    <nd ref="7891738701"/>
    <tag k="footway" v="sidewalk"/>
    <tag k="highway" v="footway"/>
    <tag k="name" v="Canal Plaza"/>
    <tag k="surface" v="paved"/>
  </way>
  <way id="339941815">
    <nd ref="3471401419"/>
    <nd ref="5481072708"/>
    <nd ref="3471401420"/>
    <nd ref="3471401421"/>
    <nd ref="3471401422"/>
    <nd ref="3471401427"/>
    <nd ref="3471401426"/>
    <nd ref="3471401423"/>
    <nd ref="3471401424"/>
    <nd ref="3471401425"/>
    <nd ref="3471401419"/>
    <tag k="addr:city" v="Portland"/>
    <tag k="addr:housenumber" v="433"/>
    <tag k="addr:postcode" v="04101"/>
    <tag k="addr:state" v="ME"/>
    <tag k="addr:street" v="Fore Street"/>
    <tag k="branch" v="Portland"/>
    <tag k="brand" v="Hyatt Place"/>
    <tag k="brand:wikidata" v="Q72629292"/>
    <tag k="building" v="yes"/>
    <tag k="building:levels" v="7"/>
    <tag k="dog" v="yes"/>
    <tag k="name" v="Hyatt Place Portland - Old Port"/>
    <tag k="phone" v="+1 207-775-1000"/>
    <tag k="tourism" v="hotel"/>
    <tag k="website" v="https://www.hyatt.com/en-us/hotel/maine/hyatt-place-portland-old-port/pwmzp"/>
  </way>
  <way id="339941816">
    <nd ref="7891738695"/>
    <nd ref="9201397810"/>
    <nd ref="316632866"/>
    <tag k="foot" v="yes"/>
    <tag k="highway" v="service"/>
    <tag k="name" v="Patton Court"/>
    <tag k="service" v="alley"/>
  </way>
  <way id="339941817">
    <nd ref="3471401429"/>
    <nd ref="3471401430"/>
    <nd ref="3471401431"/>
    <nd ref="3471401432"/>
    <nd ref="3471401433"/>
    <nd ref="3471401429"/>
    <tag k="addr:city" v="Portland"/>
    <tag k="addr:housenumber" v="395"/>
    <tag k="addr:postcode" v="04101"/>
    <tag k="addr:state" v="ME"/>
    <tag k="addr:street" v="Fore Street"/>
    <tag k="building" v="commercial"/>
    <tag k="building:levels" v="4"/>
  </way>
  <way id="339941818">
    <nd ref="3471401434"/>
    <nd ref="3471401435"/>
    <nd ref="3471401436"/>
    <nd ref="3471401437"/>
    <nd ref="3471401434"/>
    <tag k="addr:city" v="Portland"/>
    <tag k="addr:housenumber" v="1"/>
    <tag k="addr:postcode" v="04101"/>
    <tag k="addr:state" v="ME"/>
    <tag k="addr:street" v="Exchange Street"/>
    <tag k="addr:unit" v="1"/>
    <tag k="building" v="commercial"/>
    <tag k="building:levels" v="4"/>
  </way>
  <way id="339941819">
    <nd ref="3471401435"/>
    <nd ref="3471401438"/>
    <nd ref="3471401439"/>
    <nd ref="3471401440"/>
    <nd ref="3471401435"/>
    <tag k="addr:city" v="Portland"/>
    <tag k="addr:housenumber" v="9"/>
    <tag k="addr:postcode" v="04101"/>
    <tag k="addr:state" v="ME"/>
    <tag k="addr:street" v="Exchange Street"/>
    <tag k="building" v="commercial"/>
    <tag k="building:levels" v="5"/>
  </way>
  <way id="339941820">
    <nd ref="3471401441"/>
    <nd ref="3471401433"/>
    <nd ref="3471401429"/>
    <nd ref="3471401442"/>
    <nd ref="3471401441"/>
    <tag k="addr:city" v="Portland"/>
    <tag k="addr:housenumber" v="4"/>
    <tag k="addr:postcode" v="04101"/>
    <tag k="addr:state" v="ME"/>
    <tag k="addr:street" v="Exchange Street"/>
    <tag k="building" v="commercial"/>
    <tag k="building:levels" v="4"/>
  </way>
  <way id="339941821">
    <nd ref="3471401441"/>
    <nd ref="3471401443"/>
    <nd ref="3471401444"/>
    <nd ref="3471401442"/>
    <nd ref="3471401441"/>
    <tag k="addr:city" v="Portland"/>
    <tag k="addr:housenumber" v="6"/>
    <tag k="addr:postcode" v="04101"/>
    <tag k="addr:state" v="ME"/>
    <tag k="addr:street" v="Exchange Street"/>
    <tag k="building" v="apartments"/>
  </way>
  <way id="339941822">
    <nd ref="3471401447"/>
    <nd ref="7977231019"/>
    <nd ref="3471401444"/>
    <nd ref="3471401443"/>
    <nd ref="7977231017"/>
    <nd ref="3471401447"/>
    <tag k="addr:city" v="Portland"/>
    <tag k="addr:housenumber" v="10"/>
    <tag k="addr:postcode" v="04101"/>
    <tag k="addr:state" v="ME"/>
    <tag k="addr:street" v="Exchange Street"/>
    <tag k="building" v="commercial"/>
    <tag k="building:levels" v="4"/>
  </way>
  <way id="339941823">
    <nd ref="3471401448"/>
    <nd ref="7977231020"/>
    <nd ref="3471401449"/>
    <nd ref="3471401450"/>
    <nd ref="3471401448"/>
    <tag k="addr:city" v="Portland"/>
    <tag k="addr:housenumber" v="30"/>
    <tag k="addr:postcode" v="04101"/>
    <tag k="addr:state" v="ME"/>
    <tag k="addr:street" v="Exchange Street"/>
    <tag k="building" v="commercial"/>
    <tag k="building:levels" v="4"/>
  </way>
  <way id="339941824">
    <nd ref="3471401448"/>
    <nd ref="3471401451"/>
    <nd ref="3471401452"/>
    <nd ref="3471401450"/>
    <nd ref="3471401448"/>
    <tag k="addr:city" v="Portland"/>
    <tag k="addr:housenumber" v="34"/>
    <tag k="addr:postcode" v="04101"/>
    <tag k="addr:state" v="ME"/>
    <tag k="addr:street" v="Exchange Street"/>
    <tag k="building" v="commercial"/>
    <tag k="building:levels" v="4"/>
  </way>
  <way id="339941825">
    <nd ref="3471401453"/>
    <nd ref="3471401458"/>
    <nd ref="3471401454"/>
    <nd ref="3471401455"/>
    <nd ref="3471401452"/>
    <nd ref="3471401451"/>
    <nd ref="3471401453"/>
    <tag k="addr:city" v="Portland"/>
    <tag k="addr:housenumber" v="40"/>
    <tag k="addr:postcode" v="04101"/>
    <tag k="addr:state" v="ME"/>
    <tag k="addr:street" v="Exchange Street"/>
    <tag k="building" v="commercial"/>
    <tag k="building:levels" v="3"/>
  </way>
  <way id="339941826">
    <nd ref="3471401456"/>
    <nd ref="3471401457"/>
    <nd ref="7891738698"/>
    <nd ref="3471401458"/>
    <nd ref="3471401453"/>
    <nd ref="3471401456"/>
    <tag k="addr:city" v="Portland"/>
    <tag k="addr:housenumber" v="44"/>
    <tag k="addr:postcode" v="04101"/>
    <tag k="addr:state" v="ME"/>
    <tag k="addr:street" v="Exchange Street"/>
    <tag k="building" v="commercial"/>
    <tag k="building:levels" v="3"/>
  </way>
  <way id="339941827">
    <nd ref="3471401459"/>
    <nd ref="3471401460"/>
    <nd ref="3471401461"/>
    <nd ref="3471401462"/>
    <nd ref="3471401463"/>
    <nd ref="3471401464"/>
    <nd ref="3471401465"/>
    <nd ref="3471401466"/>
    <nd ref="3471401467"/>
    <nd ref="3471401468"/>
    <nd ref="3471401469"/>
    <nd ref="3471401470"/>
    <nd ref="3471401471"/>
    <nd ref="3471401472"/>
    <nd ref="3471401473"/>
    <nd ref="3471401474"/>
    <nd ref="3471401475"/>
    <nd ref="3471401476"/>
    <nd ref="3471401477"/>
    <nd ref="3471401478"/>
    <nd ref="3471401479"/>
    <nd ref="3471401480"/>
    <nd ref="3471401459"/>
    <tag k="addr:city" v="Portland"/>
    <tag k="addr:housenumber" v="20"/>
    <tag k="addr:postcode" v="04101"/>
    <tag k="addr:state" v="ME"/>
    <tag k="addr:street" v="Milk Street"/>
    <tag k="building" v="yes"/>
    <tag k="building:levels" v="3"/>
    <tag k="name" v="Portland Regency Hotel &amp; Spa"/>
    <tag k="phone" v="+1-800-727-3436"/>
    <tag k="tourism" v="hotel"/>
    <tag k="website" v="https://www.theregency.com/"/>
  </way>
  <way id="339941828">
    <nd ref="3471401481"/>
    <nd ref="3528728402"/>
    <nd ref="3471401482"/>
    <nd ref="3471401483"/>
    <nd ref="3471401484"/>
    <nd ref="3471401481"/>
    <tag k="access" v="private"/>
    <tag k="amenity" v="parking"/>
    <tag k="surface" v="paved"/>
  </way>
  <way id="339941829">
    <nd ref="3471401485"/>
    <nd ref="3471401486"/>
    <nd ref="3471401487"/>
    <nd ref="3471401488"/>
    <nd ref="3471401489"/>
    <nd ref="3471401490"/>
    <nd ref="3471401485"/>
    <tag k="amenity" v="parking"/>
  </way>
  <way id="339941830">
    <nd ref="3471401491"/>
    <nd ref="3471401492"/>
    <nd ref="3471401693"/>
    <nd ref="3471401697"/>
    <nd ref="3471401695"/>
    <nd ref="3471401696"/>
    <nd ref="3471401491"/>
    <tag k="addr:city" v="Portland"/>
    <tag k="addr:housenumber" v="5"/>
    <tag k="addr:postcode" v="04101"/>
    <tag k="addr:state" v="ME"/>
    <tag k="addr:street" v="Milk Street"/>
    <tag k="building" v="commercial"/>
    <tag k="building:levels" v="6"/>
  </way>
  <way id="340970465">
    <nd ref="3481857430"/>
    <nd ref="3481857431"/>
    <nd ref="3481857432"/>
    <nd ref="3481857433"/>
    <nd ref="3481857434"/>
    <nd ref="3481857435"/>
    <nd ref="3481857436"/>
    <nd ref="3481857437"/>
    <nd ref="3481857438"/>
    <nd ref="3481857439"/>
    <nd ref="3481857440"/>
    <nd ref="3481857441"/>
    <nd ref="3481857442"/>
    <nd ref="3481857443"/>
    <nd ref="3481857444"/>
    <nd ref="3481857445"/>
    <nd ref="3481857446"/>
    <nd ref="3481857447"/>
    <nd ref="3481857448"/>
    <nd ref="3481857449"/>
    <nd ref="3481857430"/>
    <tag k="addr:city" v="Portland"/>
    <tag k="addr:housenumber" v="100"/>
    <tag k="addr:postcode" v="04101"/>
    <tag k="addr:state" v="ME"/>
    <tag k="addr:street" v="Middle Street"/>
    <tag k="building" v="commercial"/>
    <tag k="building:levels" v="7"/>
  </way>
  <way id="340970466">
    <nd ref="3481857450"/>
    <nd ref="3481857456"/>
    <nd ref="3481857451"/>
    <nd ref="3481857452"/>
    <nd ref="3481857457"/>
    <nd ref="3481857453"/>
    <nd ref="3481857450"/>
    <tag k="addr:city" v="Portland"/>
    <tag k="addr:housenumber" v="111"/>
    <tag k="addr:postcode" v="04101"/>
    <tag k="addr:state" v="ME"/>
    <tag k="addr:street" v="Middle Street"/>
    <tag k="building" v="commercial"/>
    <tag k="building:levels" v="1"/>
  </way>
  <way id="340970467">
    <nd ref="3481857451"/>
    <nd ref="3481857454"/>
    <nd ref="3481857455"/>
    <nd ref="3481857456"/>
    <nd ref="3481857451"/>
    <tag k="addr:city" v="Portland"/>
    <tag k="addr:housenumber" v="115"/>
    <tag k="addr:postcode" v="04101"/>
    <tag k="addr:state" v="ME"/>
    <tag k="addr:street" v="Middle Street"/>
    <tag k="building" v="commercial"/>
    <tag k="building:levels" v="3"/>
  </way>
  <way id="340970468">
    <nd ref="3481857457"/>
    <nd ref="3481857452"/>
    <nd ref="3481857458"/>
    <nd ref="3481857459"/>
    <nd ref="3481857460"/>
    <nd ref="3481857461"/>
    <nd ref="3481857462"/>
    <nd ref="3481857470"/>
    <nd ref="3481857463"/>
    <nd ref="3566502630"/>
    <nd ref="3481857457"/>
    <tag k="addr:city" v="Portland"/>
    <tag k="addr:housenumber" v="109"/>
    <tag k="addr:postcode" v="04101"/>
    <tag k="addr:state" v="ME"/>
    <tag k="addr:street" v="Middle Street"/>
    <tag k="amenity" v="police"/>
    <tag k="building" v="yes"/>
    <tag k="name" v="Portland Police Department Headquarters"/>
  </way>
  <way id="340970469">
    <nd ref="3481857462"/>
    <nd ref="3481857464"/>
    <nd ref="3481857465"/>
    <nd ref="3481857466"/>
    <nd ref="3481857467"/>
    <nd ref="3566502629"/>
    <nd ref="3481857468"/>
    <nd ref="3481857469"/>
    <nd ref="3481857470"/>
    <nd ref="3481857462"/>
    <tag k="amenity" v="parking"/>
    <tag k="building" v="yes"/>
    <tag k="fee" v="yes"/>
    <tag k="name" v="Cumberland County Parking Garage"/>
  </way>
  <way id="341943780">
    <nd ref="6839133708"/>
    <nd ref="6839133709"/>
    <nd ref="6839133712"/>
    <nd ref="6839133713"/>
    <nd ref="6839133710"/>
    <nd ref="6839133711"/>
    <nd ref="6839133708"/>
    <tag k="leisure" v="park"/>
    <tag k="name" v="Tommy's Park"/>
  </way>
  <way id="346332681">
    <nd ref="3528725582"/>
    <nd ref="3528725583"/>
    <nd ref="3528725584"/>
    <nd ref="3528725585"/>
    <nd ref="3528725582"/>
    <tag k="addr:city" v="Portland"/>
    <tag k="addr:housenumber" v="46"/>
    <tag k="addr:postcode" v="04101"/>
    <tag k="addr:state" v="ME"/>
    <tag k="addr:street" v="Market Street"/>
    <tag k="building" v="apartments"/>
    <tag k="building:levels" v="3"/>
  </way>
  <way id="346332682">
    <nd ref="3528725586"/>
    <nd ref="3528725587"/>
    <nd ref="3528725588"/>
    <nd ref="3528725589"/>
    <nd ref="3528725586"/>
    <tag k="addr:city" v="Portland"/>
    <tag k="addr:housenumber" v="31"/>
    <tag k="addr:postcode" v="04101"/>
    <tag k="addr:state" v="ME"/>
    <tag k="addr:street" v="Exchange Street"/>
    <tag k="building" v="commercial"/>
  </way>
  <way id="346332683">
    <nd ref="3528725586"/>
    <nd ref="3528725590"/>
    <nd ref="3528725591"/>
    <nd ref="3528725587"/>
    <nd ref="3528725586"/>
    <tag k="addr:city" v="Portland"/>
    <tag k="addr:housenumber" v="39"/>
    <tag k="addr:postcode" v="04101"/>
    <tag k="addr:state" v="ME"/>
    <tag k="addr:street" v="Exchange Street"/>
    <tag k="building" v="commercial"/>
    <tag k="building:levels" v="3"/>
  </way>
  <way id="346332684">
    <nd ref="3528725592"/>
    <nd ref="3528728393"/>
    <nd ref="3528728394"/>
    <nd ref="3528728395"/>
    <nd ref="3528728396"/>
    <nd ref="3528728397"/>
    <nd ref="3528725592"/>
    <tag k="addr:city" v="Portland"/>
    <tag k="addr:housenumber" v="57"/>
    <tag k="addr:postcode" v="04101"/>
    <tag k="addr:state" v="ME"/>
    <tag k="addr:street" v="Exchange Street"/>
    <tag k="building" v="commercial"/>
    <tag k="building:levels" v="4"/>
  </way>
  <way id="346332685">
    <nd ref="3528728394"/>
    <nd ref="3528728398"/>
    <nd ref="3528728399"/>
    <nd ref="3528728395"/>
    <nd ref="3528728394"/>
    <tag k="addr:city" v="Portland"/>
    <tag k="addr:housenumber" v="53"/>
    <tag k="addr:postcode" v="04101"/>
    <tag k="addr:state" v="ME"/>
    <tag k="addr:street" v="Exchange Street"/>
    <tag k="building" v="commercial"/>
    <tag k="building:levels" v="4"/>
  </way>
  <way id="346332686">
    <nd ref="3528728400"/>
    <nd ref="3528728401"/>
    <nd ref="3471401482"/>
    <nd ref="3528728402"/>
    <nd ref="3528728405"/>
    <nd ref="3528728400"/>
    <tag k="addr:city" v="Portland"/>
    <tag k="addr:housenumber" v="164"/>
    <tag k="addr:postcode" v="04101"/>
    <tag k="addr:state" v="ME"/>
    <tag k="addr:street" v="Middle Street"/>
    <tag k="building" v="commercial"/>
    <tag k="building:levels" v="2"/>
  </way>
  <way id="346332687">
    <nd ref="3528728400"/>
    <nd ref="3528728403"/>
    <nd ref="3528728404"/>
    <nd ref="3528728405"/>
    <nd ref="3528728400"/>
    <tag k="addr:city" v="Portland"/>
    <tag k="addr:housenumber" v="99"/>
    <tag k="addr:postcode" v="04101"/>
    <tag k="addr:state" v="ME"/>
    <tag k="addr:street" v="Silver Street"/>
    <tag k="building" v="apartments"/>
    <tag k="building:levels" v="4"/>
  </way>
  <way id="346332688">
    <nd ref="3528728398"/>
    <nd ref="3528728406"/>
    <nd ref="3528728407"/>
    <nd ref="3528728399"/>
    <nd ref="3528728398"/>
    <tag k="addr:city" v="Portland"/>
    <tag k="addr:housenumber" v="49"/>
    <tag k="addr:postcode" v="04101"/>
    <tag k="addr:state" v="ME"/>
    <tag k="addr:street" v="Exchange Street"/>
    <tag k="building" v="commercial"/>
    <tag k="building:levels" v="4"/>
  </way>
  <way id="346332689">
    <nd ref="3528728406"/>
    <nd ref="3528725591"/>
    <nd ref="3528725590"/>
    <nd ref="3528728408"/>
    <nd ref="3528728407"/>
    <nd ref="3528728406"/>
    <tag k="addr:city" v="Portland"/>
    <tag k="addr:housenumber" v="45"/>
    <tag k="addr:postcode" v="04101"/>
    <tag k="addr:state" v="ME"/>
    <tag k="addr:street" v="Exchange Street"/>
    <tag k="building" v="commercial"/>
    <tag k="building:levels" v="4"/>
  </way>
  <way id="346332690">
    <nd ref="3528728409"/>
    <nd ref="3528728410"/>
    <nd ref="3528728411"/>
    <nd ref="3528728412"/>
    <nd ref="3528728409"/>
    <tag k="addr:housenumber" v="150"/>
    <tag k="addr:street" v="Middle Street"/>
    <tag k="building" v="commercial"/>
    <tag k="building:levels" v="4"/>
  </way>
  <way id="348747900">
    <nd ref="11071966305"/>
    <nd ref="3548009394"/>
    <nd ref="3548009395"/>
    <nd ref="3548009396"/>
    <nd ref="3548009397"/>
    <nd ref="3548009398"/>
    <nd ref="11071966308"/>
    <nd ref="11071966305"/>
    <tag k="building" v="commercial"/>
    <tag k="building:levels" v="3"/>
  </way>
  <way id="348747903">
    <nd ref="3548009399"/>
    <nd ref="3548009400"/>
    <nd ref="3548009401"/>
    <nd ref="3548009402"/>
    <nd ref="3548009403"/>
    <nd ref="3548009404"/>
    <nd ref="3548009399"/>
    <tag k="addr:city" v="Portland"/>
    <tag k="addr:housenumber" v="2"/>
    <tag k="addr:postcode" v="04101"/>
    <tag k="addr:state" v="ME"/>
    <tag k="addr:street" v="Free Street"/>
    <tag k="building" v="commercial"/>
    <tag k="building:levels" v="3"/>
  </way>
  <way id="348747904">
    <nd ref="3548009399"/>
    <nd ref="3548009405"/>
    <nd ref="3548009406"/>
    <nd ref="3548009407"/>
    <nd ref="3548009400"/>
    <nd ref="3548009399"/>
    <tag k="addr:city" v="Portland"/>
    <tag k="addr:housenumber" v="10"/>
    <tag k="addr:postcode" v="04101"/>
    <tag k="addr:state" v="ME"/>
    <tag k="addr:street" v="Free Street"/>
    <tag k="addr:unit" v="2A"/>
    <tag k="building" v="commercial"/>
    <tag k="building:levels" v="4"/>
  </way>
  <way id="348747907">
    <nd ref="3548009408"/>
    <nd ref="11071957204"/>
    <nd ref="3548009410"/>
    <nd ref="3548009411"/>
    <nd ref="3548009408"/>
    <tag k="addr:housenumber" v="26"/>
    <tag k="addr:street" v="Free Street"/>
    <tag k="building" v="commercial"/>
    <tag k="building:levels" v="2"/>
  </way>
  <way id="348747910">
    <nd ref="3548009408"/>
    <nd ref="3548009405"/>
    <nd ref="3548009406"/>
    <nd ref="3548009412"/>
    <nd ref="3548009413"/>
    <nd ref="3548009414"/>
    <nd ref="3548009411"/>
    <nd ref="3548009408"/>
    <tag k="addr:city" v="Portland"/>
    <tag k="addr:housenumber" v="22"/>
    <tag k="addr:postcode" v="04101"/>
    <tag k="addr:state" v="ME"/>
    <tag k="addr:street" v="Free Street"/>
    <tag k="building" v="commercial"/>
    <tag k="building:levels" v="4"/>
  </way>
  <way id="348747912">
    <nd ref="3284137946"/>
    <nd ref="3548009415"/>
    <nd ref="3284137948"/>
    <nd ref="3284137947"/>
    <nd ref="3284137946"/>
    <tag k="addr:city" v="Portland"/>
    <tag k="addr:housenumber" v="24"/>
    <tag k="addr:postcode" v="04101"/>
    <tag k="addr:state" v="ME"/>
    <tag k="addr:street" v="City Center"/>
    <tag k="building" v="commercial"/>
    <tag k="building:levels" v="5"/>
  </way>
  <way id="348747915">
    <nd ref="3284137946"/>
    <nd ref="3548009416"/>
    <nd ref="3548009427"/>
    <nd ref="3548009418"/>
    <nd ref="3548009415"/>
    <nd ref="3284137946"/>
    <tag k="addr:city" v="Portland"/>
    <tag k="addr:housenumber" v="26"/>
    <tag k="addr:postcode" v="04101"/>
    <tag k="addr:state" v="ME"/>
    <tag k="addr:street" v="City Center"/>
    <tag k="building" v="commercial"/>
  </way>
  <way id="348747919">
    <nd ref="3548009419"/>
    <nd ref="3548009432"/>
    <nd ref="3548009420"/>
    <nd ref="3548009421"/>
    <nd ref="3548009422"/>
    <nd ref="7981424047"/>
    <nd ref="3548009423"/>
    <nd ref="3548009424"/>
    <nd ref="7981424043"/>
    <nd ref="7981424044"/>
    <nd ref="3548009419"/>
    <tag k="addr:city" v="Portland"/>
    <tag k="addr:housenumber" v="23"/>
    <tag k="addr:postcode" v="04101"/>
    <tag k="addr:state" v="ME"/>
    <tag k="addr:street" v="Free Street"/>
    <tag k="amenity" v="parking"/>
    <tag k="building" v="yes"/>
    <tag k="fee" v="yes"/>
    <tag k="parking" v="multi-storey"/>
  </way>
  <way id="348747921">
    <nd ref="3548009416"/>
    <nd ref="3548009425"/>
    <nd ref="3548009426"/>
    <nd ref="3548009427"/>
    <nd ref="3548009416"/>
    <tag k="addr:housenumber" v="28"/>
    <tag k="addr:street" v="City Center"/>
    <tag k="building" v="commercial"/>
    <tag k="building:levels" v="3"/>
  </way>
  <way id="348747924">
    <nd ref="3548009425"/>
    <nd ref="3548009428"/>
    <nd ref="3548009429"/>
    <nd ref="3548009426"/>
    <nd ref="3548009425"/>
    <tag k="addr:city" v="Portland"/>
    <tag k="addr:housenumber" v="30"/>
    <tag k="addr:postcode" v="04101"/>
    <tag k="addr:state" v="ME"/>
    <tag k="addr:street" v="City Center"/>
    <tag k="building" v="commercial"/>
  </way>
  <way id="348747926">
    <nd ref="3284137945"/>
    <nd ref="3548009430"/>
    <nd ref="3548009432"/>
    <nd ref="3548009420"/>
    <nd ref="7981424042"/>
    <nd ref="3548009418"/>
    <nd ref="3548009427"/>
    <nd ref="3548009426"/>
    <nd ref="3548009429"/>
    <nd ref="3548009428"/>
    <nd ref="3284137945"/>
    <tag k="addr:city" v="Portland"/>
    <tag k="addr:housenumber" v="1"/>
    <tag k="addr:postcode" v="04101"/>
    <tag k="addr:state" v="ME"/>
    <tag k="addr:street" v="Monument Way"/>
    <tag k="building" v="commercial"/>
    <tag k="building:levels" v="4"/>
  </way>
  <way id="348747928">
    <nd ref="3548009438"/>
    <nd ref="3548009439"/>
    <nd ref="3548009440"/>
    <nd ref="3548009441"/>
    <nd ref="3548009442"/>
    <nd ref="3548009443"/>
    <nd ref="3556462849"/>
    <nd ref="3548009444"/>
    <nd ref="3548009445"/>
    <nd ref="3548009446"/>
    <nd ref="3548009447"/>
    <nd ref="3548009448"/>
    <nd ref="3548009449"/>
    <nd ref="3548009438"/>
    <tag k="addr:city" v="Portland"/>
    <tag k="addr:housenumber" v="1"/>
    <tag k="addr:postcode" v="04101"/>
    <tag k="addr:state" v="ME"/>
    <tag k="addr:street" v="Monument Square"/>
    <tag k="building" v="commercial"/>
    <tag k="building:levels" v="10"/>
  </way>
  <way id="348747930">
    <nd ref="3548009453"/>
    <nd ref="3548009456"/>
    <nd ref="3548009454"/>
    <nd ref="3548009455"/>
    <nd ref="3548009453"/>
    <tag k="addr:city" v="Portland"/>
    <tag k="addr:housenumber" v="443"/>
    <tag k="addr:postcode" v="04101"/>
    <tag k="addr:state" v="ME"/>
    <tag k="addr:street" v="Congress Street"/>
    <tag k="building" v="commercial"/>
    <tag k="building:levels" v="7"/>
  </way>
  <way id="348747931">
    <nd ref="3548009457"/>
    <nd ref="3548009456"/>
    <nd ref="3548009454"/>
    <nd ref="3548009458"/>
    <nd ref="3548009459"/>
    <nd ref="3548009457"/>
    <tag k="addr:city" v="Portland"/>
    <tag k="addr:housenumber" v="439"/>
    <tag k="addr:postcode" v="04101"/>
    <tag k="addr:state" v="ME"/>
    <tag k="addr:street" v="Congress Street"/>
    <tag k="building" v="apartments"/>
    <tag k="name" v="The Metropolitan"/>
  </way>
  <way id="348747932">
    <nd ref="3548009460"/>
    <nd ref="3548009461"/>
    <nd ref="3548009462"/>
    <nd ref="3548009463"/>
    <nd ref="3548009464"/>
    <nd ref="3548009465"/>
    <nd ref="3548009466"/>
    <nd ref="3548009467"/>
    <nd ref="3548009468"/>
    <nd ref="3548009469"/>
    <nd ref="3548009470"/>
    <nd ref="3548009471"/>
    <nd ref="3548009472"/>
    <nd ref="3548009473"/>
    <nd ref="3548009460"/>
    <tag k="addr:city" v="Portland"/>
    <tag k="addr:housenumber" v="425"/>
    <tag k="addr:postcode" v="04101"/>
    <tag k="addr:state" v="ME"/>
    <tag k="addr:street" v="Congress Street"/>
    <tag k="amenity" v="place_of_worship"/>
    <tag k="building" v="church"/>
    <tag k="denomination" v="unitarian_universalist"/>
    <tag k="name" v="First Parish Portland Unitarian Universalist Church"/>
    <tag k="phone" v="+1-207-773-5747"/>
    <tag k="religion" v="unitarian_universalist"/>
    <tag k="website" v="https://www.firstparishportland.org/"/>
    <tag k="wikidata" v="Q5453480"/>
    <tag k="wikipedia" v="en:First Parish Church (Portland, Maine)"/>
  </way>
  <way id="348747933">
    <nd ref="3548009479"/>
    <nd ref="3548009474"/>
    <nd ref="3548009475"/>
    <nd ref="3548009476"/>
    <nd ref="3548009479"/>
    <tag k="building" v="commercial"/>
    <tag k="building:levels" v="6"/>
  </way>
  <way id="348747934">
    <nd ref="3548009474"/>
    <nd ref="3548009479"/>
    <nd ref="3548009477"/>
    <nd ref="3548009478"/>
    <nd ref="3548009474"/>
    <tag k="addr:housenumber" v="8"/>
    <tag k="addr:street" v="Chestnut Street"/>
    <tag k="building" v="yes"/>
    <tag k="club" v="freemasonry"/>
    <tag k="name" v="Masonic Temple"/>
  </way>
  <way id="348747937">
    <nd ref="3548009608"/>
    <nd ref="11356888452"/>
    <nd ref="3548009609"/>
    <nd ref="12322245678"/>
    <nd ref="3548009610"/>
    <nd ref="12322245680"/>
    <nd ref="12322245681"/>
    <nd ref="12322245682"/>
    <nd ref="3548009612"/>
    <nd ref="3548009614"/>
    <nd ref="11904362449"/>
    <nd ref="3548009615"/>
    <tag k="highway" v="pedestrian"/>
    <tag k="name" v="Freshman Alley"/>
    <tag k="surface" v="paved"/>
  </way>
  <way id="348747938">
    <nd ref="3548009614"/>
    <nd ref="11356888449"/>
    <tag k="highway" v="footway"/>
  </way>
  <way id="349171948">
    <nd ref="3550865303"/>
    <nd ref="3550865304"/>
    <nd ref="3550865305"/>
    <nd ref="3550865315"/>
    <nd ref="3550865316"/>
    <nd ref="3550865306"/>
    <nd ref="3550865307"/>
    <nd ref="3550865308"/>
    <nd ref="3550865309"/>
    <nd ref="3550865310"/>
    <nd ref="3550865311"/>
    <nd ref="3550865312"/>
    <nd ref="3550865303"/>
    <tag k="addr:city" v="Portland"/>
    <tag k="addr:housenumber" v="489"/>
    <tag k="addr:postcode" v="04101"/>
    <tag k="addr:state" v="ME"/>
    <tag k="addr:street" v="Congress Street"/>
    <tag k="building" v="commercial"/>
    <tag k="check_date:opening_hours" v="2023-02-24"/>
    <tag k="fee" v="yes"/>
    <tag k="name" v="Maine Historical Society"/>
    <tag k="opening_hours" v="We-Sa 10:00-17:00"/>
    <tag k="tourism" v="museum"/>
    <tag k="website" v="https://www.mainehistory.org/"/>
  </way>
  <way id="349171949">
    <nd ref="3550865313"/>
    <nd ref="3550865314"/>
    <nd ref="3550865315"/>
    <nd ref="3550865316"/>
    <nd ref="3550865317"/>
    <nd ref="3550865318"/>
    <nd ref="3550865319"/>
    <nd ref="3550865320"/>
    <nd ref="3550865313"/>
    <tag k="addr:city" v="Portland"/>
    <tag k="addr:housenumber" v="483"/>
    <tag k="addr:postcode" v="04101"/>
    <tag k="addr:state" v="ME"/>
    <tag k="addr:street" v="Congress Street"/>
    <tag k="building" v="yes"/>
    <tag k="check_date:opening_hours" v="2023-02-24"/>
    <tag k="fee" v="yes"/>
    <tag k="name" v="Wadsworth-Longfellow House"/>
    <tag k="opening_hours" v="Jun-Oct Tu-Sa 10:00-17:00"/>
    <tag k="operator" v="Maine Historical Society"/>
    <tag k="seasonal" v="yes"/>
    <tag k="tourism" v="museum"/>
    <tag k="website" v="https://www.mainehistory.org/"/>
    <tag k="wikidata" v="Q7959331"/>
  </way>
  <way id="349171950">
    <nd ref="3550865321"/>
    <nd ref="3550865322"/>
    <nd ref="3550865323"/>
    <nd ref="3550865324"/>
    <nd ref="3550865325"/>
    <nd ref="3550865326"/>
    <nd ref="3550865318"/>
    <nd ref="3550865319"/>
    <nd ref="3550865327"/>
    <nd ref="3550865321"/>
    <tag k="amenity" v="library"/>
    <tag k="building" v="yes"/>
    <tag k="check_date:opening_hours" v="2023-02-24"/>
    <tag k="fee" v="yes"/>
    <tag k="name" v="Brown Research Library"/>
    <tag k="opening_hours" v="We-Sa 13:00-16:00; Fr off"/>
    <tag k="operator" v="Maine Historical Society"/>
  </way>
  <way id="349171951">
    <nd ref="3550865322"/>
    <nd ref="3550865328"/>
    <nd ref="3550865306"/>
    <nd ref="3550865316"/>
    <nd ref="3550865317"/>
    <nd ref="3550865318"/>
    <nd ref="3550865326"/>
    <nd ref="3550865325"/>
    <nd ref="3550865324"/>
    <nd ref="3550865323"/>
    <nd ref="3550865322"/>
    <tag k="leisure" v="garden"/>
    <tag k="name" v="Wadsworth-Longfellow Gardens"/>
    <tag k="opening_hours" v="May-Oct We-Sa 10:00-17:00"/>
    <tag k="seasonal" v="yes"/>
  </way>
  <way id="349171952">
    <nd ref="3550865329"/>
    <nd ref="3550865330"/>
    <nd ref="3550865331"/>
    <nd ref="3550865332"/>
    <nd ref="3550865329"/>
    <tag k="addr:city" v="Portland"/>
    <tag k="addr:housenumber" v="477"/>
    <tag k="addr:postcode" v="04101"/>
    <tag k="addr:state" v="ME"/>
    <tag k="addr:street" v="Congress Street"/>
    <tag k="building" v="commercial"/>
    <tag k="building:levels" v="14"/>
    <tag k="name" v="Time and Temperature Building"/>
    <tag k="wikidata" v="Q7805254"/>
    <tag k="wikipedia" v="en:Time and Temperature Building"/>
  </way>
  <way id="349171954">
    <nd ref="3550865331"/>
    <nd ref="3550865333"/>
    <nd ref="3550865334"/>
    <nd ref="3550865335"/>
    <nd ref="3550865336"/>
    <nd ref="3550865337"/>
    <nd ref="3550865338"/>
    <nd ref="3550865332"/>
    <nd ref="3550865331"/>
    <tag k="addr:city" v="Portland"/>
    <tag k="addr:housenumber" v="481"/>
    <tag k="addr:postcode" v="04101"/>
    <tag k="addr:state" v="ME"/>
    <tag k="addr:street" v="Congress Street"/>
    <tag k="building" v="commercial"/>
    <tag k="building:levels" v="4"/>
  </way>
  <way id="349171955">
    <nd ref="3284137942"/>
    <nd ref="3556462841"/>
    <nd ref="3550865341"/>
    <nd ref="3550865342"/>
    <nd ref="3284137942"/>
    <tag k="addr:city" v="Portland"/>
    <tag k="addr:housenumber" v="50"/>
    <tag k="addr:postcode" v="04101"/>
    <tag k="addr:state" v="ME"/>
    <tag k="addr:street" v="Monument Square"/>
    <tag k="building" v="commercial"/>
    <tag k="building:levels" v="6"/>
    <tag k="wikidata" v="Q6483117"/>
  </way>
  <way id="349171957">
    <nd ref="3550865343"/>
    <nd ref="3550865344"/>
    <nd ref="3550865345"/>
    <nd ref="3550865346"/>
    <nd ref="3550865343"/>
    <tag k="addr:city" v="Portland"/>
    <tag k="addr:housenumber" v="480"/>
    <tag k="addr:postcode" v="04101"/>
    <tag k="addr:state" v="ME"/>
    <tag k="addr:street" v="Congress Street"/>
    <tag k="building" v="commercial"/>
    <tag k="building:levels" v="3"/>
  </way>
  <way id="349171958">
    <nd ref="3550865344"/>
    <nd ref="10890473220"/>
    <nd ref="3550865347"/>
    <nd ref="3550865348"/>
    <nd ref="3550865349"/>
    <nd ref="3550865350"/>
    <nd ref="3550865351"/>
    <nd ref="4564887855"/>
    <nd ref="3550865346"/>
    <nd ref="3550865345"/>
    <nd ref="3550865344"/>
    <tag k="addr:city" v="Portland"/>
    <tag k="addr:housenumber" v="490"/>
    <tag k="addr:postcode" v="04101"/>
    <tag k="addr:state" v="ME"/>
    <tag k="addr:street" v="Congress Street"/>
    <tag k="building" v="yes"/>
    <tag k="building:levels" v="5"/>
    <tag k="wheelchair" v="yes"/>
  </way>
  <way id="349171959">
    <nd ref="3550865347"/>
    <nd ref="3550865352"/>
    <nd ref="3550865349"/>
    <nd ref="3550865348"/>
    <nd ref="3550865347"/>
    <tag k="addr:city" v="Portland"/>
    <tag k="addr:housenumber" v="486"/>
    <tag k="addr:postcode" v="04101"/>
    <tag k="addr:state" v="ME"/>
    <tag k="addr:street" v="Congress Street"/>
    <tag k="building" v="commercial"/>
    <tag k="building:levels" v="3"/>
  </way>
  <way id="349171961">
    <nd ref="3550865352"/>
    <nd ref="3550865353"/>
    <nd ref="3550865354"/>
    <nd ref="3550865362"/>
    <nd ref="3550865355"/>
    <nd ref="3550865356"/>
    <nd ref="3550865350"/>
    <nd ref="3550865352"/>
    <tag k="addr:city" v="Portland"/>
    <tag k="addr:housenumber" v="490-492"/>
    <tag k="addr:postcode" v="04101"/>
    <tag k="addr:state" v="ME"/>
    <tag k="addr:street" v="Congress Street"/>
    <tag k="building" v="commercial"/>
    <tag k="building:levels" v="5"/>
  </way>
  <way id="349171964">
    <nd ref="3550865356"/>
    <nd ref="3550865357"/>
    <nd ref="3550865358"/>
    <nd ref="3550865359"/>
    <nd ref="3550865360"/>
    <nd ref="3550865361"/>
    <nd ref="3550865362"/>
    <nd ref="3550865355"/>
    <nd ref="3550865356"/>
    <tag k="addr:city" v="Portland"/>
    <tag k="addr:housenumber" v="11"/>
    <tag k="addr:postcode" v="04101"/>
    <tag k="addr:state" v="ME"/>
    <tag k="addr:street" v="Brown Street"/>
    <tag k="building" v="commercial"/>
  </way>
  <way id="349171968">
    <nd ref="3550865362"/>
    <nd ref="3550865354"/>
    <nd ref="3550865363"/>
    <nd ref="3550865361"/>
    <nd ref="3550865362"/>
    <tag k="addr:city" v="Portland"/>
    <tag k="addr:housenumber" v="13-15"/>
    <tag k="addr:postcode" v="04101"/>
    <tag k="addr:state" v="ME"/>
    <tag k="addr:street" v="Brown Street"/>
    <tag k="building" v="commercial"/>
  </way>
  <way id="349171971">
    <nd ref="3550865353"/>
    <nd ref="3550865364"/>
    <nd ref="3550865363"/>
    <nd ref="3550865354"/>
    <nd ref="3550865353"/>
    <tag k="addr:city" v="Portland"/>
    <tag k="addr:housenumber" v="498"/>
    <tag k="addr:postcode" v="04101"/>
    <tag k="addr:state" v="ME"/>
    <tag k="addr:street" v="Congress Street"/>
    <tag k="building" v="commercial"/>
    <tag k="building:levels" v="4"/>
  </way>
  <way id="349171973">
    <nd ref="3550865365"/>
    <nd ref="3550865366"/>
    <nd ref="3550865367"/>
    <nd ref="3550865351"/>
    <nd ref="3550865350"/>
    <nd ref="3550865368"/>
    <nd ref="3550865365"/>
    <tag k="amenity" v="parking"/>
    <tag k="fee" v="yes"/>
    <tag k="parking" v="surface"/>
  </way>
  <way id="349171976">
    <nd ref="3548009393"/>
    <nd ref="3548009398"/>
    <nd ref="3548009397"/>
    <nd ref="3548009396"/>
    <nd ref="3548009395"/>
    <nd ref="3550865369"/>
    <nd ref="3550865370"/>
    <nd ref="3550865371"/>
    <nd ref="3548009407"/>
    <nd ref="3548009406"/>
    <nd ref="3548009412"/>
    <nd ref="3548009413"/>
    <nd ref="3548009414"/>
    <nd ref="3548009411"/>
    <nd ref="3548009410"/>
    <nd ref="3548009393"/>
    <tag k="amenity" v="parking"/>
    <tag k="fee" v="yes"/>
    <tag k="parking" v="surface"/>
    <tag k="surface" v="asphalt"/>
  </way>
  <way id="349864126">
    <nd ref="3556462736"/>
    <nd ref="3556462737"/>
    <nd ref="3556462738"/>
    <nd ref="3556462739"/>
    <nd ref="3556462740"/>
    <nd ref="4564848039"/>
    <nd ref="4564848041"/>
    <nd ref="4564848042"/>
    <nd ref="4564848040"/>
    <nd ref="4564848043"/>
    <nd ref="4564848044"/>
    <nd ref="4564848045"/>
    <nd ref="3556462741"/>
    <nd ref="3556462736"/>
    <tag k="amenity" v="parking"/>
    <tag k="parking" v="surface"/>
  </way>
  <way id="349864136">
    <nd ref="3556462802"/>
    <nd ref="3556462803"/>
    <nd ref="3556462804"/>
    <nd ref="3556462805"/>
    <nd ref="3556462806"/>
    <nd ref="3556462807"/>
    <nd ref="3556462808"/>
    <nd ref="3556462809"/>
    <nd ref="3556462810"/>
    <nd ref="3556462811"/>
    <nd ref="3556462812"/>
    <nd ref="3556462813"/>
    <nd ref="3556462814"/>
    <nd ref="3556462802"/>
    <tag k="addr:city" v="Portland"/>
    <tag k="addr:housenumber" v="2"/>
    <tag k="addr:postcode" v="04101"/>
    <tag k="addr:state" v="ME"/>
    <tag k="addr:street" v="Portland Square"/>
    <tag k="building" v="commercial"/>
    <tag k="building:levels" v="7"/>
  </way>
  <way id="349864138">
    <nd ref="101380832"/>
    <nd ref="9769127061"/>
    <tag k="highway" v="residential"/>
    <tag k="name" v="Portland Square"/>
    <tag k="tiger:cfcc" v="A41"/>
    <tag k="tiger:county" v="Cumberland, ME"/>
    <tag k="tiger:name_base" v="Cross"/>
    <tag k="tiger:name_type" v="St"/>
    <tag k="tiger:reviewed" v="no"/>
    <tag k="tiger:zip_left" v="04101"/>
    <tag k="tiger:zip_right" v="04101"/>
  </way>
  <way id="349864139">
    <nd ref="3556462816"/>
    <nd ref="3556462817"/>
    <nd ref="3556462818"/>
    <nd ref="3556462819"/>
    <nd ref="3556462820"/>
    <nd ref="3556462821"/>
    <nd ref="3556462822"/>
    <nd ref="3556462823"/>
    <nd ref="3556462824"/>
    <nd ref="3556462825"/>
    <nd ref="3556462826"/>
    <nd ref="3556462827"/>
    <nd ref="3556462828"/>
    <nd ref="3556462829"/>
    <nd ref="3556462816"/>
    <tag k="addr:city" v="Portland"/>
    <tag k="addr:housenumber" v="1"/>
    <tag k="addr:postcode" v="04101"/>
    <tag k="addr:state" v="ME"/>
    <tag k="addr:street" v="Portland Square"/>
    <tag k="building" v="commercial"/>
    <tag k="building:levels" v="10"/>
  </way>
  <way id="349864141">
    <nd ref="3556462830"/>
    <nd ref="3284137942"/>
    <nd ref="3550865342"/>
    <nd ref="3556462831"/>
    <nd ref="3556462832"/>
    <nd ref="3556462830"/>
    <tag k="addr:city" v="Portland"/>
    <tag k="addr:housenumber" v="28"/>
    <tag k="addr:postcode" v="04101"/>
    <tag k="addr:state" v="ME"/>
    <tag k="addr:street" v="Monument Square"/>
    <tag k="amenity" v="marketplace"/>
    <tag k="building" v="commercial"/>
    <tag k="building:levels" v="4"/>
    <tag k="name" v="Public Market House"/>
    <tag k="shop" v="convenience;alcohol"/>
  </way>
  <way id="349864143">
    <nd ref="3556462830"/>
    <nd ref="3556462833"/>
    <nd ref="3556462834"/>
    <nd ref="3556462835"/>
    <nd ref="3556462831"/>
    <nd ref="3556462832"/>
    <nd ref="3556462830"/>
    <tag k="addr:city" v="Portland"/>
    <tag k="addr:housenumber" v="22"/>
    <tag k="addr:postcode" v="04101"/>
    <tag k="addr:state" v="ME"/>
    <tag k="addr:street" v="Monument Square"/>
    <tag k="building" v="commercial"/>
    <tag k="building:levels" v="6"/>
  </way>
  <way id="349864144">
    <nd ref="3556462833"/>
    <nd ref="3556462836"/>
    <nd ref="3556462837"/>
    <nd ref="3556462840"/>
    <nd ref="3556462838"/>
    <nd ref="3556462835"/>
    <nd ref="3556462834"/>
    <nd ref="3556462833"/>
    <tag k="addr:city" v="Portland"/>
    <tag k="addr:housenumber" v="18"/>
    <tag k="addr:postcode" v="04101"/>
    <tag k="addr:state" v="ME"/>
    <tag k="addr:street" v="Monument Square"/>
    <tag k="building" v="commercial"/>
    <tag k="building:levels" v="4"/>
  </way>
  <way id="349864145">
    <nd ref="3556462836"/>
    <nd ref="3284137943"/>
    <nd ref="3556462839"/>
    <nd ref="3556462840"/>
    <nd ref="3556462837"/>
    <nd ref="3556462836"/>
    <tag k="addr:city" v="Portland"/>
    <tag k="addr:housenumber" v="16"/>
    <tag k="addr:postcode" v="04101"/>
    <tag k="addr:state" v="ME"/>
    <tag k="addr:street" v="Monument Square"/>
    <tag k="building" v="commercial"/>
    <tag k="building:levels" v="4"/>
  </way>
  <way id="349864146">
    <nd ref="3284137943"/>
    <nd ref="101355362"/>
    <nd ref="6991007128"/>
    <nd ref="101355365"/>
    <nd ref="7981424044"/>
    <nd ref="7981424043"/>
    <nd ref="7981424045"/>
    <nd ref="7981424046"/>
    <nd ref="3556462839"/>
    <nd ref="3284137943"/>
    <tag k="amenity" v="parking"/>
    <tag k="fee" v="yes"/>
  </way>
  <way id="349864147">
    <nd ref="3556462843"/>
    <nd ref="3556462844"/>
    <nd ref="3556462845"/>
    <nd ref="3556462846"/>
    <nd ref="3556462847"/>
    <nd ref="3556462848"/>
    <nd ref="3556462849"/>
    <nd ref="3548009444"/>
    <nd ref="3556462850"/>
    <nd ref="3556462851"/>
    <nd ref="3556462843"/>
    <tag k="addr:city" v="Portland"/>
    <tag k="addr:housenumber" v="2"/>
    <tag k="addr:postcode" v="04101"/>
    <tag k="addr:state" v="ME"/>
    <tag k="addr:street" v="Monument Square"/>
    <tag k="building" v="commercial"/>
    <tag k="building:levels" v="9"/>
  </way>
  <way id="350934855">
    <nd ref="3566500886"/>
    <nd ref="3566500887"/>
    <nd ref="3566500888"/>
    <nd ref="3566500889"/>
    <nd ref="3566500892"/>
    <nd ref="3566500886"/>
    <tag k="addr:city" v="Portland"/>
    <tag k="addr:housenumber" v="75"/>
    <tag k="addr:postcode" v="04101"/>
    <tag k="addr:state" v="ME"/>
    <tag k="addr:street" v="Market Street"/>
    <tag k="building" v="commercial"/>
    <tag k="building:levels" v="5"/>
  </way>
  <way id="350934856">
    <nd ref="3566500889"/>
    <nd ref="3566500890"/>
    <nd ref="3566500891"/>
    <nd ref="3566502597"/>
    <nd ref="3566500892"/>
    <nd ref="3566500889"/>
    <tag k="addr:housenumber" v="157"/>
    <tag k="addr:street" v="Middle Street"/>
    <tag k="building" v="commercial"/>
    <tag k="building:levels" v="4"/>
  </way>
  <way id="350934857">
    <nd ref="3566500891"/>
    <nd ref="3566502593"/>
    <nd ref="3566502594"/>
    <nd ref="3566500890"/>
    <nd ref="3566500891"/>
    <tag k="addr:city" v="Portland"/>
    <tag k="addr:housenumber" v="151"/>
    <tag k="addr:postcode" v="04101"/>
    <tag k="addr:state" v="ME"/>
    <tag k="addr:street" v="Middle Street"/>
    <tag k="building" v="commercial"/>
    <tag k="building:levels" v="3"/>
  </way>
  <way id="350934858">
    <nd ref="3566502593"/>
    <nd ref="3566502595"/>
    <nd ref="3566502596"/>
    <nd ref="3566502594"/>
    <nd ref="3566502593"/>
    <tag k="addr:city" v="Portland"/>
    <tag k="addr:housenumber" v="60"/>
    <tag k="addr:postcode" v="04101"/>
    <tag k="addr:state" v="ME"/>
    <tag k="addr:street" v="Pearl Street"/>
    <tag k="building" v="commercial"/>
  </way>
  <way id="350934859">
    <nd ref="3566502597"/>
    <nd ref="3566502598"/>
    <nd ref="3566502599"/>
    <nd ref="3566500887"/>
    <nd ref="3566500886"/>
    <nd ref="3566500892"/>
    <nd ref="3566502597"/>
    <tag k="addr:city" v="Portland"/>
    <tag k="addr:housenumber" v="77"/>
    <tag k="addr:postcode" v="04101"/>
    <tag k="addr:state" v="ME"/>
    <tag k="addr:street" v="Market Street"/>
    <tag k="building" v="commercial"/>
    <tag k="building:levels" v="4"/>
  </way>
  <way id="350934860">
    <nd ref="3566502600"/>
    <nd ref="3566502601"/>
    <nd ref="3566502602"/>
    <nd ref="3566502603"/>
    <nd ref="3566502604"/>
    <nd ref="3566502605"/>
    <nd ref="3566502600"/>
    <tag k="addr:housenumber" v="156"/>
    <tag k="addr:street" v="Federal Street"/>
    <tag k="amenity" v="courthouse"/>
    <tag k="building" v="yes"/>
    <tag k="name" v="Edward T. Gignoux U.S. Courthouse"/>
    <tag k="wikidata" v="Q5345531"/>
    <tag k="wikipedia" v="en:Edward T. Gignoux United States Courthouse"/>
  </way>
  <way id="350934861">
    <nd ref="3566502606"/>
    <nd ref="3566502607"/>
    <nd ref="3566502608"/>
    <nd ref="3566502609"/>
    <nd ref="3566502610"/>
    <nd ref="3566502611"/>
    <nd ref="3566502612"/>
    <nd ref="3566502613"/>
    <nd ref="3566502614"/>
    <nd ref="3566502615"/>
    <nd ref="3566502616"/>
    <nd ref="3566502617"/>
    <nd ref="3566502606"/>
    <tag k="addr:housenumber" v="142"/>
    <tag k="addr:street" v="Federal Street"/>
    <tag k="amenity" v="courthouse"/>
    <tag k="building" v="yes"/>
    <tag k="name" v="Cumberland County Courthouse"/>
  </way>
  <way id="350934862">
    <nd ref="3566502618"/>
    <nd ref="3566502619"/>
    <nd ref="3566502620"/>
    <nd ref="3566502621"/>
    <nd ref="3566502618"/>
    <tag k="addr:city" v="Portland"/>
    <tag k="addr:housenumber" v="141"/>
    <tag k="addr:postcode" v="04101"/>
    <tag k="addr:state" v="ME"/>
    <tag k="addr:street" v="Middle Street"/>
    <tag k="building" v="commercial"/>
    <tag k="building:levels" v="4"/>
  </way>
  <way id="350934863">
    <nd ref="3566502621"/>
    <nd ref="3566502622"/>
    <nd ref="3566502623"/>
    <nd ref="3566502620"/>
    <nd ref="3566502621"/>
    <tag k="building" v="commercial"/>
    <tag k="building:levels" v="3"/>
  </way>
  <way id="350934864">
    <nd ref="3566502624"/>
    <nd ref="3566502625"/>
    <nd ref="3566502626"/>
    <nd ref="3566502627"/>
    <nd ref="3566502624"/>
    <tag k="addr:city" v="Portland"/>
    <tag k="addr:housenumber" v="121"/>
    <tag k="addr:postcode" v="04101"/>
    <tag k="addr:state" v="ME"/>
    <tag k="addr:street" v="Middle Street"/>
    <tag k="building" v="commercial"/>
    <tag k="building:levels" v="4"/>
  </way>
  <way id="350934865">
    <nd ref="3566502628"/>
    <nd ref="3566502629"/>
    <tag k="highway" v="service"/>
    <tag k="name" v="Garden Lane"/>
    <tag k="service" v="alley"/>
    <tag k="surface" v="asphalt"/>
  </way>
  <way id="350934866">
    <nd ref="3481857470"/>
    <nd ref="3481857469"/>
    <nd ref="3481857468"/>
    <nd ref="3481857453"/>
    <nd ref="3481857457"/>
    <nd ref="3566502630"/>
    <nd ref="3481857463"/>
    <nd ref="3481857470"/>
    <tag k="leisure" v="park"/>
  </way>
  <way id="350934867">
    <nd ref="3566502630"/>
    <nd ref="3566502631"/>
    <tag k="highway" v="steps"/>
    <tag k="layer" v="-1"/>
  </way>
  <way id="350934871">
    <nd ref="3566502650"/>
    <nd ref="3566502651"/>
    <nd ref="3566502652"/>
    <nd ref="3566502653"/>
    <nd ref="3566502654"/>
    <nd ref="3566502655"/>
    <nd ref="3566502658"/>
    <nd ref="3566502656"/>
    <nd ref="3566502660"/>
    <nd ref="3566502661"/>
    <nd ref="3566502657"/>
    <nd ref="3566502659"/>
    <nd ref="3566502658"/>
    <tag k="highway" v="service"/>
    <tag k="service" v="parking_aisle"/>
    <tag k="surface" v="asphalt"/>
  </way>
  <way id="350934872">
    <nd ref="3566502659"/>
    <nd ref="3566502660"/>
    <tag k="highway" v="service"/>
    <tag k="service" v="parking_aisle"/>
  </way>
  <way id="350934873">
    <nd ref="3566502651"/>
    <nd ref="3566502662"/>
    <nd ref="3566502663"/>
    <nd ref="3566502664"/>
    <nd ref="3566502665"/>
    <nd ref="3566502666"/>
    <nd ref="3566502667"/>
    <nd ref="3566502668"/>
    <nd ref="3566502673"/>
    <nd ref="3566502670"/>
    <tag k="highway" v="service"/>
    <tag k="service" v="parking_aisle"/>
  </way>
  <way id="350934874">
    <nd ref="3566502670"/>
    <nd ref="3566502671"/>
    <nd ref="3566502672"/>
    <nd ref="3566502673"/>
    <tag k="highway" v="service"/>
    <tag k="service" v="parking_aisle"/>
  </way>
  <way id="351242885">
    <nd ref="101387982"/>
    <nd ref="6842510014"/>
    <nd ref="101387973"/>
    <nd ref="11408530579"/>
    <tag k="highway" v="residential"/>
    <tag k="name" v="Monument Way"/>
    <tag k="oneway" v="yes"/>
    <tag k="source" v="NAIP imagery"/>
    <tag k="tiger:cfcc" v="A41"/>
    <tag k="tiger:county" v="Cumberland, ME"/>
    <tag k="tiger:name_base" v="Federal"/>
    <tag k="tiger:name_type" v="St"/>
    <tag k="tiger:reviewed" v="no"/>
    <tag k="tiger:zip_left" v="04101"/>
  </way>
  <way id="351242890">
    <nd ref="3569956296"/>
    <nd ref="3569956297"/>
    <nd ref="8006565575"/>
    <nd ref="3569956298"/>
    <nd ref="3569956320"/>
    <nd ref="3569956299"/>
    <nd ref="3569956300"/>
    <nd ref="3569956296"/>
    <tag k="addr:city" v="Portland"/>
    <tag k="addr:housenumber" v="15"/>
    <tag k="addr:postcode" v="04101"/>
    <tag k="addr:state" v="ME"/>
    <tag k="addr:street" v="Temple Street"/>
    <tag k="amenity" v="parking"/>
    <tag k="building" v="yes"/>
    <tag k="fee" v="yes"/>
    <tag k="parking" v="multi-storey"/>
  </way>
  <way id="351242893">
    <nd ref="3569956301"/>
    <nd ref="3569956302"/>
    <nd ref="3569956303"/>
    <nd ref="3284137951"/>
    <nd ref="3569956301"/>
    <tag k="addr:city" v="Portland"/>
    <tag k="addr:housenumber" v="2"/>
    <tag k="addr:postcode" v="04101"/>
    <tag k="addr:state" v="ME"/>
    <tag k="addr:street" v="City Center"/>
    <tag k="building" v="commercial"/>
    <tag k="building:levels" v="5"/>
  </way>
  <way id="351242895">
    <nd ref="3569956301"/>
    <nd ref="3569956304"/>
    <nd ref="3569956305"/>
    <nd ref="3569956306"/>
    <nd ref="3569956302"/>
    <nd ref="3569956301"/>
    <tag k="addr:city" v="Portland"/>
    <tag k="addr:housenumber" v="4"/>
    <tag k="addr:postcode" v="04101"/>
    <tag k="addr:state" v="ME"/>
    <tag k="addr:street" v="City Center"/>
    <tag k="building" v="commercial"/>
    <tag k="building:levels" v="5"/>
  </way>
  <way id="351242896">
    <nd ref="3569956304"/>
    <nd ref="3569956307"/>
    <nd ref="3569956316"/>
    <nd ref="3569956308"/>
    <nd ref="3569956309"/>
    <nd ref="3569956310"/>
    <nd ref="3569956311"/>
    <nd ref="3569956312"/>
    <nd ref="3569956313"/>
    <nd ref="3569956305"/>
    <nd ref="3569956304"/>
    <tag k="addr:city" v="Portland"/>
    <tag k="addr:housenumber" v="6"/>
    <tag k="addr:postcode" v="04101"/>
    <tag k="addr:state" v="ME"/>
    <tag k="addr:street" v="City Center"/>
    <tag k="building" v="commercial"/>
    <tag k="building:levels" v="5"/>
  </way>
  <way id="351242897">
    <nd ref="3569956307"/>
    <nd ref="3569956314"/>
    <nd ref="3569956315"/>
    <nd ref="3569956316"/>
    <nd ref="3569956307"/>
    <tag k="addr:city" v="Portland"/>
    <tag k="addr:housenumber" v="10"/>
    <tag k="addr:postcode" v="04101"/>
    <tag k="addr:state" v="ME"/>
    <tag k="addr:street" v="City Center"/>
    <tag k="building" v="commercial"/>
    <tag k="building:levels" v="4"/>
  </way>
  <way id="351242899">
    <nd ref="3569956314"/>
    <nd ref="3284137950"/>
    <nd ref="3569956317"/>
    <nd ref="3569956318"/>
    <nd ref="3569956319"/>
    <nd ref="3569956315"/>
    <nd ref="3569956314"/>
    <tag k="addr:city" v="Portland"/>
    <tag k="addr:housenumber" v="12"/>
    <tag k="addr:postcode" v="04101"/>
    <tag k="addr:state" v="ME"/>
    <tag k="addr:street" v="City Center"/>
    <tag k="building" v="commercial"/>
  </way>
  <way id="351242900">
    <nd ref="3569956320"/>
    <nd ref="3569956327"/>
    <nd ref="3569956321"/>
    <nd ref="3569956322"/>
    <nd ref="3569956323"/>
    <nd ref="3569956298"/>
    <nd ref="3569956320"/>
    <tag k="addr:city" v="Portland"/>
    <tag k="addr:housenumber" v="1"/>
    <tag k="addr:postcode" v="04101"/>
    <tag k="addr:state" v="ME"/>
    <tag k="addr:street" v="Temple Street"/>
    <tag k="amenity" v="cinema"/>
    <tag k="building" v="yes"/>
    <tag k="name" v="Nickelodeon Cinemas"/>
    <tag k="wikidata" v="Q42564713"/>
  </way>
  <way id="351242901">
    <nd ref="3569956324"/>
    <nd ref="3569956325"/>
    <nd ref="3569956328"/>
    <nd ref="3569956326"/>
    <nd ref="3569956322"/>
    <nd ref="3569956321"/>
    <nd ref="3569956327"/>
    <nd ref="3569956324"/>
    <tag k="addr:city" v="Portland"/>
    <tag k="addr:housenumber" v="193"/>
    <tag k="addr:postcode" v="04101"/>
    <tag k="addr:state" v="ME"/>
    <tag k="addr:street" v="Middle Street"/>
    <tag k="building" v="commercial"/>
    <tag k="building:levels" v="4"/>
  </way>
  <way id="351242902">
    <nd ref="3569956328"/>
    <nd ref="3569956329"/>
    <nd ref="3569956330"/>
    <nd ref="3569956326"/>
    <nd ref="3569956328"/>
    <tag k="addr:city" v="Portland"/>
    <tag k="addr:housenumber" v="191"/>
    <tag k="addr:postcode" v="04101"/>
    <tag k="addr:state" v="ME"/>
    <tag k="addr:street" v="Middle Street"/>
    <tag k="building" v="commercial"/>
    <tag k="building:levels" v="4"/>
  </way>
  <way id="351242903">
    <nd ref="3569956331"/>
    <nd ref="3569956332"/>
    <nd ref="3569956329"/>
    <nd ref="3569956330"/>
    <nd ref="3490011344"/>
    <nd ref="3490011343"/>
    <nd ref="3569956331"/>
    <tag k="addr:city" v="Portland"/>
    <tag k="addr:housenumber" v="183"/>
    <tag k="addr:postcode" v="04101"/>
    <tag k="addr:state" v="ME"/>
    <tag k="addr:street" v="Middle Street"/>
    <tag k="building" v="commercial"/>
    <tag k="building:levels" v="4"/>
  </way>
  <way id="368084276">
    <nd ref="367794870"/>
    <nd ref="3719454386"/>
    <nd ref="6991007142"/>
    <nd ref="3719454387"/>
    <nd ref="3719454388"/>
    <nd ref="3719454389"/>
    <nd ref="3719454390"/>
    <nd ref="3719454391"/>
    <nd ref="3719454392"/>
    <nd ref="3719454393"/>
    <nd ref="3719454394"/>
    <nd ref="3719454395"/>
    <nd ref="3719454396"/>
    <nd ref="3719454397"/>
    <nd ref="3719454398"/>
    <nd ref="3719454399"/>
    <nd ref="3719454400"/>
    <nd ref="3719454401"/>
    <nd ref="3719454402"/>
    <nd ref="3719454403"/>
    <nd ref="3719454404"/>
    <nd ref="3719454405"/>
    <nd ref="3719454406"/>
    <nd ref="3719454407"/>
    <nd ref="3719454408"/>
    <nd ref="3719454409"/>
    <nd ref="3719454410"/>
    <nd ref="3719454411"/>
    <nd ref="3719454412"/>
    <nd ref="367794870"/>
    <tag k="addr:city" v="Portland"/>
    <tag k="addr:housenumber" v="1"/>
    <tag k="addr:place" v="Civic Center Square"/>
    <tag k="addr:postcode" v="04101"/>
    <tag k="addr:state" v="ME"/>
    <tag k="alt_name" v="Cumberland County Civic Center"/>
    <tag k="building" v="civic"/>
    <tag k="ele" v="24"/>
    <tag k="gnis:feature_id" v="1912336"/>
    <tag k="leisure" v="arena"/>
    <tag k="name" v="Cross Insurance Arena"/>
    <tag k="phone" v="+1-207-775-3458"/>
    <tag k="source" v="USGS Geonames"/>
    <tag k="website" v="http://www.theciviccenter.com/"/>
    <tag k="wikidata" v="Q145530"/>
    <tag k="wikipedia" v="en:Cross Insurance Arena"/>
  </way>
  <way id="368202513">
    <nd ref="3720603561"/>
    <nd ref="3720603562"/>
    <nd ref="3720603563"/>
    <nd ref="3720603564"/>
    <nd ref="3720603565"/>
    <nd ref="3720603566"/>
    <nd ref="3720603567"/>
    <nd ref="3720603568"/>
    <nd ref="3720603569"/>
    <nd ref="3720603570"/>
    <nd ref="3720603571"/>
    <nd ref="3720603572"/>
    <nd ref="3720603573"/>
    <nd ref="3720603574"/>
    <nd ref="3720603575"/>
    <nd ref="3720603576"/>
    <nd ref="3720603561"/>
    <tag k="addr:city" v="Portland"/>
    <tag k="addr:housenumber" v="468"/>
    <tag k="addr:postcode" v="04101"/>
    <tag k="addr:state" v="ME"/>
    <tag k="addr:street" v="Fore Street"/>
    <tag k="building" v="yes"/>
    <tag k="name" v="Portland Harbor Hotel"/>
    <tag k="phone" v="+1-207-775-9090"/>
    <tag k="smoking" v="no"/>
    <tag k="tourism" v="hotel"/>
    <tag k="website" v="https://www.portlandharborhotel.com/"/>
  </way>
  <way id="368202514">
    <nd ref="3720603577"/>
    <nd ref="3720603578"/>
    <nd ref="3720603579"/>
    <nd ref="3720603580"/>
    <nd ref="3720603581"/>
    <nd ref="3720603577"/>
    <tag k="addr:city" v="Portland"/>
    <tag k="addr:housenumber" v="470"/>
    <tag k="addr:postcode" v="04101"/>
    <tag k="addr:state" v="ME"/>
    <tag k="addr:street" v="Fore Street"/>
    <tag k="building" v="commercial"/>
  </way>
  <way id="368202515">
    <nd ref="3720603561"/>
    <nd ref="3720603577"/>
    <nd ref="3720603581"/>
    <nd ref="3720603576"/>
    <nd ref="3720603561"/>
    <tag k="addr:city" v="Portland"/>
    <tag k="addr:postcode" v="04101"/>
    <tag k="addr:state" v="ME"/>
    <tag k="addr:street" v="Fore Street"/>
    <tag k="building" v="yes"/>
  </way>
  <way id="368213297">
    <nd ref="3720704956"/>
    <nd ref="3720704957"/>
    <nd ref="3720704958"/>
    <nd ref="3720704959"/>
    <nd ref="3720704960"/>
    <nd ref="3720704956"/>
    <tag k="addr:city" v="Portland"/>
    <tag k="addr:housenumber" v="80;86"/>
    <tag k="addr:postcode" v="04101"/>
    <tag k="addr:state" v="ME"/>
    <tag k="addr:street" v="Exchange Street"/>
    <tag k="building" v="yes"/>
  </way>
  <way id="368213298">
    <nd ref="3720704960"/>
    <nd ref="3720704959"/>
    <nd ref="3720704961"/>
    <nd ref="3720704962"/>
    <nd ref="3720704960"/>
    <tag k="addr:city" v="Portland"/>
    <tag k="addr:housenumber" v="88;90"/>
    <tag k="addr:postcode" v="04101"/>
    <tag k="addr:state" v="ME"/>
    <tag k="addr:street" v="Exchange Street"/>
    <tag k="building" v="yes"/>
  </way>
  <way id="368213299">
    <nd ref="3720704962"/>
    <nd ref="3720704961"/>
    <nd ref="3720704963"/>
    <nd ref="3720704964"/>
    <nd ref="3720704962"/>
    <tag k="addr:city" v="Portland"/>
    <tag k="addr:housenumber" v="92"/>
    <tag k="addr:postcode" v="04101"/>
    <tag k="addr:state" v="ME"/>
    <tag k="addr:street" v="Exchange Street"/>
    <tag k="building" v="commercial"/>
  </way>
  <way id="368213300">
    <nd ref="3720704965"/>
    <nd ref="3720704966"/>
    <nd ref="3720704967"/>
    <nd ref="3720704968"/>
    <nd ref="3720704969"/>
    <nd ref="3720704965"/>
    <tag k="addr:city" v="Portland"/>
    <tag k="addr:housenumber" v="390"/>
    <tag k="addr:postcode" v="04101"/>
    <tag k="addr:state" v="ME"/>
    <tag k="addr:street" v="Congress Street"/>
    <tag k="building" v="yes"/>
    <tag k="name" v="The Press Hotel"/>
    <tag k="phone" v="+1-207-808-8800"/>
    <tag k="tourism" v="hotel"/>
    <tag k="website" v="https://www.marriott.com/hotels/travel/pwmak-the-press-hotel-autograph-collection/"/>
  </way>
  <way id="368214604">
    <nd ref="3720711013"/>
    <nd ref="330121089"/>
    <nd ref="330121090"/>
    <nd ref="3720711014"/>
    <nd ref="3720711015"/>
    <nd ref="3720711016"/>
    <nd ref="3720711017"/>
    <nd ref="3720711018"/>
    <nd ref="3720711019"/>
    <nd ref="3720711020"/>
    <nd ref="3720711021"/>
    <nd ref="3720711022"/>
    <nd ref="3720711023"/>
    <nd ref="3720711013"/>
    <tag k="addr:city" v="Portland"/>
    <tag k="addr:housenumber" v="20"/>
    <tag k="addr:postcode" v="04101"/>
    <tag k="addr:state" v="ME"/>
    <tag k="addr:street" v="Myrtle Street"/>
    <tag k="amenity" v="theatre"/>
    <tag k="building" v="yes"/>
    <tag k="name" v="Merrill Auditorium"/>
    <tag k="phone" v="+1-207-842-0800"/>
    <tag k="website" v="https://www.merrillauditorium.net/"/>
    <tag k="wikidata" v="Q6820160"/>
    <tag k="wikipedia" v="en:Merrill Auditorium"/>
  </way>
  <way id="368382448">
    <nd ref="3722250088"/>
    <nd ref="3722250089"/>
    <nd ref="3722250090"/>
    <nd ref="3722250091"/>
    <nd ref="3722250092"/>
    <nd ref="3722250093"/>
    <nd ref="3722250088"/>
    <tag k="addr:city" v="Portland"/>
    <tag k="addr:housenumber" v="176"/>
    <tag k="addr:postcode" v="04101"/>
    <tag k="addr:state" v="ME"/>
    <tag k="addr:street" v="Exchange Street"/>
    <tag k="amenity" v="cafe"/>
    <tag k="brand" v="Starbucks"/>
    <tag k="brand:wikidata" v="Q37158"/>
    <tag k="building" v="yes"/>
    <tag k="cuisine" v="coffee_shop"/>
    <tag k="internet_access" v="wlan"/>
    <tag k="name" v="Starbucks"/>
    <tag k="official_name" v="Starbucks Coffee"/>
    <tag k="phone" v="+1-207-761-2797"/>
    <tag k="smoking" v="no"/>
    <tag k="takeaway" v="yes"/>
  </way>
  <way id="368382449">
    <nd ref="3722250094"/>
    <nd ref="3722250095"/>
    <nd ref="3471401405"/>
    <nd ref="3471401408"/>
    <nd ref="3722250097"/>
    <nd ref="8688650041"/>
    <nd ref="3722250098"/>
    <nd ref="3722250099"/>
    <nd ref="3722250100"/>
    <nd ref="3722250094"/>
    <tag k="addr:city" v="Portland"/>
    <tag k="addr:housenumber" v="188"/>
    <tag k="addr:postcode" v="04101"/>
    <tag k="addr:state" v="ME"/>
    <tag k="addr:street" v="Middle Street"/>
    <tag k="building" v="yes"/>
  </way>
  <way id="368382450">
    <nd ref="3722250094"/>
    <nd ref="3722250100"/>
    <nd ref="3722250101"/>
    <nd ref="3722250102"/>
    <nd ref="3722250103"/>
    <nd ref="3722250094"/>
    <tag k="addr:city" v="Portland"/>
    <tag k="addr:housenumber" v="184"/>
    <tag k="addr:postcode" v="04101"/>
    <tag k="addr:state" v="ME"/>
    <tag k="addr:street" v="Middle Street"/>
    <tag k="building" v="yes"/>
  </way>
  <way id="368382451">
    <nd ref="3722250103"/>
    <nd ref="3722250088"/>
    <nd ref="3722250093"/>
    <nd ref="3722250104"/>
    <nd ref="3722250105"/>
    <nd ref="3722250106"/>
    <nd ref="3722250107"/>
    <nd ref="3722250102"/>
    <nd ref="3722250103"/>
    <tag k="addr:city" v="Portland"/>
    <tag k="addr:housenumber" v="178;180;182"/>
    <tag k="addr:postcode" v="04101"/>
    <tag k="addr:state" v="ME"/>
    <tag k="addr:street" v="Middle Street"/>
    <tag k="building" v="yes"/>
  </way>
  <way id="368382452">
    <nd ref="3722250090"/>
    <nd ref="3722250108"/>
    <nd ref="3722250121"/>
    <nd ref="3722250109"/>
    <nd ref="3722250110"/>
    <nd ref="3722250111"/>
    <nd ref="3722250091"/>
    <nd ref="3722250090"/>
    <tag k="addr:city" v="Portland"/>
    <tag k="addr:housenumber" v="58"/>
    <tag k="addr:postcode" v="04101"/>
    <tag k="addr:state" v="ME"/>
    <tag k="addr:street" v="Exchange Street"/>
    <tag k="building" v="yes"/>
  </way>
  <way id="368382453">
    <nd ref="3722250108"/>
    <nd ref="3722250112"/>
    <nd ref="3722250113"/>
    <nd ref="3722250114"/>
    <nd ref="3722250115"/>
    <nd ref="3722250116"/>
    <nd ref="3722250117"/>
    <nd ref="3722250118"/>
    <nd ref="3722250119"/>
    <nd ref="3722250120"/>
    <nd ref="3722250121"/>
    <nd ref="3722250108"/>
    <tag k="addr:city" v="Portland"/>
    <tag k="addr:housenumber" v="52"/>
    <tag k="addr:postcode" v="04101"/>
    <tag k="addr:state" v="ME"/>
    <tag k="addr:street" v="Exchange Street"/>
    <tag k="building" v="yes"/>
  </way>
  <way id="368382454">
    <nd ref="3722250113"/>
    <nd ref="3722250112"/>
    <nd ref="3722250122"/>
    <nd ref="3722250123"/>
    <nd ref="3722250113"/>
    <tag k="addr:city" v="Portland"/>
    <tag k="addr:housenumber" v="50"/>
    <tag k="addr:postcode" v="04101"/>
    <tag k="addr:state" v="ME"/>
    <tag k="addr:street" v="Exchange Street"/>
    <tag k="building" v="yes"/>
  </way>
  <way id="368383228">
    <nd ref="3471401434"/>
    <nd ref="3471401440"/>
    <nd ref="3722261931"/>
    <nd ref="3722261928"/>
    <nd ref="3471401437"/>
    <nd ref="3471401434"/>
    <tag k="addr:city" v="Portland"/>
    <tag k="addr:housenumber" v="377"/>
    <tag k="addr:postcode" v="04101"/>
    <tag k="addr:state" v="ME"/>
    <tag k="addr:street" v="Fore Street"/>
    <tag k="building" v="commercial"/>
  </way>
  <way id="368383229">
    <nd ref="3722261928"/>
    <nd ref="3722261929"/>
    <nd ref="3723983285"/>
    <nd ref="3722261930"/>
    <nd ref="3722261931"/>
    <nd ref="3722261928"/>
    <tag k="addr:city" v="Portland"/>
    <tag k="addr:housenumber" v="375"/>
    <tag k="addr:postcode" v="04101"/>
    <tag k="addr:state" v="ME"/>
    <tag k="addr:street" v="Fore Street"/>
    <tag k="amenity" v="pub"/>
    <tag k="building" v="yes"/>
    <tag k="name" v="Bull Feeneys"/>
    <tag k="phone" v="+1-207-773-7210"/>
    <tag k="smoking" v="no"/>
  </way>
  <way id="368537467">
    <nd ref="3723983283"/>
    <nd ref="3723983286"/>
    <nd ref="3723983284"/>
    <nd ref="3722261929"/>
    <nd ref="3723983285"/>
    <nd ref="3723983283"/>
    <tag k="addr:city" v="Portland"/>
    <tag k="addr:housenumber" v="371"/>
    <tag k="addr:postcode" v="04101"/>
    <tag k="addr:state" v="ME"/>
    <tag k="addr:street" v="Fore Street"/>
    <tag k="building" v="commercial"/>
  </way>
  <way id="368537468">
    <nd ref="3723983286"/>
    <nd ref="3723983287"/>
    <nd ref="3723983288"/>
    <nd ref="3723983289"/>
    <nd ref="3723983290"/>
    <nd ref="3723983284"/>
    <nd ref="3723983286"/>
    <tag k="building" v="yes"/>
  </way>
  <way id="368537469">
    <nd ref="3723983286"/>
    <nd ref="3723983287"/>
    <nd ref="3723983291"/>
    <nd ref="3723983283"/>
    <nd ref="3723983286"/>
    <tag k="building" v="yes"/>
  </way>
  <way id="368537470">
    <nd ref="3723983292"/>
    <nd ref="3722261930"/>
    <nd ref="3723983285"/>
    <nd ref="3723983283"/>
    <nd ref="3723983291"/>
    <nd ref="3723983293"/>
    <nd ref="5481067796"/>
    <nd ref="3723983292"/>
    <tag k="addr:city" v="Portland"/>
    <tag k="addr:housenumber" v="30"/>
    <tag k="addr:postcode" v="04101"/>
    <tag k="addr:state" v="ME"/>
    <tag k="addr:street" v="Market Street"/>
    <tag k="amenity" v="restaurant"/>
    <tag k="building" v="commercial"/>
    <tag k="cuisine" v="pizza"/>
    <tag k="delivery" v="yes"/>
    <tag k="name" v="Pat's Pizza"/>
    <tag k="phone" v="+1-207-699-4455"/>
    <tag k="takeaway" v="yes"/>
    <tag k="website" v="https://www.patspizzaoldport.com/"/>
  </way>
  <way id="369595517">
    <nd ref="3733695633"/>
    <nd ref="3733695634"/>
    <nd ref="3733695635"/>
    <nd ref="3733695636"/>
    <nd ref="3733695637"/>
    <nd ref="3733695638"/>
    <nd ref="3733695639"/>
    <nd ref="3733695640"/>
    <nd ref="3733695641"/>
    <nd ref="3733695642"/>
    <nd ref="3733695643"/>
    <nd ref="3733695644"/>
    <nd ref="3733695645"/>
    <nd ref="3733695646"/>
    <nd ref="3733695647"/>
    <nd ref="3733695648"/>
    <nd ref="3733695649"/>
    <nd ref="3733695650"/>
    <nd ref="3733695633"/>
    <tag k="addr:city" v="Portland"/>
    <tag k="addr:housenumber" v="290"/>
    <tag k="addr:postcode" v="04101"/>
    <tag k="addr:state" v="ME"/>
    <tag k="addr:street" v="Congress Street"/>
    <tag k="building" v="retail"/>
    <tag k="name" v="Congress Plaza Shopping Center"/>
    <tag k="shop" v="mall"/>
  </way>
  <way id="369945311">
    <nd ref="3736800565"/>
    <nd ref="3736800566"/>
    <nd ref="3736800567"/>
    <nd ref="3736800568"/>
    <nd ref="3736800569"/>
    <nd ref="3736800570"/>
    <nd ref="3736800571"/>
    <nd ref="3736800572"/>
    <nd ref="3736800573"/>
    <nd ref="3736800574"/>
    <nd ref="3736800575"/>
    <nd ref="3736800576"/>
    <nd ref="3736800565"/>
    <tag k="addr:city" v="Portland"/>
    <tag k="addr:housenumber" v="45;43"/>
    <tag k="addr:postcode" v="04101"/>
    <tag k="addr:state" v="ME"/>
    <tag k="addr:street" v="Cedar Street"/>
    <tag k="building" v="apartments"/>
  </way>
  <way id="369945313">
    <nd ref="3736800585"/>
    <nd ref="3736800586"/>
    <nd ref="3736800587"/>
    <nd ref="3736800588"/>
    <nd ref="3736800589"/>
    <nd ref="3736800590"/>
    <nd ref="3736800591"/>
    <nd ref="3736800592"/>
    <nd ref="3736800593"/>
    <nd ref="3736800594"/>
    <nd ref="3736800595"/>
    <nd ref="3736800596"/>
    <nd ref="3736800585"/>
    <tag k="addr:city" v="Portland"/>
    <tag k="addr:housenumber" v="213"/>
    <tag k="addr:postcode" v="04101"/>
    <tag k="addr:state" v="ME"/>
    <tag k="addr:street" v="Oxford Street"/>
    <tag k="building" v="apartments"/>
  </way>
  <way id="378227153">
    <nd ref="3816325343"/>
    <nd ref="3816325344"/>
    <nd ref="3816325345"/>
    <nd ref="3816325346"/>
    <nd ref="3816325347"/>
    <nd ref="3816325348"/>
    <nd ref="3816325349"/>
    <nd ref="3816325350"/>
    <nd ref="3816325351"/>
    <nd ref="3816325352"/>
    <nd ref="3816325353"/>
    <nd ref="3816325354"/>
    <nd ref="3816325355"/>
    <nd ref="3816325356"/>
    <nd ref="3816325957"/>
    <nd ref="3816325958"/>
    <nd ref="3816325959"/>
    <nd ref="3816325960"/>
    <nd ref="3816325961"/>
    <nd ref="3816325962"/>
    <nd ref="3816325963"/>
    <nd ref="3816325964"/>
    <nd ref="3816325965"/>
    <nd ref="3816325966"/>
    <nd ref="3816325343"/>
    <tag k="addr:city" v="Portland"/>
    <tag k="addr:housenumber" v="15"/>
    <tag k="addr:postcode" v="04101"/>
    <tag k="addr:state" v="ME"/>
    <tag k="addr:street" v="Chestnut Street"/>
    <tag k="amenity" v="bar"/>
    <tag k="building" v="church"/>
    <tag k="historic" v="church"/>
    <tag k="name" v="Grace"/>
    <tag k="note" v="A former church from the 1880s turned into a bar"/>
    <tag k="phone" v="+1-207-828-4422"/>
    <tag k="smoking" v="no"/>
    <tag k="website" v="https://www.restaurantgrace.com/"/>
    <tag k="wikidata" v="Q5094004"/>
    <tag k="wikipedia" v="en:Chestnut Street Methodist Church (Portland, Maine)"/>
  </way>
  <way id="378227154">
    <nd ref="3816325967"/>
    <nd ref="3816325968"/>
    <nd ref="3816325969"/>
    <nd ref="3816325970"/>
    <nd ref="3816325971"/>
    <nd ref="3816325972"/>
    <nd ref="3816325973"/>
    <nd ref="3816325974"/>
    <nd ref="3816325975"/>
    <nd ref="3816325976"/>
    <nd ref="3816325977"/>
    <nd ref="3816325978"/>
    <nd ref="3816325967"/>
    <tag k="addr:city" v="Portland"/>
    <tag k="addr:housenumber" v="29"/>
    <tag k="addr:postcode" v="04101"/>
    <tag k="addr:state" v="ME"/>
    <tag k="addr:street" v="Chestnut Street"/>
    <tag k="building" v="apartments"/>
    <tag k="name" v="Chestnut Street Lofts"/>
  </way>
  <way id="378230937">
    <nd ref="3816356996"/>
    <nd ref="3816356997"/>
    <nd ref="3816356998"/>
    <nd ref="3816356999"/>
    <nd ref="3816357000"/>
    <nd ref="3816357001"/>
    <nd ref="3816357002"/>
    <nd ref="3816357003"/>
    <nd ref="3816356996"/>
    <tag k="addr:city" v="Portland"/>
    <tag k="addr:housenumber" v="337"/>
    <tag k="addr:postcode" v="04101"/>
    <tag k="addr:state" v="ME"/>
    <tag k="addr:street" v="Cumberland Avenue"/>
    <tag k="amenity" v="restaurant"/>
    <tag k="building" v="yes"/>
    <tag k="cuisine" v="italian"/>
    <tag k="fixme" v="Maria's has moved to 1335 Congress St"/>
    <tag k="name" v="Maria's"/>
    <tag k="phone" v="+1-207-772-9232"/>
    <tag k="smoking" v="no"/>
    <tag k="website" v="http://www.mariasrestaurant.com/"/>
  </way>
  <way id="390342663">
    <nd ref="3935023375"/>
    <nd ref="3935023376"/>
    <nd ref="3935023377"/>
    <nd ref="3935023378"/>
    <nd ref="3935023379"/>
    <nd ref="3935023380"/>
    <nd ref="3935023381"/>
    <nd ref="3935023382"/>
    <nd ref="3935023383"/>
    <nd ref="3935023384"/>
    <nd ref="3935023385"/>
    <nd ref="3935023386"/>
    <nd ref="3935023375"/>
    <tag k="addr:city" v="Portland"/>
    <tag k="addr:housenumber" v="130"/>
    <tag k="addr:postcode" v="04101"/>
    <tag k="addr:state" v="ME"/>
    <tag k="addr:street" v="Middle Street"/>
    <tag k="addr:unit" v="5"/>
    <tag k="building" v="commercial"/>
  </way>
  <way id="398076940">
    <nd ref="4008592581"/>
    <nd ref="8328785101"/>
    <nd ref="8328785102"/>
    <nd ref="8328785103"/>
    <nd ref="8328785104"/>
    <nd ref="4008592582"/>
    <nd ref="8328785105"/>
    <nd ref="8328785107"/>
    <nd ref="8328785106"/>
    <nd ref="8328785108"/>
    <nd ref="8328785109"/>
    <nd ref="8328786818"/>
    <nd ref="4008592583"/>
    <nd ref="8328785110"/>
    <nd ref="8328785111"/>
    <nd ref="8328785113"/>
    <nd ref="4008592584"/>
    <nd ref="4008592585"/>
    <nd ref="8328785112"/>
    <nd ref="4008592586"/>
    <nd ref="4008592587"/>
    <nd ref="4008592588"/>
    <nd ref="4008592689"/>
    <nd ref="4008592690"/>
    <nd ref="8328785114"/>
    <nd ref="4008592581"/>
    <tag k="addr:city" v="Portland"/>
    <tag k="addr:housenumber" v="380"/>
    <tag k="addr:postcode" v="04101"/>
    <tag k="addr:state" v="ME"/>
    <tag k="addr:street" v="Congress Street"/>
    <tag k="amenity" v="fire_station"/>
    <tag k="building" v="yes"/>
    <tag k="emergency" v="ambulance_station"/>
    <tag k="name" v="Portland Fire Department Central Fire Station"/>
    <tag k="phone" v="+1-207-874-8400"/>
    <tag k="website" v="https://www.portlandmaine.gov/190/Fire"/>
    <tag k="wikidata" v="Q97191828"/>
    <tag k="wikipedia" v="en:Central Fire Station (Portland, Maine)"/>
  </way>
  <way id="401685977">
    <nd ref="4040974781"/>
    <nd ref="4040974782"/>
    <nd ref="4040974783"/>
    <nd ref="4040974784"/>
    <nd ref="4040974785"/>
    <nd ref="4040974786"/>
    <nd ref="4040974787"/>
    <nd ref="4040974788"/>
    <nd ref="4040976889"/>
    <nd ref="4040976890"/>
    <nd ref="4040976892"/>
    <nd ref="4040976893"/>
    <nd ref="4040976895"/>
    <nd ref="4040976896"/>
    <nd ref="4040976897"/>
    <nd ref="4040976898"/>
    <nd ref="4040976899"/>
    <nd ref="4040976900"/>
    <nd ref="4040976901"/>
    <nd ref="4040976902"/>
    <nd ref="4040976903"/>
    <nd ref="4107732701"/>
    <nd ref="4040974781"/>
    <tag k="addr:city" v="Portland"/>
    <tag k="addr:housenumber" v="53"/>
    <tag k="addr:postcode" v="04101"/>
    <tag k="addr:state" v="ME"/>
    <tag k="addr:street" v="Brown Street"/>
    <tag k="amenity" v="parking"/>
    <tag k="building" v="yes"/>
    <tag k="fee" v="yes"/>
    <tag k="name" v="Monument Square Parking Garage"/>
    <tag k="parking" v="multi-storey"/>
  </way>
  <way id="401685978">
    <nd ref="4040976904"/>
    <nd ref="4040976905"/>
    <nd ref="4040976906"/>
    <nd ref="4040976907"/>
    <nd ref="4040976904"/>
    <tag k="addr:city" v="Portland"/>
    <tag k="addr:housenumber" v="38"/>
    <tag k="addr:postcode" v="04101"/>
    <tag k="addr:state" v="ME"/>
    <tag k="addr:street" v="Preble Street"/>
    <tag k="amenity" v="social_facility"/>
    <tag k="building" v="yes"/>
    <tag k="name" v="Preble Street - Joe Kreisler Teen Shelter"/>
    <tag k="phone" v="+1-207-775-0026"/>
    <tag k="social_facility" v="shelter"/>
    <tag k="social_facility:for" v="homeless"/>
    <tag k="wheelchair" v="yes"/>
  </way>
  <way id="401870935">
    <nd ref="101513700"/>
    <nd ref="11904362445"/>
    <nd ref="101691920"/>
    <nd ref="3548009615"/>
    <nd ref="101691918"/>
    <nd ref="6839144556"/>
    <nd ref="101691916"/>
    <tag k="cycleway:both" v="no"/>
    <tag k="highway" v="residential"/>
    <tag k="name" v="Chestnut Street"/>
    <tag k="oneway" v="yes"/>
    <tag k="tiger:cfcc" v="A41"/>
    <tag k="tiger:county" v="Cumberland, ME"/>
    <tag k="tiger:name_base" v="Chestnut"/>
    <tag k="tiger:name_type" v="St"/>
    <tag k="tiger:reviewed" v="yes"/>
  </way>
  <way id="403522098">
    <nd ref="4058710506"/>
    <nd ref="6794055006"/>
    <nd ref="6794055005"/>
    <nd ref="6794055007"/>
    <nd ref="4058710507"/>
    <nd ref="4058710508"/>
    <nd ref="4058710509"/>
    <nd ref="4058710510"/>
    <nd ref="4058710511"/>
    <nd ref="4058710512"/>
    <nd ref="4058710513"/>
    <nd ref="4058710514"/>
    <nd ref="4058710515"/>
    <nd ref="4058710516"/>
    <nd ref="4058710517"/>
    <nd ref="4058710518"/>
    <nd ref="4058710519"/>
    <nd ref="4058710520"/>
    <nd ref="4058710521"/>
    <nd ref="4058710522"/>
    <nd ref="4058710506"/>
    <tag k="addr:city" v="Portland"/>
    <tag k="addr:housenumber" v="211"/>
    <tag k="addr:postcode" v="04101"/>
    <tag k="addr:state" v="ME"/>
    <tag k="addr:street" v="Cumberland Avenue"/>
    <tag k="building" v="apartments"/>
    <tag k="name" v="Franklin Towers"/>
    <tag k="note" v="Tallest building in Maine"/>
    <tag k="wikidata" v="Q4283171"/>
    <tag k="wikipedia" v="en:Franklin Towers"/>
  </way>
  <way id="408615853">
    <nd ref="358231787"/>
    <nd ref="4105119845"/>
    <nd ref="4105119846"/>
    <nd ref="4105119847"/>
    <nd ref="4105119848"/>
    <nd ref="4105119849"/>
    <nd ref="4105119850"/>
    <nd ref="4105119851"/>
    <nd ref="4105119852"/>
    <nd ref="4105119853"/>
    <nd ref="4105119854"/>
    <nd ref="4105119855"/>
    <nd ref="4105119856"/>
    <nd ref="4105119857"/>
    <nd ref="4105119858"/>
    <nd ref="4105119859"/>
    <nd ref="4105119860"/>
    <nd ref="4105119861"/>
    <nd ref="4105119862"/>
    <nd ref="4105119863"/>
    <nd ref="4105119864"/>
    <nd ref="4105119865"/>
    <nd ref="4105119866"/>
    <nd ref="4105119867"/>
    <nd ref="4105119868"/>
    <nd ref="4105119869"/>
    <nd ref="4105119870"/>
    <nd ref="4105119871"/>
    <nd ref="4105127293"/>
    <nd ref="4105119872"/>
    <nd ref="4105119873"/>
    <nd ref="4105119874"/>
    <nd ref="4105119875"/>
    <nd ref="4105119876"/>
    <nd ref="4105119877"/>
    <nd ref="4105119878"/>
    <nd ref="4105119879"/>
    <nd ref="4105119880"/>
    <nd ref="4105119881"/>
    <nd ref="4105119882"/>
    <nd ref="4105119883"/>
    <nd ref="4105119884"/>
    <nd ref="4105119885"/>
    <nd ref="4105119886"/>
    <nd ref="4105119887"/>
    <nd ref="4105119888"/>
    <nd ref="4105127289"/>
    <nd ref="4105127290"/>
    <nd ref="4105127291"/>
    <nd ref="4105127292"/>
    <nd ref="358231787"/>
    <tag k="addr:city" v="Portland"/>
    <tag k="addr:housenumber" v="307"/>
    <tag k="addr:postcode" v="04101"/>
    <tag k="addr:state" v="ME"/>
    <tag k="addr:street" v="Congress Street"/>
    <tag k="amenity" v="place_of_worship"/>
    <tag k="building" v="cathedral"/>
    <tag k="denomination" v="roman_catholic"/>
    <tag k="diocese" v="Portland ME"/>
    <tag k="fax" v="+1 207-879-5547"/>
    <tag k="gnis:feature_id" v="1912277"/>
    <tag k="name" v="Cathedral of the Immaculate Conception"/>
    <tag k="phone" v="+1 207-773-7746"/>
    <tag k="religion" v="christian"/>
    <tag k="wikidata" v="Q5052449"/>
    <tag k="wikipedia" v="en:Cathedral of the Immaculate Conception (Portland, Maine)"/>
  </way>
  <way id="408680765">
    <nd ref="4105832555"/>
    <nd ref="8328719500"/>
    <nd ref="4105832556"/>
    <nd ref="8328719475"/>
    <nd ref="8328719476"/>
    <nd ref="8328719477"/>
    <nd ref="8328719501"/>
    <nd ref="4105832558"/>
    <nd ref="4105832559"/>
    <nd ref="4105832560"/>
    <nd ref="4105832561"/>
    <nd ref="8328719482"/>
    <nd ref="4105832562"/>
    <nd ref="8328719498"/>
    <nd ref="4105832563"/>
    <nd ref="4105832564"/>
    <nd ref="4105832565"/>
    <nd ref="4105832566"/>
    <nd ref="4105832567"/>
    <nd ref="8328719481"/>
    <nd ref="4105832555"/>
    <tag k="addr:city" v="Portland"/>
    <tag k="addr:housenumber" v="400"/>
    <tag k="addr:postcode" v="04101"/>
    <tag k="addr:state" v="ME"/>
    <tag k="addr:street" v="Congress Street"/>
    <tag k="building" v="office"/>
  </way>
  <way id="408862740">
    <nd ref="4107732698"/>
    <nd ref="4107732699"/>
    <nd ref="4107732700"/>
    <nd ref="4107732701"/>
    <nd ref="4040974781"/>
    <nd ref="4107732698"/>
    <tag k="building" v="yes"/>
  </way>
  <way id="408896814">
    <nd ref="4108013696"/>
    <nd ref="4108013697"/>
    <nd ref="4108013698"/>
    <nd ref="4108013699"/>
    <nd ref="4108013696"/>
    <tag k="building" v="yes"/>
  </way>
  <way id="408896816">
    <nd ref="3471401487"/>
    <nd ref="4108013700"/>
    <nd ref="4108013701"/>
    <nd ref="4108013702"/>
    <nd ref="3471401489"/>
    <nd ref="3471401488"/>
    <nd ref="3471401487"/>
    <tag k="building" v="yes"/>
  </way>
  <way id="408896843">
    <nd ref="4108014306"/>
    <nd ref="4108014307"/>
    <nd ref="4108014308"/>
    <nd ref="4108014309"/>
    <nd ref="4108014310"/>
    <nd ref="4108014311"/>
    <nd ref="4108014312"/>
    <nd ref="4108014313"/>
    <nd ref="4108014306"/>
    <tag k="addr:city" v="Portland"/>
    <tag k="addr:housenumber" v="317"/>
    <tag k="addr:postcode" v="04101"/>
    <tag k="addr:state" v="ME"/>
    <tag k="addr:street" v="Congress Street"/>
    <tag k="building" v="yes"/>
  </way>
  <way id="408896845">
    <nd ref="4108014314"/>
    <nd ref="4108014315"/>
    <nd ref="4108014316"/>
    <nd ref="4108014317"/>
    <nd ref="4108014318"/>
    <nd ref="4108014319"/>
    <nd ref="4108014320"/>
    <nd ref="4108014321"/>
    <nd ref="4108014322"/>
    <nd ref="4108014323"/>
    <nd ref="4108014324"/>
    <nd ref="4108014325"/>
    <nd ref="4108014314"/>
    <tag k="building" v="yes"/>
  </way>
  <way id="415378018">
    <nd ref="4164165453"/>
    <nd ref="4164165454"/>
    <nd ref="4164165455"/>
    <nd ref="4164165456"/>
    <nd ref="4164165457"/>
    <nd ref="4164165458"/>
    <nd ref="4164165459"/>
    <nd ref="4164165460"/>
    <nd ref="4164165453"/>
    <tag k="addr:city" v="Portland"/>
    <tag k="addr:housenumber" v="221;223;225"/>
    <tag k="addr:postcode" v="04101"/>
    <tag k="addr:state" v="ME"/>
    <tag k="addr:street" v="Cumberland Avenue"/>
    <tag k="building" v="apartments"/>
  </way>
  <way id="415378019">
    <nd ref="4164165461"/>
    <nd ref="4164165462"/>
    <nd ref="4164165463"/>
    <nd ref="4164165464"/>
    <nd ref="4164165465"/>
    <nd ref="4164165466"/>
    <nd ref="4164165467"/>
    <nd ref="4164165468"/>
    <nd ref="4164165469"/>
    <nd ref="4164165470"/>
    <nd ref="4164165471"/>
    <nd ref="4164165472"/>
    <nd ref="4164165473"/>
    <nd ref="4164165474"/>
    <nd ref="4164165461"/>
    <tag k="addr:city" v="Portland"/>
    <tag k="addr:housenumber" v="227;229"/>
    <tag k="addr:postcode" v="04101"/>
    <tag k="addr:state" v="ME"/>
    <tag k="addr:street" v="Cumberland Avenue"/>
    <tag k="building" v="apartments"/>
  </way>
  <way id="415378020">
    <nd ref="4164165475"/>
    <nd ref="4164165476"/>
    <nd ref="4164165477"/>
    <nd ref="4164165478"/>
    <nd ref="4164165479"/>
    <nd ref="4164165480"/>
    <nd ref="4164165481"/>
    <nd ref="4164165482"/>
    <nd ref="4164165475"/>
    <tag k="addr:city" v="Portland"/>
    <tag k="addr:housenumber" v="231"/>
    <tag k="addr:postcode" v="04101"/>
    <tag k="addr:state" v="ME"/>
    <tag k="addr:street" v="Cumberland Avenue"/>
    <tag k="building" v="apartments"/>
  </way>
  <way id="415378021">
    <nd ref="4164165483"/>
    <nd ref="4164165484"/>
    <nd ref="4164165485"/>
    <nd ref="4164165486"/>
    <nd ref="4164165487"/>
    <nd ref="4164165488"/>
    <nd ref="4164165483"/>
    <tag k="addr:city" v="Portland"/>
    <tag k="addr:housenumber" v="235"/>
    <tag k="addr:postcode" v="04101"/>
    <tag k="addr:state" v="ME"/>
    <tag k="addr:street" v="Cumberland Avenue"/>
    <tag k="building" v="apartments"/>
  </way>
  <way id="415378022">
    <nd ref="4164165489"/>
    <nd ref="4164165490"/>
    <nd ref="4164165491"/>
    <nd ref="4164165492"/>
    <nd ref="4164165493"/>
    <nd ref="4164165489"/>
    <tag k="addr:city" v="Portland"/>
    <tag k="addr:housenumber" v="241"/>
    <tag k="addr:postcode" v="04101"/>
    <tag k="addr:state" v="ME"/>
    <tag k="addr:street" v="Cumberland Avenue"/>
    <tag k="building" v="apartments"/>
  </way>
  <way id="415378023">
    <nd ref="4164165497"/>
    <nd ref="4164165498"/>
    <nd ref="4164165499"/>
    <nd ref="4164165500"/>
    <nd ref="4164165501"/>
    <nd ref="4164165502"/>
    <nd ref="4164165503"/>
    <nd ref="4164165504"/>
    <nd ref="4164165505"/>
    <nd ref="4164165506"/>
    <nd ref="4164165507"/>
    <nd ref="4164165508"/>
    <nd ref="4164165509"/>
    <nd ref="4164165510"/>
    <nd ref="4164165511"/>
    <nd ref="4164165512"/>
    <nd ref="4164165497"/>
    <tag k="addr:city" v="Portland"/>
    <tag k="addr:housenumber" v="243"/>
    <tag k="addr:postcode" v="04101"/>
    <tag k="addr:state" v="ME"/>
    <tag k="addr:street" v="Cumberland Avenue"/>
    <tag k="amenity" v="place_of_worship"/>
    <tag k="building" v="yes"/>
    <tag k="name" v="First Assembly of God Church"/>
    <tag k="phone" v="+1-207-774-2415"/>
    <tag k="religion" v="christian"/>
    <tag k="website" v="https://www.firstassemblyportland.com/"/>
  </way>
  <way id="415378024">
    <nd ref="4164165513"/>
    <nd ref="4164165514"/>
    <nd ref="4164165515"/>
    <nd ref="4164165516"/>
    <nd ref="4164165517"/>
    <nd ref="4164165518"/>
    <nd ref="4164165519"/>
    <nd ref="4164165520"/>
    <nd ref="4164165521"/>
    <nd ref="4164165522"/>
    <nd ref="4164165523"/>
    <nd ref="4164165524"/>
    <nd ref="4164165525"/>
    <nd ref="4164165513"/>
    <tag k="addr:city" v="Portland"/>
    <tag k="addr:housenumber" v="251;253"/>
    <tag k="addr:postcode" v="04101"/>
    <tag k="addr:state" v="ME"/>
    <tag k="addr:street" v="Cumberland Avenue"/>
    <tag k="building" v="apartments"/>
  </way>
  <way id="415378025">
    <nd ref="4164165526"/>
    <nd ref="4164165527"/>
    <nd ref="4164165528"/>
    <nd ref="4164165529"/>
    <nd ref="4164165530"/>
    <nd ref="4164165531"/>
    <nd ref="4164165532"/>
    <nd ref="4164165533"/>
    <nd ref="4164165534"/>
    <nd ref="4164165526"/>
    <tag k="addr:city" v="Portland"/>
    <tag k="addr:housenumber" v="263"/>
    <tag k="addr:postcode" v="04101"/>
    <tag k="addr:state" v="ME"/>
    <tag k="addr:street" v="Cumberland Avenue"/>
    <tag k="building" v="apartments"/>
  </way>
  <way id="415378026">
    <nd ref="4164165535"/>
    <nd ref="4164165536"/>
    <nd ref="4164165537"/>
    <nd ref="4164165538"/>
    <nd ref="4164165539"/>
    <nd ref="4164165540"/>
    <nd ref="4164165541"/>
    <nd ref="4164165542"/>
    <nd ref="4164165543"/>
    <nd ref="4164165544"/>
    <nd ref="4164165545"/>
    <nd ref="4164165546"/>
    <nd ref="4164165547"/>
    <nd ref="4164165548"/>
    <nd ref="4164165549"/>
    <nd ref="4164165550"/>
    <nd ref="4164165551"/>
    <nd ref="4164165535"/>
    <tag k="addr:city" v="Portland"/>
    <tag k="addr:housenumber" v="271;273"/>
    <tag k="addr:postcode" v="04101"/>
    <tag k="addr:state" v="ME"/>
    <tag k="addr:street" v="Cumberland Avenue"/>
    <tag k="building" v="apartments"/>
  </way>
  <way id="415378027">
    <nd ref="4164165552"/>
    <nd ref="4164165553"/>
    <nd ref="4164165554"/>
    <nd ref="4164165555"/>
    <nd ref="4164165552"/>
    <tag k="addr:city" v="Portland"/>
    <tag k="addr:housenumber" v="43"/>
    <tag k="addr:postcode" v="04101"/>
    <tag k="addr:state" v="ME"/>
    <tag k="addr:street" v="Myrtle Street"/>
    <tag k="building" v="apartments"/>
  </way>
  <way id="415378028">
    <nd ref="4164165556"/>
    <nd ref="4164165557"/>
    <nd ref="4164165558"/>
    <nd ref="4164165559"/>
    <nd ref="4164165560"/>
    <nd ref="4164165561"/>
    <nd ref="4164165562"/>
    <nd ref="4164165563"/>
    <nd ref="4164165564"/>
    <nd ref="4164165565"/>
    <nd ref="4164165566"/>
    <nd ref="4164165567"/>
    <nd ref="4164165556"/>
    <tag k="addr:city" v="Portland"/>
    <tag k="addr:housenumber" v="44"/>
    <tag k="addr:postcode" v="04101"/>
    <tag k="addr:state" v="ME"/>
    <tag k="addr:street" v="Myrtle Street"/>
    <tag k="building" v="apartments"/>
  </way>
  <way id="415378029">
    <nd ref="4164165568"/>
    <nd ref="4164165569"/>
    <nd ref="4164165570"/>
    <nd ref="4164165571"/>
    <nd ref="4164165572"/>
    <nd ref="4164165573"/>
    <nd ref="4164165574"/>
    <nd ref="4164165575"/>
    <nd ref="4164165576"/>
    <nd ref="4164165577"/>
    <nd ref="4164165578"/>
    <nd ref="4164165579"/>
    <nd ref="4164165580"/>
    <nd ref="4164165581"/>
    <nd ref="4164165568"/>
    <tag k="addr:city" v="Portland"/>
    <tag k="addr:housenumber" v="52"/>
    <tag k="addr:postcode" v="04101"/>
    <tag k="addr:state" v="ME"/>
    <tag k="addr:street" v="Myrtle Street"/>
    <tag k="building" v="apartments"/>
  </way>
  <way id="415378030">
    <nd ref="101337190"/>
    <nd ref="101337191"/>
    <nd ref="101337194"/>
    <nd ref="101691922"/>
    <tag k="highway" v="service"/>
    <tag k="service" v="alley"/>
  </way>
  <way id="415378031">
    <nd ref="101606552"/>
    <nd ref="101337190"/>
    <tag k="highway" v="residential"/>
    <tag k="name" v="Stone Street"/>
    <tag k="oneway" v="yes"/>
    <tag k="tiger:cfcc" v="A41"/>
    <tag k="tiger:county" v="Cumberland, ME"/>
    <tag k="tiger:name_base" v="Stone"/>
    <tag k="tiger:name_type" v="St"/>
    <tag k="tiger:reviewed" v="no"/>
    <tag k="tiger:zip_left" v="04101"/>
    <tag k="tiger:zip_right" v="04101"/>
  </way>
  <way id="415378033">
    <nd ref="4164165586"/>
    <nd ref="4164165587"/>
    <nd ref="4164165588"/>
    <nd ref="4164165589"/>
    <nd ref="4164165590"/>
    <nd ref="4164165591"/>
    <nd ref="4164165586"/>
    <tag k="addr:city" v="Portland"/>
    <tag k="addr:housenumber" v="29"/>
    <tag k="addr:postcode" v="04101"/>
    <tag k="addr:state" v="ME"/>
    <tag k="addr:street" v="Stone Street"/>
    <tag k="alt_name" v="Stone Street Playground"/>
    <tag k="leisure" v="playground"/>
    <tag k="name" v="Stone Street Playground"/>
  </way>
  <way id="415378280">
    <nd ref="4164166701"/>
    <nd ref="4164166702"/>
    <nd ref="4164166703"/>
    <nd ref="4164166704"/>
    <nd ref="4164166705"/>
    <nd ref="4164166706"/>
    <nd ref="4164166707"/>
    <nd ref="4164166708"/>
    <nd ref="4164166709"/>
    <nd ref="4164166710"/>
    <nd ref="4164166711"/>
    <nd ref="4164166712"/>
    <nd ref="4164166701"/>
    <tag k="addr:city" v="Portland"/>
    <tag k="addr:housenumber" v="255"/>
    <tag k="addr:postcode" v="04101"/>
    <tag k="addr:state" v="ME"/>
    <tag k="addr:street" v="Cumberland Avenue"/>
    <tag k="addr:unit" v="1;2;3;4;5"/>
    <tag k="building" v="apartments"/>
  </way>
  <way id="415385771">
    <nd ref="4164245072"/>
    <nd ref="4164245073"/>
    <nd ref="4164245074"/>
    <nd ref="4164245075"/>
    <nd ref="4164245072"/>
    <tag k="addr:city" v="Portland"/>
    <tag k="addr:housenumber" v="142"/>
    <tag k="addr:postcode" v="04101"/>
    <tag k="addr:state" v="ME"/>
    <tag k="addr:street" v="Pearl Street"/>
    <tag k="building" v="yes"/>
  </way>
  <way id="415385772">
    <nd ref="4164245076"/>
    <nd ref="4164245077"/>
    <nd ref="4164245078"/>
    <nd ref="4164245079"/>
    <nd ref="4164245080"/>
    <nd ref="4164245081"/>
    <nd ref="4164245076"/>
    <tag k="addr:city" v="Portland"/>
    <tag k="addr:housenumber" v="151"/>
    <tag k="addr:postcode" v="04101"/>
    <tag k="addr:state" v="ME"/>
    <tag k="addr:street" v="Pearl Street"/>
    <tag k="building" v="apartments"/>
  </way>
  <way id="415385773">
    <nd ref="4164245082"/>
    <nd ref="4164245083"/>
    <nd ref="4164245084"/>
    <nd ref="4164245085"/>
    <nd ref="4164245086"/>
    <nd ref="4164245087"/>
    <nd ref="4164245088"/>
    <nd ref="4164245989"/>
    <nd ref="4164245990"/>
    <nd ref="4164245991"/>
    <nd ref="4164245992"/>
    <nd ref="4164245993"/>
    <nd ref="4164245994"/>
    <nd ref="4164245995"/>
    <nd ref="4164245996"/>
    <nd ref="4164245997"/>
    <nd ref="4164245998"/>
    <nd ref="4164245999"/>
    <nd ref="4164246000"/>
    <nd ref="4164246001"/>
    <nd ref="4164246002"/>
    <nd ref="4164246003"/>
    <nd ref="4164246004"/>
    <nd ref="4164246005"/>
    <nd ref="4164246006"/>
    <nd ref="4164246007"/>
    <nd ref="4164246008"/>
    <nd ref="4164245082"/>
    <tag k="addr:city" v="Portland"/>
    <tag k="addr:housenumber" v="158"/>
    <tag k="addr:postcode" v="04101"/>
    <tag k="addr:state" v="ME"/>
    <tag k="addr:street" v="Pearl Street"/>
    <tag k="building" v="apartments"/>
  </way>
  <way id="415385774">
    <nd ref="4164246009"/>
    <nd ref="4164246010"/>
    <nd ref="4164246011"/>
    <nd ref="4164246012"/>
    <nd ref="4164246013"/>
    <nd ref="4164246014"/>
    <nd ref="4164246015"/>
    <nd ref="4164246016"/>
    <nd ref="4164246009"/>
    <tag k="addr:city" v="Portland"/>
    <tag k="addr:housenumber" v="161"/>
    <tag k="addr:postcode" v="04101"/>
    <tag k="addr:state" v="ME"/>
    <tag k="addr:street" v="Pearl Street"/>
    <tag k="building" v="apartments"/>
  </way>
  <way id="415385775">
    <nd ref="4164246017"/>
    <nd ref="4164246018"/>
    <nd ref="4164246019"/>
    <nd ref="4164246020"/>
    <nd ref="4164246021"/>
    <nd ref="4164246022"/>
    <nd ref="4164246023"/>
    <nd ref="4164246024"/>
    <nd ref="4164246025"/>
    <nd ref="4164246026"/>
    <nd ref="4164246027"/>
    <nd ref="4164246017"/>
    <tag k="addr:city" v="Portland"/>
    <tag k="addr:housenumber" v="164"/>
    <tag k="addr:postcode" v="04101"/>
    <tag k="addr:state" v="ME"/>
    <tag k="addr:street" v="Pearl Street"/>
    <tag k="building" v="apartments"/>
  </way>
  <way id="415385776">
    <nd ref="4164246065"/>
    <nd ref="4164246066"/>
    <nd ref="4164246067"/>
    <nd ref="4164246068"/>
    <nd ref="4164246069"/>
    <nd ref="4164246070"/>
    <nd ref="4164246065"/>
    <tag k="addr:city" v="Portland"/>
    <tag k="addr:housenumber" v="165"/>
    <tag k="addr:postcode" v="04101"/>
    <tag k="addr:state" v="ME"/>
    <tag k="addr:street" v="Pearl Street"/>
    <tag k="building" v="apartments"/>
  </way>
  <way id="415385777">
    <nd ref="4164246096"/>
    <nd ref="4164246133"/>
    <nd ref="4164246097"/>
    <nd ref="4164246098"/>
    <nd ref="4164246099"/>
    <nd ref="4164246100"/>
    <nd ref="4164246101"/>
    <nd ref="4164246102"/>
    <nd ref="4164246103"/>
    <nd ref="4164246104"/>
    <nd ref="4164246105"/>
    <nd ref="4164246106"/>
    <nd ref="4164246107"/>
    <nd ref="4164246108"/>
    <nd ref="4164246109"/>
    <nd ref="4164246110"/>
    <nd ref="4164246111"/>
    <nd ref="4164246112"/>
    <nd ref="4164246113"/>
    <nd ref="4164246114"/>
    <nd ref="4164246115"/>
    <nd ref="4164246116"/>
    <nd ref="4164246117"/>
    <nd ref="4164246118"/>
    <nd ref="4164246096"/>
  </way>
  <way id="415385778">
    <nd ref="4164246121"/>
    <nd ref="4164246122"/>
    <nd ref="4164246123"/>
    <nd ref="4164246124"/>
    <nd ref="4164246125"/>
    <nd ref="4164246126"/>
    <nd ref="4164246127"/>
    <nd ref="4164246128"/>
    <nd ref="4164246121"/>
    <tag k="addr:city" v="Portland"/>
    <tag k="addr:housenumber" v="140"/>
    <tag k="addr:postcode" v="04101"/>
    <tag k="addr:state" v="ME"/>
    <tag k="addr:street" v="Oxford Street"/>
    <tag k="building" v="apartments"/>
  </way>
  <way id="415385779">
    <nd ref="4164246129"/>
    <nd ref="4164246130"/>
    <nd ref="4164246131"/>
    <nd ref="4164246132"/>
    <nd ref="4164246129"/>
    <tag k="addr:city" v="Portland"/>
    <tag k="addr:housenumber" v="156"/>
    <tag k="addr:postcode" v="04101"/>
    <tag k="addr:state" v="ME"/>
    <tag k="addr:street" v="Oxford Street"/>
    <tag k="building" v="apartments"/>
  </way>
  <way id="415385780">
    <nd ref="4164246095"/>
    <nd ref="5443835908"/>
    <nd ref="4164246119"/>
    <nd ref="4164246120"/>
    <nd ref="4164246071"/>
    <nd ref="4164246072"/>
    <nd ref="4164246073"/>
    <nd ref="4164246074"/>
    <nd ref="4164246075"/>
    <nd ref="4164246076"/>
    <nd ref="4164246077"/>
    <nd ref="4164246078"/>
    <nd ref="4164246079"/>
    <nd ref="4164246080"/>
    <nd ref="4164246081"/>
    <nd ref="4164246082"/>
    <nd ref="4164246083"/>
    <nd ref="4164246084"/>
    <nd ref="4164246085"/>
    <nd ref="4164246086"/>
    <nd ref="4164246087"/>
    <nd ref="4164246088"/>
    <nd ref="4164246089"/>
    <nd ref="4164246090"/>
    <nd ref="4164246091"/>
    <nd ref="4164246092"/>
    <nd ref="4164246093"/>
    <nd ref="4164246094"/>
    <nd ref="5443835909"/>
    <nd ref="4164246134"/>
    <nd ref="4164246095"/>
    <tag k="addr:city" v="Portland"/>
    <tag k="addr:housenumber" v="180"/>
    <tag k="addr:postcode" v="04101"/>
    <tag k="addr:state" v="ME"/>
    <tag k="addr:street" v="Pearl Street"/>
  </way>
  <way id="415385782">
    <nd ref="4164246135"/>
    <nd ref="4164246136"/>
    <nd ref="4164246137"/>
    <nd ref="4164246138"/>
    <nd ref="4164246139"/>
    <nd ref="4164246140"/>
    <nd ref="4164246141"/>
    <nd ref="4164246142"/>
    <nd ref="4164246135"/>
    <tag k="amenity" v="parking"/>
  </way>
  <way id="415386740">
    <nd ref="4164251694"/>
    <nd ref="4164251695"/>
    <nd ref="4164251696"/>
    <nd ref="4164251697"/>
    <nd ref="4164251698"/>
    <nd ref="4164251699"/>
    <nd ref="4164251694"/>
    <tag k="addr:city" v="Portland"/>
    <tag k="addr:housenumber" v="43"/>
    <tag k="addr:postcode" v="04101"/>
    <tag k="addr:state" v="ME"/>
    <tag k="addr:street" v="Chapel Street"/>
    <tag k="building" v="apartments"/>
  </way>
  <way id="415386741">
    <nd ref="4164251700"/>
    <nd ref="4164251701"/>
    <nd ref="4164251702"/>
    <nd ref="4164251703"/>
    <nd ref="4164251704"/>
    <nd ref="4164251705"/>
    <nd ref="4164251706"/>
    <nd ref="4164251707"/>
    <nd ref="4164251700"/>
    <tag k="addr:city" v="Portland"/>
    <tag k="addr:housenumber" v="65"/>
    <tag k="addr:postcode" v="04101"/>
    <tag k="addr:state" v="ME"/>
    <tag k="addr:street" v="Myrtle Street"/>
    <tag k="building" v="apartments"/>
  </way>
  <way id="415386742">
    <nd ref="4164251708"/>
    <nd ref="4164251709"/>
    <nd ref="4164251710"/>
    <nd ref="4164251711"/>
    <nd ref="4164251712"/>
    <nd ref="4164251713"/>
    <nd ref="4164251714"/>
    <nd ref="4164251715"/>
    <nd ref="4164251708"/>
    <tag k="addr:city" v="Portland"/>
    <tag k="addr:housenumber" v="59"/>
    <tag k="addr:postcode" v="04101"/>
    <tag k="addr:state" v="ME"/>
    <tag k="addr:street" v="Myrtle Street"/>
    <tag k="building" v="apartments"/>
  </way>
  <way id="415386743">
    <nd ref="4164251716"/>
    <nd ref="4164251717"/>
    <nd ref="4164251718"/>
    <nd ref="4164251719"/>
    <nd ref="4164251720"/>
    <nd ref="4164251721"/>
    <nd ref="4164251727"/>
    <nd ref="4164251722"/>
    <nd ref="4164251723"/>
    <nd ref="4164251724"/>
    <nd ref="4164251725"/>
    <nd ref="4164251726"/>
    <nd ref="4164251716"/>
    <tag k="addr:city" v="Portland"/>
    <tag k="addr:housenumber" v="53;55"/>
    <tag k="addr:postcode" v="04101"/>
    <tag k="addr:state" v="ME"/>
    <tag k="addr:street" v="Myrtle Street"/>
    <tag k="building" v="apartments"/>
  </way>
  <way id="415386744">
    <nd ref="4164251728"/>
    <nd ref="4164251729"/>
    <nd ref="4164251730"/>
    <nd ref="4164251731"/>
    <nd ref="4164251732"/>
    <nd ref="4164251728"/>
    <tag k="addr:city" v="Portland"/>
    <tag k="addr:housenumber" v="51"/>
    <tag k="addr:postcode" v="04101"/>
    <tag k="addr:state" v="ME"/>
    <tag k="addr:street" v="Myrtle Street"/>
    <tag k="building" v="apartments"/>
  </way>
  <way id="425613792">
    <nd ref="4248965334"/>
    <nd ref="4248965337"/>
    <nd ref="12062178061"/>
    <nd ref="12062178060"/>
    <nd ref="4248965336"/>
    <nd ref="4248965335"/>
    <nd ref="4248965334"/>
    <tag k="garden:type" v="community"/>
    <tag k="leisure" v="garden"/>
    <tag k="name" v="Boyd Street Community Garden"/>
  </way>
  <way id="449795388">
    <nd ref="4467287306"/>
    <nd ref="4467287307"/>
    <nd ref="4467287308"/>
    <nd ref="4467287309"/>
    <nd ref="4467287306"/>
    <tag k="addr:city" v="Portland"/>
    <tag k="addr:housenumber" v="100"/>
    <tag k="addr:postcode" v="04101"/>
    <tag k="addr:state" v="ME"/>
    <tag k="addr:street" v="Silver Street"/>
    <tag k="building" v="yes"/>
  </way>
  <way id="449801331">
    <nd ref="6837275735"/>
    <nd ref="6837275732"/>
    <nd ref="6837275730"/>
    <nd ref="6837275729"/>
    <nd ref="358231734"/>
    <nd ref="6837275734"/>
    <nd ref="6837275733"/>
    <nd ref="6837275731"/>
    <nd ref="6837275735"/>
    <tag k="ele" v="4"/>
    <tag k="gnis:feature_id" v="1912194"/>
    <tag k="leisure" v="park"/>
    <tag k="name" v="Boothby Square"/>
  </way>
  <way id="452955179">
    <nd ref="4497692534"/>
    <nd ref="4497692535"/>
    <nd ref="4497692536"/>
    <nd ref="4497692537"/>
    <nd ref="4497692538"/>
    <nd ref="4497692539"/>
    <nd ref="4497692540"/>
    <nd ref="4497692541"/>
    <nd ref="4497692542"/>
    <nd ref="4497692543"/>
    <nd ref="4497692544"/>
    <nd ref="4497692545"/>
    <nd ref="4497692546"/>
    <nd ref="4497692547"/>
    <nd ref="4497692534"/>
    <tag k="access" v="permissive"/>
    <tag k="amenity" v="parking"/>
    <tag k="building" v="yes"/>
    <tag k="fee" v="yes"/>
    <tag k="name" v="Pearl Street Parking Garage"/>
    <tag k="supervised" v="yes"/>
  </way>
  <way id="452955180">
    <nd ref="4497692548"/>
    <nd ref="4497692549"/>
    <nd ref="4497692550"/>
    <nd ref="4497692551"/>
    <nd ref="4497692553"/>
    <nd ref="4497692555"/>
    <nd ref="4497692554"/>
    <nd ref="4497692552"/>
    <nd ref="4497692548"/>
    <tag k="addr:city" v="Portland"/>
    <tag k="addr:housenumber" v="31"/>
    <tag k="addr:postcode" v="04101"/>
    <tag k="addr:state" v="ME"/>
    <tag k="addr:street" v="Pearl Street"/>
    <tag k="building" v="commercial"/>
  </way>
  <way id="452955181">
    <nd ref="4497692556"/>
    <nd ref="4497692557"/>
    <nd ref="4497692570"/>
    <nd ref="4497692558"/>
    <nd ref="4497692559"/>
    <nd ref="4497692560"/>
    <nd ref="4497692561"/>
    <nd ref="4497692562"/>
    <nd ref="4497692563"/>
    <nd ref="4497692564"/>
    <nd ref="4497692565"/>
    <nd ref="4497692566"/>
    <nd ref="4497692569"/>
    <nd ref="4497692568"/>
    <nd ref="5481230201"/>
    <nd ref="4497692567"/>
    <nd ref="4497692556"/>
    <tag k="access" v="private"/>
    <tag k="amenity" v="parking"/>
    <tag k="name" v="Middle &amp; Pearl Parking"/>
  </way>
  <way id="452955287">
    <nd ref="4497693717"/>
    <nd ref="4497693718"/>
    <nd ref="4497693719"/>
    <nd ref="4497693720"/>
    <nd ref="4497693721"/>
    <nd ref="4497693722"/>
    <nd ref="4497693717"/>
    <tag k="amenity" v="parking"/>
  </way>
  <way id="458355465">
    <nd ref="4543808064"/>
    <nd ref="4543808065"/>
    <nd ref="4543808066"/>
    <nd ref="4543808067"/>
    <nd ref="4543808064"/>
    <tag k="addr:city" v="Portland"/>
    <tag k="addr:housenumber" v="446"/>
    <tag k="addr:postcode" v="04101"/>
    <tag k="addr:state" v="ME"/>
    <tag k="addr:street" v="Fore Street"/>
    <tag k="amenity" v="bar"/>
    <tag k="building" v="yes"/>
    <tag k="name" v="Pearl Tap House"/>
    <tag k="opening_hours" v="Mo-Sa 16:00-25:00"/>
    <tag k="phone" v="+1-207-523-9600"/>
  </way>
  <way id="458355466">
    <nd ref="4543808067"/>
    <nd ref="4543808068"/>
    <nd ref="4543808069"/>
    <nd ref="4543808066"/>
    <nd ref="4543808067"/>
    <tag k="addr:city" v="Portland"/>
    <tag k="addr:housenumber" v="442"/>
    <tag k="addr:postcode" v="04101"/>
    <tag k="addr:state" v="ME"/>
    <tag k="addr:street" v="Fore Street"/>
    <tag k="amenity" v="nightclub"/>
    <tag k="building" v="yes"/>
    <tag k="name" v="Pearl Ultra Nightclub"/>
    <tag k="phone" v="+1-207-523-9600"/>
  </way>
  <way id="458355467">
    <nd ref="4543808068"/>
    <nd ref="4543808069"/>
    <nd ref="4543808072"/>
    <nd ref="4543808073"/>
    <nd ref="4543808068"/>
    <tag k="addr:city" v="Portland"/>
    <tag k="addr:housenumber" v="436"/>
    <tag k="addr:postcode" v="04101"/>
    <tag k="addr:state" v="ME"/>
    <tag k="addr:street" v="Fore Street"/>
    <tag k="amenity" v="pub"/>
    <tag k="building" v="yes"/>
    <tag k="name" v="Fore Play Sports Pub"/>
    <tag k="opening_hours" v="Mo-Fr 16:00-25:00; Sa-Su 11:00-25:00"/>
    <tag k="phone" v="+1-207-780-1111"/>
  </way>
  <way id="458355468">
    <nd ref="4543808073"/>
    <nd ref="4543808072"/>
    <nd ref="4543808076"/>
    <nd ref="4543833215"/>
    <nd ref="4543808073"/>
    <tag k="addr:city" v="Portland"/>
    <tag k="addr:housenumber" v="434"/>
    <tag k="addr:postcode" v="04101"/>
    <tag k="addr:state" v="ME"/>
    <tag k="addr:street" v="Fore Street"/>
    <tag k="amenity" v="ice_cream"/>
    <tag k="building" v="yes"/>
    <tag k="delivery" v="no"/>
    <tag k="name" v="Gorgeous Gelato"/>
    <tag k="opening_hours" v="Mo-Fr 09:00-22:00; Sa-Su 09:00-23:00"/>
    <tag k="phone" v="+1-207-699-4309"/>
  </way>
  <way id="458357482">
    <nd ref="4543833215"/>
    <nd ref="4543808076"/>
    <nd ref="4543833217"/>
    <nd ref="4543833218"/>
    <nd ref="4543833215"/>
    <tag k="addr:city" v="Portland"/>
    <tag k="addr:housenumber" v="432"/>
    <tag k="addr:postcode" v="04101"/>
    <tag k="addr:state" v="ME"/>
    <tag k="addr:street" v="Fore Street"/>
    <tag k="building" v="yes"/>
    <tag k="name" v="Blazin' Ace"/>
    <tag k="opening_hours" v="10:00-21:00"/>
    <tag k="phone" v="+1-207-871-8800"/>
    <tag k="shop" v="yes"/>
  </way>
  <way id="458357483">
    <nd ref="4543833218"/>
    <nd ref="4543833217"/>
    <nd ref="4543833221"/>
    <nd ref="4543833222"/>
    <nd ref="4543833218"/>
    <tag k="addr:city" v="Portland"/>
    <tag k="addr:housenumber" v="428"/>
    <tag k="addr:postcode" v="04101"/>
    <tag k="addr:state" v="ME"/>
    <tag k="addr:street" v="Fore Street"/>
    <tag k="building" v="commercial"/>
    <tag k="name" v="Life is Good"/>
    <tag k="opening_hours" v="10:00-21:00"/>
    <tag k="shop" v="clothes"/>
  </way>
  <way id="458357484">
    <nd ref="4543833223"/>
    <nd ref="4543833224"/>
    <nd ref="4543833225"/>
    <nd ref="4543833226"/>
    <nd ref="4543833223"/>
    <tag k="addr:city" v="Portland"/>
    <tag k="addr:housenumber" v="426"/>
    <tag k="addr:postcode" v="04101"/>
    <tag k="addr:state" v="ME"/>
    <tag k="addr:street" v="Fore Street"/>
    <tag k="building" v="yes"/>
    <tag k="name" v="East End Cupcakes"/>
    <tag k="opening_hours" v="10:30-18:30"/>
    <tag k="phone" v="+1-207-228-3304"/>
    <tag k="shop" v="pastry"/>
  </way>
  <way id="458357485">
    <nd ref="4543833227"/>
    <nd ref="4543833228"/>
    <nd ref="4543833229"/>
    <nd ref="4543833230"/>
    <nd ref="4543833227"/>
    <tag k="addr:city" v="Portland"/>
    <tag k="addr:housenumber" v="422"/>
    <tag k="addr:postcode" v="04101"/>
    <tag k="addr:state" v="ME"/>
    <tag k="addr:street" v="Fore Street"/>
    <tag k="building" v="yes"/>
    <tag k="name" v="Old Port Candy Co."/>
    <tag k="opening_hours" v="10:00-18:00"/>
    <tag k="phone" v="+1-207-772-0600"/>
    <tag k="shop" v="chocolate"/>
  </way>
  <way id="458357486">
    <nd ref="4543833230"/>
    <nd ref="4543833229"/>
    <nd ref="4543833233"/>
    <nd ref="4543833234"/>
    <nd ref="4543833230"/>
    <tag k="addr:city" v="Portland"/>
    <tag k="addr:housenumber" v="420"/>
    <tag k="addr:postcode" v="04101"/>
    <tag k="addr:state" v="ME"/>
    <tag k="addr:street" v="Fore Street"/>
    <tag k="amenity" v="fast_food"/>
    <tag k="building" v="yes"/>
    <tag k="check_date" v="2023-07-29"/>
    <tag k="name" v="Old Port Slice Bar"/>
    <tag k="opening_hours" v="11:00-26:00"/>
  </way>
  <way id="458357487">
    <nd ref="4543833235"/>
    <nd ref="4543833236"/>
    <nd ref="4543833233"/>
    <nd ref="4543833234"/>
    <nd ref="4543833235"/>
    <tag k="addr:city" v="Portland"/>
    <tag k="addr:housenumber" v="416"/>
    <tag k="addr:postcode" v="04101"/>
    <tag k="addr:state" v="ME"/>
    <tag k="addr:street" v="Fore Street"/>
    <tag k="amenity" v="pub"/>
    <tag k="building" v="yes"/>
    <tag k="check_date" v="2023-07-29"/>
    <tag k="name" v="Mash Tun"/>
  </way>
  <way id="460900779">
    <nd ref="101380832"/>
    <nd ref="4564848030"/>
    <nd ref="4564848031"/>
    <nd ref="4564848046"/>
    <nd ref="4564848032"/>
    <nd ref="4564848033"/>
    <nd ref="4564848038"/>
    <nd ref="4564848034"/>
    <nd ref="4564848035"/>
    <nd ref="4564848037"/>
    <nd ref="4564848036"/>
    <nd ref="4564848032"/>
    <tag k="highway" v="service"/>
    <tag k="service" v="parking_aisle"/>
  </way>
  <way id="460900780">
    <nd ref="4564848037"/>
    <nd ref="4564848038"/>
    <tag k="highway" v="service"/>
    <tag k="service" v="parking_aisle"/>
  </way>
  <way id="460900781">
    <nd ref="4564848046"/>
    <nd ref="4564848047"/>
    <tag k="highway" v="service"/>
    <tag k="service" v="parking_aisle"/>
  </way>
  <way id="460900782">
    <nd ref="4564848047"/>
    <nd ref="4564848048"/>
    <nd ref="4564848049"/>
    <nd ref="4564848050"/>
    <nd ref="4564848047"/>
    <tag k="highway" v="service"/>
    <tag k="oneway" v="yes"/>
    <tag k="service" v="parking_aisle"/>
  </way>
  <way id="460905310">
    <nd ref="4564883879"/>
    <nd ref="6563944436"/>
    <nd ref="4564883881"/>
    <nd ref="4564883887"/>
    <nd ref="4564884689"/>
    <nd ref="6563944434"/>
    <nd ref="4564883880"/>
    <tag k="highway" v="service"/>
    <tag k="service" v="parking_aisle"/>
  </way>
  <way id="460905312">
    <nd ref="4564883886"/>
    <nd ref="4564883887"/>
    <tag k="highway" v="service"/>
    <tag k="service" v="parking_aisle"/>
  </way>
  <way id="460905313">
    <nd ref="4564883888"/>
    <nd ref="4564884689"/>
    <tag k="highway" v="service"/>
    <tag k="service" v="parking_aisle"/>
  </way>
  <way id="460905729">
    <nd ref="4564887852"/>
    <nd ref="4564887853"/>
    <nd ref="4564887854"/>
    <tag k="highway" v="service"/>
    <tag k="service" v="parking_aisle"/>
  </way>
  <way id="460905730">
    <nd ref="3550865351"/>
    <nd ref="4564887855"/>
    <nd ref="4564887856"/>
    <nd ref="3550865367"/>
    <nd ref="3550865351"/>
    <tag k="amenity" v="parking"/>
  </way>
  <way id="460905731">
    <nd ref="4564887857"/>
    <nd ref="4564887859"/>
    <nd ref="4564887858"/>
    <tag k="highway" v="service"/>
    <tag k="service" v="parking_aisle"/>
  </way>
  <way id="460905732">
    <nd ref="4564887859"/>
    <nd ref="4564887862"/>
    <nd ref="4564887860"/>
    <nd ref="4564887861"/>
    <tag k="highway" v="service"/>
    <tag k="service" v="parking_aisle"/>
  </way>
  <way id="460905733">
    <nd ref="4564887862"/>
    <nd ref="4564887863"/>
    <tag k="highway" v="service"/>
    <tag k="service" v="parking_aisle"/>
  </way>
  <way id="460905734">
    <nd ref="4564887864"/>
    <nd ref="4564887865"/>
    <nd ref="4564887866"/>
    <tag k="highway" v="service"/>
    <tag k="service" v="parking_aisle"/>
  </way>
  <way id="460909218">
    <nd ref="4564915399"/>
    <nd ref="4564915400"/>
    <nd ref="4564915401"/>
    <tag k="highway" v="service"/>
    <tag k="oneway" v="yes"/>
    <tag k="service" v="parking_aisle"/>
  </way>
  <way id="460909219">
    <nd ref="4564915401"/>
    <nd ref="4564915402"/>
    <nd ref="4567160315"/>
    <tag k="highway" v="service"/>
    <tag k="oneway" v="yes"/>
    <tag k="service" v="parking_aisle"/>
  </way>
  <way id="460909220">
    <nd ref="4564915401"/>
    <nd ref="4564915417"/>
    <nd ref="4564915420"/>
    <nd ref="4564915415"/>
    <nd ref="4564915404"/>
    <tag k="highway" v="service"/>
    <tag k="service" v="parking_aisle"/>
  </way>
  <way id="460909221">
    <nd ref="4564915404"/>
    <nd ref="4564915405"/>
    <nd ref="4564915406"/>
    <nd ref="4564915407"/>
    <nd ref="4564915408"/>
    <nd ref="4564915404"/>
    <tag k="highway" v="service"/>
    <tag k="service" v="parking_aisle"/>
  </way>
  <way id="460909222">
    <nd ref="4564915409"/>
    <nd ref="4564915410"/>
    <nd ref="4564915416"/>
    <nd ref="4564915419"/>
    <nd ref="4564915411"/>
    <nd ref="4564915415"/>
    <nd ref="4564915412"/>
    <nd ref="4564915421"/>
    <nd ref="4564915418"/>
    <nd ref="4564915413"/>
    <nd ref="4564915414"/>
    <tag k="highway" v="service"/>
    <tag k="service" v="parking_aisle"/>
  </way>
  <way id="460909223">
    <nd ref="4564915416"/>
    <nd ref="4564915417"/>
    <nd ref="4564915418"/>
    <tag k="highway" v="service"/>
    <tag k="service" v="parking_aisle"/>
  </way>
  <way id="460909224">
    <nd ref="4564915419"/>
    <nd ref="4564915420"/>
    <nd ref="4564915421"/>
    <tag k="highway" v="service"/>
    <tag k="service" v="parking_aisle"/>
  </way>
  <way id="460909225">
    <nd ref="4564915412"/>
    <nd ref="4564915408"/>
    <tag k="highway" v="service"/>
    <tag k="service" v="parking_aisle"/>
    <tag k="surface" v="asphalt"/>
  </way>
  <way id="460910031">
    <nd ref="4564921193"/>
    <nd ref="4564921194"/>
    <nd ref="4564921195"/>
    <nd ref="4564921196"/>
    <nd ref="4564921197"/>
    <nd ref="4564882779"/>
    <nd ref="4564882780"/>
    <nd ref="4564882781"/>
    <nd ref="4564882782"/>
    <nd ref="4564882787"/>
    <nd ref="4564882788"/>
    <nd ref="4564921189"/>
    <nd ref="4564921190"/>
    <nd ref="4564921191"/>
    <nd ref="4564921192"/>
    <nd ref="4564882783"/>
    <nd ref="4564882784"/>
    <nd ref="4564882785"/>
    <nd ref="4564882786"/>
    <nd ref="4564921193"/>
    <tag k="natural" v="water"/>
    <tag k="water" v="pond"/>
  </way>
  <way id="460910477">
    <nd ref="4564926071"/>
    <nd ref="4564926073"/>
    <nd ref="4564926072"/>
    <tag k="highway" v="service"/>
    <tag k="service" v="parking_aisle"/>
  </way>
  <way id="460910478">
    <nd ref="4564926073"/>
    <nd ref="4564926074"/>
    <nd ref="4564926075"/>
    <tag k="highway" v="service"/>
    <tag k="service" v="parking_aisle"/>
  </way>
  <way id="460912244">
    <nd ref="4564937904"/>
    <nd ref="4564937905"/>
    <tag k="highway" v="service"/>
    <tag k="service" v="parking_aisle"/>
  </way>
  <way id="460912325">
    <nd ref="101606551"/>
    <nd ref="4564935268"/>
    <tag k="highway" v="service"/>
    <tag k="service" v="parking_aisle"/>
  </way>
  <way id="460912713">
    <nd ref="4564944876"/>
    <nd ref="4564944877"/>
    <nd ref="4564944878"/>
    <nd ref="4564944879"/>
    <nd ref="4564944880"/>
    <nd ref="4564944881"/>
    <nd ref="4564944882"/>
    <nd ref="4564944883"/>
    <nd ref="4564944884"/>
    <nd ref="4564944885"/>
    <nd ref="4564944886"/>
    <nd ref="4564944887"/>
    <nd ref="4564944888"/>
    <nd ref="4564944889"/>
    <nd ref="4564944890"/>
    <nd ref="4564944891"/>
    <nd ref="4564944892"/>
    <nd ref="4564944893"/>
    <nd ref="4564944894"/>
    <nd ref="4564944895"/>
    <nd ref="4564944896"/>
    <nd ref="4564944897"/>
    <nd ref="4564944898"/>
    <nd ref="4564944899"/>
    <nd ref="4564944876"/>
    <tag k="building" v="yes"/>
  </way>
  <way id="460912714">
    <nd ref="4564944900"/>
    <nd ref="4564944901"/>
    <nd ref="4564944902"/>
    <nd ref="4564944903"/>
    <nd ref="4564944904"/>
    <nd ref="4564944905"/>
    <nd ref="4564944900"/>
    <tag k="building" v="yes"/>
  </way>
  <way id="460912715">
    <nd ref="4564944906"/>
    <nd ref="4564944907"/>
    <nd ref="4564944908"/>
    <nd ref="4564944909"/>
    <nd ref="4564944906"/>
    <tag k="addr:city" v="Portland"/>
    <tag k="addr:housenumber" v="55"/>
    <tag k="addr:postcode" v="04101"/>
    <tag k="addr:state" v="ME"/>
    <tag k="addr:street" v="Chestnut Street"/>
    <tag k="building" v="yes"/>
  </way>
  <way id="460912716">
    <nd ref="4564944910"/>
    <nd ref="4564944911"/>
    <nd ref="4564944912"/>
    <nd ref="4564944913"/>
    <nd ref="4564944914"/>
    <nd ref="4564944915"/>
    <nd ref="4564944916"/>
    <nd ref="4564944917"/>
    <nd ref="4564944910"/>
    <tag k="addr:city" v="Portland"/>
    <tag k="addr:housenumber" v="51"/>
    <tag k="addr:postcode" v="04101"/>
    <tag k="addr:state" v="ME"/>
    <tag k="addr:street" v="Chestnut Street"/>
    <tag k="building" v="apartments"/>
  </way>
  <way id="460912717">
    <nd ref="4564944918"/>
    <nd ref="4564944919"/>
    <nd ref="4564944920"/>
    <nd ref="4564944921"/>
    <nd ref="4564944922"/>
    <nd ref="4564944923"/>
    <nd ref="4564944924"/>
    <nd ref="4564944925"/>
    <nd ref="4564944918"/>
    <tag k="addr:city" v="Portland"/>
    <tag k="addr:housenumber" v="49"/>
    <tag k="addr:postcode" v="04101"/>
    <tag k="addr:state" v="ME"/>
    <tag k="addr:street" v="Chestnut Street"/>
    <tag k="building" v="apartments"/>
  </way>
  <way id="460915652">
    <nd ref="4564970229"/>
    <nd ref="4564970230"/>
    <nd ref="4564970231"/>
    <nd ref="4564970232"/>
    <nd ref="4564970233"/>
    <nd ref="4564970234"/>
    <nd ref="4564970235"/>
    <nd ref="4564970236"/>
    <nd ref="4564970237"/>
    <nd ref="4564970238"/>
    <nd ref="4564970239"/>
    <nd ref="4564970240"/>
    <nd ref="4564970241"/>
    <nd ref="4564970229"/>
    <tag k="landuse" v="grass"/>
  </way>
  <way id="460915653">
    <nd ref="4564970242"/>
    <nd ref="4564970243"/>
    <nd ref="4564970244"/>
    <nd ref="4564970245"/>
    <nd ref="4564970246"/>
    <nd ref="4564970247"/>
    <nd ref="4564970248"/>
    <nd ref="4564970249"/>
    <nd ref="4564970250"/>
    <nd ref="4564970251"/>
    <nd ref="4564970252"/>
    <nd ref="4564970253"/>
    <nd ref="4564970254"/>
    <nd ref="4564970255"/>
    <nd ref="4564970256"/>
    <nd ref="4564970257"/>
    <nd ref="4564970258"/>
    <nd ref="4564970259"/>
    <nd ref="4564970260"/>
    <nd ref="4564970261"/>
    <nd ref="4564970262"/>
    <nd ref="4564970263"/>
    <nd ref="4564970264"/>
    <nd ref="4564970265"/>
    <nd ref="4564970266"/>
    <nd ref="4564970267"/>
    <nd ref="4564970268"/>
    <nd ref="4564970242"/>
    <tag k="landuse" v="grass"/>
  </way>
  <way id="460915761">
    <nd ref="4564974160"/>
    <nd ref="4564974161"/>
    <nd ref="4564974162"/>
    <nd ref="4564974163"/>
    <nd ref="4564974164"/>
    <nd ref="4564974165"/>
    <nd ref="4564974166"/>
    <nd ref="4564974167"/>
    <nd ref="4564974168"/>
    <nd ref="4564974169"/>
    <nd ref="4564974170"/>
    <nd ref="4564974171"/>
    <nd ref="4564974172"/>
    <nd ref="4564974173"/>
    <nd ref="4564974174"/>
    <nd ref="4564974175"/>
    <nd ref="4564974176"/>
    <nd ref="4564974177"/>
    <nd ref="4564974178"/>
    <nd ref="4564974179"/>
    <nd ref="4564974180"/>
    <nd ref="4564974181"/>
    <nd ref="4564974182"/>
    <nd ref="4564974183"/>
    <nd ref="4564974160"/>
    <tag k="landuse" v="grass"/>
  </way>
  <way id="461495920">
    <nd ref="101509497"/>
    <nd ref="7048145530"/>
    <nd ref="6843965457"/>
    <nd ref="101509506"/>
    <nd ref="101509510"/>
    <tag k="busway" v="right_lane"/>
    <tag k="cycleway:right" v="lane"/>
    <tag k="highway" v="secondary"/>
    <tag k="lanes" v="2"/>
    <tag k="maxspeed" v="25 mph"/>
    <tag k="name" v="Elm Street"/>
    <tag k="oneway" v="yes"/>
    <tag k="route" v="bicycle"/>
    <tag k="surface" v="asphalt"/>
    <tag k="turn:lanes" v="left|through;right"/>
  </way>
  <way id="461497667">
    <nd ref="316638915"/>
    <nd ref="6801911368"/>
    <nd ref="6801906479"/>
    <nd ref="11478833207"/>
    <nd ref="101533404"/>
    <nd ref="101533402"/>
    <nd ref="101533401"/>
    <nd ref="6801945133"/>
    <nd ref="101533400"/>
    <nd ref="101533399"/>
    <tag k="highway" v="primary"/>
    <tag k="lanes" v="2"/>
    <tag k="maxspeed" v="35 mph"/>
    <tag k="name" v="Franklin Street"/>
    <tag k="old_name" v="Fiddle Lane"/>
    <tag k="oneway" v="yes"/>
    <tag k="ref" v="US 1A"/>
    <tag k="source:old_name" v="Plan of Falmouth (Portland), 1775 - https://www.mainememory.net/artifact/35629"/>
    <tag k="surface" v="asphalt"/>
    <tag k="tiger:cfcc" v="A25"/>
    <tag k="tiger:county" v="Cumberland, ME"/>
    <tag k="tiger:name_base" v="Franklin"/>
    <tag k="tiger:name_base_1" v="United States Highway 1A"/>
    <tag k="tiger:name_type" v="St"/>
    <tag k="tiger:reviewed" v="yes"/>
  </way>
  <way id="461497669">
    <nd ref="101533535"/>
    <nd ref="11329912407"/>
    <nd ref="101533537"/>
    <nd ref="101533539"/>
    <nd ref="101533540"/>
    <nd ref="101533542"/>
    <nd ref="101533543"/>
    <nd ref="101533544"/>
    <nd ref="101533546"/>
    <nd ref="6794059951"/>
    <nd ref="11329829061"/>
    <nd ref="101513678"/>
    <tag k="highway" v="primary"/>
    <tag k="lanes" v="2"/>
    <tag k="name" v="Franklin Street"/>
    <tag k="oneway" v="yes"/>
    <tag k="ref" v="US 1A"/>
    <tag k="surface" v="asphalt"/>
    <tag k="tiger:cfcc" v="A25"/>
    <tag k="tiger:county" v="Cumberland, ME"/>
    <tag k="tiger:name_base" v="Franklin"/>
    <tag k="tiger:name_base_1" v="United States Highway 1A"/>
    <tag k="tiger:name_type" v="St"/>
    <tag k="tiger:reviewed" v="no"/>
  </way>
  <way id="461497671">
    <nd ref="101644435"/>
    <nd ref="101453050"/>
    <tag k="highway" v="residential"/>
    <tag k="name" v="Temple Street"/>
    <tag k="old_name" v="Meetinghouse Lane"/>
    <tag k="source:old_name" v="Plan of Falmouth (Portland), 1775 - https://www.mainememory.net/artifact/35629"/>
    <tag k="tiger:cfcc" v="A41"/>
    <tag k="tiger:county" v="Cumberland, ME"/>
    <tag k="tiger:name_base" v="Temple"/>
    <tag k="tiger:name_type" v="St"/>
    <tag k="tiger:reviewed" v="no"/>
    <tag k="tiger:zip_left" v="04101"/>
    <tag k="tiger:zip_right" v="04101"/>
  </way>
  <way id="461497674">
    <nd ref="101513678"/>
    <nd ref="11329912388"/>
    <nd ref="101353240"/>
    <nd ref="101533549"/>
    <nd ref="101533550"/>
    <nd ref="101533552"/>
    <nd ref="101533554"/>
    <nd ref="101533556"/>
    <nd ref="5725134862"/>
    <tag k="foot" v="no"/>
    <tag k="highway" v="primary"/>
    <tag k="lanes" v="2"/>
    <tag k="name" v="Franklin Street"/>
    <tag k="oneway" v="yes"/>
    <tag k="ref" v="US 1A"/>
    <tag k="surface" v="asphalt"/>
    <tag k="tiger:cfcc" v="A25"/>
    <tag k="tiger:county" v="Cumberland, ME"/>
    <tag k="tiger:name_base" v="Franklin"/>
    <tag k="tiger:name_base_1" v="United States Highway 1A"/>
    <tag k="tiger:name_type" v="St"/>
    <tag k="tiger:reviewed" v="no"/>
  </way>
  <way id="461497682">
    <nd ref="101533399"/>
    <nd ref="101629473"/>
    <nd ref="101629476"/>
    <nd ref="3566502631"/>
    <nd ref="3566502628"/>
    <nd ref="101466964"/>
    <nd ref="101629480"/>
    <nd ref="101629482"/>
    <nd ref="101432205"/>
    <nd ref="6839104890"/>
    <nd ref="6839104887"/>
    <nd ref="101396267"/>
    <nd ref="6839104889"/>
    <nd ref="101629484"/>
    <nd ref="3490011346"/>
    <nd ref="101629486"/>
    <tag k="highway" v="tertiary"/>
    <tag k="lanes" v="2"/>
    <tag k="name" v="Middle Street"/>
    <tag k="sidewalk" v="both"/>
    <tag k="surface" v="asphalt"/>
    <tag k="tiger:cfcc" v="A45"/>
    <tag k="tiger:county" v="Cumberland, ME"/>
    <tag k="tiger:name_base" v="Middle"/>
    <tag k="tiger:name_type" v="St"/>
    <tag k="tiger:reviewed" v="yes"/>
  </way>
  <way id="461497693">
    <nd ref="2306827835"/>
    <nd ref="101533460"/>
    <nd ref="101533457"/>
    <nd ref="316629891"/>
    <nd ref="101533450"/>
    <nd ref="101533443"/>
    <nd ref="101533434"/>
    <nd ref="101533429"/>
    <nd ref="7130404150"/>
    <tag k="highway" v="primary"/>
    <tag k="lanes" v="2"/>
    <tag k="name" v="Franklin Street"/>
    <tag k="oneway" v="yes"/>
    <tag k="ref" v="US 1A"/>
    <tag k="sidewalk" v="right"/>
    <tag k="surface" v="asphalt"/>
    <tag k="tiger:cfcc" v="A25"/>
    <tag k="tiger:county" v="Cumberland, ME"/>
    <tag k="tiger:name_base" v="Franklin"/>
    <tag k="tiger:name_base_1" v="United States Highway 1A"/>
    <tag k="tiger:name_type" v="St"/>
    <tag k="tiger:reviewed" v="no"/>
  </way>
  <way id="461497696">
    <nd ref="101644446"/>
    <nd ref="6839167350"/>
    <nd ref="6839164044"/>
    <nd ref="6842510033"/>
    <tag k="highway" v="secondary"/>
    <tag k="lanes" v="3"/>
    <tag k="lanes:backward" v="2"/>
    <tag k="lanes:forward" v="1"/>
    <tag k="maxspeed" v="25 mph"/>
    <tag k="name" v="Congress Street"/>
    <tag k="placement:backward" v="left_of:1"/>
    <tag k="route" v="bicycle"/>
    <tag k="surface" v="asphalt"/>
    <tag k="tiger:cfcc" v="A41"/>
    <tag k="tiger:county" v="Cumberland, ME"/>
    <tag k="tiger:name_base" v="Congress"/>
    <tag k="tiger:name_type" v="St"/>
    <tag k="tiger:reviewed" v="no"/>
    <tag k="tiger:zip_left" v="04102;04101"/>
    <tag k="tiger:zip_right" v="04102;04101"/>
    <tag k="turn:lanes:backward" v="through|right"/>
  </way>
  <way id="461497698">
    <nd ref="101509510"/>
    <nd ref="6843965453"/>
    <nd ref="6843966709"/>
    <nd ref="6843969047"/>
    <nd ref="11904362412"/>
    <nd ref="101509512"/>
    <nd ref="101509515"/>
    <tag k="cycleway:right" v="lane"/>
    <tag k="cycleway:right:buffer" v="yes"/>
    <tag k="highway" v="secondary"/>
    <tag k="lanes" v="1"/>
    <tag k="maxspeed" v="25 mph"/>
    <tag k="name" v="Elm Street"/>
    <tag k="oneway" v="yes"/>
    <tag k="route" v="bicycle"/>
  </way>
  <way id="461497702">
    <nd ref="11329912444"/>
    <nd ref="101442079"/>
    <nd ref="11363157459"/>
    <nd ref="7888484015"/>
    <nd ref="7888484012"/>
    <nd ref="11363157456"/>
    <nd ref="101515320"/>
    <nd ref="101294902"/>
    <nd ref="11363157451"/>
    <nd ref="101721338"/>
    <tag k="highway" v="secondary"/>
    <tag k="lanes" v="2"/>
    <tag k="maxspeed" v="25 mph"/>
    <tag k="name" v="Congress Street"/>
    <tag k="route" v="bicycle"/>
    <tag k="surface" v="asphalt"/>
    <tag k="tiger:cfcc" v="A41"/>
    <tag k="tiger:county" v="Cumberland, ME"/>
    <tag k="tiger:name_base" v="Congress"/>
    <tag k="tiger:name_type" v="St"/>
    <tag k="tiger:reviewed" v="no"/>
    <tag k="tiger:zip_left" v="04101"/>
    <tag k="tiger:zip_right" v="04101"/>
  </way>
  <way id="461497706">
    <nd ref="6795170700"/>
    <nd ref="11329829053"/>
    <nd ref="101504536"/>
    <nd ref="101513692"/>
    <nd ref="101408902"/>
    <nd ref="101513693"/>
    <nd ref="101372231"/>
    <nd ref="101513697"/>
    <nd ref="11904362446"/>
    <nd ref="101513700"/>
    <nd ref="11904362447"/>
    <nd ref="101513703"/>
    <nd ref="101495787"/>
    <nd ref="101291815"/>
    <tag k="highway" v="secondary"/>
    <tag k="lanes" v="2"/>
    <tag k="name" v="Cumberland Avenue"/>
    <tag k="placement:forward" v="left_of:1"/>
    <tag k="surface" v="asphalt"/>
    <tag k="tiger:cfcc" v="A41"/>
    <tag k="tiger:county" v="Cumberland, ME"/>
    <tag k="tiger:name_base" v="Cumberland"/>
    <tag k="tiger:name_type" v="Ave"/>
    <tag k="tiger:zip_left" v="04101"/>
    <tag k="tiger:zip_right" v="04101"/>
  </way>
  <way id="461497707">
    <nd ref="101533399"/>
    <nd ref="101533396"/>
    <nd ref="101533395"/>
    <nd ref="9658264363"/>
    <nd ref="101533393"/>
    <tag k="highway" v="primary"/>
    <tag k="lanes" v="2"/>
    <tag k="maxspeed" v="35 mph"/>
    <tag k="name" v="Franklin Street"/>
    <tag k="oneway" v="yes"/>
    <tag k="placement" v="right_of:1"/>
    <tag k="ref" v="US 1A"/>
    <tag k="surface" v="asphalt"/>
    <tag k="tiger:cfcc" v="A25"/>
    <tag k="tiger:county" v="Cumberland, ME"/>
    <tag k="tiger:name_base" v="Franklin"/>
    <tag k="tiger:name_base_1" v="United States Highway 1A"/>
    <tag k="tiger:name_type" v="St"/>
    <tag k="tiger:reviewed" v="yes"/>
  </way>
  <way id="464839627">
    <nd ref="4599061715"/>
    <nd ref="4599061716"/>
    <nd ref="4599061717"/>
    <nd ref="4599061718"/>
    <nd ref="4599061715"/>
    <tag k="amenity" v="cafe"/>
    <tag k="building" v="yes"/>
    <tag k="name" v="little woodfords"/>
    <tag k="phone" v="+1 (207) 536-4990"/>
  </way>
  <way id="464839628">
    <nd ref="4599061719"/>
    <nd ref="4599061720"/>
    <nd ref="4599061721"/>
    <nd ref="4599061722"/>
    <nd ref="4599061723"/>
    <nd ref="4599061724"/>
    <nd ref="4599061725"/>
    <nd ref="4599061726"/>
    <nd ref="4599061727"/>
    <nd ref="4599061719"/>
    <tag k="addr:city" v="Portland"/>
    <tag k="addr:housenumber" v="316"/>
    <tag k="addr:postcode" v="04101"/>
    <tag k="addr:state" v="ME"/>
    <tag k="addr:street" v="Congress Street"/>
    <tag k="building" v="apartments"/>
    <tag k="building:levels" v="2"/>
    <tag k="roof:levels" v="1"/>
  </way>
  <way id="464839629">
    <nd ref="4599061728"/>
    <nd ref="4599061729"/>
    <nd ref="4599061730"/>
    <nd ref="4599061731"/>
    <nd ref="4599061732"/>
    <nd ref="4599061733"/>
    <nd ref="4599061734"/>
    <nd ref="4599061735"/>
    <nd ref="4599061736"/>
    <nd ref="4599061737"/>
    <nd ref="4599061738"/>
    <nd ref="4599061739"/>
    <nd ref="4599061728"/>
    <tag k="addr:city" v="Portland"/>
    <tag k="addr:housenumber" v="312"/>
    <tag k="addr:postcode" v="04101"/>
    <tag k="addr:state" v="ME"/>
    <tag k="addr:street" v="Congress Street"/>
    <tag k="building" v="apartments"/>
  </way>
  <way id="478532816">
    <nd ref="4717600254"/>
    <nd ref="4717600255"/>
    <nd ref="4717600256"/>
    <nd ref="4717600257"/>
    <nd ref="4717600254"/>
    <tag k="addr:city" v="Portland"/>
    <tag k="addr:housenumber" v="57"/>
    <tag k="addr:postcode" v="04101"/>
    <tag k="addr:state" v="ME"/>
    <tag k="addr:street" v="Center Street"/>
    <tag k="building" v="yes"/>
  </way>
  <way id="492216100">
    <nd ref="101466361"/>
    <nd ref="101513713"/>
    <nd ref="11356936070"/>
    <nd ref="101513710"/>
    <nd ref="101513707"/>
    <nd ref="101513704"/>
    <nd ref="6843965455"/>
    <nd ref="101509510"/>
    <tag k="highway" v="secondary"/>
    <tag k="name" v="Cumberland Avenue"/>
    <tag k="surface" v="asphalt"/>
  </way>
  <way id="511333559">
    <nd ref="101509515"/>
    <nd ref="11904362415"/>
    <nd ref="6843969042"/>
    <nd ref="6843953998"/>
    <nd ref="11904362420"/>
    <nd ref="101509524"/>
    <nd ref="101509528"/>
    <nd ref="11904362422"/>
    <nd ref="6843954000"/>
    <nd ref="7169293913"/>
    <nd ref="11904362429"/>
    <nd ref="101509532"/>
    <nd ref="101474602"/>
    <tag k="cycleway:right" v="lane"/>
    <tag k="cycleway:right:buffer" v="yes"/>
    <tag k="highway" v="secondary"/>
    <tag k="lanes" v="1"/>
    <tag k="maxspeed" v="25 mph"/>
    <tag k="name" v="Elm Street"/>
    <tag k="oneway" v="yes"/>
    <tag k="route" v="bicycle"/>
    <tag k="surface" v="asphalt"/>
  </way>
  <way id="511333565">
    <nd ref="101684786"/>
    <nd ref="11356006195"/>
    <nd ref="11356006198"/>
    <nd ref="7325747582"/>
    <nd ref="101484933"/>
    <nd ref="7325745833"/>
    <nd ref="101741067"/>
    <nd ref="8873729948"/>
    <nd ref="11356888383"/>
    <nd ref="101487255"/>
    <nd ref="11356888384"/>
    <nd ref="101741069"/>
    <nd ref="101569126"/>
    <nd ref="11356888388"/>
    <nd ref="11356888389"/>
    <nd ref="101741071"/>
    <nd ref="101582256"/>
    <tag k="highway" v="secondary"/>
    <tag k="maxspeed" v="25 mph"/>
    <tag k="name" v="Congress Street"/>
    <tag k="sidewalk" v="both"/>
    <tag k="surface" v="asphalt"/>
  </way>
  <way id="511333566">
    <nd ref="101387982"/>
    <nd ref="6842510013"/>
    <nd ref="101741081"/>
    <nd ref="6842510012"/>
    <tag k="highway" v="secondary"/>
    <tag k="lanes" v="3"/>
    <tag k="lanes:backward" v="2"/>
    <tag k="lanes:forward" v="1"/>
    <tag k="maxspeed" v="25 mph"/>
    <tag k="name" v="Congress Street"/>
    <tag k="placement:backward" v="left_of:1"/>
    <tag k="route" v="bicycle"/>
    <tag k="surface" v="asphalt"/>
    <tag k="tiger:cfcc" v="A41"/>
    <tag k="tiger:county" v="Cumberland, ME"/>
    <tag k="tiger:name_base" v="Congress"/>
    <tag k="tiger:name_type" v="St"/>
    <tag k="tiger:reviewed" v="no"/>
    <tag k="tiger:zip_left" v="04102;04101"/>
    <tag k="tiger:zip_right" v="04102;04101"/>
    <tag k="turn:lanes:backward" v="left|"/>
  </way>
  <way id="544935661">
    <nd ref="316631122"/>
    <nd ref="5267269345"/>
    <tag k="highway" v="service"/>
  </way>
  <way id="544935663">
    <nd ref="101606543"/>
    <nd ref="101606541"/>
    <nd ref="101606539"/>
    <nd ref="101504542"/>
    <nd ref="7042939613"/>
    <nd ref="316631122"/>
    <tag k="highway" v="residential"/>
    <tag k="name" v="Oxford Street"/>
    <tag k="oneway" v="no"/>
    <tag k="surface" v="asphalt"/>
    <tag k="tiger:cfcc" v="A41"/>
    <tag k="tiger:county" v="Cumberland, ME"/>
    <tag k="tiger:name_base" v="Oxford"/>
    <tag k="tiger:name_type" v="St"/>
    <tag k="tiger:reviewed" v="no"/>
    <tag k="tiger:zip_left" v="04101"/>
    <tag k="tiger:zip_right" v="04101"/>
  </way>
  <way id="544935667">
    <nd ref="101606543"/>
    <nd ref="101649516"/>
    <nd ref="101649517"/>
    <nd ref="101649518"/>
    <nd ref="7042939594"/>
    <nd ref="101649519"/>
    <nd ref="101671600"/>
    <nd ref="101649521"/>
    <nd ref="101649525"/>
    <nd ref="101633811"/>
    <tag k="highway" v="residential"/>
    <tag k="name" v="Pearl Street"/>
    <tag k="tiger:cfcc" v="A41"/>
    <tag k="tiger:county" v="Cumberland, ME"/>
    <tag k="tiger:name_base" v="Pearl"/>
    <tag k="tiger:name_type" v="St"/>
    <tag k="tiger:reviewed" v="no"/>
    <tag k="tiger:zip_left" v="04101"/>
    <tag k="tiger:zip_right" v="04101"/>
  </way>
  <way id="553103440">
    <nd ref="101691929"/>
    <nd ref="11316355830"/>
    <nd ref="101691925"/>
    <nd ref="4564929082"/>
    <nd ref="4564933875"/>
    <nd ref="4564929084"/>
    <nd ref="101671604"/>
    <nd ref="101548756"/>
    <nd ref="4564937904"/>
    <nd ref="101691924"/>
    <nd ref="101691922"/>
    <nd ref="11904362448"/>
    <nd ref="101513700"/>
    <tag k="highway" v="residential"/>
    <tag k="name" v="Chestnut Street"/>
    <tag k="tiger:cfcc" v="A41"/>
    <tag k="tiger:county" v="Cumberland, ME"/>
    <tag k="tiger:name_base" v="Chestnut"/>
    <tag k="tiger:name_type" v="St"/>
    <tag k="tiger:reviewed" v="no"/>
  </way>
  <way id="556632230">
    <nd ref="101297746"/>
    <nd ref="101471139"/>
    <nd ref="101471138"/>
    <nd ref="101592982"/>
    <tag k="highway" v="residential"/>
    <tag k="lane_markings" v="no"/>
    <tag k="name" v="Wharf Street"/>
    <tag k="oneway" v="yes"/>
    <tag k="sidewalk" v="right"/>
    <tag k="surface" v="sett"/>
    <tag k="width" v="12'0&quot;"/>
  </way>
  <way id="570049633">
    <nd ref="5481057242"/>
    <nd ref="5481057243"/>
    <nd ref="5481057244"/>
    <nd ref="5481057245"/>
    <nd ref="5481057242"/>
    <tag k="building" v="yes"/>
  </way>
  <way id="570049634">
    <nd ref="5481057243"/>
    <nd ref="5481057246"/>
    <nd ref="5481057247"/>
    <nd ref="5481057244"/>
    <nd ref="5481057243"/>
    <tag k="building" v="yes"/>
  </way>
  <way id="570049635">
    <nd ref="4543833227"/>
    <nd ref="4543833226"/>
    <nd ref="4543833225"/>
    <nd ref="4543833228"/>
    <nd ref="4543833227"/>
    <tag k="addr:city" v="Portland"/>
    <tag k="addr:housenumber" v="424"/>
    <tag k="addr:postcode" v="04101"/>
    <tag k="addr:state" v="ME"/>
    <tag k="addr:street" v="Fore Street"/>
    <tag k="building" v="commercial"/>
  </way>
  <way id="570049636">
    <nd ref="4543833235"/>
    <nd ref="5481057248"/>
    <nd ref="5481057249"/>
    <nd ref="4543833236"/>
    <nd ref="4543833235"/>
    <tag k="building" v="yes"/>
  </way>
  <way id="570050980">
    <nd ref="5481067754"/>
    <nd ref="5481067755"/>
    <nd ref="5481067756"/>
    <nd ref="7977231024"/>
    <nd ref="7977231023"/>
    <nd ref="7977231025"/>
    <nd ref="5481067754"/>
    <tag k="building" v="yes"/>
  </way>
  <way id="570050981">
    <nd ref="5481067755"/>
    <nd ref="5481067758"/>
    <nd ref="5481067759"/>
    <nd ref="5481067760"/>
    <nd ref="5481067756"/>
    <nd ref="5481067755"/>
    <tag k="addr:city" v="Portland"/>
    <tag k="addr:housenumber" v="396"/>
    <tag k="addr:postcode" v="04101"/>
    <tag k="addr:state" v="ME"/>
    <tag k="addr:street" v="Fore Street"/>
    <tag k="building" v="yes"/>
    <tag k="fixme" v="Unsure of street name for this building."/>
  </way>
  <way id="570050982">
    <nd ref="5481067758"/>
    <nd ref="5481067761"/>
    <nd ref="5481067762"/>
    <nd ref="5481067759"/>
    <nd ref="5481067758"/>
    <tag k="building" v="yes"/>
  </way>
  <way id="570050983">
    <nd ref="5481067761"/>
    <nd ref="5481067764"/>
    <nd ref="5481067763"/>
    <nd ref="5481067762"/>
    <nd ref="5481067761"/>
    <tag k="addr:city" v="Portland"/>
    <tag k="addr:housenumber" v="392"/>
    <tag k="addr:postcode" v="04101"/>
    <tag k="addr:state" v="ME"/>
    <tag k="addr:street" v="Fore Street"/>
    <tag k="building" v="yes"/>
  </way>
  <way id="570050984">
    <nd ref="5481067764"/>
    <nd ref="5481067765"/>
    <nd ref="5481067766"/>
    <nd ref="5481067763"/>
    <nd ref="5481067764"/>
    <tag k="building" v="yes"/>
  </way>
  <way id="570050992">
    <nd ref="5481067778"/>
    <nd ref="5481067779"/>
    <nd ref="11135028634"/>
    <nd ref="11135028635"/>
    <nd ref="5481067780"/>
    <nd ref="5481067781"/>
    <nd ref="5481067778"/>
    <tag k="building" v="yes"/>
  </way>
  <way id="570050993">
    <nd ref="5481067781"/>
    <nd ref="5481067782"/>
    <nd ref="5481067785"/>
    <nd ref="5481067788"/>
    <nd ref="5481067783"/>
    <nd ref="5481067780"/>
    <nd ref="5481067781"/>
    <tag k="building" v="yes"/>
  </way>
  <way id="570050994">
    <nd ref="5481067785"/>
    <nd ref="7171973384"/>
    <nd ref="5481067787"/>
    <nd ref="5481067788"/>
    <nd ref="5481067785"/>
    <tag k="addr:city" v="Portland"/>
    <tag k="addr:housenumber" v="11"/>
    <tag k="addr:postcode" v="04101"/>
    <tag k="addr:state" v="ME"/>
    <tag k="addr:street" v="Exchange Street"/>
    <tag k="building" v="apartments"/>
  </way>
  <way id="570050995">
    <nd ref="5481067789"/>
    <nd ref="5481067790"/>
    <nd ref="5481067791"/>
    <nd ref="5481067792"/>
    <nd ref="5481067793"/>
    <nd ref="11135028640"/>
    <nd ref="11135028639"/>
    <nd ref="11135028638"/>
    <nd ref="5481067794"/>
    <nd ref="11135028637"/>
    <nd ref="11135028635"/>
    <nd ref="11135028634"/>
    <nd ref="11135028636"/>
    <nd ref="5481067789"/>
    <tag k="building" v="yes"/>
  </way>
  <way id="570050996">
    <nd ref="5481067795"/>
    <nd ref="5481067796"/>
    <nd ref="3723983292"/>
    <nd ref="5481067797"/>
    <nd ref="5481067798"/>
    <nd ref="5481067799"/>
    <nd ref="5481067795"/>
    <tag k="building" v="yes"/>
  </way>
  <way id="570051000">
    <nd ref="5481057244"/>
    <nd ref="5481067800"/>
    <nd ref="5481067803"/>
    <nd ref="5481057247"/>
    <nd ref="5481057244"/>
    <tag k="addr:city" v="Portland"/>
    <tag k="addr:housenumber" v="9"/>
    <tag k="addr:postcode" v="04101"/>
    <tag k="addr:state" v="ME"/>
    <tag k="addr:street" v="Moulton Street"/>
    <tag k="building" v="yes"/>
  </way>
  <way id="570051608">
    <nd ref="5481072707"/>
    <nd ref="8617193156"/>
    <nd ref="5481072708"/>
    <nd ref="3471401419"/>
    <nd ref="5481072709"/>
    <nd ref="5481072710"/>
    <nd ref="5481072711"/>
    <nd ref="5481072712"/>
    <nd ref="5481072713"/>
    <nd ref="5481072714"/>
    <nd ref="5481072707"/>
    <tag k="addr:city" v="Portland"/>
    <tag k="addr:housenumber" v="425"/>
    <tag k="addr:postcode" v="04101"/>
    <tag k="addr:state" v="ME"/>
    <tag k="addr:street" v="Fore Street"/>
    <tag k="amenity" v="parking"/>
    <tag k="building" v="commercial"/>
    <tag k="parking" v="multi-storey"/>
  </way>
  <way id="570069585">
    <nd ref="8617272600"/>
    <nd ref="5481222266"/>
    <nd ref="5481222311"/>
    <nd ref="5481222308"/>
    <nd ref="8617272601"/>
    <nd ref="5481222268"/>
    <nd ref="5481222263"/>
    <nd ref="8617272600"/>
    <tag k="building" v="yes"/>
  </way>
  <way id="570069586">
    <nd ref="5481222260"/>
    <nd ref="5481222263"/>
    <nd ref="5481222268"/>
    <nd ref="5481222269"/>
    <nd ref="5481222270"/>
    <nd ref="5481222260"/>
    <tag k="addr:city" v="Portland"/>
    <tag k="addr:housenumber" v="42"/>
    <tag k="addr:postcode" v="04101"/>
    <tag k="addr:state" v="ME"/>
    <tag k="addr:street" v="Wharf Street"/>
    <tag k="building" v="yes"/>
  </way>
  <way id="570069587">
    <nd ref="5481222270"/>
    <nd ref="5481222269"/>
    <nd ref="5481222271"/>
    <nd ref="5481222272"/>
    <nd ref="5481222270"/>
    <tag k="addr:city" v="Portland"/>
    <tag k="addr:housenumber" v="40"/>
    <tag k="addr:postcode" v="04101"/>
    <tag k="addr:state" v="ME"/>
    <tag k="addr:street" v="Wharf Street"/>
    <tag k="building" v="yes"/>
  </way>
  <way id="570069588">
    <nd ref="5481222273"/>
    <nd ref="5481222274"/>
    <nd ref="5481222304"/>
    <nd ref="5481222275"/>
    <nd ref="5481222276"/>
    <nd ref="5481222273"/>
    <tag k="addr:city" v="Portland"/>
    <tag k="addr:housenumber" v="38"/>
    <tag k="addr:postcode" v="04101"/>
    <tag k="addr:state" v="ME"/>
    <tag k="addr:street" v="Wharf Street"/>
    <tag k="building" v="yes"/>
  </way>
  <way id="570069595">
    <nd ref="7977231026"/>
    <nd ref="5481222290"/>
    <nd ref="5481222291"/>
    <nd ref="5481222292"/>
    <nd ref="7977231026"/>
    <tag k="building" v="yes"/>
  </way>
  <way id="570069596">
    <nd ref="5481222292"/>
    <nd ref="5481222291"/>
    <nd ref="5481222293"/>
    <nd ref="5481222294"/>
    <nd ref="5481222295"/>
    <nd ref="5481222297"/>
    <nd ref="5481222296"/>
    <nd ref="5481222292"/>
    <tag k="building" v="yes"/>
  </way>
  <way id="570069597">
    <nd ref="5481222296"/>
    <nd ref="5481222297"/>
    <nd ref="5481222298"/>
    <nd ref="5481222299"/>
    <nd ref="5481222296"/>
    <tag k="building" v="yes"/>
  </way>
  <way id="570070580">
    <nd ref="5481077349"/>
    <nd ref="5481230197"/>
    <nd ref="5481230198"/>
    <nd ref="5481077346"/>
    <nd ref="5481077349"/>
    <tag k="addr:city" v="Portland"/>
    <tag k="addr:housenumber" v="291"/>
    <tag k="addr:postcode" v="04101"/>
    <tag k="addr:state" v="ME"/>
    <tag k="addr:street" v="Fore Street"/>
    <tag k="building" v="yes"/>
  </way>
  <way id="570070581">
    <nd ref="4497692567"/>
    <nd ref="5481230199"/>
    <nd ref="5481230200"/>
    <nd ref="5481230201"/>
    <nd ref="4497692567"/>
    <tag k="building" v="yes"/>
  </way>
  <way id="570070582">
    <nd ref="101453050"/>
    <nd ref="5481230202"/>
    <nd ref="8617338631"/>
    <nd ref="8617338630"/>
    <nd ref="8617338632"/>
    <nd ref="101453052"/>
    <nd ref="11356888433"/>
    <nd ref="368008430"/>
    <nd ref="11356888410"/>
    <nd ref="101466354"/>
    <tag k="highway" v="pedestrian"/>
    <tag k="name" v="Monument Square"/>
    <tag k="oneway" v="no"/>
    <tag k="surface" v="paved"/>
    <tag k="tiger:cfcc" v="A71"/>
    <tag k="tiger:county" v="Cumberland, ME"/>
    <tag k="tiger:name_base" v="City"/>
    <tag k="tiger:name_type" v="Ctr"/>
    <tag k="tiger:reviewed" v="no"/>
    <tag k="tiger:zip_left" v="04101"/>
    <tag k="tiger:zip_right" v="04101"/>
  </way>
  <way id="570070583">
    <nd ref="101453050"/>
    <nd ref="8006565576"/>
    <nd ref="101580751"/>
    <nd ref="101644437"/>
    <nd ref="6990981130"/>
    <nd ref="101644439"/>
    <nd ref="6990981131"/>
    <nd ref="101644441"/>
    <nd ref="101644443"/>
    <nd ref="6839164043"/>
    <nd ref="6839167351"/>
    <nd ref="101644446"/>
    <tag k="highway" v="residential"/>
    <tag k="name" v="Temple Street"/>
    <tag k="tiger:cfcc" v="A41"/>
    <tag k="tiger:county" v="Cumberland, ME"/>
    <tag k="tiger:name_base" v="Temple"/>
    <tag k="tiger:name_type" v="St"/>
    <tag k="tiger:reviewed" v="no"/>
    <tag k="tiger:zip_left" v="04101"/>
    <tag k="tiger:zip_right" v="04101"/>
  </way>
  <way id="570070584">
    <nd ref="101675843"/>
    <nd ref="101396260"/>
    <nd ref="101396315"/>
    <tag k="highway" v="unclassified"/>
    <tag k="lane_markings" v="no"/>
    <tag k="name" v="Milk Street"/>
    <tag k="surface" v="sett"/>
  </way>
  <way id="590199333">
    <nd ref="5635213648"/>
    <nd ref="5635213649"/>
    <nd ref="5635213650"/>
    <nd ref="5635213651"/>
    <nd ref="5635213648"/>
    <tag k="building" v="retail"/>
  </way>
  <way id="634219182">
    <nd ref="101380827"/>
    <nd ref="101380829"/>
    <nd ref="101380832"/>
    <tag k="highway" v="residential"/>
    <tag k="name" v="Cross Street"/>
    <tag k="tiger:cfcc" v="A41"/>
    <tag k="tiger:county" v="Cumberland, ME"/>
    <tag k="tiger:name_base" v="Cross"/>
    <tag k="tiger:name_type" v="St"/>
    <tag k="tiger:reviewed" v="no"/>
    <tag k="tiger:zip_left" v="04101"/>
    <tag k="tiger:zip_right" v="04101"/>
  </way>
  <way id="639631580">
    <nd ref="11408530579"/>
    <nd ref="101480311"/>
    <nd ref="3284138862"/>
    <nd ref="101644443"/>
    <tag k="highway" v="residential"/>
    <tag k="name" v="Federal Street"/>
    <tag k="official_name" v="Federal Street West"/>
    <tag k="oneway" v="yes"/>
  </way>
  <way id="651775317">
    <nd ref="101691916"/>
    <nd ref="6839148343"/>
    <nd ref="6839148341"/>
    <nd ref="101396339"/>
    <nd ref="6839148344"/>
    <nd ref="101396302"/>
    <tag k="cycleway:both" v="no"/>
    <tag k="highway" v="secondary"/>
    <tag k="lanes" v="1"/>
    <tag k="maxspeed" v="25 mph"/>
    <tag k="name" v="Congress Street"/>
    <tag k="oneway" v="yes"/>
    <tag k="route" v="bicycle"/>
    <tag k="surface" v="asphalt"/>
    <tag k="tiger:cfcc" v="A41"/>
    <tag k="tiger:county" v="Cumberland, ME"/>
    <tag k="tiger:name_base" v="Congress"/>
    <tag k="tiger:name_type" v="St"/>
    <tag k="tiger:reviewed" v="yes"/>
    <tag k="tiger:zip_left" v="04101"/>
    <tag k="tiger:zip_right" v="04101"/>
  </way>
  <way id="724451496">
    <nd ref="101513678"/>
    <nd ref="101513681"/>
    <nd ref="101513685"/>
    <nd ref="101513689"/>
    <tag k="highway" v="secondary"/>
    <tag k="lanes" v="4"/>
    <tag k="name" v="Cumberland Avenue"/>
    <tag k="surface" v="asphalt"/>
    <tag k="tiger:cfcc" v="A41"/>
    <tag k="tiger:county" v="Cumberland, ME"/>
    <tag k="tiger:name_base" v="Cumberland"/>
    <tag k="tiger:name_type" v="Ave"/>
    <tag k="tiger:zip_left" v="04101"/>
    <tag k="tiger:zip_right" v="04101"/>
    <tag k="turn:lanes:backward" v="left|"/>
    <tag k="turn:lanes:forward" v="left|"/>
  </way>
  <way id="724451692">
    <nd ref="6795170700"/>
    <nd ref="6794076221"/>
    <nd ref="6794076220"/>
    <nd ref="6794076219"/>
    <nd ref="101533424"/>
    <tag k="highway" v="primary_link"/>
    <tag k="lanes" v="1"/>
    <tag k="oneway" v="yes"/>
    <tag k="surface" v="asphalt"/>
  </way>
  <way id="724555345">
    <nd ref="101291815"/>
    <nd ref="6843965456"/>
    <nd ref="6843965454"/>
    <nd ref="101509510"/>
    <tag k="highway" v="secondary"/>
    <tag k="lanes" v="3"/>
    <tag k="lanes:backward" v="1"/>
    <tag k="lanes:forward" v="2"/>
    <tag k="name" v="Cumberland Avenue"/>
    <tag k="placement:forward" v="left_of:1"/>
    <tag k="surface" v="asphalt"/>
    <tag k="tiger:cfcc" v="A41"/>
    <tag k="tiger:county" v="Cumberland, ME"/>
    <tag k="tiger:name_base" v="Cumberland"/>
    <tag k="tiger:name_type" v="Ave"/>
    <tag k="tiger:zip_left" v="04101"/>
    <tag k="tiger:zip_right" v="04101"/>
    <tag k="turn:lanes:forward" v="through|right"/>
  </way>
  <way id="724555346">
    <nd ref="101513689"/>
    <nd ref="101353039"/>
    <nd ref="6795170700"/>
    <tag k="highway" v="secondary"/>
    <tag k="lanes" v="3"/>
    <tag k="lanes:backward" v="2"/>
    <tag k="lanes:forward" v="1"/>
    <tag k="name" v="Cumberland Avenue"/>
    <tag k="placement:backward" v="left_of:1"/>
    <tag k="surface" v="asphalt"/>
    <tag k="tiger:cfcc" v="A41"/>
    <tag k="tiger:county" v="Cumberland, ME"/>
    <tag k="tiger:name_base" v="Cumberland"/>
    <tag k="tiger:name_type" v="Ave"/>
    <tag k="tiger:zip_left" v="04101"/>
    <tag k="tiger:zip_right" v="04101"/>
    <tag k="turn:lanes:backward" v="through|through;right"/>
  </way>
  <way id="725340749">
    <nd ref="11329912405"/>
    <nd ref="6801911367"/>
    <nd ref="6801911365"/>
    <nd ref="6801911369"/>
    <nd ref="6801911366"/>
    <nd ref="6801911368"/>
    <nd ref="11329912404"/>
    <tag k="button_operated" v="yes"/>
    <tag k="crossing" v="traffic_signals"/>
    <tag k="crossing:island" v="no"/>
    <tag k="crossing:markings" v="zebra"/>
    <tag k="footway" v="crossing"/>
    <tag k="highway" v="footway"/>
    <tag k="surface" v="asphalt"/>
  </way>
  <way id="725343466">
    <nd ref="11286174141"/>
    <nd ref="101629473"/>
    <nd ref="11286174142"/>
    <tag k="button_operated" v="yes"/>
    <tag k="crossing" v="traffic_signals"/>
    <tag k="crossing:island" v="no"/>
    <tag k="crossing:markings" v="zebra"/>
    <tag k="footway" v="crossing"/>
    <tag k="highway" v="footway"/>
  </way>
  <way id="725343467">
    <nd ref="11286174143"/>
    <nd ref="101533396"/>
    <nd ref="11286174150"/>
    <tag k="button_operated" v="yes"/>
    <tag k="crossing" v="traffic_signals"/>
    <tag k="crossing:island" v="no"/>
    <tag k="crossing:markings" v="zebra"/>
    <tag k="footway" v="crossing"/>
    <tag k="highway" v="footway"/>
    <tag k="surface" v="asphalt"/>
  </way>
  <way id="728635590">
    <nd ref="101610377"/>
    <nd ref="6826732723"/>
    <tag k="highway" v="service"/>
    <tag k="name" v="Moose Alley"/>
    <tag k="service" v="alley"/>
    <tag k="source:name" v="Plan of Falmouth (Portland), 1775 - https://www.mainememory.net/artifact/35629"/>
    <tag k="surface" v="asphalt"/>
  </way>
  <way id="729887620">
    <nd ref="3471401694"/>
    <nd ref="101291742"/>
    <nd ref="101432205"/>
    <tag k="highway" v="residential"/>
    <tag k="name" v="Silver Street"/>
    <tag k="oneway" v="yes"/>
    <tag k="tiger:cfcc" v="A41"/>
    <tag k="tiger:county" v="Cumberland, ME"/>
    <tag k="tiger:name_base" v="Silver"/>
    <tag k="tiger:name_type" v="St"/>
    <tag k="tiger:reviewed" v="yes"/>
    <tag k="tiger:zip_left" v="04101"/>
    <tag k="tiger:zip_right" v="04101"/>
  </way>
  <way id="729888085">
    <nd ref="101432201"/>
    <nd ref="3471401694"/>
    <tag k="highway" v="residential"/>
    <tag k="name" v="Silver Street"/>
    <tag k="oneway" v="yes"/>
    <tag k="sidewalk" v="both"/>
    <tag k="surface" v="sett"/>
    <tag k="tiger:cfcc" v="A41"/>
    <tag k="tiger:county" v="Cumberland, ME"/>
    <tag k="tiger:name_base" v="Silver"/>
    <tag k="tiger:name_type" v="St"/>
    <tag k="tiger:reviewed" v="yes"/>
    <tag k="tiger:zip_left" v="04101"/>
    <tag k="tiger:zip_right" v="04101"/>
  </way>
  <way id="729888587">
    <nd ref="6837291201"/>
    <nd ref="6837291200"/>
    <tag k="footway" v="crossing"/>
    <tag k="highway" v="footway"/>
    <tag k="surface" v="paving_stones"/>
  </way>
  <way id="730052421">
    <nd ref="101610358"/>
    <nd ref="6837291200"/>
    <tag k="highway" v="residential"/>
    <tag k="lanes" v="1"/>
    <tag k="name" v="Fore Street"/>
    <tag k="oneway" v="yes"/>
    <tag k="surface" v="asphalt"/>
    <tag k="tiger:cfcc" v="A41"/>
    <tag k="tiger:county" v="Cumberland, ME"/>
    <tag k="tiger:name_base" v="Fore"/>
    <tag k="tiger:name_type" v="St"/>
    <tag k="tiger:reviewed" v="yes"/>
    <tag k="tiger:zip_left" v="04101"/>
    <tag k="tiger:zip_right" v="04101"/>
  </way>
  <way id="730052422">
    <nd ref="6837291201"/>
    <nd ref="101610358"/>
    <tag k="highway" v="residential"/>
    <tag k="lanes" v="1"/>
    <tag k="name" v="Fore Street"/>
    <tag k="oneway" v="yes"/>
    <tag k="surface" v="asphalt"/>
    <tag k="tiger:cfcc" v="A41"/>
    <tag k="tiger:county" v="Cumberland, ME"/>
    <tag k="tiger:name_base" v="Fore"/>
    <tag k="tiger:name_type" v="St"/>
    <tag k="tiger:reviewed" v="yes"/>
    <tag k="tiger:zip_left" v="04101"/>
    <tag k="tiger:zip_right" v="04101"/>
  </way>
  <way id="730052917">
    <nd ref="316638983"/>
    <nd ref="330119663"/>
    <nd ref="6801911369"/>
    <nd ref="316638915"/>
    <tag k="highway" v="secondary"/>
    <tag k="lanes" v="3"/>
    <tag k="lanes:backward" v="1"/>
    <tag k="lanes:forward" v="2"/>
    <tag k="maxspeed" v="25 mph"/>
    <tag k="name" v="Congress Street"/>
    <tag k="route" v="bicycle"/>
    <tag k="surface" v="asphalt"/>
    <tag k="tiger:cfcc" v="A41"/>
    <tag k="tiger:county" v="Cumberland, ME"/>
    <tag k="tiger:name_base" v="Congress"/>
    <tag k="tiger:name_type" v="St"/>
    <tag k="tiger:reviewed" v="yes"/>
    <tag k="tiger:zip_left" v="04101"/>
    <tag k="tiger:zip_right" v="04101"/>
    <tag k="turn:lanes:forward" v="through|through;right"/>
  </way>
  <way id="730052918">
    <nd ref="11356936099"/>
    <nd ref="6839148346"/>
    <nd ref="11356936089"/>
    <tag k="crossing" v="uncontrolled"/>
    <tag k="crossing:island" v="no"/>
    <tag k="crossing:markings" v="zebra"/>
    <tag k="footway" v="crossing"/>
    <tag k="highway" v="footway"/>
    <tag k="surface" v="asphalt"/>
  </way>
  <way id="730052919">
    <nd ref="11356936097"/>
    <nd ref="6839148340"/>
    <nd ref="11356936095"/>
    <tag k="crossing" v="uncontrolled"/>
    <tag k="crossing:island" v="no"/>
    <tag k="crossing:markings" v="zebra"/>
    <tag k="footway" v="crossing"/>
    <tag k="highway" v="footway"/>
    <tag k="surface" v="asphalt"/>
  </way>
  <way id="730052920">
    <nd ref="11356936102"/>
    <nd ref="6839148345"/>
    <nd ref="11356936093"/>
    <tag k="crossing" v="uncontrolled"/>
    <tag k="crossing:island" v="no"/>
    <tag k="crossing:markings" v="zebra"/>
    <tag k="footway" v="crossing"/>
    <tag k="highway" v="footway"/>
    <tag k="surface" v="asphalt"/>
  </way>
  <way id="730052921">
    <nd ref="101396302"/>
    <nd ref="6839148345"/>
    <nd ref="6839148342"/>
    <nd ref="6839148340"/>
    <nd ref="6839148346"/>
    <nd ref="101691916"/>
    <tag k="cycleway:both" v="no"/>
    <tag k="highway" v="secondary"/>
    <tag k="lanes" v="1"/>
    <tag k="maxspeed" v="25 mph"/>
    <tag k="name" v="Congress Street"/>
    <tag k="oneway" v="yes"/>
    <tag k="route" v="bicycle"/>
    <tag k="surface" v="asphalt"/>
    <tag k="tiger:cfcc" v="A41"/>
    <tag k="tiger:county" v="Cumberland, ME"/>
    <tag k="tiger:name_base" v="Congress"/>
    <tag k="tiger:name_type" v="St"/>
    <tag k="tiger:reviewed" v="yes"/>
    <tag k="tiger:zip_left" v="04101"/>
    <tag k="tiger:zip_right" v="04101"/>
  </way>
  <way id="730422616">
    <nd ref="6842510012"/>
    <nd ref="10869267561"/>
    <nd ref="10890999841"/>
    <nd ref="101466354"/>
    <tag k="highway" v="secondary"/>
    <tag k="maxspeed" v="25 mph"/>
    <tag k="name" v="Congress Street"/>
    <tag k="route" v="bicycle"/>
    <tag k="surface" v="asphalt"/>
    <tag k="tiger:cfcc" v="A41"/>
    <tag k="tiger:county" v="Cumberland, ME"/>
    <tag k="tiger:name_base" v="Congress"/>
    <tag k="tiger:name_type" v="St"/>
    <tag k="tiger:reviewed" v="no"/>
    <tag k="tiger:zip_left" v="04102;04101"/>
    <tag k="tiger:zip_right" v="04102;04101"/>
  </way>
  <way id="730422617">
    <nd ref="101387989"/>
    <nd ref="101387982"/>
    <tag k="highway" v="secondary"/>
    <tag k="lanes" v="3"/>
    <tag k="lanes:backward" v="1"/>
    <tag k="lanes:both_ways" v="1"/>
    <tag k="lanes:forward" v="1"/>
    <tag k="maxspeed" v="25 mph"/>
    <tag k="name" v="Congress Street"/>
    <tag k="placement:forward" v="left_of:1"/>
    <tag k="route" v="bicycle"/>
    <tag k="surface" v="asphalt"/>
    <tag k="tiger:cfcc" v="A41"/>
    <tag k="tiger:county" v="Cumberland, ME"/>
    <tag k="tiger:name_base" v="Congress"/>
    <tag k="tiger:name_type" v="St"/>
    <tag k="tiger:reviewed" v="no"/>
    <tag k="tiger:zip_left" v="04102;04101"/>
    <tag k="tiger:zip_right" v="04102;04101"/>
    <tag k="turn:lanes:both_ways" v="left"/>
  </way>
  <way id="730422618">
    <nd ref="6842510032"/>
    <nd ref="6842510031"/>
    <nd ref="6842510016"/>
    <nd ref="101387989"/>
    <tag k="highway" v="secondary"/>
    <tag k="lanes" v="3"/>
    <tag k="lanes:backward" v="1"/>
    <tag k="lanes:forward" v="2"/>
    <tag k="maxspeed" v="25 mph"/>
    <tag k="name" v="Congress Street"/>
    <tag k="placement:forward" v="right_of:1"/>
    <tag k="route" v="bicycle"/>
    <tag k="surface" v="asphalt"/>
    <tag k="tiger:cfcc" v="A41"/>
    <tag k="tiger:county" v="Cumberland, ME"/>
    <tag k="tiger:name_base" v="Congress"/>
    <tag k="tiger:name_type" v="St"/>
    <tag k="tiger:reviewed" v="no"/>
    <tag k="tiger:zip_left" v="04102;04101"/>
    <tag k="tiger:zip_right" v="04102;04101"/>
    <tag k="turn:lanes:forward" v="left|"/>
  </way>
  <way id="730422619">
    <nd ref="6842510033"/>
    <nd ref="12544640095"/>
    <nd ref="6842510032"/>
    <tag k="highway" v="secondary"/>
    <tag k="lanes" v="2"/>
    <tag k="maxspeed" v="25 mph"/>
    <tag k="name" v="Congress Street"/>
    <tag k="route" v="bicycle"/>
    <tag k="surface" v="asphalt"/>
    <tag k="tiger:cfcc" v="A41"/>
    <tag k="tiger:county" v="Cumberland, ME"/>
    <tag k="tiger:name_base" v="Congress"/>
    <tag k="tiger:name_type" v="St"/>
    <tag k="tiger:reviewed" v="no"/>
    <tag k="tiger:zip_left" v="04102;04101"/>
    <tag k="tiger:zip_right" v="04102;04101"/>
  </way>
  <way id="747136459">
    <nd ref="6990981117"/>
    <nd ref="6990981119"/>
    <nd ref="6990981120"/>
    <nd ref="6990981116"/>
    <nd ref="6990981117"/>
    <tag k="addr:city" v="Portland"/>
    <tag k="addr:housenumber" v="8"/>
    <tag k="addr:postcode" v="04101"/>
    <tag k="addr:state" v="ME"/>
    <tag k="addr:street" v="Cotton Street"/>
    <tag k="building" v="yes"/>
  </way>
  <way id="747136463">
    <nd ref="6990981168"/>
    <nd ref="6990981169"/>
    <nd ref="6990981170"/>
    <nd ref="6990981171"/>
    <nd ref="6990981168"/>
    <tag k="building" v="yes"/>
  </way>
  <way id="747136475">
    <nd ref="6991007129"/>
    <nd ref="6991007130"/>
    <nd ref="6991007131"/>
    <nd ref="6991007135"/>
    <nd ref="6991007132"/>
    <nd ref="6991007129"/>
    <tag k="building" v="yes"/>
  </way>
  <way id="747136476">
    <nd ref="6991007131"/>
    <nd ref="6991007133"/>
    <nd ref="6991007134"/>
    <nd ref="6991007135"/>
    <nd ref="6991007131"/>
    <tag k="addr:city" v="Portland"/>
    <tag k="addr:housenumber" v="121"/>
    <tag k="addr:postcode" v="04101"/>
    <tag k="addr:state" v="ME"/>
    <tag k="addr:street" v="Center Street"/>
    <tag k="building" v="yes"/>
  </way>
  <way id="747136477">
    <nd ref="3719454393"/>
    <nd ref="6991007136"/>
    <nd ref="6991007137"/>
    <nd ref="6991007138"/>
    <nd ref="6991007139"/>
    <nd ref="6991007140"/>
    <nd ref="6991007141"/>
    <nd ref="6991007142"/>
    <nd ref="3719454387"/>
    <nd ref="3719454388"/>
    <nd ref="3719454389"/>
    <nd ref="3719454390"/>
    <nd ref="3719454391"/>
    <nd ref="3719454392"/>
    <nd ref="3719454393"/>
    <tag k="addr:city" v="Portland"/>
    <tag k="addr:housenumber" v="23"/>
    <tag k="addr:postcode" v="04101"/>
    <tag k="addr:state" v="ME"/>
    <tag k="addr:street" v="Spring Street Place"/>
    <tag k="building" v="yes"/>
  </way>
  <way id="753806465">
    <nd ref="7042939594"/>
    <nd ref="7059016080"/>
    <nd ref="7042939595"/>
    <nd ref="7042939596"/>
    <nd ref="7042939597"/>
    <nd ref="7042939598"/>
    <nd ref="7042939599"/>
    <nd ref="7042939600"/>
    <nd ref="7042939595"/>
    <tag k="access" v="private"/>
    <tag k="highway" v="service"/>
  </way>
  <way id="753806467">
    <nd ref="7042939604"/>
    <nd ref="7042939610"/>
    <nd ref="7042939605"/>
    <nd ref="7042939606"/>
    <nd ref="7042939607"/>
    <nd ref="7042939612"/>
    <nd ref="7042939608"/>
    <nd ref="7042939609"/>
    <tag k="highway" v="service"/>
  </way>
  <way id="753806468">
    <nd ref="7042939610"/>
    <nd ref="7042939611"/>
    <nd ref="7042939612"/>
    <tag k="highway" v="service"/>
  </way>
  <way id="754139038">
    <nd ref="7045455404"/>
    <nd ref="7045455405"/>
    <nd ref="7045455406"/>
    <nd ref="7045455407"/>
    <tag k="highway" v="service"/>
  </way>
  <way id="754443388">
    <nd ref="7048145515"/>
    <nd ref="11356888466"/>
    <nd ref="7048145516"/>
    <nd ref="7048145517"/>
    <nd ref="7048145518"/>
    <nd ref="7048145519"/>
    <nd ref="7048145520"/>
    <nd ref="7048145521"/>
    <nd ref="7048145522"/>
    <nd ref="7048145523"/>
    <nd ref="11356888465"/>
    <nd ref="7048145524"/>
    <tag k="highway" v="service"/>
    <tag k="oneway" v="yes"/>
    <tag k="surface" v="asphalt"/>
  </way>
  <way id="754443389">
    <nd ref="7048145518"/>
    <nd ref="7048145525"/>
    <nd ref="7048145526"/>
    <nd ref="7048145527"/>
    <nd ref="7048145528"/>
    <nd ref="7048145529"/>
    <nd ref="7048145531"/>
    <tag k="highway" v="service"/>
  </way>
  <way id="754443390">
    <nd ref="7048145531"/>
    <nd ref="11356888453"/>
    <nd ref="7048145530"/>
    <tag k="highway" v="service"/>
    <tag k="oneway" v="yes"/>
  </way>
  <way id="824835542">
    <nd ref="7702087535"/>
    <nd ref="7702087536"/>
    <nd ref="7702087537"/>
    <nd ref="7702087543"/>
    <nd ref="7702087538"/>
    <nd ref="7702087539"/>
    <nd ref="7702087540"/>
    <nd ref="7702087541"/>
    <nd ref="7702087542"/>
    <nd ref="7702087543"/>
    <tag k="highway" v="service"/>
  </way>
  <way id="824835544">
    <nd ref="7702087545"/>
    <nd ref="7702087559"/>
    <nd ref="7702087553"/>
    <nd ref="7702087546"/>
    <nd ref="7702087547"/>
    <nd ref="7702087552"/>
    <nd ref="7702087548"/>
    <tag k="highway" v="service"/>
  </way>
  <way id="824835545">
    <nd ref="7702087549"/>
    <nd ref="7702087550"/>
    <nd ref="7702087551"/>
    <nd ref="7702087552"/>
    <tag k="highway" v="service"/>
  </way>
  <way id="826238479">
    <nd ref="316638955"/>
    <nd ref="316638957"/>
    <nd ref="3481875039"/>
    <tag k="highway" v="residential"/>
    <tag k="name" v="Federal Street"/>
    <tag k="official_name" v="Federal Street West"/>
    <tag k="oneway" v="yes"/>
  </way>
  <way id="827031686">
    <nd ref="7721147169"/>
    <nd ref="7721147170"/>
    <nd ref="7721147171"/>
    <nd ref="7721147172"/>
    <nd ref="7721147173"/>
    <nd ref="7721147174"/>
    <nd ref="7721147175"/>
    <nd ref="7721147176"/>
    <nd ref="7721147177"/>
    <nd ref="7721147178"/>
    <nd ref="7721147179"/>
    <nd ref="7721147180"/>
    <nd ref="7721147181"/>
    <nd ref="7721147182"/>
    <nd ref="7721147183"/>
    <nd ref="7721147184"/>
    <nd ref="7721220785"/>
    <nd ref="7721220786"/>
    <nd ref="7721220787"/>
    <nd ref="7721220788"/>
    <nd ref="7721220789"/>
    <nd ref="7721220790"/>
    <nd ref="7721147169"/>
    <tag k="building" v="yes"/>
  </way>
  <way id="827031687">
    <nd ref="7721220791"/>
    <nd ref="12544640050"/>
    <nd ref="12544640054"/>
    <nd ref="7721220792"/>
    <nd ref="12544640053"/>
    <nd ref="12544640052"/>
    <nd ref="12544640051"/>
    <nd ref="7721220793"/>
    <nd ref="7721220794"/>
    <nd ref="7721220796"/>
    <nd ref="7721220797"/>
    <nd ref="7721220799"/>
    <nd ref="7721220800"/>
    <nd ref="7721220801"/>
    <nd ref="12544640049"/>
    <nd ref="7721220802"/>
    <nd ref="7721220791"/>
    <tag k="building" v="yes"/>
  </way>
  <way id="827031688">
    <nd ref="7171974311"/>
    <nd ref="7721220803"/>
    <nd ref="7721220804"/>
    <nd ref="7721220805"/>
    <nd ref="7721220806"/>
    <nd ref="7721220807"/>
    <nd ref="7171974311"/>
    <tag k="addr:city" v="Portland"/>
    <tag k="addr:housenumber" v="68"/>
    <tag k="addr:postcode" v="04101"/>
    <tag k="addr:state" v="ME"/>
    <tag k="addr:street" v="Hampshire Street"/>
    <tag k="building" v="yes"/>
  </way>
  <way id="827031689">
    <nd ref="7171974307"/>
    <nd ref="7721220808"/>
    <nd ref="7721220809"/>
    <nd ref="7721220810"/>
    <nd ref="7721220811"/>
    <nd ref="7721220812"/>
    <nd ref="7721220813"/>
    <nd ref="7721220814"/>
    <nd ref="7171974307"/>
    <tag k="addr:city" v="Portland"/>
    <tag k="addr:housenumber" v="306"/>
    <tag k="addr:postcode" v="04101"/>
    <tag k="addr:state" v="ME"/>
    <tag k="addr:street" v="Congress Street"/>
    <tag k="building" v="yes"/>
  </way>
  <way id="827031690">
    <nd ref="7171974335"/>
    <nd ref="7721220815"/>
    <nd ref="7721220816"/>
    <nd ref="7721220817"/>
    <nd ref="7721220818"/>
    <nd ref="7721220819"/>
    <nd ref="7721220820"/>
    <nd ref="7721220821"/>
    <nd ref="7721220822"/>
    <nd ref="7171974335"/>
    <tag k="addr:city" v="Portland"/>
    <tag k="addr:housenumber" v="88"/>
    <tag k="addr:postcode" v="04101"/>
    <tag k="addr:state" v="ME"/>
    <tag k="addr:street" v="Federal Street East"/>
    <tag k="building" v="yes"/>
  </way>
  <way id="827471188">
    <nd ref="7130404150"/>
    <nd ref="101533428"/>
    <nd ref="101533426"/>
    <nd ref="6793845219"/>
    <nd ref="6795170695"/>
    <nd ref="101513689"/>
    <tag k="highway" v="primary"/>
    <tag k="lanes" v="2"/>
    <tag k="name" v="Franklin Street"/>
    <tag k="oneway" v="yes"/>
    <tag k="ref" v="US 1A"/>
    <tag k="sidewalk" v="right"/>
    <tag k="surface" v="asphalt"/>
    <tag k="tiger:cfcc" v="A25"/>
    <tag k="tiger:county" v="Cumberland, ME"/>
    <tag k="tiger:name_base" v="Franklin"/>
    <tag k="tiger:name_base_1" v="United States Highway 1A"/>
    <tag k="tiger:name_type" v="St"/>
    <tag k="tiger:reviewed" v="no"/>
  </way>
  <way id="827471189">
    <nd ref="101460959"/>
    <nd ref="11478833206"/>
    <nd ref="11478833205"/>
    <nd ref="11478833204"/>
    <nd ref="5725134862"/>
    <nd ref="11478833203"/>
    <nd ref="11478833202"/>
    <nd ref="11478833201"/>
    <nd ref="11478833200"/>
    <nd ref="7130404150"/>
    <nd ref="11329912384"/>
    <nd ref="5267269342"/>
    <nd ref="5267269343"/>
    <nd ref="7042939614"/>
    <nd ref="5267269344"/>
    <tag k="highway" v="footway"/>
  </way>
  <way id="845530175">
    <nd ref="7888484010"/>
    <nd ref="7888484017"/>
    <nd ref="7888484022"/>
    <nd ref="7888484018"/>
    <nd ref="7888484011"/>
    <tag k="highway" v="service"/>
  </way>
  <way id="845530178">
    <nd ref="7888484015"/>
    <nd ref="7888484016"/>
    <tag k="highway" v="service"/>
    <tag k="surface" v="asphalt"/>
  </way>
  <way id="845530180">
    <nd ref="7888484016"/>
    <nd ref="7888484020"/>
    <nd ref="7888484018"/>
    <tag k="highway" v="service"/>
    <tag k="service" v="parking_aisle"/>
  </way>
  <way id="845530181">
    <nd ref="7888484019"/>
    <nd ref="7888484021"/>
    <nd ref="7888484020"/>
    <tag k="highway" v="service"/>
    <tag k="service" v="parking_aisle"/>
  </way>
  <way id="845530182">
    <nd ref="7888484021"/>
    <nd ref="7888484022"/>
    <tag k="highway" v="service"/>
    <tag k="service" v="parking_aisle"/>
  </way>
  <way id="845530183">
    <nd ref="7888484023"/>
    <nd ref="7888484014"/>
    <nd ref="7888484013"/>
    <nd ref="7888484016"/>
    <nd ref="7888484024"/>
    <nd ref="7888484025"/>
    <nd ref="7888484026"/>
    <nd ref="7888484027"/>
    <nd ref="7888484028"/>
    <nd ref="7888484029"/>
    <nd ref="7888484030"/>
    <nd ref="7888484023"/>
    <tag k="amenity" v="parking"/>
  </way>
  <way id="845890924">
    <nd ref="7891738693"/>
    <nd ref="7891738694"/>
    <tag k="highway" v="service"/>
    <tag k="service" v="parking_aisle"/>
  </way>
  <way id="845890925">
    <nd ref="3471401417"/>
    <nd ref="3471401418"/>
    <nd ref="7891738693"/>
    <nd ref="368008179"/>
    <tag k="foot" v="yes"/>
    <tag k="highway" v="service"/>
    <tag k="service" v="parking_aisle"/>
  </way>
  <way id="845890926">
    <nd ref="7891738696"/>
    <nd ref="7891738697"/>
    <nd ref="7891738698"/>
    <tag k="barrier" v="fence"/>
  </way>
  <way id="845890927">
    <nd ref="3471401417"/>
    <nd ref="7891738699"/>
    <nd ref="3471401416"/>
    <tag k="highway" v="pedestrian"/>
    <tag k="name" v="Canal Plaza"/>
    <tag k="surface" v="asphalt"/>
  </way>
  <way id="845892258">
    <nd ref="7891719742"/>
    <nd ref="7891719743"/>
    <nd ref="7891719744"/>
    <nd ref="7891719745"/>
    <nd ref="7891719746"/>
    <nd ref="7891719747"/>
    <nd ref="7891719748"/>
    <nd ref="7891719749"/>
    <nd ref="7891719750"/>
    <nd ref="7891719751"/>
    <nd ref="7891719752"/>
    <nd ref="7891719753"/>
    <nd ref="7891719754"/>
    <nd ref="7891719755"/>
    <nd ref="7891719756"/>
    <nd ref="7891719757"/>
    <nd ref="7891719758"/>
    <nd ref="7891719759"/>
    <nd ref="7891719760"/>
    <nd ref="7891719761"/>
    <nd ref="7891719762"/>
    <nd ref="7891719763"/>
    <nd ref="7891719764"/>
    <nd ref="7891719765"/>
    <nd ref="7891719766"/>
    <nd ref="7891719767"/>
    <nd ref="7891719768"/>
    <nd ref="7891719769"/>
    <nd ref="7891719770"/>
    <nd ref="7891719771"/>
    <nd ref="7891719772"/>
    <nd ref="7891719742"/>
    <tag k="landuse" v="flowerbed"/>
  </way>
  <way id="845892259">
    <nd ref="7891719773"/>
    <nd ref="7891719774"/>
    <nd ref="7891719775"/>
    <nd ref="7891719776"/>
    <nd ref="7891719777"/>
    <nd ref="7891719778"/>
    <nd ref="7891719779"/>
    <nd ref="7891719780"/>
    <nd ref="7891719781"/>
    <nd ref="7891719782"/>
    <nd ref="7891719783"/>
    <nd ref="7891719784"/>
    <nd ref="7891755885"/>
    <nd ref="7891755886"/>
    <nd ref="7891755887"/>
    <nd ref="7891755888"/>
    <nd ref="7891755889"/>
    <nd ref="7891755890"/>
    <nd ref="7891755891"/>
    <nd ref="7891755892"/>
    <nd ref="7891755893"/>
    <nd ref="7891755894"/>
    <nd ref="7891755895"/>
    <nd ref="7891755896"/>
    <nd ref="7891755897"/>
    <nd ref="7891755898"/>
    <nd ref="7891755899"/>
    <nd ref="7891719773"/>
    <tag k="landuse" v="flowerbed"/>
  </way>
  <way id="845892260">
    <nd ref="7891755900"/>
    <nd ref="7891755901"/>
    <nd ref="7891755902"/>
    <nd ref="7891755903"/>
    <nd ref="7891755904"/>
    <nd ref="7891755905"/>
    <nd ref="7891755906"/>
    <nd ref="7891755907"/>
    <nd ref="7891755908"/>
    <nd ref="7891755909"/>
    <nd ref="7891755910"/>
    <nd ref="7891755911"/>
    <nd ref="7891755912"/>
    <nd ref="7891755913"/>
    <nd ref="7891755914"/>
    <nd ref="7891755915"/>
    <nd ref="7891755900"/>
    <tag k="landuse" v="flowerbed"/>
  </way>
  <way id="845892261">
    <nd ref="7891755916"/>
    <nd ref="7891755917"/>
    <nd ref="7891755918"/>
    <nd ref="7891755919"/>
    <nd ref="7891755920"/>
    <nd ref="7891755921"/>
    <nd ref="7891755922"/>
    <nd ref="7891755923"/>
    <nd ref="7891755924"/>
    <nd ref="7891755925"/>
    <nd ref="7891755926"/>
    <nd ref="7891755927"/>
    <nd ref="7891755928"/>
    <nd ref="7891755929"/>
    <nd ref="7891755930"/>
    <nd ref="7891755931"/>
    <nd ref="7891755932"/>
    <nd ref="7891755933"/>
    <nd ref="7891755916"/>
    <tag k="landuse" v="flowerbed"/>
  </way>
  <way id="853830536">
    <nd ref="7963638811"/>
    <nd ref="7963638812"/>
    <nd ref="12544640094"/>
    <nd ref="7963638813"/>
    <nd ref="7963638814"/>
    <nd ref="7963638815"/>
    <nd ref="12544640092"/>
    <nd ref="12544640093"/>
    <nd ref="7963638816"/>
    <nd ref="7963638817"/>
    <nd ref="7963638811"/>
    <tag k="access" v="private"/>
    <tag k="building" v="yes"/>
  </way>
  <way id="853830537">
    <nd ref="101442069"/>
    <nd ref="101442066"/>
    <nd ref="7963638807"/>
    <nd ref="101442061"/>
    <tag k="highway" v="residential"/>
    <tag k="name" v="Hampshire Street"/>
    <tag k="oneway" v="yes"/>
    <tag k="tiger:cfcc" v="A41"/>
    <tag k="tiger:county" v="Cumberland, ME"/>
    <tag k="tiger:name_base" v="Hampshire"/>
    <tag k="tiger:name_type" v="St"/>
    <tag k="tiger:reviewed" v="no"/>
    <tag k="tiger:zip_left" v="04101"/>
    <tag k="tiger:zip_right" v="04101"/>
  </way>
  <way id="853830538">
    <nd ref="101442069"/>
    <nd ref="101480190"/>
    <tag k="highway" v="residential"/>
    <tag k="name" v="Federal Street"/>
    <tag k="official_name" v="Federal Street East"/>
  </way>
  <way id="855408324">
    <nd ref="7977231015"/>
    <nd ref="7977231014"/>
    <nd ref="7977231013"/>
    <nd ref="7977231012"/>
    <nd ref="7977231011"/>
    <nd ref="7977231010"/>
    <nd ref="7977231009"/>
    <nd ref="7977231008"/>
    <nd ref="7977231007"/>
    <nd ref="7977231006"/>
    <nd ref="7977231005"/>
    <nd ref="7977231004"/>
    <nd ref="7977231003"/>
    <nd ref="7977231002"/>
    <nd ref="7977231001"/>
    <nd ref="7977231000"/>
    <nd ref="7977230999"/>
    <nd ref="7977230998"/>
    <nd ref="7977230997"/>
    <nd ref="7977230996"/>
    <nd ref="7977230995"/>
    <nd ref="7977230994"/>
    <nd ref="7977230993"/>
    <nd ref="7977230992"/>
    <nd ref="7977230991"/>
    <nd ref="7977230990"/>
    <nd ref="7977230989"/>
    <nd ref="7977230988"/>
    <nd ref="7977230987"/>
    <nd ref="7977230986"/>
    <nd ref="7977230985"/>
    <nd ref="7977210984"/>
    <nd ref="7977231015"/>
    <tag k="addr:city" v="Portland"/>
    <tag k="addr:housenumber" v="5"/>
    <tag k="addr:postcode" v="04101"/>
    <tag k="addr:state" v="ME"/>
    <tag k="addr:street" v="Canal Plaza"/>
    <tag k="building" v="yes"/>
    <tag k="name" v="Copper Branch"/>
  </way>
  <way id="855408325">
    <nd ref="7977231017"/>
    <nd ref="7977231018"/>
    <nd ref="3471401446"/>
    <nd ref="7977231021"/>
    <nd ref="3471401447"/>
    <nd ref="7977231017"/>
    <tag k="addr:city" v="Portland"/>
    <tag k="addr:housenumber" v="10"/>
    <tag k="addr:postcode" v="04101"/>
    <tag k="addr:state" v="ME"/>
    <tag k="addr:street" v="Exchange Street"/>
    <tag k="building" v="commercial"/>
    <tag k="building:levels" v="4"/>
  </way>
  <way id="855927245">
    <nd ref="3548009422"/>
    <nd ref="7981424042"/>
    <tag k="barrier" v="fence"/>
  </way>
  <way id="855927246">
    <nd ref="3548009419"/>
    <nd ref="3548009430"/>
    <tag k="barrier" v="fence"/>
  </way>
  <way id="855927247">
    <nd ref="101355365"/>
    <nd ref="7981424044"/>
    <tag k="highway" v="service"/>
  </way>
  <way id="855927248">
    <nd ref="7981424047"/>
    <nd ref="7981424048"/>
    <tag k="highway" v="service"/>
  </way>
  <way id="858893481">
    <nd ref="8006552720"/>
    <nd ref="8006552727"/>
    <nd ref="101476986"/>
    <nd ref="8006552719"/>
    <tag k="footway" v="sidewalk"/>
    <tag k="highway" v="footway"/>
  </way>
  <way id="858893483">
    <nd ref="8006552722"/>
    <nd ref="8006552723"/>
    <nd ref="8006552724"/>
    <nd ref="8006552725"/>
    <nd ref="8006552726"/>
    <nd ref="8006552721"/>
    <nd ref="8006552720"/>
    <tag k="highway" v="steps"/>
    <tag k="name" v="Cross Street Stairs"/>
  </way>
  <way id="858893484">
    <nd ref="8006552752"/>
    <nd ref="8006552753"/>
    <nd ref="8006552754"/>
    <nd ref="8006552755"/>
    <nd ref="8006552756"/>
    <nd ref="8006552757"/>
    <nd ref="8006552739"/>
    <nd ref="8006552740"/>
    <nd ref="8006552741"/>
    <nd ref="8006552746"/>
    <nd ref="8006552747"/>
    <nd ref="8006552748"/>
    <nd ref="8006552749"/>
    <nd ref="8006552750"/>
    <nd ref="8006552751"/>
    <nd ref="8006552742"/>
    <nd ref="8006552743"/>
    <nd ref="8006552744"/>
    <nd ref="8006552745"/>
    <nd ref="8006552752"/>
    <tag k="highway" v="footway"/>
  </way>
  <way id="858893485">
    <nd ref="8006552750"/>
    <nd ref="8006552758"/>
    <tag k="highway" v="footway"/>
  </way>
  <way id="858893486">
    <nd ref="8006552745"/>
    <nd ref="8006552759"/>
    <tag k="highway" v="footway"/>
  </way>
  <way id="858893487">
    <nd ref="8006552755"/>
    <nd ref="8006552736"/>
    <tag k="highway" v="footway"/>
  </way>
  <way id="858895402">
    <nd ref="8006565547"/>
    <nd ref="8006565548"/>
    <nd ref="8006565549"/>
    <nd ref="8006565550"/>
    <nd ref="8006565551"/>
    <nd ref="8006565552"/>
    <nd ref="8006565553"/>
    <nd ref="8006565554"/>
    <nd ref="8006565555"/>
    <nd ref="8006565556"/>
    <nd ref="8006565557"/>
    <nd ref="8006565558"/>
    <nd ref="8006565559"/>
    <nd ref="8006565560"/>
    <nd ref="8006565561"/>
    <nd ref="8006565562"/>
    <nd ref="8006565563"/>
    <nd ref="8006565564"/>
    <nd ref="8006565565"/>
    <nd ref="8006565566"/>
    <nd ref="8006565567"/>
    <nd ref="8006565568"/>
    <nd ref="8006565569"/>
    <nd ref="8006565570"/>
    <nd ref="8006565571"/>
    <nd ref="8006565572"/>
    <nd ref="8006565573"/>
    <nd ref="8006565574"/>
    <nd ref="8006565547"/>
    <tag k="area" v="yes"/>
    <tag k="highway" v="pedestrian"/>
    <tag k="name" v="Lobsterman Park"/>
  </way>
  <way id="858895403">
    <nd ref="8006565575"/>
    <nd ref="8006565576"/>
    <tag k="highway" v="service"/>
  </way>
  <way id="895994895">
    <nd ref="8328719504"/>
    <nd ref="8328719477"/>
    <nd ref="8328719476"/>
    <tag k="barrier" v="wall"/>
    <tag k="wall" v="brick"/>
  </way>
  <way id="895998659">
    <nd ref="8328785068"/>
    <nd ref="8328785077"/>
    <nd ref="8328785076"/>
    <nd ref="8328785069"/>
    <nd ref="8328785070"/>
    <nd ref="8328785098"/>
    <nd ref="8328785071"/>
    <nd ref="8328785072"/>
    <nd ref="8328785073"/>
    <nd ref="8328785074"/>
    <nd ref="8328785075"/>
    <nd ref="8328785068"/>
    <tag k="landuse" v="grass"/>
  </way>
  <way id="895998660">
    <nd ref="8328785089"/>
    <nd ref="8328785090"/>
    <nd ref="8328785091"/>
    <nd ref="8328785092"/>
    <nd ref="8328785093"/>
    <nd ref="8328785094"/>
    <nd ref="8328785095"/>
    <nd ref="8328785096"/>
    <nd ref="8328785078"/>
    <nd ref="8328785079"/>
    <nd ref="8328785082"/>
    <nd ref="8328785083"/>
    <nd ref="8328785084"/>
    <nd ref="8328785085"/>
    <nd ref="8328785086"/>
    <nd ref="8328785087"/>
    <nd ref="8328785088"/>
    <nd ref="8328785080"/>
    <nd ref="8328785081"/>
    <nd ref="8328785089"/>
    <tag k="area" v="yes"/>
    <tag k="highway" v="pedestrian"/>
  </way>
  <way id="895998662">
    <nd ref="8328785098"/>
    <nd ref="8328785105"/>
    <nd ref="8328785107"/>
    <nd ref="8328785099"/>
    <nd ref="8328785100"/>
    <nd ref="8328785070"/>
    <nd ref="8328785098"/>
    <tag k="access" v="private"/>
    <tag k="amenity" v="parking"/>
    <tag k="parking" v="surface"/>
  </way>
  <way id="895998663">
    <nd ref="8328785115"/>
    <nd ref="8328785116"/>
    <nd ref="8328786817"/>
    <nd ref="8328786818"/>
    <nd ref="4008592583"/>
    <nd ref="8328785110"/>
    <nd ref="8328785111"/>
    <nd ref="8328785113"/>
    <nd ref="4008592584"/>
    <nd ref="4008592585"/>
    <nd ref="8328785112"/>
    <nd ref="8328786819"/>
    <nd ref="8328786820"/>
    <nd ref="8328786821"/>
    <nd ref="8328785115"/>
    <tag k="landuse" v="grass"/>
  </way>
  <way id="895998664">
    <nd ref="8328786821"/>
    <nd ref="8328786823"/>
    <nd ref="8328786819"/>
    <nd ref="8328786820"/>
    <nd ref="8328786821"/>
    <tag k="access" v="private"/>
    <tag k="amenity" v="parking"/>
    <tag k="parking" v="surface"/>
  </way>
  <way id="895998665">
    <nd ref="8328785074"/>
    <nd ref="8328785071"/>
    <nd ref="8328785072"/>
    <nd ref="8328785073"/>
    <nd ref="8328785074"/>
    <tag k="access" v="private"/>
    <tag k="amenity" v="parking"/>
    <tag k="parking" v="surface"/>
  </way>
  <way id="895998666">
    <nd ref="330121083"/>
    <nd ref="11356936086"/>
    <nd ref="8328786829"/>
    <nd ref="8328786832"/>
    <nd ref="8328786831"/>
    <nd ref="8328786833"/>
    <nd ref="11356936092"/>
    <nd ref="11356936087"/>
    <nd ref="8328786830"/>
    <nd ref="11356936091"/>
    <nd ref="11356936090"/>
    <nd ref="330121091"/>
    <nd ref="330121092"/>
    <nd ref="330121093"/>
    <nd ref="8328786827"/>
    <nd ref="8328786826"/>
    <nd ref="8328786850"/>
    <nd ref="8328786825"/>
    <nd ref="8328786828"/>
    <nd ref="330121094"/>
    <nd ref="330121096"/>
    <nd ref="330121083"/>
    <tag k="area" v="yes"/>
    <tag k="highway" v="pedestrian"/>
  </way>
  <way id="922381338">
    <nd ref="101513689"/>
    <nd ref="6795170696"/>
    <nd ref="101533424"/>
    <nd ref="101533422"/>
    <nd ref="101533421"/>
    <nd ref="101533417"/>
    <nd ref="101533416"/>
    <nd ref="6801911367"/>
    <nd ref="316638915"/>
    <tag k="highway" v="primary"/>
    <tag k="lanes" v="2"/>
    <tag k="maxspeed" v="35 mph"/>
    <tag k="name" v="Franklin Street"/>
    <tag k="oneway" v="yes"/>
    <tag k="ref" v="US 1A"/>
    <tag k="surface" v="asphalt"/>
    <tag k="tiger:cfcc" v="A25"/>
    <tag k="tiger:county" v="Cumberland, ME"/>
    <tag k="tiger:name_base" v="Franklin"/>
    <tag k="tiger:name_base_1" v="United States Highway 1A"/>
    <tag k="tiger:name_type" v="St"/>
    <tag k="tiger:reviewed" v="yes"/>
  </way>
  <way id="929176138">
    <nd ref="8617295801"/>
    <nd ref="8617295802"/>
    <nd ref="8617295803"/>
    <nd ref="8617295804"/>
    <nd ref="8617295805"/>
    <nd ref="8617295806"/>
    <tag k="barrier" v="fence"/>
  </way>
  <way id="929176139">
    <nd ref="8617295807"/>
    <nd ref="8617295808"/>
    <nd ref="8617295809"/>
    <nd ref="8617295810"/>
    <nd ref="8617295811"/>
    <tag k="barrier" v="fence"/>
  </way>
  <way id="929176140">
    <nd ref="3284137958"/>
    <nd ref="8617295812"/>
    <nd ref="8617295813"/>
    <nd ref="8617295814"/>
    <tag k="barrier" v="fence"/>
  </way>
  <way id="929176141">
    <nd ref="8617295815"/>
    <nd ref="8617295816"/>
    <nd ref="8617338617"/>
    <nd ref="8617338618"/>
    <nd ref="8617338619"/>
    <nd ref="8617338620"/>
    <nd ref="8617338621"/>
    <nd ref="8617338622"/>
    <nd ref="8617338623"/>
    <tag k="barrier" v="fence"/>
  </way>
  <way id="929176142">
    <nd ref="8617338633"/>
    <nd ref="8617338634"/>
    <nd ref="8617338635"/>
    <nd ref="8617338636"/>
    <nd ref="8617338637"/>
    <nd ref="8617338638"/>
    <nd ref="8617338639"/>
    <nd ref="8617338640"/>
    <nd ref="8617338633"/>
    <tag k="landuse" v="grass"/>
  </way>
  <way id="929176143">
    <nd ref="8617338644"/>
    <nd ref="8617338645"/>
    <nd ref="8617338646"/>
    <tag k="barrier" v="fence"/>
  </way>
  <way id="937837188">
    <nd ref="8688650034"/>
    <nd ref="8688650035"/>
    <nd ref="8688650036"/>
    <nd ref="8688650042"/>
    <nd ref="8688650037"/>
    <nd ref="8688650038"/>
    <nd ref="8688650039"/>
    <nd ref="8688650034"/>
    <tag k="leisure" v="outdoor_seating"/>
    <tag k="operator" v="Novare Res"/>
  </way>
  <way id="937837189">
    <nd ref="8688650040"/>
    <nd ref="8688650043"/>
    <tag k="highway" v="footway"/>
  </way>
  <way id="937837190">
    <nd ref="8688650043"/>
    <nd ref="8688650042"/>
    <tag k="highway" v="steps"/>
  </way>
  <way id="937837191">
    <nd ref="8688650041"/>
    <nd ref="8688650043"/>
    <tag k="highway" v="footway"/>
  </way>
  <way id="939244526">
    <nd ref="11329912443"/>
    <nd ref="11329912442"/>
    <nd ref="316638983"/>
    <tag k="highway" v="secondary"/>
    <tag k="lanes" v="2"/>
    <tag k="maxspeed" v="25 mph"/>
    <tag k="name" v="Congress Street"/>
    <tag k="route" v="bicycle"/>
    <tag k="surface" v="asphalt"/>
    <tag k="tiger:cfcc" v="A41"/>
    <tag k="tiger:county" v="Cumberland, ME"/>
    <tag k="tiger:name_base" v="Congress"/>
    <tag k="tiger:name_type" v="St"/>
    <tag k="tiger:reviewed" v="yes"/>
    <tag k="tiger:zip_left" v="04101"/>
    <tag k="tiger:zip_right" v="04101"/>
  </way>
  <way id="939244527">
    <nd ref="316638904"/>
    <nd ref="11329912422"/>
    <nd ref="9471658564"/>
    <nd ref="4564915399"/>
    <nd ref="4567160315"/>
    <nd ref="3566502650"/>
    <nd ref="101649511"/>
    <nd ref="101513692"/>
    <nd ref="101649514"/>
    <nd ref="101649515"/>
    <nd ref="101606543"/>
    <tag k="highway" v="residential"/>
    <tag k="name" v="Pearl Street"/>
    <tag k="surface" v="asphalt"/>
  </way>
  <way id="939384529">
    <nd ref="101396310"/>
    <nd ref="316632866"/>
    <nd ref="101555620"/>
    <nd ref="6990981124"/>
    <nd ref="101610337"/>
    <nd ref="6990981123"/>
    <nd ref="101610338"/>
    <nd ref="101592984"/>
    <tag k="highway" v="residential"/>
    <tag k="lanes" v="2"/>
    <tag k="name" v="Fore Street"/>
    <tag k="surface" v="asphalt"/>
  </way>
  <way id="996518972">
    <nd ref="9201397809"/>
    <nd ref="9201397810"/>
    <tag k="highway" v="footway"/>
    <tag k="surface" v="concrete"/>
  </way>
  <way id="1020622022">
    <nd ref="101582256"/>
    <nd ref="10869267560"/>
    <nd ref="10890999842"/>
    <nd ref="101466354"/>
    <tag k="highway" v="secondary"/>
    <tag k="maxspeed" v="25 mph"/>
    <tag k="name" v="Congress Street"/>
    <tag k="sidewalk" v="both"/>
    <tag k="surface" v="asphalt"/>
  </way>
  <way id="1027392330">
    <nd ref="9471658561"/>
    <nd ref="11848694131"/>
    <nd ref="9471658562"/>
    <nd ref="1960760592"/>
    <tag k="highway" v="footway"/>
  </way>
  <way id="1027392331">
    <nd ref="3481875019"/>
    <nd ref="3481875033"/>
    <nd ref="316638992"/>
    <nd ref="9471658563"/>
    <nd ref="101480293"/>
    <tag k="highway" v="footway"/>
  </way>
  <way id="1037479412">
    <nd ref="9557205547"/>
    <nd ref="9557205546"/>
    <nd ref="9557205545"/>
    <nd ref="9557205544"/>
    <nd ref="9557205547"/>
    <tag k="access" v="unknown"/>
    <tag k="amenity" v="parking"/>
    <tag k="parking" v="surface"/>
  </way>
  <way id="1037479413">
    <nd ref="9557205551"/>
    <nd ref="9557205550"/>
    <nd ref="9557205549"/>
    <nd ref="9557205548"/>
    <nd ref="9557205551"/>
    <tag k="access" v="unknown"/>
    <tag k="amenity" v="parking"/>
    <tag k="parking" v="surface"/>
  </way>
  <way id="1037479414">
    <nd ref="9557205557"/>
    <nd ref="9557205556"/>
    <nd ref="9557205555"/>
    <nd ref="9557205554"/>
    <nd ref="9557205553"/>
    <nd ref="9557205552"/>
    <nd ref="9557205557"/>
    <tag k="access" v="unknown"/>
    <tag k="amenity" v="parking"/>
    <tag k="parking" v="surface"/>
  </way>
  <way id="1037479417">
    <nd ref="9557205586"/>
    <nd ref="9557205585"/>
    <nd ref="9557205584"/>
    <nd ref="9557205583"/>
    <nd ref="9557205582"/>
    <nd ref="9557205581"/>
    <nd ref="9557205580"/>
    <nd ref="9557205579"/>
    <nd ref="9557205578"/>
    <nd ref="9557205577"/>
    <nd ref="9557205576"/>
    <nd ref="9557205575"/>
    <nd ref="9557205574"/>
    <nd ref="9557205573"/>
    <nd ref="9557205572"/>
    <nd ref="9557205571"/>
    <nd ref="9557205570"/>
    <nd ref="9557205586"/>
    <tag k="access" v="unknown"/>
    <tag k="amenity" v="parking"/>
    <tag k="parking" v="surface"/>
  </way>
  <way id="1037479418">
    <nd ref="9557205594"/>
    <nd ref="9557205593"/>
    <nd ref="9557205592"/>
    <nd ref="9557205591"/>
    <nd ref="9557205590"/>
    <nd ref="9557205589"/>
    <nd ref="9557205588"/>
    <nd ref="9557205587"/>
    <nd ref="9557205594"/>
    <tag k="access" v="unknown"/>
    <tag k="amenity" v="parking"/>
    <tag k="parking" v="surface"/>
  </way>
  <way id="1037479419">
    <nd ref="9557205600"/>
    <nd ref="9557205599"/>
    <nd ref="9557205598"/>
    <nd ref="9557205597"/>
    <nd ref="9557205596"/>
    <nd ref="9557205595"/>
    <nd ref="9557205600"/>
    <tag k="access" v="unknown"/>
    <tag k="amenity" v="parking"/>
    <tag k="parking" v="surface"/>
  </way>
  <way id="1037479423">
    <nd ref="9557205616"/>
    <nd ref="9557205615"/>
    <nd ref="9557205614"/>
    <nd ref="9557205613"/>
    <nd ref="9557205616"/>
    <tag k="access" v="unknown"/>
    <tag k="amenity" v="parking"/>
    <tag k="parking" v="surface"/>
  </way>
  <way id="1037479424">
    <nd ref="9557209120"/>
    <nd ref="9557209119"/>
    <nd ref="9557209118"/>
    <nd ref="9557209117"/>
    <nd ref="9557209120"/>
    <tag k="access" v="unknown"/>
    <tag k="amenity" v="parking"/>
    <tag k="parking" v="surface"/>
  </way>
  <way id="1037479425">
    <nd ref="9557209124"/>
    <nd ref="9557209123"/>
    <nd ref="9557209122"/>
    <nd ref="9557209121"/>
    <nd ref="9557209124"/>
    <tag k="access" v="unknown"/>
    <tag k="amenity" v="parking"/>
    <tag k="parking" v="surface"/>
  </way>
  <way id="1037479426">
    <nd ref="9557209128"/>
    <nd ref="9557209127"/>
    <nd ref="9557209126"/>
    <nd ref="9557209125"/>
    <nd ref="9557209128"/>
    <tag k="access" v="unknown"/>
    <tag k="amenity" v="parking"/>
    <tag k="parking" v="surface"/>
  </way>
  <way id="1037479427">
    <nd ref="9557209132"/>
    <nd ref="9557209131"/>
    <nd ref="9557209130"/>
    <nd ref="9557209129"/>
    <nd ref="9557209132"/>
    <tag k="access" v="unknown"/>
    <tag k="amenity" v="parking"/>
    <tag k="parking" v="surface"/>
  </way>
  <way id="1037817871">
    <nd ref="9559121857"/>
    <nd ref="9559121856"/>
    <nd ref="9559121855"/>
    <nd ref="9559121854"/>
    <nd ref="9559121857"/>
    <tag k="amenity" v="parking"/>
    <tag k="parking" v="surface"/>
  </way>
  <way id="1037817878">
    <nd ref="9559121899"/>
    <nd ref="9559121898"/>
    <nd ref="9559121897"/>
    <nd ref="9559121896"/>
    <nd ref="9559121899"/>
    <tag k="amenity" v="parking"/>
    <tag k="parking" v="surface"/>
  </way>
  <way id="1037818952">
    <nd ref="9559132230"/>
    <nd ref="9559132229"/>
    <nd ref="9559132228"/>
    <nd ref="9559132227"/>
    <nd ref="9559132226"/>
    <nd ref="9559132225"/>
    <nd ref="9559132224"/>
    <nd ref="9559132223"/>
    <nd ref="9559132222"/>
    <nd ref="9559132230"/>
    <tag k="amenity" v="parking"/>
    <tag k="parking" v="surface"/>
  </way>
  <way id="1037821915">
    <nd ref="9559151122"/>
    <nd ref="9559151121"/>
    <nd ref="9559151120"/>
    <nd ref="9559151119"/>
    <nd ref="9559151118"/>
    <nd ref="9559151117"/>
    <nd ref="9559139916"/>
    <nd ref="9559139915"/>
    <nd ref="9559139914"/>
    <nd ref="9559139913"/>
    <nd ref="9559139912"/>
    <nd ref="9559139911"/>
    <nd ref="9559139910"/>
    <nd ref="9559139909"/>
    <nd ref="9559139908"/>
    <nd ref="9559151122"/>
    <tag k="amenity" v="parking"/>
    <tag k="parking" v="surface"/>
  </way>
  <way id="1037821916">
    <nd ref="9559151130"/>
    <nd ref="9559151127"/>
    <nd ref="9559151123"/>
    <nd ref="9559151124"/>
    <nd ref="9559151125"/>
    <nd ref="9559151126"/>
    <nd ref="9559151128"/>
    <nd ref="9559151129"/>
    <nd ref="9559151130"/>
    <tag k="building" v="yes"/>
  </way>
  <way id="1037821917">
    <nd ref="9559151138"/>
    <nd ref="9559151135"/>
    <nd ref="9559151132"/>
    <nd ref="9559151131"/>
    <nd ref="9559151136"/>
    <nd ref="9559151133"/>
    <nd ref="9559151134"/>
    <nd ref="9559151137"/>
    <nd ref="9559151138"/>
    <tag k="building" v="yes"/>
  </way>
  <way id="1037834903">
    <nd ref="9559235456"/>
    <nd ref="9559235455"/>
    <nd ref="9559235454"/>
    <nd ref="9559235453"/>
    <nd ref="9559235456"/>
    <tag k="amenity" v="parking"/>
    <tag k="parking" v="surface"/>
  </way>
  <way id="1037877505">
    <nd ref="9559617099"/>
    <nd ref="9559617098"/>
    <nd ref="9559617097"/>
    <nd ref="9559617096"/>
    <nd ref="9559617095"/>
    <nd ref="9559617094"/>
    <nd ref="9559617093"/>
    <nd ref="9559617092"/>
    <nd ref="9559617091"/>
    <nd ref="9559617090"/>
    <nd ref="9559617099"/>
    <tag k="amenity" v="parking"/>
    <tag k="parking" v="surface"/>
  </way>
  <way id="1037877509">
    <nd ref="9559617131"/>
    <nd ref="9559617130"/>
    <nd ref="9559617129"/>
    <nd ref="9559617127"/>
    <nd ref="9559617126"/>
    <nd ref="9559617124"/>
    <nd ref="9559617125"/>
    <nd ref="9559617128"/>
    <nd ref="9559617131"/>
    <tag k="addr:city" v="Portland"/>
    <tag k="addr:housenumber" v="39"/>
    <tag k="addr:postcode" v="04101"/>
    <tag k="addr:state" v="ME"/>
    <tag k="addr:street" v="Cedar Street"/>
    <tag k="building" v="yes"/>
  </way>
  <way id="1037877510">
    <nd ref="9559617137"/>
    <nd ref="9559617134"/>
    <nd ref="9559617133"/>
    <nd ref="9559617132"/>
    <nd ref="9559617135"/>
    <nd ref="9559617136"/>
    <nd ref="9559617137"/>
    <tag k="addr:city" v="Portland"/>
    <tag k="addr:housenumber" v="3"/>
    <tag k="addr:postcode" v="04101"/>
    <tag k="addr:state" v="ME"/>
    <tag k="addr:street" v="Hall Court"/>
    <tag k="building" v="yes"/>
  </way>
  <way id="1051540377">
    <nd ref="101480190"/>
    <nd ref="11329829044"/>
    <tag k="footway" v="sidewalk"/>
    <tag k="highway" v="footway"/>
  </way>
  <way id="1063530691">
    <nd ref="9769127061"/>
    <nd ref="101380849"/>
    <tag k="highway" v="residential"/>
    <tag k="name" v="Portland Square"/>
    <tag k="oneway" v="yes"/>
    <tag k="tiger:cfcc" v="A41"/>
    <tag k="tiger:county" v="Cumberland, ME"/>
    <tag k="tiger:name_base" v="Cross"/>
    <tag k="tiger:name_type" v="St"/>
    <tag k="tiger:reviewed" v="no"/>
    <tag k="tiger:zip_left" v="04101"/>
    <tag k="tiger:zip_right" v="04101"/>
  </way>
  <way id="1118429135">
    <nd ref="7171974363"/>
    <nd ref="10229063047"/>
    <nd ref="10229063048"/>
    <nd ref="10229063049"/>
    <nd ref="7171974363"/>
    <tag k="addr:city" v="Portland"/>
    <tag k="addr:housenumber" v="169"/>
    <tag k="addr:postcode" v="04101"/>
    <tag k="addr:state" v="ME"/>
    <tag k="addr:street" v="Newbury Street"/>
    <tag k="building" v="apartments"/>
  </way>
  <way id="1172171959">
    <nd ref="11286174142"/>
    <nd ref="11286174143"/>
    <nd ref="11286174153"/>
    <nd ref="11286174152"/>
    <nd ref="9658264355"/>
    <nd ref="9658264356"/>
    <nd ref="9658264357"/>
    <nd ref="10890999877"/>
    <nd ref="9658264350"/>
    <tag k="footway" v="sidewalk"/>
    <tag k="highway" v="footway"/>
  </way>
  <way id="1192744679">
    <nd ref="11071966305"/>
    <nd ref="11071966306"/>
    <nd ref="11071966307"/>
    <nd ref="11071966308"/>
    <nd ref="11071966305"/>
    <tag k="addr:city" v="Portland"/>
    <tag k="addr:housenumber" v="40"/>
    <tag k="addr:postcode" v="04101"/>
    <tag k="addr:state" v="ME"/>
    <tag k="addr:street" v="Free Street"/>
    <tag k="building" v="apartments"/>
  </way>
  <way id="1194351985">
    <nd ref="7171975344"/>
    <nd ref="11086112817"/>
    <nd ref="11086112818"/>
    <nd ref="11086112819"/>
    <nd ref="11086112820"/>
    <nd ref="11086112821"/>
    <nd ref="11086112822"/>
    <nd ref="11086112823"/>
    <nd ref="11086112824"/>
    <nd ref="7171975344"/>
    <tag k="addr:city" v="Portland"/>
    <tag k="addr:housenumber" v="56"/>
    <tag k="addr:postcode" v="04101"/>
    <tag k="addr:state" v="ME"/>
    <tag k="addr:street" v="Chestnut Street"/>
    <tag k="building" v="apartments"/>
    <tag k="building:levels" v="4"/>
  </way>
  <way id="1194365752">
    <nd ref="7171974361"/>
    <nd ref="11086249911"/>
    <nd ref="11086249912"/>
    <nd ref="11086249913"/>
    <nd ref="11086249914"/>
    <nd ref="11086249915"/>
    <nd ref="11086249916"/>
    <nd ref="11086249917"/>
    <nd ref="11086249918"/>
    <nd ref="11086249919"/>
    <nd ref="11086249920"/>
    <nd ref="11086249921"/>
    <nd ref="11086249922"/>
    <nd ref="11086249923"/>
    <nd ref="11086249924"/>
    <nd ref="7171974361"/>
    <tag k="addr:city" v="Portland"/>
    <tag k="addr:housenumber" v="54"/>
    <tag k="addr:postcode" v="04101"/>
    <tag k="addr:state" v="ME"/>
    <tag k="addr:street" v="Chestnut Street"/>
    <tag k="building" v="apartments"/>
    <tag k="building:levels" v="3"/>
  </way>
  <way id="1194365753">
    <nd ref="11086249925"/>
    <nd ref="11086249926"/>
    <nd ref="11086249927"/>
    <nd ref="11086249928"/>
    <nd ref="11086249929"/>
    <nd ref="11086249930"/>
    <nd ref="11086249931"/>
    <nd ref="11086249935"/>
    <nd ref="11086249936"/>
    <nd ref="11086249932"/>
    <nd ref="11086249933"/>
    <nd ref="11086249934"/>
    <nd ref="11086249925"/>
    <tag k="building" v="apartments"/>
  </way>
  <way id="1194365754">
    <nd ref="7171974362"/>
    <nd ref="11086249937"/>
    <nd ref="11086249938"/>
    <nd ref="11086249939"/>
    <nd ref="11086249940"/>
    <nd ref="11086249941"/>
    <nd ref="11086249942"/>
    <nd ref="11086249943"/>
    <nd ref="11086249944"/>
    <nd ref="11086249945"/>
    <nd ref="7171974362"/>
    <tag k="addr:city" v="Portland"/>
    <tag k="addr:housenumber" v="198"/>
    <tag k="addr:postcode" v="04101"/>
    <tag k="addr:state" v="ME"/>
    <tag k="addr:street" v="Oxford Street"/>
    <tag k="building" v="apartments"/>
  </way>
  <way id="1218023048">
    <nd ref="11286174147"/>
    <nd ref="101533511"/>
    <nd ref="11286174149"/>
    <tag k="button_operated" v="yes"/>
    <tag k="crossing" v="traffic_signals"/>
    <tag k="crossing:island" v="no"/>
    <tag k="crossing:markings" v="zebra"/>
    <tag k="footway" v="crossing"/>
    <tag k="highway" v="footway"/>
  </way>
  <way id="1218023049">
    <nd ref="11286174139"/>
    <nd ref="11286174140"/>
    <nd ref="11286174141"/>
    <tag k="footway" v="sidewalk"/>
    <tag k="highway" v="footway"/>
  </way>
  <way id="1218023050">
    <nd ref="11286174145"/>
    <nd ref="11286174146"/>
    <nd ref="11286174147"/>
    <nd ref="11329829039"/>
    <nd ref="11329829040"/>
    <nd ref="11329829041"/>
    <nd ref="11329829042"/>
    <nd ref="11329829043"/>
    <nd ref="11329829044"/>
    <nd ref="11329829045"/>
    <nd ref="11329829046"/>
    <nd ref="11329829047"/>
    <nd ref="11329912411"/>
    <nd ref="11329829048"/>
    <nd ref="11329829049"/>
    <tag k="footway" v="sidewalk"/>
    <tag k="highway" v="footway"/>
  </way>
  <way id="1218023051">
    <nd ref="11286174144"/>
    <nd ref="101629467"/>
    <nd ref="11286174145"/>
    <tag k="button_operated" v="yes"/>
    <tag k="crossing" v="traffic_signals"/>
    <tag k="crossing:island" v="no"/>
    <tag k="crossing:markings" v="zebra"/>
    <tag k="footway" v="crossing"/>
    <tag k="highway" v="footway"/>
  </way>
  <way id="1218023052">
    <nd ref="11286174148"/>
    <nd ref="101533400"/>
    <nd ref="11286174139"/>
    <tag k="button_operated" v="yes"/>
    <tag k="crossing" v="traffic_signals"/>
    <tag k="crossing:island" v="no"/>
    <tag k="crossing:markings" v="zebra"/>
    <tag k="footway" v="crossing"/>
    <tag k="highway" v="footway"/>
  </way>
  <way id="1218023053">
    <nd ref="11286174149"/>
    <nd ref="11286174148"/>
    <tag k="crossing" v="traffic_signals"/>
    <tag k="footway" v="traffic_island"/>
    <tag k="highway" v="footway"/>
    <tag k="surface" v="asphalt"/>
    <tag k="tactile_paving" v="no"/>
  </way>
  <way id="1218023054">
    <nd ref="11286174151"/>
    <nd ref="6801945132"/>
    <nd ref="11286174144"/>
    <tag k="button_operated" v="yes"/>
    <tag k="crossing" v="traffic_signals"/>
    <tag k="crossing:island" v="no"/>
    <tag k="crossing:markings" v="zebra"/>
    <tag k="footway" v="crossing"/>
    <tag k="highway" v="footway"/>
  </way>
  <way id="1218023055">
    <nd ref="11286174150"/>
    <nd ref="11286174151"/>
    <tag k="crossing" v="traffic_signals"/>
    <tag k="footway" v="traffic_island"/>
    <tag k="highway" v="footway"/>
    <tag k="tactile_paving" v="no"/>
  </way>
  <way id="1221610571">
    <nd ref="101685564"/>
    <nd ref="11329829041"/>
    <tag k="footway" v="sidewalk"/>
    <tag k="highway" v="footway"/>
  </way>
  <way id="1221610572">
    <nd ref="11329829059"/>
    <nd ref="11329829066"/>
    <nd ref="11329829060"/>
    <tag k="footway" v="sidewalk"/>
    <tag k="highway" v="footway"/>
  </way>
  <way id="1221610573">
    <nd ref="11329829054"/>
    <nd ref="11329829053"/>
    <nd ref="11329829055"/>
    <tag k="button_operated" v="yes"/>
    <tag k="crossing" v="traffic_signals"/>
    <tag k="crossing:island" v="no"/>
    <tag k="crossing:markings" v="zebra"/>
    <tag k="footway" v="crossing"/>
    <tag k="highway" v="footway"/>
  </way>
  <way id="1221610574">
    <nd ref="11329912439"/>
    <nd ref="11329912423"/>
    <nd ref="11329912424"/>
    <nd ref="11329912440"/>
    <nd ref="11329912399"/>
    <nd ref="6801911365"/>
    <nd ref="11329912398"/>
    <nd ref="11329912397"/>
    <nd ref="11329912396"/>
    <nd ref="11329912395"/>
    <nd ref="11329912394"/>
    <nd ref="11329829056"/>
    <nd ref="11329829055"/>
    <nd ref="11329829067"/>
    <nd ref="11329829068"/>
    <nd ref="11329912369"/>
    <tag k="footway" v="sidewalk"/>
    <tag k="highway" v="footway"/>
    <tag k="surface" v="concrete"/>
  </way>
  <way id="1221610575">
    <nd ref="11329829056"/>
    <nd ref="11329829065"/>
    <nd ref="6794076221"/>
    <nd ref="11329829057"/>
    <tag k="button_operated" v="yes"/>
    <tag k="crossing" v="traffic_signals"/>
    <tag k="crossing:island" v="no"/>
    <tag k="crossing:markings" v="zebra"/>
    <tag k="footway" v="crossing"/>
    <tag k="highway" v="footway"/>
  </way>
  <way id="1221610576">
    <nd ref="11329829057"/>
    <nd ref="11329829058"/>
    <tag k="footway" v="sidewalk"/>
    <tag k="highway" v="footway"/>
  </way>
  <way id="1221610577">
    <nd ref="11329829058"/>
    <nd ref="6795170696"/>
    <nd ref="11329829059"/>
    <tag k="button_operated" v="yes"/>
    <tag k="crossing" v="traffic_signals"/>
    <tag k="crossing:island" v="no"/>
    <tag k="crossing:markings" v="zebra"/>
    <tag k="footway" v="crossing"/>
    <tag k="highway" v="footway"/>
  </way>
  <way id="1221610578">
    <nd ref="11329829060"/>
    <nd ref="11329829061"/>
    <nd ref="11329829062"/>
    <nd ref="11329829063"/>
    <tag k="button_operated" v="yes"/>
    <tag k="crossing" v="traffic_signals"/>
    <tag k="crossing:island" v="no"/>
    <tag k="crossing:markings" v="zebra"/>
    <tag k="footway" v="crossing"/>
    <tag k="highway" v="footway"/>
  </way>
  <way id="1221610579">
    <nd ref="11329912376"/>
    <nd ref="11329912409"/>
    <nd ref="11329912375"/>
    <nd ref="11329912408"/>
    <nd ref="11329912374"/>
    <nd ref="11329912373"/>
    <nd ref="11329912372"/>
    <nd ref="11329912371"/>
    <nd ref="11329912370"/>
    <nd ref="11329829063"/>
    <nd ref="11329829064"/>
    <nd ref="11329912392"/>
    <nd ref="11329912377"/>
    <nd ref="11329912378"/>
    <tag k="footway" v="sidewalk"/>
    <tag k="highway" v="footway"/>
  </way>
  <way id="1221610580">
    <nd ref="11329912379"/>
    <nd ref="11329829054"/>
    <nd ref="11329912380"/>
    <nd ref="11329912381"/>
    <nd ref="11329912382"/>
    <nd ref="11329912383"/>
    <nd ref="11329912384"/>
    <nd ref="11349594562"/>
    <nd ref="11349594561"/>
    <nd ref="11349594560"/>
    <nd ref="11349594559"/>
    <nd ref="11349594558"/>
    <tag k="footway" v="sidewalk"/>
    <tag k="highway" v="footway"/>
  </way>
  <way id="1221610581">
    <nd ref="11329912380"/>
    <nd ref="6795170695"/>
    <nd ref="11329912386"/>
    <tag k="button_operated" v="yes"/>
    <tag k="crossing" v="traffic_signals"/>
    <tag k="crossing:island" v="no"/>
    <tag k="crossing:markings" v="zebra"/>
    <tag k="footway" v="crossing"/>
    <tag k="highway" v="footway"/>
  </way>
  <way id="1221610582">
    <nd ref="11329912387"/>
    <nd ref="11329912388"/>
    <nd ref="11329912389"/>
    <tag k="button_operated" v="yes"/>
    <tag k="crossing" v="traffic_signals"/>
    <tag k="crossing:island" v="no"/>
    <tag k="crossing:markings" v="zebra"/>
    <tag k="footway" v="crossing"/>
    <tag k="highway" v="footway"/>
  </way>
  <way id="1221610583">
    <nd ref="11329912390"/>
    <nd ref="11329912391"/>
    <nd ref="11329912392"/>
    <tag k="button_operated" v="yes"/>
    <tag k="crossing" v="traffic_signals"/>
    <tag k="crossing:island" v="no"/>
    <tag k="crossing:markings" v="zebra"/>
    <tag k="footway" v="crossing"/>
    <tag k="highway" v="footway"/>
  </way>
  <way id="1221610584">
    <nd ref="11329912386"/>
    <nd ref="11329912387"/>
    <tag k="footway" v="sidewalk"/>
    <tag k="highway" v="footway"/>
  </way>
  <way id="1221610585">
    <nd ref="11329912389"/>
    <nd ref="11329912390"/>
    <nd ref="11329912393"/>
    <tag k="footway" v="sidewalk"/>
    <tag k="highway" v="footway"/>
  </way>
  <way id="1221610586">
    <nd ref="101480293"/>
    <nd ref="11329912417"/>
    <nd ref="11329912419"/>
    <nd ref="11329912418"/>
    <nd ref="11329912416"/>
    <nd ref="11329912415"/>
    <nd ref="11329912414"/>
    <nd ref="11329912426"/>
    <nd ref="11329912413"/>
    <nd ref="11329912412"/>
    <nd ref="11329912400"/>
    <nd ref="11329912401"/>
    <nd ref="11329912402"/>
    <nd ref="11329912403"/>
    <nd ref="6801911366"/>
    <tag k="footway" v="sidewalk"/>
    <tag k="highway" v="footway"/>
  </way>
  <way id="1221610587">
    <nd ref="11329912406"/>
    <nd ref="11329912407"/>
    <nd ref="11329912408"/>
    <tag k="button_operated" v="yes"/>
    <tag k="crossing" v="traffic_signals"/>
    <tag k="crossing:island" v="no"/>
    <tag k="crossing:markings" v="zebra"/>
    <tag k="footway" v="crossing"/>
    <tag k="highway" v="footway"/>
    <tag k="surface" v="asphalt"/>
  </way>
  <way id="1221610588">
    <nd ref="11329912409"/>
    <nd ref="101741107"/>
    <nd ref="11329829048"/>
    <tag k="button_operated" v="yes"/>
    <tag k="crossing" v="traffic_signals"/>
    <tag k="crossing:island" v="no"/>
    <tag k="crossing:markings" v="zebra"/>
    <tag k="footway" v="crossing"/>
    <tag k="highway" v="footway"/>
    <tag k="surface" v="asphalt"/>
  </way>
  <way id="1221610589">
    <nd ref="11329912410"/>
    <nd ref="101533532"/>
    <nd ref="11329829048"/>
    <tag k="button_operated" v="yes"/>
    <tag k="crossing" v="traffic_signals"/>
    <tag k="crossing:island" v="no"/>
    <tag k="crossing:markings" v="zebra"/>
    <tag k="footway" v="crossing"/>
    <tag k="highway" v="footway"/>
    <tag k="surface" v="asphalt"/>
  </way>
  <way id="1221610590">
    <nd ref="11329912405"/>
    <nd ref="11329912406"/>
    <tag k="footway" v="sidewalk"/>
    <tag k="highway" v="footway"/>
    <tag k="surface" v="concrete"/>
  </way>
  <way id="1221610591">
    <nd ref="11329912404"/>
    <nd ref="11329912410"/>
    <tag k="footway" v="sidewalk"/>
    <tag k="highway" v="footway"/>
    <tag k="surface" v="concrete"/>
  </way>
  <way id="1221610592">
    <nd ref="11329912421"/>
    <nd ref="11329912422"/>
    <nd ref="11329912423"/>
    <tag k="button_operated" v="yes"/>
    <tag k="crossing" v="traffic_signals"/>
    <tag k="crossing:island" v="no"/>
    <tag k="crossing:markings" v="zebra"/>
    <tag k="footway" v="crossing"/>
    <tag k="highway" v="footway"/>
    <tag k="surface" v="asphalt"/>
  </way>
  <way id="1221610593">
    <nd ref="11329912424"/>
    <nd ref="11329912425"/>
    <nd ref="11329912413"/>
    <tag k="button_operated" v="yes"/>
    <tag k="crossing" v="traffic_signals"/>
    <tag k="crossing:island" v="no"/>
    <tag k="crossing:markings" v="zebra"/>
    <tag k="footway" v="crossing"/>
    <tag k="highway" v="footway"/>
    <tag k="surface" v="asphalt"/>
  </way>
  <way id="1221610594">
    <nd ref="11329912426"/>
    <nd ref="11329912427"/>
    <nd ref="11329912428"/>
    <tag k="button_operated" v="yes"/>
    <tag k="crossing" v="traffic_signals"/>
    <tag k="crossing:island" v="no"/>
    <tag k="crossing:markings" v="zebra"/>
    <tag k="footway" v="crossing"/>
    <tag k="highway" v="footway"/>
    <tag k="surface" v="asphalt"/>
  </way>
  <way id="1221610595">
    <nd ref="11329912429"/>
    <nd ref="11329912430"/>
    <nd ref="11329912421"/>
    <tag k="button_operated" v="yes"/>
    <tag k="crossing" v="traffic_signals"/>
    <tag k="crossing:island" v="no"/>
    <tag k="crossing:markings" v="zebra"/>
    <tag k="footway" v="crossing"/>
    <tag k="highway" v="footway"/>
    <tag k="surface" v="asphalt"/>
  </way>
  <way id="1221610596">
    <nd ref="11329912431"/>
    <nd ref="11356936081"/>
    <nd ref="11329912429"/>
    <nd ref="11329912428"/>
    <nd ref="11329912432"/>
    <tag k="footway" v="sidewalk"/>
    <tag k="highway" v="footway"/>
    <tag k="surface" v="concrete"/>
  </way>
  <way id="1221610597">
    <nd ref="11329912433"/>
    <nd ref="11329912435"/>
    <nd ref="11329912436"/>
    <nd ref="11329912421"/>
    <nd ref="11329912437"/>
    <nd ref="11329912438"/>
    <tag k="footway" v="sidewalk"/>
    <tag k="highway" v="footway"/>
    <tag k="surface" v="paving_stones"/>
  </way>
  <way id="1221610598">
    <nd ref="316638904"/>
    <nd ref="11329912425"/>
    <nd ref="11329912441"/>
    <nd ref="11329912443"/>
    <tag k="highway" v="secondary"/>
    <tag k="lanes" v="3"/>
    <tag k="lanes:backward" v="2"/>
    <tag k="lanes:forward" v="1"/>
    <tag k="maxspeed" v="25 mph"/>
    <tag k="name" v="Congress Street"/>
    <tag k="route" v="bicycle"/>
    <tag k="surface" v="asphalt"/>
    <tag k="tiger:cfcc" v="A41"/>
    <tag k="tiger:county" v="Cumberland, ME"/>
    <tag k="tiger:name_base" v="Congress"/>
    <tag k="tiger:name_type" v="St"/>
    <tag k="tiger:reviewed" v="yes"/>
    <tag k="tiger:zip_left" v="04101"/>
    <tag k="tiger:zip_right" v="04101"/>
    <tag k="turn:lanes:backward" v="left|through;right"/>
  </way>
  <way id="1221610599">
    <nd ref="101533535"/>
    <nd ref="101741107"/>
    <nd ref="11329829051"/>
    <nd ref="11329912444"/>
    <tag k="highway" v="secondary"/>
    <tag k="lanes" v="3"/>
    <tag k="lanes:backward" v="2"/>
    <tag k="lanes:forward" v="1"/>
    <tag k="maxspeed" v="25 mph"/>
    <tag k="name" v="Congress Street"/>
    <tag k="route" v="bicycle"/>
    <tag k="surface" v="asphalt"/>
    <tag k="tiger:cfcc" v="A41"/>
    <tag k="tiger:county" v="Cumberland, ME"/>
    <tag k="tiger:name_base" v="Congress"/>
    <tag k="tiger:name_type" v="St"/>
    <tag k="tiger:reviewed" v="no"/>
    <tag k="tiger:zip_left" v="04101"/>
    <tag k="tiger:zip_right" v="04101"/>
    <tag k="turn:lanes:backward" v="through|through;right"/>
  </way>
  <way id="1221610600">
    <nd ref="11329912445"/>
    <nd ref="11329912420"/>
    <nd ref="11329912430"/>
    <nd ref="316638904"/>
    <tag k="highway" v="secondary"/>
    <tag k="lanes" v="3"/>
    <tag k="lanes:backward" v="1"/>
    <tag k="lanes:forward" v="2"/>
    <tag k="maxspeed" v="25 mph"/>
    <tag k="name" v="Congress Street"/>
    <tag k="route" v="bicycle"/>
    <tag k="surface" v="asphalt"/>
    <tag k="tiger:cfcc" v="A41"/>
    <tag k="tiger:county" v="Cumberland, ME"/>
    <tag k="tiger:name_base" v="Congress"/>
    <tag k="tiger:name_type" v="St"/>
    <tag k="tiger:reviewed" v="yes"/>
    <tag k="tiger:zip_left" v="04101"/>
    <tag k="tiger:zip_right" v="04101"/>
    <tag k="turn:lanes:forward" v="left|through;right"/>
  </way>
  <way id="1224613183">
    <nd ref="11356888398"/>
    <nd ref="11356888389"/>
    <nd ref="11356888399"/>
    <tag k="crossing" v="uncontrolled"/>
    <tag k="crossing:island" v="no"/>
    <tag k="crossing:markings" v="zebra"/>
    <tag k="footway" v="crossing"/>
    <tag k="highway" v="footway"/>
    <tag k="surface" v="asphalt"/>
  </way>
  <way id="1224613187">
    <nd ref="11356888397"/>
    <nd ref="11356888406"/>
    <nd ref="11356888403"/>
    <nd ref="11356888404"/>
    <nd ref="11356888421"/>
    <nd ref="11356888405"/>
    <tag k="footway" v="sidewalk"/>
    <tag k="highway" v="footway"/>
  </way>
  <way id="1224613188">
    <nd ref="11356888398"/>
    <nd ref="11356888406"/>
    <tag k="footway" v="sidewalk"/>
    <tag k="highway" v="footway"/>
  </way>
  <way id="1224613189">
    <nd ref="11356888400"/>
    <nd ref="11356888408"/>
    <nd ref="11356888407"/>
    <tag k="footway" v="sidewalk"/>
    <tag k="highway" v="footway"/>
  </way>
  <way id="1224613190">
    <nd ref="11356888399"/>
    <nd ref="11356888408"/>
    <tag k="footway" v="sidewalk"/>
    <tag k="highway" v="footway"/>
  </way>
  <way id="1224613191">
    <nd ref="11356888407"/>
    <nd ref="10890999840"/>
    <nd ref="11356888409"/>
    <tag k="crossing" v="uncontrolled"/>
    <tag k="crossing:island" v="no"/>
    <tag k="crossing:markings" v="zebra"/>
    <tag k="footway" v="crossing"/>
    <tag k="highway" v="footway"/>
    <tag k="surface" v="asphalt"/>
  </way>
  <way id="1224613192">
    <nd ref="11356888409"/>
    <nd ref="11356888427"/>
    <nd ref="11356888410"/>
    <nd ref="11356888437"/>
    <nd ref="11356888430"/>
    <nd ref="11356888428"/>
    <tag k="footway" v="sidewalk"/>
    <tag k="highway" v="footway"/>
  </way>
  <way id="1224613199">
    <nd ref="11356888418"/>
    <nd ref="11356888425"/>
    <nd ref="11356888434"/>
    <nd ref="11356888439"/>
    <nd ref="11356888419"/>
    <tag k="footway" v="sidewalk"/>
    <tag k="highway" v="footway"/>
  </way>
  <way id="1224613200">
    <nd ref="11356888405"/>
    <nd ref="10890999843"/>
    <nd ref="11356888418"/>
    <tag k="button_operated" v="yes"/>
    <tag k="crossing" v="traffic_signals"/>
    <tag k="crossing:island" v="no"/>
    <tag k="crossing:markings" v="zebra"/>
    <tag k="footway" v="crossing"/>
    <tag k="highway" v="footway"/>
    <tag k="surface" v="asphalt"/>
  </way>
  <way id="1224613201">
    <nd ref="11356888420"/>
    <nd ref="11356888421"/>
    <nd ref="11356936074"/>
    <tag k="footway" v="sidewalk"/>
    <tag k="highway" v="footway"/>
  </way>
  <way id="1224613202">
    <nd ref="11356888420"/>
    <nd ref="10890999842"/>
    <nd ref="11356888422"/>
    <tag k="button_operated" v="yes"/>
    <tag k="crossing" v="traffic_signals"/>
    <tag k="crossing:island" v="no"/>
    <tag k="crossing:markings" v="zebra"/>
    <tag k="footway" v="crossing"/>
    <tag k="highway" v="footway"/>
    <tag k="surface" v="asphalt"/>
  </way>
  <way id="1224613203">
    <nd ref="11356888423"/>
    <nd ref="10890999841"/>
    <nd ref="11356888424"/>
    <tag k="button_operated" v="yes"/>
    <tag k="crossing" v="traffic_signals"/>
    <tag k="crossing:island" v="no"/>
    <tag k="crossing:markings" v="zebra"/>
    <tag k="footway" v="crossing"/>
    <tag k="highway" v="footway"/>
    <tag k="surface" v="asphalt"/>
  </way>
  <way id="1224613204">
    <nd ref="11356888423"/>
    <nd ref="11356888425"/>
    <nd ref="11356888465"/>
    <nd ref="11356888466"/>
    <nd ref="11356888426"/>
    <nd ref="11356888440"/>
    <tag k="footway" v="sidewalk"/>
    <tag k="highway" v="footway"/>
  </way>
  <way id="1224613205">
    <nd ref="11356888422"/>
    <nd ref="11356888427"/>
    <tag k="footway" v="sidewalk"/>
    <tag k="highway" v="footway"/>
  </way>
  <way id="1224613206">
    <nd ref="11356888429"/>
    <nd ref="11356888430"/>
    <nd ref="11356888431"/>
    <nd ref="11356888432"/>
    <nd ref="11356888433"/>
    <tag k="footway" v="sidewalk"/>
    <tag k="highway" v="footway"/>
  </way>
  <way id="1224613207">
    <nd ref="11356888434"/>
    <nd ref="11356888435"/>
    <tag k="footway" v="sidewalk"/>
    <tag k="highway" v="footway"/>
  </way>
  <way id="1224613208">
    <nd ref="11356888435"/>
    <nd ref="6842510013"/>
    <nd ref="11356888429"/>
    <tag k="button_operated" v="yes"/>
    <tag k="crossing" v="traffic_signals"/>
    <tag k="crossing:island" v="no"/>
    <tag k="crossing:markings" v="zebra"/>
    <tag k="footway" v="crossing"/>
    <tag k="highway" v="footway"/>
    <tag k="surface" v="asphalt"/>
  </way>
  <way id="1224613209">
    <nd ref="11356888419"/>
    <nd ref="6842510015"/>
    <nd ref="11356888436"/>
    <tag k="button_operated" v="yes"/>
    <tag k="crossing" v="traffic_signals"/>
    <tag k="crossing:island" v="no"/>
    <tag k="crossing:markings" v="zebra"/>
    <tag k="footway" v="crossing"/>
    <tag k="highway" v="footway"/>
    <tag k="surface" v="asphalt"/>
  </way>
  <way id="1224613210">
    <nd ref="11356888424"/>
    <nd ref="11356888437"/>
    <tag k="footway" v="sidewalk"/>
    <tag k="highway" v="footway"/>
  </way>
  <way id="1224613211">
    <nd ref="11356888428"/>
    <nd ref="6842510014"/>
    <nd ref="11356888438"/>
    <tag k="button_operated" v="yes"/>
    <tag k="crossing" v="traffic_signals"/>
    <tag k="crossing:island" v="no"/>
    <tag k="crossing:markings" v="zebra"/>
    <tag k="footway" v="crossing"/>
    <tag k="highway" v="footway"/>
    <tag k="surface" v="asphalt"/>
  </way>
  <way id="1224613212">
    <nd ref="11356888439"/>
    <nd ref="11356888453"/>
    <nd ref="11356888440"/>
    <tag k="footway" v="sidewalk"/>
    <tag k="highway" v="footway"/>
  </way>
  <way id="1224613213">
    <nd ref="11356888441"/>
    <nd ref="6842510016"/>
    <nd ref="11356888442"/>
    <tag k="button_operated" v="yes"/>
    <tag k="crossing" v="traffic_signals"/>
    <tag k="crossing:island" v="no"/>
    <tag k="crossing:markings" v="zebra"/>
    <tag k="footway" v="crossing"/>
    <tag k="highway" v="footway"/>
    <tag k="surface" v="asphalt"/>
  </way>
  <way id="1224613214">
    <nd ref="11356888438"/>
    <nd ref="11356888446"/>
    <nd ref="11356888443"/>
    <nd ref="11356888444"/>
    <nd ref="11356936080"/>
    <nd ref="11356888445"/>
    <tag k="footway" v="sidewalk"/>
    <tag k="highway" v="footway"/>
  </way>
  <way id="1224613215">
    <nd ref="11356888442"/>
    <nd ref="11356888443"/>
    <tag k="footway" v="sidewalk"/>
    <tag k="highway" v="footway"/>
  </way>
  <way id="1224613216">
    <nd ref="11356888446"/>
    <nd ref="11356888447"/>
    <tag k="footway" v="sidewalk"/>
    <tag k="highway" v="footway"/>
  </way>
  <way id="1224613217">
    <nd ref="11356888436"/>
    <nd ref="11356888450"/>
    <nd ref="11356888448"/>
    <nd ref="11356936079"/>
    <nd ref="11356936078"/>
    <nd ref="11356888449"/>
    <nd ref="11356936084"/>
    <tag k="footway" v="sidewalk"/>
    <tag k="highway" v="footway"/>
  </way>
  <way id="1224613218">
    <nd ref="11356888441"/>
    <nd ref="11356888450"/>
    <nd ref="11356888452"/>
    <nd ref="11356888458"/>
    <nd ref="11356888451"/>
    <tag k="footway" v="sidewalk"/>
    <tag k="highway" v="footway"/>
  </way>
  <way id="1224613219">
    <nd ref="11356888454"/>
    <nd ref="6843965454"/>
    <nd ref="11356888451"/>
    <tag k="button_operated" v="yes"/>
    <tag k="crossing" v="traffic_signals"/>
    <tag k="crossing:island" v="no"/>
    <tag k="crossing:markings" v="zebra"/>
    <tag k="footway" v="crossing"/>
    <tag k="highway" v="footway"/>
    <tag k="surface" v="asphalt"/>
  </way>
  <way id="1224613220">
    <nd ref="11356888455"/>
    <nd ref="6843965453"/>
    <nd ref="11356888456"/>
    <tag k="button_operated" v="yes"/>
    <tag k="crossing" v="traffic_signals"/>
    <tag k="crossing:island" v="no"/>
    <tag k="crossing:markings" v="zebra"/>
    <tag k="footway" v="crossing"/>
    <tag k="highway" v="footway"/>
    <tag k="surface" v="asphalt"/>
  </way>
  <way id="1224613221">
    <nd ref="11356888457"/>
    <nd ref="6843965455"/>
    <nd ref="11356888440"/>
    <tag k="button_operated" v="yes"/>
    <tag k="crossing" v="traffic_signals"/>
    <tag k="crossing:island" v="no"/>
    <tag k="crossing:markings" v="zebra"/>
    <tag k="footway" v="crossing"/>
    <tag k="highway" v="footway"/>
    <tag k="surface" v="asphalt"/>
  </way>
  <way id="1224613222">
    <nd ref="11356888440"/>
    <nd ref="101509506"/>
    <nd ref="11356888458"/>
    <tag k="button_operated" v="yes"/>
    <tag k="crossing" v="traffic_signals"/>
    <tag k="crossing:island" v="no"/>
    <tag k="crossing:markings" v="zebra"/>
    <tag k="footway" v="crossing"/>
    <tag k="highway" v="footway"/>
    <tag k="surface" v="asphalt"/>
  </way>
  <way id="1224613223">
    <nd ref="11356888455"/>
    <nd ref="11356888459"/>
    <nd ref="11356888460"/>
    <tag k="footway" v="sidewalk"/>
    <tag k="highway" v="footway"/>
  </way>
  <way id="1224613224">
    <nd ref="11356888454"/>
    <nd ref="11356888459"/>
    <nd ref="11356888461"/>
    <tag k="footway" v="sidewalk"/>
    <tag k="highway" v="footway"/>
  </way>
  <way id="1224613225">
    <nd ref="11356888456"/>
    <nd ref="11356888463"/>
    <nd ref="11356936075"/>
    <nd ref="11356888462"/>
    <tag k="footway" v="sidewalk"/>
    <tag k="highway" v="footway"/>
  </way>
  <way id="1224613226">
    <nd ref="11356888457"/>
    <nd ref="11356888463"/>
    <nd ref="11356888464"/>
    <tag k="footway" v="sidewalk"/>
    <tag k="highway" v="footway"/>
  </way>
  <way id="1224613227">
    <nd ref="11356888462"/>
    <nd ref="11356888468"/>
    <nd ref="11356936073"/>
    <nd ref="11356888467"/>
    <nd ref="11356936074"/>
    <nd ref="11356936069"/>
    <nd ref="11356888426"/>
    <nd ref="101513713"/>
    <nd ref="11356936075"/>
    <tag k="button_operated" v="yes"/>
    <tag k="crossing" v="traffic_signals"/>
    <tag k="crossing:island" v="no"/>
    <tag k="crossing:markings" v="zebra"/>
    <tag k="footway" v="crossing"/>
    <tag k="highway" v="footway"/>
    <tag k="surface" v="asphalt"/>
  </way>
  <way id="1224613228">
    <nd ref="11356888445"/>
    <nd ref="6839167351"/>
    <nd ref="11356936077"/>
    <nd ref="11356936076"/>
    <nd ref="11356936078"/>
    <tag k="button_operated" v="yes"/>
    <tag k="crossing" v="traffic_signals"/>
    <tag k="crossing:island" v="no"/>
    <tag k="crossing:markings" v="zebra"/>
    <tag k="footway" v="crossing"/>
    <tag k="highway" v="footway"/>
    <tag k="surface" v="asphalt"/>
  </way>
  <way id="1224613229">
    <nd ref="11356936079"/>
    <nd ref="6839167350"/>
    <nd ref="11356936080"/>
    <tag k="button_operated" v="yes"/>
    <tag k="crossing" v="traffic_signals"/>
    <tag k="crossing:island" v="no"/>
    <tag k="crossing:markings" v="zebra"/>
    <tag k="footway" v="crossing"/>
    <tag k="highway" v="footway"/>
    <tag k="surface" v="asphalt"/>
  </way>
  <way id="1224613230">
    <nd ref="8328785078"/>
    <nd ref="11356936081"/>
    <tag k="footway" v="sidewalk"/>
    <tag k="highway" v="footway"/>
  </way>
  <way id="1224613231">
    <nd ref="11356936077"/>
    <nd ref="11356936082"/>
    <nd ref="11356936083"/>
    <tag k="footway" v="sidewalk"/>
    <tag k="highway" v="footway"/>
  </way>
  <way id="1224613232">
    <nd ref="11356936085"/>
    <nd ref="11356936086"/>
    <nd ref="11356936088"/>
    <nd ref="11356936096"/>
    <nd ref="11356936094"/>
    <nd ref="11356936087"/>
    <tag k="footway" v="sidewalk"/>
    <tag k="highway" v="footway"/>
  </way>
  <way id="1224613233">
    <nd ref="11356936089"/>
    <nd ref="8328786832"/>
    <nd ref="11356936088"/>
    <tag k="footway" v="sidewalk"/>
    <tag k="highway" v="footway"/>
  </way>
  <way id="1224613234">
    <nd ref="11356936093"/>
    <nd ref="8328786833"/>
    <nd ref="11356936094"/>
    <tag k="footway" v="sidewalk"/>
    <tag k="highway" v="footway"/>
  </way>
  <way id="1224613235">
    <nd ref="11356936095"/>
    <nd ref="8328786831"/>
    <nd ref="11356936096"/>
    <tag k="footway" v="sidewalk"/>
    <tag k="highway" v="footway"/>
  </way>
  <way id="1224613236">
    <nd ref="11356936105"/>
    <nd ref="6839148339"/>
    <nd ref="11356936083"/>
    <nd ref="6839148341"/>
    <nd ref="11356936098"/>
    <tag k="crossing" v="uncontrolled"/>
    <tag k="crossing:island" v="no"/>
    <tag k="crossing:markings" v="zebra"/>
    <tag k="footway" v="crossing"/>
    <tag k="highway" v="footway"/>
    <tag k="surface" v="asphalt"/>
  </way>
  <way id="1224613237">
    <nd ref="11356936098"/>
    <nd ref="11356936097"/>
    <tag k="footway" v="traffic_island"/>
    <tag k="highway" v="footway"/>
  </way>
  <way id="1224613238">
    <nd ref="11356936103"/>
    <nd ref="6839148343"/>
    <nd ref="11356936100"/>
    <tag k="crossing" v="uncontrolled"/>
    <tag k="crossing:island" v="no"/>
    <tag k="crossing:markings" v="zebra"/>
    <tag k="footway" v="crossing"/>
    <tag k="highway" v="footway"/>
    <tag k="surface" v="asphalt"/>
  </way>
  <way id="1224613239">
    <nd ref="11356936100"/>
    <nd ref="11356936099"/>
    <tag k="footway" v="traffic_island"/>
    <tag k="highway" v="footway"/>
  </way>
  <way id="1224613240">
    <nd ref="11356936104"/>
    <nd ref="6839148344"/>
    <nd ref="11356936101"/>
    <tag k="crossing" v="uncontrolled"/>
    <tag k="crossing:island" v="no"/>
    <tag k="crossing:markings" v="zebra"/>
    <tag k="footway" v="crossing"/>
    <tag k="highway" v="footway"/>
    <tag k="surface" v="asphalt"/>
  </way>
  <way id="1224613241">
    <nd ref="11356936101"/>
    <nd ref="11356936102"/>
    <tag k="footway" v="traffic_island"/>
    <tag k="highway" v="footway"/>
  </way>
  <way id="1224613242">
    <nd ref="11356936084"/>
    <nd ref="6839144556"/>
    <nd ref="11356936085"/>
    <tag k="crossing" v="uncontrolled"/>
    <tag k="crossing:island" v="no"/>
    <tag k="crossing:markings" v="zebra"/>
    <tag k="footway" v="crossing"/>
    <tag k="highway" v="footway"/>
    <tag k="surface" v="asphalt"/>
  </way>
  <way id="1224613243">
    <nd ref="11356936103"/>
    <nd ref="11356936082"/>
    <tag k="footway" v="sidewalk"/>
    <tag k="highway" v="footway"/>
  </way>
  <way id="1224613244">
    <nd ref="11356936105"/>
    <nd ref="11356936106"/>
    <nd ref="11356936107"/>
    <tag k="footway" v="sidewalk"/>
    <tag k="highway" v="footway"/>
  </way>
  <way id="1224613245">
    <nd ref="11356936106"/>
    <nd ref="11356936104"/>
    <tag k="footway" v="sidewalk"/>
    <tag k="highway" v="footway"/>
  </way>
  <way id="1224613246">
    <nd ref="11356936107"/>
    <nd ref="6839148336"/>
    <nd ref="11329912431"/>
    <nd ref="6839148338"/>
    <nd ref="11356936108"/>
    <tag k="crossing" v="uncontrolled"/>
    <tag k="crossing:island" v="no"/>
    <tag k="crossing:markings" v="zebra"/>
    <tag k="footway" v="crossing"/>
    <tag k="highway" v="footway"/>
    <tag k="surface" v="asphalt"/>
  </way>
  <way id="1224613247">
    <nd ref="11356936108"/>
    <nd ref="11329912435"/>
    <tag k="footway" v="sidewalk"/>
    <tag k="highway" v="footway"/>
  </way>
  <way id="1224613248">
    <nd ref="11356936087"/>
    <nd ref="6839148337"/>
    <nd ref="11329912433"/>
    <tag k="crossing" v="uncontrolled"/>
    <tag k="crossing:island" v="no"/>
    <tag k="crossing:markings" v="zebra"/>
    <tag k="footway" v="crossing"/>
    <tag k="highway" v="footway"/>
    <tag k="surface" v="asphalt"/>
  </way>
  <way id="1236291055">
    <nd ref="101480293"/>
    <nd ref="11478833207"/>
    <nd ref="11478833208"/>
    <nd ref="11478833209"/>
    <nd ref="101533526"/>
    <nd ref="11329829044"/>
    <tag k="highway" v="footway"/>
  </way>
  <way id="1245957658">
    <nd ref="11583129083"/>
    <nd ref="11583129084"/>
    <nd ref="11583129085"/>
    <nd ref="11583129086"/>
    <nd ref="11583129087"/>
    <nd ref="11583129088"/>
    <nd ref="11583129083"/>
    <tag k="addr:housenumber" v="201"/>
    <tag k="addr:street" v="Federal Street"/>
    <tag k="building" v="apartments"/>
    <tag k="building:flats" v="263"/>
    <tag k="building:levels" v="18"/>
    <tag k="height" v="61"/>
    <tag k="name" v="The Casco"/>
  </way>
  <way id="1276270769">
    <nd ref="316638911"/>
    <nd ref="11848694132"/>
    <nd ref="11848694130"/>
    <tag k="highway" v="footway"/>
    <tag k="source" v="EsriWorldImageryClarity"/>
  </way>
  <way id="1276270770">
    <nd ref="1960760590"/>
    <nd ref="11848694134"/>
    <nd ref="11848694131"/>
    <tag k="highway" v="footway"/>
    <tag k="source" v="EsriWorldImageryClarity"/>
  </way>
  <way id="1276270771">
    <nd ref="316638992"/>
    <nd ref="11848694133"/>
    <tag k="highway" v="footway"/>
    <tag k="source" v="EsriWorldImageryClarity"/>
  </way>
  <way id="1282884825">
    <nd ref="11904362408"/>
    <nd ref="11904362414"/>
    <nd ref="11904362409"/>
    <nd ref="11904362412"/>
    <nd ref="11904362410"/>
    <nd ref="11904362413"/>
    <nd ref="11904362411"/>
    <nd ref="11904362415"/>
    <nd ref="11904362408"/>
    <tag k="crossing" v="uncontrolled"/>
    <tag k="crossing:markings" v="yes"/>
    <tag k="footway" v="crossing"/>
    <tag k="highway" v="footway"/>
  </way>
  <way id="1282884833">
    <nd ref="11904362411"/>
    <nd ref="11904362418"/>
    <tag k="footway" v="sidewalk"/>
    <tag k="highway" v="footway"/>
  </way>
  <way id="1282884834">
    <nd ref="11356888464"/>
    <nd ref="11904362409"/>
    <tag k="footway" v="sidewalk"/>
    <tag k="highway" v="footway"/>
  </way>
  <way id="1282884835">
    <nd ref="11904362410"/>
    <nd ref="11904362437"/>
    <nd ref="11356888461"/>
    <tag k="footway" v="sidewalk"/>
    <tag k="highway" v="footway"/>
  </way>
  <way id="1282884836">
    <nd ref="11356888460"/>
    <nd ref="11904381078"/>
    <nd ref="11904362438"/>
    <tag k="footway" v="sidewalk"/>
    <tag k="highway" v="footway"/>
  </way>
  <way id="1282884837">
    <nd ref="11904362438"/>
    <nd ref="11904362440"/>
    <nd ref="11904362439"/>
    <tag k="crossing" v="uncontrolled"/>
    <tag k="crossing:markings" v="yes"/>
    <tag k="footway" v="crossing"/>
    <tag k="highway" v="footway"/>
  </way>
  <way id="1282884838">
    <nd ref="11904362439"/>
    <nd ref="11904362441"/>
    <tag k="footway" v="sidewalk"/>
    <tag k="highway" v="footway"/>
  </way>
  <way id="1282884839">
    <nd ref="11904362441"/>
    <nd ref="11904362447"/>
    <nd ref="11904362442"/>
    <nd ref="11904362445"/>
    <nd ref="11904362443"/>
    <nd ref="11904362446"/>
    <nd ref="11904362444"/>
    <nd ref="11904362448"/>
    <nd ref="11904362441"/>
    <tag k="crossing" v="uncontrolled"/>
    <tag k="crossing:markings" v="yes"/>
    <tag k="footway" v="crossing"/>
    <tag k="highway" v="footway"/>
  </way>
  <way id="1282884840">
    <nd ref="11904362442"/>
    <nd ref="12322245687"/>
    <nd ref="11904362449"/>
    <nd ref="11356936084"/>
    <tag k="footway" v="sidewalk"/>
    <tag k="highway" v="footway"/>
    <tag k="layer" v="-1"/>
  </way>
  <way id="1298538957">
    <nd ref="12029151178"/>
    <nd ref="12029151181"/>
    <nd ref="12029151179"/>
    <nd ref="12029151180"/>
    <nd ref="12029151177"/>
    <nd ref="12029151178"/>
    <tag k="garden:type" v="community"/>
    <tag k="leisure" v="garden"/>
    <tag k="name" v="Bayside Community Garden"/>
  </way>
  <way id="1301901538">
    <nd ref="12058529896"/>
    <nd ref="12058529895"/>
    <nd ref="12058529894"/>
    <nd ref="12058529893"/>
    <nd ref="12058529892"/>
    <nd ref="12058529891"/>
    <nd ref="12058529890"/>
    <nd ref="12322245679"/>
    <nd ref="12058529889"/>
    <nd ref="12058529888"/>
    <nd ref="12058529887"/>
    <nd ref="12058529896"/>
    <tag k="addr:city" v="Portland"/>
    <tag k="addr:housenumber" v="284"/>
    <tag k="addr:postcode" v="04101"/>
    <tag k="addr:state" v="ME"/>
    <tag k="addr:street" v="Cumberland Avenue"/>
    <tag k="amenity" v="school"/>
    <tag k="name" v="Portland High School"/>
    <tag k="operator" v="Portland Public Schools"/>
    <tag k="operator:short" v="PPS"/>
    <tag k="operator:type" v="public"/>
    <tag k="operator:wikidata" v="Q7232016"/>
  </way>
  <way id="1308285908">
    <nd ref="12115348328"/>
    <nd ref="12115348329"/>
    <nd ref="12115348330"/>
    <nd ref="12115348331"/>
    <nd ref="12115348328"/>
    <tag k="amenity" v="toilets"/>
    <tag k="building" v="yes"/>
  </way>
  <way id="1309734833">
    <nd ref="7888484015"/>
    <nd ref="12127006186"/>
    <nd ref="12127006184"/>
    <nd ref="12127006174"/>
    <nd ref="12127006176"/>
    <nd ref="12127006175"/>
    <tag k="highway" v="service"/>
  </way>
  <way id="1309734834">
    <nd ref="12127006176"/>
    <nd ref="12127006177"/>
    <nd ref="12127006178"/>
    <tag k="highway" v="service"/>
  </way>
  <way id="1309734835">
    <nd ref="12127006177"/>
    <nd ref="12127006179"/>
    <nd ref="12127006180"/>
    <nd ref="12127006181"/>
    <tag k="highway" v="service"/>
  </way>
  <way id="1309734838">
    <nd ref="12127006184"/>
    <nd ref="12127006185"/>
    <tag k="highway" v="service"/>
    <tag k="service" v="parking_aisle"/>
  </way>
  <way id="1309734839">
    <nd ref="12127006186"/>
    <nd ref="12127006187"/>
    <tag k="highway" v="service"/>
    <tag k="service" v="parking_aisle"/>
    <tag k="surface" v="asphalt"/>
  </way>
  <way id="1349125772">
    <nd ref="3556462827"/>
    <nd ref="3556462826"/>
    <nd ref="12479669837"/>
    <nd ref="12479669838"/>
    <nd ref="3556462741"/>
    <nd ref="4564848045"/>
    <nd ref="4564848044"/>
    <nd ref="4564848043"/>
    <nd ref="12479669839"/>
    <nd ref="12479669840"/>
    <nd ref="12479669841"/>
    <nd ref="12479669842"/>
    <nd ref="12479669843"/>
    <nd ref="3556462817"/>
    <nd ref="3556462816"/>
    <nd ref="3556462829"/>
    <nd ref="3556462828"/>
    <nd ref="3556462827"/>
    <tag k="addr:city" v="Portland"/>
    <tag k="addr:postcode" v="04101"/>
    <tag k="addr:state" v="ME"/>
    <tag k="addr:street" v="Portland Square"/>
    <tag k="leisure" v="park"/>
    <tag k="name" v="Portland Square Park"/>
    <tag k="operator" v="City of Portland"/>
    <tag k="operator:type" v="government"/>
    <tag k="operator:wikidata" v="Q49201"/>
  </way>
  <way id="1354769154">
    <nd ref="12537471154"/>
    <nd ref="12537471155"/>
    <nd ref="12537471156"/>
    <nd ref="12537471157"/>
    <nd ref="12537471158"/>
    <nd ref="12537471159"/>
    <nd ref="12537471160"/>
    <nd ref="12537471161"/>
    <nd ref="12537471162"/>
    <nd ref="12537471163"/>
    <nd ref="12537471164"/>
    <nd ref="12537471165"/>
    <nd ref="12537471166"/>
    <nd ref="12537471167"/>
    <nd ref="12537471168"/>
    <nd ref="12537471169"/>
    <nd ref="12537471170"/>
    <nd ref="12537471171"/>
    <nd ref="12537471172"/>
    <nd ref="12537471173"/>
    <nd ref="12537471174"/>
    <nd ref="12537471175"/>
    <nd ref="12537471176"/>
    <nd ref="12537471177"/>
    <nd ref="12537471178"/>
    <nd ref="12537471179"/>
    <nd ref="12537471180"/>
    <nd ref="12537471181"/>
    <nd ref="12537471182"/>
    <nd ref="12537471183"/>
    <nd ref="12537471184"/>
    <nd ref="12537471185"/>
    <nd ref="12537471186"/>
    <nd ref="12537471187"/>
    <nd ref="12537471188"/>
    <nd ref="12537471189"/>
    <nd ref="12537471190"/>
    <nd ref="12537471191"/>
    <nd ref="12537471192"/>
    <nd ref="12537471154"/>
  </way>
  <way id="1354769155">
    <nd ref="12537471193"/>
    <nd ref="12537471194"/>
    <nd ref="12537471195"/>
    <nd ref="12537471196"/>
    <nd ref="12537471193"/>
  </way>
  <way id="1355463245">
    <nd ref="12544640045"/>
    <nd ref="12544640046"/>
    <nd ref="12544640047"/>
    <nd ref="12544640048"/>
    <nd ref="12544640045"/>
    <tag k="building" v="yes"/>
  </way>
  <way id="1355463251">
    <nd ref="12544640084"/>
    <nd ref="12544640085"/>
    <nd ref="12544640086"/>
    <nd ref="12544640087"/>
    <nd ref="12544640084"/>
    <tag k="building" v="yes"/>
  </way>
  <way id="1364138554">
    <nd ref="12631778992"/>
    <nd ref="12631778993"/>
    <nd ref="12631778994"/>
    <nd ref="12631778995"/>
    <nd ref="12631778996"/>
    <nd ref="12631778997"/>
    <nd ref="12631778999"/>
    <nd ref="12631778998"/>
    <nd ref="12631778992"/>
    <tag k="amenity" v="parking"/>
  </way>
  <relation id="104939">
    <member type="way" ref="939384529" role=""/>
    <member type="way" ref="32705279" role=""/>
    <tag k="name" v="Danforth Street Bike Route"/>
    <tag k="network" v="lcn"/>
    <tag k="route" v="bicycle"/>
    <tag k="type" v="route"/>
  </relation>
  <relation id="106482">
    <member type="way" ref="459097123" role="forward"/>
    <member type="way" ref="316861758" role="forward"/>
    <member type="way" ref="30782249" role="forward"/>
    <member type="way" ref="32787896" role="forward"/>
    <member type="way" ref="30195764" role="forward"/>
    <member type="way" ref="50088064" role=""/>
    <member type="way" ref="180340453" role=""/>
    <member type="way" ref="1362460190" role=""/>
    <member type="way" ref="50090011" role=""/>
    <member type="way" ref="11412764" role=""/>
    <member type="way" ref="1227220238" role=""/>
    <member type="way" ref="511333561" role=""/>
    <member type="way" ref="11417881" role="forward"/>
    <tag k="name" v="Park Avenue Bike Route"/>
    <tag k="network" v="lcn"/>
    <tag k="route" v="bicycle"/>
    <tag k="type" v="route"/>
  </relation>
  <relation id="132500">
    <member type="way" ref="995978629" role="outer"/>
    <member type="way" ref="894097291" role="outer"/>
    <member type="way" ref="995978631" role="outer"/>
    <member type="way" ref="995978632" role="outer"/>
    <member type="way" ref="894089269" role="outer"/>
    <member type="way" ref="894097294" role="outer"/>
    <member type="way" ref="894097295" role="outer"/>
    <member type="way" ref="995978625" role="outer"/>
    <member type="way" ref="1085612732" role="outer"/>
    <member type="way" ref="1085612731" role="outer"/>
    <member type="way" ref="1340546037" role="outer"/>
    <member type="way" ref="1237938639" role="outer"/>
    <member type="way" ref="894097292" role="outer"/>
    <member type="way" ref="894097293" role="outer"/>
    <member type="way" ref="1085135359" role="outer"/>
    <member type="way" ref="1085135360" role="outer"/>
    <member type="way" ref="894097287" role="outer"/>
    <member type="way" ref="894097288" role="outer"/>
    <member type="way" ref="894097289" role="outer"/>
    <member type="way" ref="1085135364" role="outer"/>
    <member type="way" ref="1085135363" role="outer"/>
    <member type="way" ref="1085135362" role="outer"/>
    <member type="way" ref="1085135361" role="outer"/>
    <member type="node" ref="158867610" role="label"/>
    <tag k="admin_level" v="8"/>
    <tag k="border_type" v="city"/>
    <tag k="boundary" v="administrative"/>
    <tag k="gnis:feature_id" v="582683"/>
    <tag k="name" v="Portland"/>
    <tag k="source" v="TIGER/Line® 2008 Place Shapefiles (http://www.census.gov/geo/www/tiger/)"/>
    <tag k="tiger:CLASSFP" v="C5"/>
    <tag k="tiger:CPI" v="Y"/>
    <tag k="tiger:FUNCSTAT" v="A"/>
    <tag k="tiger:LSAD" v="25"/>
    <tag k="tiger:MTFCC" v="G4110"/>
    <tag k="tiger:NAME" v="Portland"/>
    <tag k="tiger:NAMELSAD" v="Portland city"/>
    <tag k="tiger:PCICBSA" v="Y"/>
    <tag k="tiger:PCINECTA" v="Y"/>
    <tag k="tiger:PLACEFP" v="60545"/>
    <tag k="tiger:PLCIDFP" v="2360545"/>
    <tag k="tiger:STATEFP" v="23"/>
    <tag k="type" v="boundary"/>
    <tag k="wikidata" v="Q49201"/>
    <tag k="wikipedia" v="en:Portland, Maine"/>
  </relation>
  <relation id="1936020">
    <member type="way" ref="11384403" role="forward"/>
    <member type="way" ref="724420188" role="forward"/>
    <member type="way" ref="724419792" role="forward"/>
    <member type="way" ref="11409599" role="forward"/>
    <member type="way" ref="724425115" role="forward"/>
    <member type="way" ref="461497692" role="forward"/>
    <member type="way" ref="724425113" role="forward"/>
    <member type="way" ref="724425114" role="forward"/>
    <member type="way" ref="461497693" role="forward"/>
    <member type="way" ref="827471188" role="forward"/>
    <member type="way" ref="922381338" role="forward"/>
    <member type="way" ref="461497667" role="forward"/>
    <member type="way" ref="461497707" role="forward"/>
    <member type="way" ref="728627940" role="forward"/>
    <member type="way" ref="726121728" role="forward"/>
    <member type="way" ref="726121727" role="forward"/>
    <member type="way" ref="143028265" role="forward"/>
    <member type="way" ref="728627942" role="forward"/>
    <member type="way" ref="11409604" role="forward"/>
    <member type="way" ref="461497669" role="forward"/>
    <member type="way" ref="461497674" role="forward"/>
    <member type="way" ref="827471190" role="forward"/>
    <member type="way" ref="1053338495" role="forward"/>
    <member type="way" ref="1053338494" role="forward"/>
    <member type="way" ref="1273884235" role="forward"/>
    <member type="way" ref="11387742" role="forward"/>
    <member type="way" ref="295128305" role=""/>
    <member type="way" ref="939244528" role=""/>
    <member type="way" ref="818297507" role=""/>
    <member type="way" ref="50090002" role=""/>
    <member type="way" ref="1227220235" role=""/>
    <member type="way" ref="30764165" role=""/>
    <member type="way" ref="11413758" role=""/>
    <member type="way" ref="826238480" role=""/>
    <member type="way" ref="11407740" role=""/>
    <member type="way" ref="765304883" role=""/>
    <member type="way" ref="765304882" role=""/>
    <member type="way" ref="746020118" role=""/>
    <member type="way" ref="746020119" role=""/>
    <member type="way" ref="177424986" role="forward"/>
    <member type="way" ref="176573098" role="forward"/>
    <member type="way" ref="177424985" role="forward"/>
    <member type="way" ref="922381334" role="forward"/>
    <member type="way" ref="177425467" role="forward"/>
    <member type="way" ref="177425465" role="forward"/>
    <member type="way" ref="700383884" role="forward"/>
    <member type="way" ref="177424080" role="forward"/>
    <member type="way" ref="177425470" role="forward"/>
    <member type="way" ref="28797513" role="forward"/>
    <member type="way" ref="177424987" role="forward"/>
    <member type="way" ref="101821704" role="forward"/>
    <member type="way" ref="101821851" role="forward"/>
    <member type="way" ref="143028292" role="forward"/>
    <member type="way" ref="174936410" role="forward"/>
    <member type="way" ref="1273884291" role="forward"/>
    <member type="way" ref="174936407" role="forward"/>
    <member type="way" ref="174936405" role="forward"/>
    <member type="way" ref="174936403" role="forward"/>
    <member type="way" ref="174936401" role="forward"/>
    <member type="way" ref="28785772" role="forward"/>
    <member type="way" ref="939128989" role="forward"/>
    <member type="way" ref="174936409" role="forward"/>
    <member type="way" ref="511350573" role="forward"/>
    <member type="way" ref="143028268" role="forward"/>
    <member type="way" ref="174936406" role="forward"/>
    <member type="way" ref="174936402" role="forward"/>
    <member type="way" ref="174936404" role="forward"/>
    <member type="way" ref="174936400" role="forward"/>
    <member type="way" ref="11384653" role="forward"/>
    <member type="way" ref="101822084" role="forward"/>
    <member type="way" ref="101821634" role="forward"/>
    <member type="way" ref="65377937" role="forward"/>
    <member type="way" ref="11386279" role="forward"/>
    <member type="way" ref="922491713" role="forward"/>
    <member type="way" ref="177425471" role=""/>
    <member type="way" ref="939128990" role=""/>
    <tag k="description" v="US 1A (Portland, ME)"/>
    <tag k="is_in:state" v="ME"/>
    <tag k="modifier" v="A"/>
    <tag k="network" v="US:US"/>
    <tag k="ref" v="1A"/>
    <tag k="route" v="road"/>
    <tag k="type" v="route"/>
  </relation>
  <relation id="2406125">
    <member type="way" ref="180342571" role=""/>
    <member type="way" ref="492216100" role=""/>
    <member type="way" ref="724555345" role=""/>
    <member type="way" ref="461497706" role=""/>
    <member type="way" ref="724555346" role=""/>
    <member type="way" ref="724451496" role=""/>
    <member type="way" ref="180342572" role=""/>
    <member type="way" ref="180342579" role=""/>
    <member type="way" ref="1234667949" role=""/>
    <member type="way" ref="924932960" role=""/>
    <member type="way" ref="11390116" role="forward"/>
    <member type="way" ref="32565924" role="forward"/>
    <member type="way" ref="32565925" role="forward"/>
    <member type="way" ref="50090004" role="forward"/>
    <member type="way" ref="32565931" role="forward"/>
    <member type="way" ref="11416524" role="forward"/>
    <member type="way" ref="32565911" role="forward"/>
    <member type="way" ref="32565913" role="forward"/>
    <member type="way" ref="11385808" role="forward"/>
    <member type="way" ref="30158610" role="forward"/>
    <member type="way" ref="32565930" role="forward"/>
    <member type="way" ref="32565951" role="forward"/>
    <member type="way" ref="11416531" role="forward"/>
    <member type="way" ref="964025361" role=""/>
    <member type="way" ref="30809850" role=""/>
    <member type="way" ref="964025360" role=""/>
    <member type="way" ref="240745370" role=""/>
    <member type="way" ref="11415764" role=""/>
    <member type="way" ref="180342570" role="forward"/>
    <member type="way" ref="940385675" role="forward"/>
    <member type="way" ref="11415763" role="forward"/>
    <member type="way" ref="826015097" role=""/>
    <member type="way" ref="826015096" role=""/>
    <member type="way" ref="826015094" role=""/>
    <member type="way" ref="826015095" role=""/>
    <member type="way" ref="826496943" role=""/>
    <member type="way" ref="826496944" role=""/>
    <member type="way" ref="826785272" role=""/>
    <member type="way" ref="30767727" role=""/>
    <member type="way" ref="826496942" role=""/>
    <member type="way" ref="902889597" role=""/>
    <member type="way" ref="820302334" role=""/>
    <member type="way" ref="30767760" role=""/>
    <member type="way" ref="43520160" role=""/>
    <member type="way" ref="820166542" role=""/>
    <member type="way" ref="179554152" role=""/>
    <member type="way" ref="179554169" role=""/>
    <member type="way" ref="161733456" role=""/>
    <member type="way" ref="820164309" role="forward"/>
    <member type="way" ref="820164308" role="forward"/>
    <member type="way" ref="11412400" role="forward"/>
    <member type="way" ref="820164307" role="forward"/>
    <member type="way" ref="820164305" role="forward"/>
    <member type="way" ref="11412405" role="forward"/>
    <member type="way" ref="1362460188" role="forward"/>
    <member type="way" ref="820164306" role="forward"/>
    <member type="way" ref="161733453" role=""/>
    <member type="way" ref="820164317" role=""/>
    <member type="way" ref="820164312" role=""/>
    <member type="way" ref="820164316" role=""/>
    <member type="way" ref="820164313" role=""/>
    <member type="way" ref="820164315" role=""/>
    <member type="way" ref="715384004" role=""/>
    <member type="way" ref="820164314" role=""/>
    <member type="way" ref="820164318" role=""/>
    <member type="way" ref="817414814" role=""/>
    <member type="way" ref="1204739048" role=""/>
    <member type="way" ref="820160272" role=""/>
    <member type="way" ref="652143144" role=""/>
    <member type="way" ref="962946915" role=""/>
    <member type="way" ref="1046292645" role=""/>
    <member type="way" ref="1046292644" role=""/>
    <member type="way" ref="32567914" role=""/>
    <member type="way" ref="1047724893" role=""/>
    <member type="way" ref="1047724894" role=""/>
    <member type="way" ref="962949133" role=""/>
    <member type="way" ref="819900332" role=""/>
    <member type="way" ref="819900331" role=""/>
    <member type="way" ref="819900330" role=""/>
    <member type="way" ref="819900329" role=""/>
    <member type="way" ref="819900328" role=""/>
    <member type="way" ref="962953704" role=""/>
    <member type="way" ref="819900333" role=""/>
    <member type="way" ref="962953703" role=""/>
    <member type="way" ref="180342575" role=""/>
    <member type="way" ref="11418561" role=""/>
    <member type="way" ref="180342576" role=""/>
    <member type="way" ref="962953702" role=""/>
    <member type="way" ref="819916394" role=""/>
    <member type="way" ref="819916395" role=""/>
    <member type="way" ref="121776873" role="forward"/>
    <member type="way" ref="121776955" role="backward"/>
    <member type="way" ref="51716407" role="forward"/>
    <member type="way" ref="51716406" role=""/>
    <member type="way" ref="11414426" role=""/>
    <member type="way" ref="62152655" role=""/>
    <member type="way" ref="62152654" role=""/>
    <member type="way" ref="122208999" role=""/>
    <member type="way" ref="11388205" role=""/>
    <member type="way" ref="282384717" role=""/>
    <member type="way" ref="10219741" role=""/>
    <member type="way" ref="10220985" role=""/>
    <member type="way" ref="241833233" role=""/>
    <member type="way" ref="451859479" role=""/>
    <member type="way" ref="451859480" role=""/>
    <member type="way" ref="241833234" role=""/>
    <member type="way" ref="122208970" role=""/>
    <member type="way" ref="419237381" role=""/>
    <member type="way" ref="419237382" role=""/>
    <member type="way" ref="11468940" role=""/>
    <member type="way" ref="11465536" role=""/>
    <member type="way" ref="1097366846" role=""/>
    <member type="way" ref="1283588651" role=""/>
    <member type="way" ref="1283588650" role=""/>
    <member type="way" ref="1283588652" role=""/>
    <member type="way" ref="1097366848" role=""/>
    <member type="way" ref="11469644" role=""/>
    <member type="way" ref="11466053" role=""/>
    <member type="way" ref="780315227" role=""/>
    <member type="way" ref="780315229" role=""/>
    <member type="way" ref="780315230" role=""/>
    <member type="way" ref="780315231" role=""/>
    <member type="way" ref="780315232" role=""/>
    <member type="way" ref="918611468" role=""/>
    <member type="way" ref="780315233" role=""/>
    <member type="way" ref="780315234" role=""/>
    <member type="way" ref="11466696" role=""/>
    <member type="way" ref="780315235" role=""/>
    <member type="way" ref="1354700229" role=""/>
    <member type="way" ref="11461841" role=""/>
    <member type="way" ref="1176305613" role=""/>
    <member type="way" ref="11466709" role=""/>
    <member type="way" ref="1176305614" role=""/>
    <member type="way" ref="11465170" role=""/>
    <member type="way" ref="11466990" role=""/>
    <member type="way" ref="11466374" role=""/>
    <member type="way" ref="924812134" role=""/>
    <member type="way" ref="1231781983" role=""/>
    <member type="way" ref="1231781984" role=""/>
    <member type="way" ref="924812133" role=""/>
    <member type="way" ref="11469764" role=""/>
    <member type="way" ref="787204392" role=""/>
    <member type="way" ref="787204391" role=""/>
    <member type="way" ref="787204390" role=""/>
    <member type="way" ref="425544235" role=""/>
    <member type="way" ref="425544234" role=""/>
    <member type="way" ref="11469077" role=""/>
    <member type="way" ref="173575419" role=""/>
    <member type="way" ref="173575421" role="forward"/>
    <member type="way" ref="173575424" role="forward"/>
    <member type="way" ref="180342577" role="forward"/>
    <member type="way" ref="173575412" role="forward"/>
    <member type="way" ref="180342578" role=""/>
    <member type="way" ref="173575410" role=""/>
    <member type="way" ref="11467558" role=""/>
    <member type="way" ref="658016267" role=""/>
    <member type="way" ref="658014999" role=""/>
    <member type="way" ref="11463821" role=""/>
    <member type="way" ref="11467557" role=""/>
    <member type="way" ref="367822082" role=""/>
    <member type="way" ref="436758905" role=""/>
    <member type="way" ref="436758897" role=""/>
    <member type="way" ref="367822079" role=""/>
    <member type="way" ref="367822081" role=""/>
    <member type="way" ref="731081435" role=""/>
    <member type="way" ref="731081436" role=""/>
    <member type="way" ref="11466487" role=""/>
    <member type="way" ref="624552181" role=""/>
    <member type="way" ref="835378619" role=""/>
    <member type="way" ref="835378618" role=""/>
    <member type="way" ref="1313873631" role=""/>
    <member type="way" ref="624552180" role=""/>
    <member type="way" ref="1313873642" role=""/>
    <member type="way" ref="1313873641" role=""/>
    <member type="way" ref="1313873619" role=""/>
    <member type="way" ref="1313873620" role=""/>
    <member type="way" ref="1313873639" role=""/>
    <member type="way" ref="1313873640" role=""/>
    <member type="way" ref="11466697" role=""/>
    <member type="way" ref="1313873622" role=""/>
    <member type="way" ref="1313873621" role=""/>
    <member type="way" ref="11466492" role=""/>
    <member type="way" ref="1313873624" role=""/>
    <member type="way" ref="1313873623" role=""/>
    <member type="way" ref="1313873625" role=""/>
    <member type="way" ref="1313873628" role=""/>
    <member type="way" ref="1313873627" role=""/>
    <member type="way" ref="1313873626" role=""/>
    <member type="way" ref="11466708" role=""/>
    <member type="way" ref="810318148" role=""/>
    <member type="way" ref="810318147" role=""/>
    <member type="way" ref="1079510429" role=""/>
    <member type="way" ref="1079510428" role=""/>
    <member type="way" ref="11468083" role=""/>
    <member type="way" ref="432831096" role=""/>
    <member type="way" ref="432831095" role=""/>
    <member type="way" ref="432831097" role=""/>
    <tag k="description" v="ME 26"/>
    <tag k="network" v="US:ME"/>
    <tag k="ref" v="26"/>
    <tag k="route" v="road"/>
    <tag k="type" v="route"/>
    <tag k="wikidata" v="Q2436288"/>
    <tag k="wikipedia" v="en:Maine State Route 26"/>
  </relation>
  <relation id="2535178">
    <member type="way" ref="1237936361" role="outer"/>
    <member type="way" ref="894448463" role="outer"/>
    <member type="way" ref="894309270" role="outer"/>
    <member type="way" ref="894309286" role="outer"/>
    <member type="way" ref="894304550" role="outer"/>
    <member type="way" ref="894304548" role="outer"/>
    <member type="way" ref="894097288" role="outer"/>
    <member type="way" ref="894097290" role="outer"/>
    <member type="way" ref="894097294" role="outer"/>
    <member type="way" ref="894089268" role="outer"/>
    <member type="way" ref="894082254" role="outer"/>
    <member type="way" ref="894082252" role="outer"/>
    <member type="way" ref="894082250" role="outer"/>
    <member type="way" ref="1237938829" role="outer"/>
    <member type="way" ref="1237938828" role="outer"/>
    <member type="way" ref="894024910" role="outer"/>
    <member type="way" ref="894024911" role="outer"/>
    <member type="way" ref="894024914" role="outer"/>
    <member type="way" ref="1238217105" role="outer"/>
    <member type="way" ref="894024908" role="outer"/>
    <member type="way" ref="149991112" role="outer"/>
    <member type="way" ref="267339707" role="outer"/>
    <member type="way" ref="995434351" role="outer"/>
    <member type="way" ref="893948741" role="outer"/>
    <member type="way" ref="149991104" role="outer"/>
    <member type="way" ref="149982009" role="outer"/>
    <member type="way" ref="893948743" role="outer"/>
    <member type="way" ref="893948742" role="outer"/>
    <member type="way" ref="893874578" role="outer"/>
    <member type="way" ref="893874580" role="outer"/>
    <member type="way" ref="893873579" role="outer"/>
    <member type="way" ref="893876463" role="outer"/>
    <member type="way" ref="893876465" role="outer"/>
    <member type="way" ref="893878308" role="outer"/>
    <member type="way" ref="894057249" role="outer"/>
    <member type="way" ref="894057254" role="outer"/>
    <member type="way" ref="894057250" role="outer"/>
    <member type="way" ref="894057257" role="outer"/>
    <member type="way" ref="894076420" role="outer"/>
    <member type="way" ref="894102059" role="outer"/>
    <member type="way" ref="894102054" role="outer"/>
    <member type="way" ref="894102058" role="outer"/>
    <member type="way" ref="894102055" role="outer"/>
    <member type="way" ref="894102057" role="outer"/>
    <member type="way" ref="894102056" role="outer"/>
    <member type="way" ref="894102053" role="outer"/>
    <member type="way" ref="188172023" role="outer"/>
    <member type="way" ref="1237936362" role="outer"/>
    <member type="way" ref="349869303" role="outer"/>
    <member type="way" ref="349869301" role="outer"/>
    <member type="way" ref="1237936363" role="outer"/>
    <member type="way" ref="34293375" role="outer"/>
    <member type="way" ref="34293351" role="outer"/>
    <member type="node" ref="316961863" role="label"/>
    <member type="node" ref="158867610" role="admin_centre"/>
    <tag k="admin_level" v="6"/>
    <tag k="border_type" v="county"/>
    <tag k="boundary" v="administrative"/>
    <tag k="name" v="Cumberland County"/>
    <tag k="name:br" v="Kontelezh Cumberland"/>
    <tag k="name:fr" v="Comté de Cumberland"/>
    <tag k="nist:fips_code" v="23005"/>
    <tag k="nist:state_fips" v="23"/>
    <tag k="population" v="289977"/>
    <tag k="source:population" v="Population Estimates Program"/>
    <tag k="type" v="boundary"/>
    <tag k="wikidata" v="Q497788"/>
    <tag k="wikipedia" v="en:Cumberland County, Maine"/>
  </relation>
  <relation id="5201416">
    <member type="way" ref="349171949" role=""/>
    <member type="way" ref="349171950" role=""/>
    <member type="way" ref="349171948" role=""/>
    <member type="way" ref="349171951" role=""/>
    <tag k="name" v="Maine Historical Society campus"/>
    <tag k="type" v="site"/>
  </relation>
  <relation id="6188964">
    <member type="way" ref="415385777" role="outer"/>
    <member type="way" ref="415385780" role="outer"/>
    <tag k="addr:city" v="Portland"/>
    <tag k="addr:housenumber" v="184"/>
    <tag k="addr:postcode" v="04101"/>
    <tag k="addr:state" v="ME"/>
    <tag k="addr:street" v="Pearl Street"/>
    <tag k="building" v="apartments"/>
    <tag k="type" v="multipolygon"/>
  </relation>
  <relation id="6773690">
    <member type="node" ref="4545738277" role="platform"/>
    <member type="node" ref="6053453523" role="stop"/>
    <member type="node" ref="4548641354" role="platform"/>
    <member type="node" ref="340240211" role=""/>
    <member type="node" ref="4548641355" role=""/>
    <member type="node" ref="4548641353" role=""/>
    <member type="node" ref="4548641351" role=""/>
    <member type="node" ref="4548641359" role=""/>
    <member type="node" ref="4548641358" role=""/>
    <member type="node" ref="4545743963" role=""/>
    <member type="node" ref="6053453525" role=""/>
    <member type="node" ref="6053453526" role=""/>
    <member type="way" ref="1094207755" role=""/>
    <member type="way" ref="458180974" role=""/>
    <member type="way" ref="182594771" role=""/>
    <member type="way" ref="458180972" role=""/>
    <member type="way" ref="700356990" role=""/>
    <member type="way" ref="458180969" role=""/>
    <member type="way" ref="28786063" role=""/>
    <member type="way" ref="458180973" role=""/>
    <member type="way" ref="511350574" role=""/>
    <member type="way" ref="32787857" role=""/>
    <member type="way" ref="32705115" role=""/>
    <member type="way" ref="176587154" role=""/>
    <member type="way" ref="1362460189" role=""/>
    <member type="way" ref="461497701" role=""/>
    <member type="way" ref="511350575" role=""/>
    <member type="way" ref="939384528" role=""/>
    <member type="way" ref="1125237009" role=""/>
    <member type="way" ref="65381671" role=""/>
    <member type="way" ref="1133294463" role=""/>
    <member type="way" ref="50083401" role=""/>
    <member type="way" ref="103187415" role=""/>
    <member type="way" ref="103187413" role=""/>
    <member type="way" ref="65381682" role=""/>
    <member type="way" ref="65381675" role=""/>
    <member type="way" ref="65381680" role=""/>
    <member type="way" ref="65381678" role=""/>
    <member type="way" ref="32566007" role=""/>
    <member type="way" ref="32566006" role=""/>
    <member type="way" ref="32565943" role=""/>
    <member type="way" ref="32565931" role=""/>
    <member type="way" ref="50090004" role=""/>
    <member type="way" ref="32565925" role=""/>
    <member type="way" ref="32565924" role=""/>
    <member type="way" ref="11390116" role=""/>
    <member type="way" ref="924932960" role=""/>
    <member type="way" ref="1234667949" role=""/>
    <member type="way" ref="180342579" role=""/>
    <member type="way" ref="11416517" role=""/>
    <member type="way" ref="32705427" role=""/>
    <member type="way" ref="461497702" role=""/>
    <member type="way" ref="1221610599" role=""/>
    <member type="way" ref="50090001" role=""/>
    <member type="way" ref="730052917" role=""/>
    <member type="way" ref="939244526" role=""/>
    <member type="way" ref="1221610598" role=""/>
    <member type="way" ref="1221610600" role=""/>
    <member type="way" ref="32705291" role=""/>
    <member type="way" ref="651775317" role=""/>
    <member type="way" ref="11420229" role=""/>
    <member type="way" ref="461497696" role=""/>
    <member type="way" ref="730422619" role=""/>
    <member type="way" ref="730422618" role=""/>
    <member type="way" ref="103187416" role=""/>
    <member type="way" ref="1182798675" role=""/>
    <member type="way" ref="1182798676" role=""/>
    <member type="way" ref="103187396" role=""/>
    <member type="way" ref="1182798756" role=""/>
    <member type="way" ref="11389099" role=""/>
    <member type="way" ref="11389101" role=""/>
    <member type="way" ref="67285220" role=""/>
    <member type="way" ref="67285221" role=""/>
    <member type="way" ref="459097125" role=""/>
    <member type="way" ref="458180975" role=""/>
    <member type="way" ref="457553901" role=""/>
    <member type="way" ref="30768054" role=""/>
    <member type="way" ref="11412725" role=""/>
    <member type="way" ref="30768047" role=""/>
    <member type="way" ref="43671591" role=""/>
    <member type="way" ref="299389983" role=""/>
    <member type="way" ref="166551849" role=""/>
    <member type="way" ref="11387539" role=""/>
    <member type="way" ref="458181552" role=""/>
    <member type="way" ref="458000046" role=""/>
    <member type="way" ref="131830263" role=""/>
    <member type="way" ref="11414836" role=""/>
    <member type="way" ref="131818254" role=""/>
    <member type="way" ref="11387540" role=""/>
    <member type="way" ref="121865148" role=""/>
    <member type="way" ref="970703997" role=""/>
    <member type="way" ref="101821678" role=""/>
    <member type="way" ref="101822073" role=""/>
    <member type="way" ref="950165419" role=""/>
    <member type="way" ref="950165418" role=""/>
    <member type="way" ref="865192992" role=""/>
    <member type="way" ref="950165414" role=""/>
    <member type="way" ref="950165408" role=""/>
    <member type="way" ref="950165417" role=""/>
    <member type="way" ref="950165412" role=""/>
    <member type="way" ref="700362738" role=""/>
    <member type="way" ref="700362741" role=""/>
    <member type="way" ref="121865135" role=""/>
    <member type="way" ref="645628914" role=""/>
    <member type="way" ref="131818351" role=""/>
    <member type="way" ref="67285203" role=""/>
    <member type="way" ref="67285207" role=""/>
    <member type="way" ref="67285206" role=""/>
    <member type="way" ref="458189754" role=""/>
    <member type="way" ref="50080957" role=""/>
    <member type="way" ref="101821913" role=""/>
    <member type="way" ref="101821641" role=""/>
    <member type="way" ref="131818346" role=""/>
    <member type="way" ref="50083999" role=""/>
    <member type="way" ref="11416013" role=""/>
    <member type="way" ref="11416014" role=""/>
    <member type="way" ref="349674948" role=""/>
    <member type="way" ref="349674947" role=""/>
    <member type="way" ref="270508589" role=""/>
    <member type="way" ref="270508592" role=""/>
    <member type="way" ref="270508591" role=""/>
    <member type="way" ref="458189750" role=""/>
    <member type="way" ref="1091488220" role=""/>
    <member type="way" ref="270508590" role=""/>
    <member type="way" ref="959609764" role=""/>
    <member type="way" ref="11414494" role=""/>
    <member type="way" ref="11384437" role=""/>
    <member type="way" ref="1182798910" role=""/>
    <member type="way" ref="1182798912" role=""/>
    <member type="way" ref="1182798913" role=""/>
    <member type="way" ref="67285260" role=""/>
    <member type="way" ref="1344480415" role=""/>
    <member type="way" ref="11390139" role=""/>
    <member type="way" ref="138006380" role=""/>
    <member type="way" ref="95344832" role=""/>
    <member type="way" ref="11391052" role=""/>
    <member type="way" ref="11416015" role=""/>
    <member type="way" ref="11393594" role=""/>
    <member type="way" ref="754303817" role=""/>
    <member type="way" ref="1049746705" role=""/>
    <member type="way" ref="39723197" role=""/>
    <member type="way" ref="1134845146" role=""/>
    <member type="way" ref="643437535" role=""/>
    <member type="way" ref="643434515" role=""/>
    <member type="way" ref="180339280" role=""/>
    <member type="way" ref="761875847" role=""/>
    <member type="way" ref="1223207943" role=""/>
    <member type="way" ref="95344826" role=""/>
    <member type="way" ref="39864673" role=""/>
    <member type="way" ref="643434513" role=""/>
    <member type="way" ref="107737655" role=""/>
    <member type="way" ref="107737655" role=""/>
    <member type="way" ref="643434513" role=""/>
    <member type="way" ref="643439332" role=""/>
    <tag k="colour" v="#008CA7"/>
    <tag k="from" v="Thompson's Point Rd + 100 Thompson's Point Rd"/>
    <tag k="name" v="METRO BREEZ Outbound"/>
    <tag k="network" v="METRO"/>
    <tag k="operator" v="METRO"/>
    <tag k="ref" v="BRZ"/>
    <tag k="route" v="bus"/>
    <tag k="to" v="Brunswick Train Station"/>
    <tag k="type" v="route"/>
  </relation>
  <relation id="6786093">
    <member type="node" ref="6053453525" role=""/>
    <member type="node" ref="6053453526" role=""/>
    <member type="node" ref="6053453527" role=""/>
    <member type="node" ref="4571154986" role=""/>
    <member type="node" ref="4571154987" role=""/>
    <member type="node" ref="4571154988" role=""/>
    <member type="node" ref="4572308797" role=""/>
    <member type="node" ref="4545738277" role=""/>
    <member type="node" ref="4548641353" role=""/>
    <member type="node" ref="4572308798" role=""/>
    <member type="node" ref="4572311573" role=""/>
    <member type="node" ref="4572312820" role=""/>
    <member type="node" ref="4572312821" role=""/>
    <member type="node" ref="1870652754" role=""/>
    <member type="node" ref="101741395" role=""/>
    <member type="way" ref="107737655" role=""/>
    <member type="way" ref="11393594" role=""/>
    <member type="way" ref="754303817" role=""/>
    <member type="way" ref="11387065" role=""/>
    <member type="way" ref="39889769" role=""/>
    <member type="way" ref="957356189" role=""/>
    <member type="way" ref="11385714" role=""/>
    <member type="way" ref="1068583074" role=""/>
    <member type="way" ref="101821682" role=""/>
    <member type="way" ref="276275860" role=""/>
    <member type="way" ref="95344827" role=""/>
    <member type="way" ref="95344829" role=""/>
    <member type="way" ref="11407863" role=""/>
    <member type="way" ref="643434515" role=""/>
    <member type="way" ref="180339280" role=""/>
    <member type="way" ref="761875847" role=""/>
    <member type="way" ref="1223207943" role=""/>
    <member type="way" ref="95344826" role=""/>
    <member type="way" ref="39864673" role=""/>
    <member type="way" ref="11407864" role=""/>
    <member type="way" ref="1222719131" role=""/>
    <member type="way" ref="39889614" role=""/>
    <member type="way" ref="95344831" role=""/>
    <member type="way" ref="11387809" role=""/>
    <member type="way" ref="643468166" role=""/>
    <member type="way" ref="67285956" role=""/>
    <member type="way" ref="67285963" role=""/>
    <member type="way" ref="103187400" role=""/>
    <member type="way" ref="1182798914" role=""/>
    <member type="way" ref="11388107" role=""/>
    <member type="way" ref="643468171" role=""/>
    <member type="way" ref="67285863" role=""/>
    <member type="way" ref="547089871" role=""/>
    <member type="way" ref="11414494" role=""/>
    <member type="way" ref="959609764" role=""/>
    <member type="way" ref="11414498" role=""/>
    <member type="way" ref="270508590" role=""/>
    <member type="way" ref="1091488220" role=""/>
    <member type="way" ref="458189750" role=""/>
    <member type="way" ref="270508591" role=""/>
    <member type="way" ref="270508592" role=""/>
    <member type="way" ref="270508589" role=""/>
    <member type="way" ref="121865117" role=""/>
    <member type="way" ref="121865116" role=""/>
    <member type="way" ref="50083998" role=""/>
    <member type="way" ref="11415982" role=""/>
    <member type="way" ref="50083999" role=""/>
    <member type="way" ref="131818346" role=""/>
    <member type="way" ref="101821641" role=""/>
    <member type="way" ref="101821913" role=""/>
    <member type="way" ref="50080957" role=""/>
    <member type="way" ref="11412746" role=""/>
    <member type="way" ref="459097126" role=""/>
    <member type="way" ref="458189752" role=""/>
    <member type="way" ref="458189751" role=""/>
    <member type="way" ref="67285205" role=""/>
    <member type="way" ref="67285204" role=""/>
    <member type="way" ref="121865144" role=""/>
    <member type="way" ref="131818347" role=""/>
    <member type="way" ref="645628913" role=""/>
    <member type="way" ref="645628912" role=""/>
    <member type="way" ref="700362740" role=""/>
    <member type="way" ref="950165410" role=""/>
    <member type="way" ref="950165411" role=""/>
    <member type="way" ref="865192993" role=""/>
    <member type="way" ref="101821756" role=""/>
    <member type="way" ref="101821635" role=""/>
    <member type="way" ref="829696060" role=""/>
    <member type="way" ref="131818254" role=""/>
    <member type="way" ref="458000046" role=""/>
    <member type="way" ref="131830263" role=""/>
    <member type="way" ref="11414836" role=""/>
    <member type="way" ref="457553901" role=""/>
    <member type="way" ref="458180975" role=""/>
    <member type="way" ref="182594809" role=""/>
    <member type="way" ref="1182798723" role=""/>
    <member type="way" ref="1182798724" role=""/>
    <member type="way" ref="459097124" role=""/>
    <member type="way" ref="724013631" role=""/>
    <member type="way" ref="724181215" role=""/>
    <member type="way" ref="299492793" role=""/>
    <member type="way" ref="103187405" role=""/>
    <member type="way" ref="103187392" role=""/>
    <member type="way" ref="724184160" role=""/>
    <member type="way" ref="1133294464" role=""/>
    <member type="way" ref="65381672" role=""/>
    <member type="way" ref="50083417" role=""/>
    <member type="way" ref="103187399" role=""/>
    <member type="way" ref="103187404" role=""/>
    <member type="way" ref="65381673" role=""/>
    <member type="way" ref="65381674" role=""/>
    <member type="way" ref="65381679" role=""/>
    <member type="way" ref="65381681" role=""/>
    <member type="way" ref="32566009" role=""/>
    <member type="way" ref="30158599" role=""/>
    <member type="way" ref="32565951" role=""/>
    <member type="way" ref="32565930" role=""/>
    <member type="way" ref="30158610" role=""/>
    <member type="way" ref="11385808" role=""/>
    <member type="way" ref="32565913" role=""/>
    <member type="way" ref="32565911" role=""/>
    <member type="way" ref="924932960" role=""/>
    <member type="way" ref="1234667949" role=""/>
    <member type="way" ref="180342579" role=""/>
    <member type="way" ref="11416517" role=""/>
    <member type="way" ref="32705427" role=""/>
    <member type="way" ref="461497702" role=""/>
    <member type="way" ref="1221610599" role=""/>
    <member type="way" ref="50090001" role=""/>
    <member type="way" ref="730052917" role=""/>
    <member type="way" ref="939244526" role=""/>
    <member type="way" ref="1221610598" role=""/>
    <member type="way" ref="1221610600" role=""/>
    <member type="way" ref="32705291" role=""/>
    <member type="way" ref="651775317" role=""/>
    <member type="way" ref="11420229" role=""/>
    <member type="way" ref="461497696" role=""/>
    <member type="way" ref="730422619" role=""/>
    <member type="way" ref="730422618" role=""/>
    <member type="way" ref="1094207755" role=""/>
    <member type="way" ref="458180974" role=""/>
    <member type="way" ref="50088061" role=""/>
    <member type="way" ref="700356990" role=""/>
    <member type="way" ref="458180969" role=""/>
    <member type="way" ref="700356988" role=""/>
    <member type="way" ref="11385110" role=""/>
    <member type="way" ref="316861758" role=""/>
    <member type="way" ref="30782249" role=""/>
    <member type="way" ref="32787896" role=""/>
    <member type="way" ref="30195764" role=""/>
    <member type="way" ref="50088474" role=""/>
    <member type="way" ref="50088469" role=""/>
    <member type="way" ref="32705115" role=""/>
    <member type="way" ref="176587154" role=""/>
    <member type="way" ref="1362460189" role=""/>
    <member type="way" ref="461497701" role=""/>
    <member type="way" ref="511350575" role=""/>
    <member type="way" ref="939384528" role=""/>
    <member type="way" ref="1125237009" role=""/>
    <member type="way" ref="459097127" role=""/>
    <member type="way" ref="67285208" role=""/>
    <member type="way" ref="299389983" role=""/>
    <member type="way" ref="43671591" role=""/>
    <member type="way" ref="11412707" role=""/>
    <member type="way" ref="30768046" role=""/>
    <member type="way" ref="30768054" role=""/>
    <tag k="colour" v="#008CA7"/>
    <tag k="from" v="Main St + Bow St IB"/>
    <tag k="name" v="METRO BREEZ Inbound"/>
    <tag k="network" v="METRO"/>
    <tag k="operator" v="METRO"/>
    <tag k="ref" v="BRZ"/>
    <tag k="route" v="bus"/>
    <tag k="to" v="Thompson's Point Rd + 100 Thompson's Point Rd"/>
    <tag k="type" v="route"/>
  </relation>
  <relation id="6817156">
    <member type="way" ref="32705349" role=""/>
    <member type="way" ref="461497702" role=""/>
    <member type="way" ref="1221610599" role=""/>
    <member type="way" ref="461497669" role=""/>
    <member type="way" ref="724451496" role=""/>
    <member type="way" ref="724555346" role=""/>
    <member type="way" ref="461497706" role=""/>
    <member type="way" ref="724555345" role=""/>
    <member type="way" ref="461497698" role=""/>
    <member type="way" ref="511333559" role=""/>
    <member type="way" ref="553103438" role=""/>
    <member type="way" ref="730684766" role=""/>
    <member type="way" ref="1222664562" role=""/>
    <member type="way" ref="815870331" role=""/>
    <member type="way" ref="1223602189" role=""/>
    <member type="way" ref="461497668" role=""/>
    <member type="way" ref="461568823" role=""/>
    <member type="way" ref="28798002" role=""/>
    <member type="way" ref="461497697" role=""/>
    <member type="way" ref="461496382" role=""/>
    <member type="way" ref="461496381" role=""/>
    <member type="way" ref="461496380" role=""/>
    <member type="way" ref="295128304" role=""/>
    <member type="way" ref="11418245" role=""/>
    <member type="way" ref="726121727" role=""/>
    <member type="way" ref="726121728" role=""/>
    <member type="way" ref="728627940" role=""/>
    <member type="way" ref="461497707" role=""/>
    <member type="way" ref="461497682" role=""/>
    <member type="way" ref="11414488" role=""/>
    <member type="way" ref="461497671" role=""/>
    <member type="way" ref="570070583" role=""/>
    <member type="way" ref="461497696" role=""/>
    <member type="way" ref="730422619" role=""/>
    <member type="way" ref="730422618" role=""/>
    <member type="way" ref="730422617" role=""/>
    <member type="way" ref="511333566" role=""/>
    <member type="way" ref="730422616" role=""/>
    <member type="way" ref="1020622022" role=""/>
    <member type="way" ref="511333565" role=""/>
    <member type="way" ref="1125237009" role=""/>
    <member type="way" ref="939384528" role=""/>
    <member type="way" ref="461497708" role=""/>
    <member type="way" ref="461497686" role=""/>
    <member type="way" ref="461497705" role=""/>
    <member type="way" ref="940164738" role=""/>
    <member type="way" ref="461497684" role=""/>
    <member type="way" ref="461497691" role=""/>
    <member type="way" ref="461497670" role=""/>
    <member type="way" ref="461497690" role=""/>
    <member type="way" ref="461497700" role=""/>
    <member type="way" ref="11409636" role=""/>
    <member type="way" ref="461768166" role=""/>
    <member type="way" ref="28797552" role=""/>
    <member type="way" ref="461497701" role=""/>
    <member type="way" ref="511350575" role=""/>
    <member type="way" ref="176587158" role=""/>
    <member type="way" ref="30766488" role=""/>
    <member type="way" ref="1223602185" role=""/>
    <member type="way" ref="1223602190" role=""/>
    <member type="way" ref="1223602186" role=""/>
    <member type="way" ref="182594766" role=""/>
    <member type="way" ref="1223602191" role=""/>
    <member type="way" ref="461497694" role=""/>
    <member type="way" ref="182594757" role=""/>
    <member type="way" ref="11409505" role=""/>
    <member type="way" ref="724425115" role=""/>
    <member type="way" ref="461497692" role=""/>
    <member type="way" ref="724425113" role=""/>
    <member type="way" ref="724425114" role=""/>
    <member type="way" ref="11416572" role=""/>
    <member type="way" ref="221648937" role=""/>
    <tag k="colour" v="#D25BA3"/>
    <tag k="name" v="METRO Route 8 Peninsula Loop"/>
    <tag k="network" v="METRO"/>
    <tag k="operator" v="METRO"/>
    <tag k="ref" v="8"/>
    <tag k="route" v="bus"/>
    <tag k="type" v="route"/>
  </relation>
  <relation id="6822224">
    <member type="way" ref="1094207755" role=""/>
    <member type="way" ref="458180974" role=""/>
    <member type="way" ref="182594771" role=""/>
    <member type="way" ref="458180972" role=""/>
    <member type="way" ref="700356990" role=""/>
    <member type="way" ref="458180969" role=""/>
    <member type="way" ref="28786063" role=""/>
    <member type="way" ref="458180973" role=""/>
    <member type="way" ref="511350574" role=""/>
    <member type="way" ref="32787857" role=""/>
    <member type="way" ref="32705115" role=""/>
    <member type="way" ref="176587154" role=""/>
    <member type="way" ref="1362460189" role=""/>
    <member type="way" ref="461497701" role=""/>
    <member type="way" ref="511350575" role=""/>
    <member type="way" ref="939384528" role=""/>
    <member type="way" ref="1125237009" role=""/>
    <member type="way" ref="511333565" role=""/>
    <member type="way" ref="1020622022" role=""/>
    <member type="way" ref="730422616" role=""/>
    <member type="way" ref="511333566" role=""/>
    <member type="way" ref="730422617" role=""/>
    <member type="way" ref="730422618" role=""/>
    <member type="way" ref="730422619" role=""/>
    <member type="way" ref="461497696" role=""/>
    <member type="way" ref="11420229" role=""/>
    <member type="way" ref="651775317" role=""/>
    <member type="way" ref="32705291" role=""/>
    <member type="way" ref="1221610600" role=""/>
    <member type="way" ref="1221610598" role=""/>
    <member type="way" ref="939244526" role=""/>
    <member type="way" ref="730052917" role=""/>
    <member type="way" ref="50090001" role=""/>
    <member type="way" ref="1221610599" role=""/>
    <member type="way" ref="461497702" role=""/>
    <member type="way" ref="32705427" role=""/>
    <member type="way" ref="32705425" role=""/>
    <member type="way" ref="11396444" role=""/>
    <tag k="colour" v="#1273A3"/>
    <tag k="name" v="METRO Route 1 Outbound"/>
    <tag k="network" v="METRO"/>
    <tag k="operator" v="METRO"/>
    <tag k="ref" v="1"/>
    <tag k="route" v="bus"/>
    <tag k="type" v="route"/>
  </relation>
  <relation id="6822243">
    <member type="node" ref="101741432" role="stop"/>
    <member type="node" ref="5001805939" role=""/>
    <member type="node" ref="5001805938" role=""/>
    <member type="node" ref="5001805937" role=""/>
    <member type="node" ref="101741458" role=""/>
    <member type="way" ref="730422618" role=""/>
    <member type="way" ref="730422619" role=""/>
    <member type="way" ref="461497696" role=""/>
    <member type="way" ref="11420229" role=""/>
    <member type="way" ref="651775317" role=""/>
    <member type="way" ref="32705291" role=""/>
    <member type="way" ref="1221610600" role=""/>
    <member type="way" ref="1221610598" role=""/>
    <member type="way" ref="939244526" role=""/>
    <member type="way" ref="730052917" role=""/>
    <member type="way" ref="50090001" role=""/>
    <member type="way" ref="1221610599" role=""/>
    <member type="way" ref="461497702" role=""/>
    <member type="way" ref="32705427" role=""/>
    <member type="way" ref="32705425" role=""/>
    <member type="way" ref="461904685" role=""/>
    <member type="way" ref="11411570" role=""/>
    <member type="way" ref="11411323" role=""/>
    <member type="way" ref="1125237009" role=""/>
    <member type="way" ref="939384528" role=""/>
    <member type="way" ref="511350575" role=""/>
    <member type="way" ref="461497701" role=""/>
    <member type="way" ref="1362460189" role=""/>
    <member type="way" ref="176587154" role=""/>
    <member type="way" ref="32705115" role=""/>
    <member type="way" ref="922381335" role=""/>
    <member type="way" ref="1233342832" role=""/>
    <member type="way" ref="28785774" role=""/>
    <member type="way" ref="177425467" role=""/>
    <member type="way" ref="939128990" role=""/>
    <member type="way" ref="939128989" role=""/>
    <member type="way" ref="28785772" role=""/>
    <member type="way" ref="174936401" role=""/>
    <member type="way" ref="174936403" role=""/>
    <member type="way" ref="174936405" role=""/>
    <member type="way" ref="174936407" role=""/>
    <member type="way" ref="1273884291" role=""/>
    <member type="way" ref="174936410" role=""/>
    <member type="way" ref="143028267" role=""/>
    <member type="way" ref="182594771" role=""/>
    <member type="way" ref="458180974" role=""/>
    <member type="way" ref="1094207755" role=""/>
    <member type="way" ref="176573098" role=""/>
    <member type="way" ref="177424985" role=""/>
    <member type="way" ref="922381334" role=""/>
    <member type="way" ref="940385676" role=""/>
    <member type="way" ref="939244529" role=""/>
    <member type="way" ref="177425471" role=""/>
    <member type="way" ref="700383883" role=""/>
    <member type="way" ref="28786055" role=""/>
    <tag k="colour" v="#1273A3"/>
    <tag k="name" v="METRO Route 1 Inbound"/>
    <tag k="network" v="METRO"/>
    <tag k="operator" v="METRO"/>
    <tag k="ref" v="1"/>
    <tag k="route" v="bus"/>
    <tag k="type" v="route"/>
  </relation>
  <relation id="7427732">
    <member type="node" ref="5001904140" role=""/>
    <tag k="name" v="SMTT 24A Route Outbound"/>
    <tag k="operator" v="SMTT"/>
    <tag k="route" v="bus"/>
    <tag k="type" v="route"/>
  </relation>
  <relation id="7427856">
    <member type="node" ref="4548641357" role="stop"/>
    <member type="node" ref="101277647" role=""/>
    <member type="way" ref="1034449690" role=""/>
    <member type="way" ref="1034449689" role=""/>
    <member type="way" ref="511333745" role=""/>
    <member type="way" ref="511329809" role=""/>
    <member type="way" ref="511329811" role=""/>
    <member type="way" ref="11532641" role=""/>
    <member type="way" ref="511329805" role=""/>
    <member type="way" ref="1025547294" role=""/>
    <member type="way" ref="303437602" role=""/>
    <member type="way" ref="303437601" role=""/>
    <member type="way" ref="511329804" role=""/>
    <member type="way" ref="131818262" role=""/>
    <member type="way" ref="42694948" role=""/>
    <member type="way" ref="971804528" role=""/>
    <member type="way" ref="326183375" role=""/>
    <member type="way" ref="971490615" role=""/>
    <member type="way" ref="971490614" role=""/>
    <member type="way" ref="971490616" role=""/>
    <member type="way" ref="50080951" role=""/>
    <member type="way" ref="971490621" role=""/>
    <member type="way" ref="971490623" role=""/>
    <member type="way" ref="924683377" role=""/>
    <member type="way" ref="11508639" role=""/>
    <member type="way" ref="11504172" role=""/>
    <member type="way" ref="89927868" role=""/>
    <member type="way" ref="43126824" role=""/>
    <member type="way" ref="43126823" role=""/>
    <member type="way" ref="43523688" role=""/>
    <member type="way" ref="11531810" role=""/>
    <member type="way" ref="11505522" role=""/>
    <member type="way" ref="43126827" role=""/>
    <member type="way" ref="827961317" role=""/>
    <member type="way" ref="827961316" role=""/>
    <member type="way" ref="827961321" role=""/>
    <member type="way" ref="827961322" role=""/>
    <member type="way" ref="123069087" role=""/>
    <member type="way" ref="62123823" role=""/>
    <member type="way" ref="62123814" role=""/>
    <member type="way" ref="62123815" role=""/>
    <member type="way" ref="62123817" role=""/>
    <member type="way" ref="492430260" role=""/>
    <member type="way" ref="60356123" role=""/>
    <member type="way" ref="60356124" role=""/>
    <member type="way" ref="89927852" role=""/>
    <member type="way" ref="11412575" role=""/>
    <member type="way" ref="1340543715" role=""/>
    <member type="way" ref="1340543716" role=""/>
    <member type="way" ref="32045462" role=""/>
    <member type="way" ref="732587376" role=""/>
    <member type="way" ref="1340661815" role=""/>
    <member type="way" ref="732587375" role=""/>
    <member type="way" ref="50083420" role=""/>
    <member type="way" ref="32045465" role=""/>
    <member type="way" ref="30158618" role=""/>
    <member type="way" ref="732585762" role=""/>
    <member type="way" ref="101821882" role=""/>
    <member type="way" ref="101821948" role=""/>
    <member type="way" ref="65377967" role=""/>
    <member type="way" ref="65377966" role=""/>
    <member type="way" ref="65377947" role=""/>
    <member type="way" ref="732492433" role=""/>
    <member type="way" ref="65377944" role=""/>
    <member type="way" ref="732492434" role=""/>
    <member type="way" ref="67282749" role=""/>
    <member type="way" ref="67282750" role=""/>
    <member type="way" ref="65377917" role=""/>
    <member type="way" ref="65377900" role=""/>
    <member type="way" ref="65377873" role=""/>
    <member type="way" ref="65377877" role=""/>
    <member type="way" ref="732491811" role=""/>
    <member type="way" ref="65377814" role=""/>
    <member type="way" ref="732316874" role=""/>
    <member type="way" ref="11385402" role=""/>
    <member type="way" ref="922482317" role=""/>
    <member type="way" ref="11417314" role=""/>
    <member type="way" ref="50089255" role=""/>
    <member type="way" ref="11417302" role=""/>
    <member type="way" ref="460920079" role=""/>
    <member type="way" ref="460920081" role=""/>
    <member type="way" ref="11405035" role=""/>
    <member type="way" ref="30766490" role=""/>
    <member type="way" ref="460920080" role=""/>
    <member type="way" ref="461497668" role=""/>
    <member type="way" ref="1223602189" role=""/>
    <member type="way" ref="815870331" role=""/>
    <member type="way" ref="1222664562" role=""/>
    <member type="way" ref="730684766" role=""/>
    <member type="way" ref="553103438" role=""/>
    <member type="way" ref="511333559" role=""/>
    <member type="way" ref="461497698" role=""/>
    <member type="way" ref="461495920" role=""/>
    <member type="way" ref="11408179" role=""/>
    <member type="way" ref="730422617" role=""/>
    <member type="way" ref="511333566" role=""/>
    <member type="way" ref="730422616" role=""/>
    <member type="way" ref="1020622022" role=""/>
    <member type="way" ref="511333565" role=""/>
    <member type="way" ref="1125237009" role=""/>
    <member type="way" ref="939384528" role=""/>
    <member type="way" ref="511350575" role=""/>
    <member type="way" ref="461497701" role=""/>
    <member type="way" ref="1362460189" role=""/>
    <member type="way" ref="176587154" role=""/>
    <member type="way" ref="32705115" role=""/>
    <member type="way" ref="32787857" role=""/>
    <member type="way" ref="511350574" role=""/>
    <member type="way" ref="458180973" role=""/>
    <member type="way" ref="28786063" role=""/>
    <member type="way" ref="458180969" role=""/>
    <member type="way" ref="700356990" role=""/>
    <member type="way" ref="458180972" role=""/>
    <member type="way" ref="143028267" role=""/>
    <member type="way" ref="174936410" role=""/>
    <member type="way" ref="1273884291" role=""/>
    <member type="way" ref="174936407" role=""/>
    <member type="way" ref="174936405" role=""/>
    <member type="way" ref="174936403" role=""/>
    <member type="way" ref="174936401" role=""/>
    <member type="way" ref="28785772" role=""/>
    <member type="way" ref="939128989" role=""/>
    <member type="way" ref="939128990" role=""/>
    <member type="way" ref="177425471" role=""/>
    <member type="way" ref="177425465" role=""/>
    <member type="way" ref="700383884" role=""/>
    <member type="way" ref="177425466" role=""/>
    <member type="way" ref="177417775" role=""/>
    <member type="way" ref="177420502" role=""/>
    <member type="way" ref="11386423" role=""/>
    <member type="way" ref="924683368" role=""/>
    <member type="way" ref="922482315" role=""/>
    <member type="way" ref="32045454" role=""/>
    <member type="way" ref="182594694" role=""/>
    <member type="way" ref="89927792" role=""/>
    <member type="way" ref="60356115" role=""/>
    <member type="way" ref="62123818" role=""/>
    <member type="way" ref="492430269" role=""/>
    <member type="way" ref="62123816" role=""/>
    <member type="way" ref="11412590" role=""/>
    <member type="way" ref="1298536431" role=""/>
    <member type="way" ref="1222661189" role=""/>
    <member type="way" ref="511333747" role=""/>
    <member type="way" ref="62121910" role=""/>
    <member type="way" ref="43126822" role=""/>
    <member type="way" ref="43126821" role=""/>
    <member type="way" ref="511333746" role=""/>
    <member type="way" ref="511333743" role=""/>
    <member type="way" ref="922482313" role=""/>
    <member type="way" ref="922482312" role=""/>
    <member type="way" ref="175093399" role=""/>
    <member type="way" ref="11506445" role=""/>
    <member type="way" ref="43126829" role=""/>
    <member type="way" ref="43126828" role=""/>
    <member type="way" ref="11502802" role=""/>
    <member type="way" ref="922482307" role=""/>
    <member type="way" ref="922362583" role=""/>
    <member type="way" ref="971490622" role=""/>
    <member type="way" ref="971490619" role=""/>
    <member type="way" ref="11526860" role=""/>
    <member type="way" ref="971490618" role=""/>
    <member type="way" ref="971490620" role=""/>
    <tag k="from" v="Saco Transportation Center"/>
    <tag k="name" v="ZOOM Express Saco Transportation Center"/>
    <tag k="operator" v="Biddeford Saco Old Orchard Beach Transit"/>
    <tag k="ref" v="ZOOM Express STC"/>
    <tag k="route" v="bus"/>
    <tag k="to" v="BEDFORD AND FOREST"/>
    <tag k="type" v="route"/>
  </relation>
  <relation id="7427882">
    <member type="node" ref="340280162" role="platform"/>
    <member type="node" ref="101509497" role="stop"/>
    <member type="node" ref="101606566" role="stop"/>
    <member type="node" ref="5002022125" role="platform"/>
    <member type="node" ref="101684810" role="stop"/>
    <member type="node" ref="101684847" role="stop"/>
    <member type="node" ref="101684867" role="stop"/>
    <member type="node" ref="5002022127" role="stop"/>
    <member type="node" ref="5002022129" role="stop"/>
    <member type="node" ref="101684880" role="stop"/>
    <member type="node" ref="5002022130" role="stop"/>
    <member type="node" ref="101684912" role="stop"/>
    <member type="node" ref="5002022131" role="stop"/>
    <member type="node" ref="5002022132" role="stop"/>
    <member type="way" ref="461495920" role=""/>
    <member type="way" ref="461497698" role=""/>
    <member type="way" ref="30195670" role=""/>
    <member type="way" ref="30195673" role=""/>
    <member type="way" ref="30195590" role=""/>
    <member type="way" ref="511333561" role=""/>
    <member type="way" ref="50089201" role=""/>
    <member type="way" ref="121865062" role=""/>
    <member type="way" ref="700356980" role=""/>
    <member type="way" ref="700356979" role=""/>
    <member type="way" ref="30809670" role=""/>
    <member type="way" ref="700356981" role=""/>
    <member type="way" ref="700356985" role=""/>
    <member type="way" ref="30809669" role=""/>
    <member type="way" ref="730921853" role=""/>
    <member type="way" ref="120619291" role=""/>
    <member type="way" ref="731223620" role=""/>
    <member type="way" ref="50089194" role=""/>
    <member type="way" ref="1132939573" role=""/>
    <member type="way" ref="50089255" role=""/>
    <member type="way" ref="50089251" role=""/>
    <member type="way" ref="50093277" role=""/>
    <member type="way" ref="32787912" role=""/>
    <member type="way" ref="50093244" role=""/>
    <member type="way" ref="800617953" role=""/>
    <member type="way" ref="800617952" role=""/>
    <member type="way" ref="32704605" role=""/>
    <member type="way" ref="32704606" role=""/>
    <member type="way" ref="651775319" role=""/>
    <member type="way" ref="930439549" role=""/>
    <member type="way" ref="813428214" role=""/>
    <member type="way" ref="240745368" role=""/>
    <member type="way" ref="397397061" role=""/>
    <member type="way" ref="1168316358" role=""/>
    <member type="way" ref="30767648" role=""/>
    <member type="way" ref="121865065" role=""/>
    <member type="way" ref="121865063" role=""/>
    <member type="way" ref="651614294" role=""/>
    <member type="way" ref="820422243" role=""/>
    <member type="way" ref="820422244" role=""/>
    <member type="way" ref="820422242" role=""/>
    <member type="way" ref="32567286" role=""/>
    <member type="way" ref="179554170" role=""/>
    <member type="way" ref="179554159" role=""/>
    <member type="way" ref="511333562" role=""/>
    <member type="way" ref="11417284" role=""/>
    <member type="way" ref="11415298" role=""/>
    <tag k="name" v="Metro #2 Outbound"/>
    <tag k="network" v="METRO"/>
    <tag k="operator" v="METRO"/>
    <tag k="public_transport:version" v="2"/>
    <tag k="ref" v="2"/>
    <tag k="route" v="bus"/>
    <tag k="type" v="route"/>
  </relation>
  <relation id="7427883">
    <member type="node" ref="5002022132" role="stop"/>
    <member type="node" ref="5002022131" role="stop"/>
    <member type="node" ref="101684912" role="stop"/>
    <member type="node" ref="101712458" role="stop"/>
    <member type="node" ref="101684880" role="stop"/>
    <member type="node" ref="5002022129" role="stop"/>
    <member type="node" ref="5002022128" role="stop"/>
    <member type="node" ref="5002022127" role="stop"/>
    <member type="node" ref="101684759" role="stop"/>
    <member type="node" ref="101685151" role="stop"/>
    <member type="node" ref="101684810" role="stop"/>
    <member type="node" ref="101355444" role="stop"/>
    <member type="node" ref="5002022126" role="stop"/>
    <member type="node" ref="4548641355" role="platform"/>
    <member type="node" ref="101509497" role="stop"/>
    <member type="node" ref="340280162" role="platform"/>
    <member type="way" ref="32567311" role=""/>
    <member type="way" ref="179554159" role=""/>
    <member type="way" ref="179554170" role=""/>
    <member type="way" ref="32567286" role=""/>
    <member type="way" ref="820422242" role=""/>
    <member type="way" ref="820422244" role=""/>
    <member type="way" ref="820422243" role=""/>
    <member type="way" ref="651614294" role=""/>
    <member type="way" ref="121865063" role=""/>
    <member type="way" ref="121865065" role=""/>
    <member type="way" ref="30767648" role=""/>
    <member type="way" ref="1168316358" role=""/>
    <member type="way" ref="397397061" role=""/>
    <member type="way" ref="240745368" role=""/>
    <member type="way" ref="813428214" role=""/>
    <member type="way" ref="930439549" role=""/>
    <member type="way" ref="651775319" role=""/>
    <member type="way" ref="32704606" role=""/>
    <member type="way" ref="32704605" role=""/>
    <member type="way" ref="800617952" role=""/>
    <member type="way" ref="800617953" role=""/>
    <member type="way" ref="50093244" role=""/>
    <member type="way" ref="32787912" role=""/>
    <member type="way" ref="50093251" role=""/>
    <member type="way" ref="11406766" role=""/>
    <member type="way" ref="511333564" role=""/>
    <member type="way" ref="50093277" role=""/>
    <member type="way" ref="922482318" role=""/>
    <member type="way" ref="11417302" role=""/>
    <member type="way" ref="50089255" role=""/>
    <member type="way" ref="11417314" role=""/>
    <member type="way" ref="922482317" role=""/>
    <member type="way" ref="50089185" role=""/>
    <member type="way" ref="120619292" role=""/>
    <member type="way" ref="713430004" role=""/>
    <member type="way" ref="700356983" role=""/>
    <member type="way" ref="700356979" role=""/>
    <member type="way" ref="700356980" role=""/>
    <member type="way" ref="121865062" role=""/>
    <member type="way" ref="50089201" role=""/>
    <member type="way" ref="240745369" role=""/>
    <member type="way" ref="30809668" role=""/>
    <member type="way" ref="511333565" role=""/>
    <member type="way" ref="1020622022" role=""/>
    <member type="way" ref="730422616" role=""/>
    <member type="way" ref="511333566" role=""/>
    <member type="way" ref="730422617" role=""/>
    <member type="way" ref="11408179" role=""/>
    <tag k="name" v="Metro #2 Inbound"/>
    <tag k="network" v="METRO"/>
    <tag k="operator" v="METRO"/>
    <tag k="public_transport:version" v="2"/>
    <tag k="ref" v="2"/>
    <tag k="route" v="bus"/>
    <tag k="source" v="smttracker.com"/>
    <tag k="type" v="route"/>
  </relation>
  <relation id="8927663">
    <member type="node" ref="101466384" role="stop"/>
    <member type="node" ref="6058454862" role="platform"/>
    <member type="node" ref="6058454864" role="platform"/>
    <member type="node" ref="6058454865" role="stop"/>
    <member type="node" ref="6058454867" role="platform"/>
    <member type="node" ref="6058454871" role="platform"/>
    <member type="node" ref="6058454868" role="stop"/>
    <member type="node" ref="6058454874" role="stop"/>
    <member type="node" ref="6058454875" role="platform"/>
    <member type="node" ref="6058454877" role="platform"/>
    <member type="node" ref="6058454880" role="stop"/>
    <member type="node" ref="6058454881" role="platform"/>
    <member type="way" ref="11408179" role=""/>
    <member type="way" ref="730422617" role=""/>
    <member type="way" ref="511333566" role=""/>
    <member type="way" ref="730422616" role=""/>
    <member type="way" ref="176587158" role=""/>
    <member type="way" ref="30766488" role=""/>
    <member type="way" ref="1223602185" role=""/>
    <member type="way" ref="1223602190" role=""/>
    <member type="way" ref="1223602186" role=""/>
    <member type="way" ref="182594766" role=""/>
    <member type="way" ref="1223602191" role=""/>
    <member type="way" ref="461497668" role=""/>
    <member type="way" ref="460920080" role=""/>
    <member type="way" ref="11405028" role=""/>
    <member type="way" ref="700356987" role=""/>
    <member type="way" ref="11419801" role=""/>
    <member type="way" ref="11418931" role=""/>
    <member type="way" ref="822062773" role=""/>
    <member type="way" ref="822062774" role=""/>
    <member type="way" ref="822062775" role=""/>
    <member type="way" ref="822062776" role=""/>
    <member type="way" ref="180340450" role=""/>
    <member type="way" ref="11387421" role=""/>
    <member type="way" ref="175093386" role=""/>
    <member type="way" ref="821692165" role=""/>
    <member type="way" ref="175093385" role=""/>
    <member type="way" ref="175093384" role=""/>
    <member type="way" ref="821684428" role=""/>
    <member type="way" ref="821684427" role=""/>
    <member type="way" ref="175093383" role=""/>
    <member type="way" ref="821684429" role=""/>
    <member type="way" ref="821684430" role=""/>
    <member type="way" ref="821684431" role=""/>
    <member type="way" ref="821684432" role=""/>
    <member type="way" ref="821684434" role=""/>
    <member type="way" ref="60322540" role=""/>
    <member type="way" ref="821684433" role=""/>
    <member type="way" ref="60322542" role=""/>
    <member type="way" ref="60322541" role=""/>
    <member type="way" ref="821684436" role=""/>
    <member type="way" ref="118714336" role=""/>
    <member type="way" ref="122209004" role=""/>
    <member type="way" ref="821683500" role=""/>
    <member type="way" ref="462315053" role=""/>
    <member type="way" ref="462315049" role=""/>
    <member type="way" ref="743445178" role=""/>
    <member type="way" ref="743445177" role=""/>
    <member type="way" ref="743445176" role=""/>
    <member type="way" ref="171300055" role=""/>
    <member type="way" ref="743596462" role=""/>
    <member type="way" ref="462312758" role=""/>
    <member type="way" ref="651614301" role=""/>
    <member type="way" ref="743597831" role=""/>
    <member type="way" ref="700385812" role=""/>
    <member type="way" ref="743596464" role=""/>
    <member type="way" ref="643894145" role=""/>
    <member type="way" ref="651640920" role=""/>
    <member type="way" ref="651614300" role=""/>
    <member type="way" ref="11404305" role=""/>
    <member type="way" ref="643894147" role=""/>
    <member type="way" ref="11410925" role=""/>
    <member type="way" ref="743742754" role=""/>
    <member type="way" ref="371639478" role=""/>
    <member type="way" ref="743742757" role=""/>
    <member type="way" ref="743742751" role=""/>
    <member type="way" ref="743742750" role=""/>
    <member type="way" ref="122209014" role=""/>
    <member type="way" ref="743742749" role=""/>
    <member type="way" ref="11405390" role=""/>
    <member type="way" ref="11419429" role=""/>
    <member type="way" ref="744797263" role=""/>
    <member type="way" ref="744797261" role=""/>
    <member type="way" ref="746142736" role=""/>
    <member type="way" ref="746143353" role=""/>
    <member type="way" ref="746143352" role=""/>
    <member type="way" ref="746628603" role=""/>
    <member type="way" ref="746628936" role=""/>
    <member type="way" ref="746820071" role=""/>
    <member type="way" ref="746820070" role=""/>
    <member type="way" ref="746820069" role=""/>
    <member type="way" ref="744797260" role=""/>
    <member type="way" ref="746820393" role=""/>
    <member type="way" ref="746820392" role=""/>
    <member type="way" ref="11415988" role=""/>
    <member type="way" ref="1309032396" role=""/>
    <member type="way" ref="904113708" role=""/>
    <member type="way" ref="51715121" role=""/>
    <member type="way" ref="872031690" role=""/>
    <member type="way" ref="872031689" role=""/>
    <member type="way" ref="1072064925" role=""/>
    <member type="way" ref="643894149" role=""/>
    <member type="way" ref="11411696" role=""/>
    <member type="way" ref="995664189" role=""/>
    <member type="way" ref="643894154" role=""/>
    <member type="way" ref="995664177" role=""/>
    <member type="way" ref="643894155" role=""/>
    <member type="way" ref="995664179" role=""/>
    <member type="way" ref="995664182" role=""/>
    <member type="way" ref="11386302" role=""/>
    <member type="way" ref="30766453" role=""/>
    <member type="way" ref="822062770" role=""/>
    <member type="way" ref="822062771" role=""/>
    <member type="way" ref="822062772" role=""/>
    <member type="way" ref="945152554" role=""/>
    <member type="way" ref="945152563" role=""/>
    <tag k="name" v="Metro Route HSK Husky Line INBOUND"/>
    <tag k="network" v="METRO"/>
    <tag k="operator" v="METRO"/>
    <tag k="ref" v="HSK"/>
    <tag k="route" v="bus"/>
    <tag k="source" v="smttracker.com"/>
    <tag k="type" v="route"/>
  </relation>
  <relation id="8927664">
    <member type="node" ref="340280162" role="platform"/>
    <member type="node" ref="6058454863" role="stop"/>
    <member type="node" ref="6058454865" role="stop"/>
    <member type="node" ref="6058454866" role="platform"/>
    <member type="node" ref="6058454870" role="platform"/>
    <member type="node" ref="6058454869" role="stop"/>
    <member type="node" ref="6058454872" role="stop"/>
    <member type="node" ref="6058454873" role="platform"/>
    <member type="node" ref="6058454879" role="platform"/>
    <member type="node" ref="101509497" role=""/>
    <member type="way" ref="461495920" role=""/>
    <member type="way" ref="461497698" role=""/>
    <member type="way" ref="511333559" role=""/>
    <member type="way" ref="553103438" role=""/>
    <member type="way" ref="730684766" role=""/>
    <member type="way" ref="1222664562" role=""/>
    <member type="way" ref="815870331" role=""/>
    <member type="way" ref="1223602189" role=""/>
    <member type="way" ref="461497668" role=""/>
    <member type="way" ref="460920080" role=""/>
    <member type="way" ref="30766490" role=""/>
    <member type="way" ref="643894139" role=""/>
    <member type="way" ref="700356987" role=""/>
    <member type="way" ref="11419801" role=""/>
    <member type="way" ref="11418931" role=""/>
    <member type="way" ref="822062773" role=""/>
    <member type="way" ref="822062774" role=""/>
    <member type="way" ref="822062775" role=""/>
    <member type="way" ref="822062777" role=""/>
    <member type="way" ref="175093349" role=""/>
    <member type="way" ref="11412672" role=""/>
    <member type="way" ref="11412674" role=""/>
    <member type="way" ref="821692165" role=""/>
    <member type="way" ref="175093385" role=""/>
    <member type="way" ref="11412676" role=""/>
    <member type="way" ref="821684428" role=""/>
    <member type="way" ref="821684427" role=""/>
    <member type="way" ref="175093383" role=""/>
    <member type="way" ref="821684429" role=""/>
    <member type="way" ref="821684430" role=""/>
    <member type="way" ref="821684431" role=""/>
    <member type="way" ref="821684432" role=""/>
    <member type="way" ref="821684434" role=""/>
    <member type="way" ref="60322540" role=""/>
    <member type="way" ref="821684433" role=""/>
    <member type="way" ref="60322542" role=""/>
    <member type="way" ref="60322541" role=""/>
    <member type="way" ref="821684436" role=""/>
    <member type="way" ref="11408829" role=""/>
    <member type="way" ref="118714418" role=""/>
    <member type="way" ref="122209005" role=""/>
    <member type="way" ref="122209025" role=""/>
    <member type="way" ref="743445180" role=""/>
    <member type="way" ref="939137216" role=""/>
    <member type="way" ref="462312757" role=""/>
    <member type="way" ref="743445181" role=""/>
    <member type="way" ref="743596462" role=""/>
    <member type="way" ref="462312758" role=""/>
    <member type="way" ref="651614301" role=""/>
    <member type="way" ref="743597831" role=""/>
    <member type="way" ref="743598917" role=""/>
    <member type="way" ref="743598916" role=""/>
    <member type="way" ref="743598913" role=""/>
    <member type="way" ref="700385813" role=""/>
    <member type="way" ref="651640919" role=""/>
    <member type="way" ref="743742766" role=""/>
    <member type="way" ref="743742762" role=""/>
    <member type="way" ref="743742760" role=""/>
    <member type="way" ref="122209018" role=""/>
    <member type="way" ref="743742761" role=""/>
    <member type="way" ref="743742759" role=""/>
    <member type="way" ref="11405390" role=""/>
    <member type="way" ref="11419429" role=""/>
    <member type="way" ref="744797263" role=""/>
    <member type="way" ref="744797261" role=""/>
    <member type="way" ref="746142736" role=""/>
    <member type="way" ref="746143353" role=""/>
    <member type="way" ref="746143352" role=""/>
    <member type="way" ref="746628603" role=""/>
    <member type="way" ref="746628936" role=""/>
    <member type="way" ref="746820071" role=""/>
    <member type="way" ref="746820070" role=""/>
    <member type="way" ref="746820069" role=""/>
    <member type="way" ref="744797260" role=""/>
    <member type="way" ref="746820393" role=""/>
    <member type="way" ref="746820392" role=""/>
    <member type="way" ref="11415988" role=""/>
    <member type="way" ref="1309032396" role=""/>
    <member type="way" ref="904113708" role=""/>
    <member type="way" ref="51715121" role=""/>
    <member type="way" ref="872031690" role=""/>
    <member type="way" ref="872031689" role=""/>
    <member type="way" ref="1072064925" role=""/>
    <member type="way" ref="643894149" role=""/>
    <member type="way" ref="11411696" role=""/>
    <member type="way" ref="995664189" role=""/>
    <member type="way" ref="643894154" role=""/>
    <member type="way" ref="995664191" role=""/>
    <member type="way" ref="643894152" role=""/>
    <member type="way" ref="30766453" role=""/>
    <member type="way" ref="822062770" role=""/>
    <member type="way" ref="822062771" role=""/>
    <member type="way" ref="822062772" role=""/>
    <member type="way" ref="945152554" role=""/>
    <member type="way" ref="945152562" role=""/>
    <tag k="name" v="Metro Route HSK Husky Line OUTBOUND"/>
    <tag k="network" v="METRO"/>
    <tag k="operator" v="METRO"/>
    <tag k="ref" v="HSK"/>
    <tag k="route" v="bus"/>
    <tag k="source" v="SMTTRACKER.com"/>
    <tag k="type" v="route"/>
  </relation>
  <relation id="9071517">
    <member type="node" ref="6111513364" role="platform"/>
    <member type="node" ref="4572311573" role="platform"/>
    <member type="node" ref="4572312821" role="platform"/>
    <member type="way" ref="1125237009" role=""/>
    <member type="way" ref="511333565" role=""/>
    <member type="way" ref="1020622022" role=""/>
    <member type="way" ref="730422616" role=""/>
    <member type="way" ref="511333566" role=""/>
    <member type="way" ref="730422617" role=""/>
    <member type="way" ref="730422618" role=""/>
    <member type="way" ref="730422619" role=""/>
    <member type="way" ref="461497696" role=""/>
    <member type="way" ref="651775317" role=""/>
    <member type="way" ref="32705291" role=""/>
    <member type="way" ref="1221610600" role=""/>
    <member type="way" ref="1221610598" role=""/>
    <member type="way" ref="939244526" role=""/>
    <member type="way" ref="11420229" role=""/>
    <member type="way" ref="730052917" role=""/>
    <member type="way" ref="50090001" role=""/>
    <member type="way" ref="1221610599" role=""/>
    <member type="way" ref="461497702" role=""/>
    <member type="way" ref="32705427" role=""/>
    <member type="way" ref="11416517" role=""/>
    <member type="way" ref="180342579" role=""/>
    <member type="way" ref="1234667949" role=""/>
    <member type="way" ref="924932960" role=""/>
    <member type="way" ref="32565911" role=""/>
    <member type="way" ref="32565913" role=""/>
    <member type="way" ref="11385808" role=""/>
    <member type="way" ref="30158610" role=""/>
    <member type="way" ref="32565930" role=""/>
    <member type="way" ref="32565951" role=""/>
    <member type="way" ref="11416531" role=""/>
    <member type="way" ref="964025361" role=""/>
    <member type="way" ref="30809850" role=""/>
    <member type="way" ref="964025360" role=""/>
    <member type="way" ref="826013427" role=""/>
    <member type="way" ref="826013426" role=""/>
    <member type="way" ref="1234632194" role=""/>
    <member type="way" ref="826013425" role=""/>
    <member type="way" ref="921048443" role=""/>
    <member type="way" ref="921048444" role=""/>
    <member type="way" ref="572505484" role=""/>
    <member type="way" ref="933557754" role=""/>
    <member type="way" ref="933557753" role=""/>
    <member type="way" ref="284700130" role=""/>
    <member type="way" ref="11389659" role=""/>
    <member type="way" ref="930439549" role=""/>
    <member type="way" ref="651775319" role=""/>
    <member type="way" ref="11405009" role=""/>
    <member type="way" ref="1234673210" role=""/>
    <member type="way" ref="1234673209" role=""/>
    <member type="way" ref="560330933" role=""/>
    <member type="way" ref="50093242" role=""/>
    <member type="way" ref="516664215" role=""/>
    <member type="way" ref="11405006" role=""/>
    <member type="way" ref="32705109" role=""/>
    <member type="way" ref="459097123" role=""/>
    <member type="way" ref="316861758" role=""/>
    <member type="way" ref="30782249" role=""/>
    <member type="way" ref="32787896" role=""/>
    <member type="way" ref="30195764" role=""/>
    <member type="way" ref="50088474" role=""/>
    <member type="way" ref="50088469" role=""/>
    <member type="way" ref="32705115" role=""/>
    <member type="way" ref="176587154" role=""/>
    <member type="way" ref="1362460189" role=""/>
    <member type="way" ref="461497701" role=""/>
    <member type="way" ref="511350575" role=""/>
    <member type="way" ref="939384528" role=""/>
    <member type="way" ref="826496942" role=""/>
    <member type="way" ref="820302724" role=""/>
    <member type="way" ref="902889596" role=""/>
    <member type="way" ref="11416519" role=""/>
    <member type="way" ref="820302333" role=""/>
    <member type="way" ref="284700131" role=""/>
    <member type="way" ref="240745370" role=""/>
    <member type="way" ref="11415764" role=""/>
    <member type="way" ref="180342570" role=""/>
    <member type="way" ref="940385675" role=""/>
    <member type="way" ref="826015097" role=""/>
    <member type="way" ref="826015096" role=""/>
    <member type="way" ref="826015094" role=""/>
    <member type="way" ref="826015095" role=""/>
    <member type="way" ref="826496943" role=""/>
    <member type="way" ref="826496944" role=""/>
    <member type="way" ref="826785272" role=""/>
    <member type="way" ref="30767727" role=""/>
    <member type="way" ref="11389123" role=""/>
    <member type="way" ref="11387548" role=""/>
    <member type="way" ref="921027284" role=""/>
    <member type="way" ref="921027285" role=""/>
    <member type="way" ref="651775320" role=""/>
    <member type="way" ref="820304232" role=""/>
    <member type="way" ref="820302723" role=""/>
    <member type="way" ref="820302722" role=""/>
    <member type="way" ref="11415763" role=""/>
    <tag k="name" v="METRO Route 9A North Deering via Stevens Avenue"/>
    <tag k="network" v="METRO"/>
    <tag k="operator" v="METRO"/>
    <tag k="ref" v="9A"/>
    <tag k="route" v="bus"/>
    <tag k="type" v="route"/>
  </relation>
  <relation id="9075668">
    <member type="node" ref="5001981351" role="platform"/>
    <member type="node" ref="4548641354" role="platform"/>
    <member type="node" ref="6114388403" role="platform"/>
    <member type="way" ref="11387921" role=""/>
    <member type="way" ref="161733453" role=""/>
    <member type="way" ref="820164306" role=""/>
    <member type="way" ref="1362460188" role=""/>
    <member type="way" ref="11412405" role=""/>
    <member type="way" ref="820164305" role=""/>
    <member type="way" ref="32705427" role=""/>
    <member type="way" ref="461497702" role=""/>
    <member type="way" ref="1221610599" role=""/>
    <member type="way" ref="50090001" role=""/>
    <member type="way" ref="730052917" role=""/>
    <member type="way" ref="939244526" role=""/>
    <member type="way" ref="1221610598" role=""/>
    <member type="way" ref="1221610600" role=""/>
    <member type="way" ref="32705291" role=""/>
    <member type="way" ref="651775317" role=""/>
    <member type="way" ref="11420229" role=""/>
    <member type="way" ref="461497696" role=""/>
    <member type="way" ref="730422619" role=""/>
    <member type="way" ref="730422618" role=""/>
    <member type="way" ref="730422617" role=""/>
    <member type="way" ref="511333566" role=""/>
    <member type="way" ref="730422616" role=""/>
    <member type="way" ref="1020622022" role=""/>
    <member type="way" ref="511333565" role=""/>
    <member type="way" ref="1125237009" role=""/>
    <member type="way" ref="939384528" role=""/>
    <member type="way" ref="511350575" role=""/>
    <member type="way" ref="461497701" role=""/>
    <member type="way" ref="1362460189" role=""/>
    <member type="way" ref="176587154" role=""/>
    <member type="way" ref="32705115" role=""/>
    <member type="way" ref="32787857" role=""/>
    <member type="way" ref="511350574" role=""/>
    <member type="way" ref="458180973" role=""/>
    <member type="way" ref="700356989" role=""/>
    <member type="way" ref="28786090" role=""/>
    <member type="way" ref="32705109" role=""/>
    <member type="way" ref="11405006" role=""/>
    <member type="way" ref="516664215" role=""/>
    <member type="way" ref="50093242" role=""/>
    <member type="way" ref="560330933" role=""/>
    <member type="way" ref="1234673209" role=""/>
    <member type="way" ref="1234673210" role=""/>
    <member type="way" ref="284591510" role=""/>
    <member type="way" ref="930439549" role=""/>
    <member type="way" ref="813428214" role=""/>
    <member type="way" ref="240745368" role=""/>
    <member type="way" ref="11388468" role=""/>
    <member type="way" ref="933557753" role=""/>
    <member type="way" ref="933557754" role=""/>
    <member type="way" ref="572505484" role=""/>
    <member type="way" ref="921048444" role=""/>
    <member type="way" ref="921048443" role=""/>
    <member type="way" ref="826013425" role=""/>
    <member type="way" ref="1234632194" role=""/>
    <member type="way" ref="826013426" role=""/>
    <member type="way" ref="826013427" role=""/>
    <member type="way" ref="964025360" role=""/>
    <member type="way" ref="30809850" role=""/>
    <member type="way" ref="964025361" role=""/>
    <member type="way" ref="11416524" role=""/>
    <member type="way" ref="32565931" role=""/>
    <member type="way" ref="50090004" role=""/>
    <member type="way" ref="32565925" role=""/>
    <member type="way" ref="32565924" role=""/>
    <member type="way" ref="11390116" role=""/>
    <member type="way" ref="924932960" role=""/>
    <member type="way" ref="1234667949" role=""/>
    <member type="way" ref="180342579" role=""/>
    <member type="way" ref="11416517" role=""/>
    <member type="way" ref="284700131" role=""/>
    <member type="way" ref="240745370" role=""/>
    <member type="way" ref="180342580" role=""/>
    <member type="way" ref="826015099" role=""/>
    <member type="way" ref="921027284" role=""/>
    <member type="way" ref="179554152" role=""/>
    <member type="way" ref="820166542" role=""/>
    <member type="way" ref="43520160" role=""/>
    <member type="way" ref="30767760" role=""/>
    <member type="way" ref="820302334" role=""/>
    <member type="way" ref="902889597" role=""/>
    <member type="way" ref="180342570" role=""/>
    <member type="way" ref="940385675" role=""/>
    <member type="way" ref="826015097" role=""/>
    <member type="way" ref="826015096" role=""/>
    <member type="way" ref="826015094" role=""/>
    <member type="way" ref="826015095" role=""/>
    <member type="way" ref="826496943" role=""/>
    <member type="way" ref="826496944" role=""/>
    <member type="way" ref="826785272" role=""/>
    <member type="way" ref="30767727" role=""/>
    <member type="way" ref="826496942" role=""/>
    <member type="way" ref="820302333" role=""/>
    <member type="way" ref="11416519" role=""/>
    <member type="way" ref="902889596" role=""/>
    <member type="way" ref="820302724" role=""/>
    <member type="way" ref="820302722" role=""/>
    <member type="way" ref="820302723" role=""/>
    <member type="way" ref="820304232" role=""/>
    <member type="way" ref="651775320" role=""/>
    <member type="way" ref="921027285" role=""/>
    <member type="way" ref="179554169" role=""/>
    <member type="way" ref="161733456" role=""/>
    <member type="way" ref="820164309" role=""/>
    <member type="way" ref="820164308" role=""/>
    <member type="way" ref="11412400" role=""/>
    <member type="way" ref="820164307" role=""/>
    <member type="way" ref="161733457" role=""/>
    <member type="way" ref="11384382" role=""/>
    <member type="way" ref="652143141" role=""/>
    <member type="way" ref="652143142" role=""/>
    <member type="way" ref="652143143" role=""/>
    <member type="way" ref="652143137" role=""/>
    <tag k="name" v="METRO Route 9B North Deering via Washington Avenue"/>
    <tag k="network" v="METRO"/>
    <tag k="operator" v="METRO"/>
    <tag k="ref" v="9B"/>
    <tag k="route" v="bus"/>
    <tag k="type" v="route"/>
  </relation>
  <relation id="10081096">
    <member type="way" ref="728627943" role="from"/>
    <member type="way" ref="728627941" role="via"/>
    <member type="way" ref="11409604" role="to"/>
    <tag k="connectivity" v="1:1"/>
    <tag k="type" v="connectivity"/>
  </relation>
  <relation id="12493689">
    <member type="way" ref="956439425" role=""/>
    <member type="way" ref="956439424" role=""/>
    <member type="way" ref="177937020" role=""/>
    <member type="way" ref="956439422" role=""/>
    <member type="way" ref="956439421" role=""/>
    <member type="way" ref="956439419" role=""/>
    <member type="way" ref="755792396" role=""/>
    <member type="way" ref="755792402" role=""/>
    <member type="way" ref="755792397" role=""/>
    <member type="way" ref="1150324258" role=""/>
    <member type="way" ref="755792395" role=""/>
    <member type="way" ref="755792398" role=""/>
    <member type="way" ref="956439423" role=""/>
    <member type="way" ref="755792399" role=""/>
    <member type="way" ref="755792400" role=""/>
    <member type="way" ref="755792401" role=""/>
    <member type="way" ref="655287952" role=""/>
    <member type="way" ref="655287951" role=""/>
    <member type="way" ref="1047868060" role=""/>
    <member type="way" ref="754181709" role=""/>
    <member type="way" ref="1047868058" role=""/>
    <member type="way" ref="1047868061" role=""/>
    <member type="way" ref="1047868057" role=""/>
    <member type="way" ref="924683366" role=""/>
    <member type="way" ref="1073602426" role=""/>
    <member type="way" ref="11389414" role=""/>
    <member type="way" ref="11407645" role=""/>
    <member type="way" ref="922381314" role=""/>
    <member type="way" ref="536965334" role=""/>
    <member type="way" ref="922381316" role=""/>
    <member type="way" ref="1072111788" role=""/>
    <member type="way" ref="922381317" role=""/>
    <member type="way" ref="536965337" role=""/>
    <member type="way" ref="45528405" role=""/>
    <member type="way" ref="11412747" role=""/>
    <member type="way" ref="11418053" role=""/>
    <member type="way" ref="761620183" role=""/>
    <member type="way" ref="655287683" role=""/>
    <member type="way" ref="45528394" role=""/>
    <member type="way" ref="121865142" role=""/>
    <member type="way" ref="922381320" role=""/>
    <member type="way" ref="922381319" role=""/>
    <member type="way" ref="177079226" role=""/>
    <member type="way" ref="922381322" role=""/>
    <member type="way" ref="771513521" role=""/>
    <member type="way" ref="771513523" role=""/>
    <member type="way" ref="771513522" role=""/>
    <member type="way" ref="922381325" role=""/>
    <member type="way" ref="177076008" role=""/>
    <member type="way" ref="45528407" role=""/>
    <member type="way" ref="177076007" role=""/>
    <member type="way" ref="11412716" role=""/>
    <member type="way" ref="50093221" role=""/>
    <member type="way" ref="1298206737" role=""/>
    <member type="way" ref="177074535" role=""/>
    <member type="way" ref="1298247115" role=""/>
    <member type="way" ref="11385060" role=""/>
    <member type="way" ref="732587377" role=""/>
    <member type="way" ref="123069140" role=""/>
    <member type="way" ref="11386857" role=""/>
    <member type="way" ref="32731395" role=""/>
    <member type="way" ref="32731352" role=""/>
    <member type="way" ref="700383885" role=""/>
    <member type="way" ref="50093223" role=""/>
    <member type="way" ref="11399063" role=""/>
    <member type="way" ref="11392875" role=""/>
    <member type="way" ref="922381333" role=""/>
    <member type="way" ref="732589114" role=""/>
    <member type="way" ref="11390146" role=""/>
    <member type="way" ref="1340661815" role=""/>
    <member type="way" ref="732587375" role=""/>
    <member type="way" ref="101821665" role=""/>
    <member type="way" ref="511350572" role=""/>
    <member type="way" ref="963011010" role=""/>
    <member type="way" ref="30158603" role=""/>
    <member type="way" ref="30158616" role=""/>
    <member type="way" ref="50083424" role=""/>
    <member type="way" ref="32045455" role=""/>
    <member type="way" ref="924683368" role=""/>
    <member type="way" ref="177706447" role=""/>
    <member type="way" ref="177706446" role=""/>
    <member type="way" ref="732793348" role=""/>
    <member type="way" ref="732793349" role=""/>
    <member type="way" ref="177700769" role=""/>
    <member type="way" ref="11399081" role=""/>
    <member type="way" ref="1150312978" role=""/>
    <member type="way" ref="922381332" role=""/>
    <member type="way" ref="11409302" role=""/>
    <member type="way" ref="45528406" role=""/>
    <member type="way" ref="963012517" role=""/>
    <member type="way" ref="822442209" role=""/>
    <member type="way" ref="822442207" role=""/>
    <member type="way" ref="822442210" role=""/>
    <member type="way" ref="536965338" role=""/>
    <member type="way" ref="655746338" role=""/>
    <member type="way" ref="182594750" role=""/>
    <member type="way" ref="11390349" role=""/>
    <member type="way" ref="1273893151" role=""/>
    <member type="way" ref="922381328" role=""/>
    <member type="way" ref="60356111" role=""/>
    <member type="way" ref="60356114" role=""/>
    <member type="way" ref="822580986" role=""/>
    <member type="way" ref="651641333" role=""/>
    <member type="way" ref="922381330" role=""/>
    <member type="way" ref="651622392" role=""/>
    <member type="way" ref="31176841" role=""/>
    <member type="way" ref="939411897" role=""/>
    <member type="way" ref="651614310" role=""/>
    <member type="way" ref="45845046" role=""/>
    <member type="way" ref="651622395" role=""/>
    <member type="way" ref="60850903" role=""/>
    <member type="way" ref="11409303" role=""/>
    <member type="way" ref="11395051" role=""/>
    <member type="way" ref="651622402" role=""/>
    <member type="way" ref="922381324" role=""/>
    <member type="way" ref="11416162" role=""/>
    <member type="way" ref="922381318" role=""/>
    <member type="way" ref="177417776" role=""/>
    <member type="way" ref="177425469" role=""/>
    <member type="way" ref="177425468" role=""/>
    <member type="way" ref="177424985" role=""/>
    <member type="way" ref="176573098" role=""/>
    <member type="way" ref="700383883" role=""/>
    <member type="way" ref="32935898" role=""/>
    <member type="way" ref="1174429775" role=""/>
    <member type="way" ref="922381336" role=""/>
    <member type="way" ref="176587154" role=""/>
    <member type="way" ref="1362460189" role=""/>
    <member type="way" ref="461497701" role=""/>
    <member type="way" ref="511350575" role=""/>
    <member type="way" ref="939384528" role=""/>
    <member type="way" ref="1125237009" role=""/>
    <member type="way" ref="511333565" role=""/>
    <member type="way" ref="1020622022" role=""/>
    <member type="way" ref="730422616" role=""/>
    <member type="way" ref="511333566" role=""/>
    <member type="way" ref="730422617" role=""/>
    <member type="way" ref="730422618" role=""/>
    <member type="way" ref="730422619" role=""/>
    <member type="way" ref="461497696" role=""/>
    <member type="way" ref="11420229" role=""/>
    <member type="way" ref="730052921" role=""/>
    <member type="way" ref="32705291" role=""/>
    <member type="way" ref="1221610600" role=""/>
    <member type="way" ref="1221610598" role=""/>
    <member type="way" ref="939244526" role=""/>
    <member type="way" ref="730052917" role=""/>
    <member type="way" ref="922381338" role=""/>
    <member type="way" ref="827471188" role=""/>
    <member type="way" ref="461497693" role=""/>
    <member type="way" ref="724425114" role=""/>
    <member type="way" ref="724425113" role=""/>
    <member type="way" ref="461497692" role=""/>
    <member type="way" ref="724425115" role=""/>
    <member type="way" ref="11409599" role=""/>
    <member type="way" ref="724419792" role=""/>
    <member type="way" ref="11386081" role=""/>
    <member type="way" ref="922381339" role=""/>
    <member type="way" ref="513920796" role=""/>
    <member type="way" ref="65377848" role=""/>
    <member type="way" ref="65377819" role=""/>
    <member type="way" ref="65377863" role=""/>
    <member type="way" ref="65377867" role=""/>
    <member type="way" ref="65377903" role=""/>
    <member type="way" ref="65377893" role=""/>
    <member type="way" ref="67282748" role=""/>
    <member type="way" ref="67282752" role=""/>
    <member type="way" ref="65377941" role=""/>
    <member type="way" ref="65377951" role=""/>
    <member type="way" ref="65377962" role=""/>
    <member type="way" ref="65377972" role=""/>
    <member type="way" ref="101821694" role=""/>
    <member type="way" ref="922381334" role=""/>
    <member type="way" ref="11394322" role=""/>
    <member type="way" ref="922381335" role=""/>
    <member type="way" ref="32705115" role=""/>
    <member type="way" ref="922381313" role=""/>
    <member type="way" ref="972120987" role=""/>
    <member type="way" ref="511329793" role=""/>
    <member type="way" ref="180186858" role=""/>
    <member type="way" ref="131818261" role=""/>
    <member type="way" ref="11526926" role=""/>
    <member type="way" ref="131818267" role=""/>
    <member type="way" ref="334624749" role=""/>
    <member type="way" ref="334624748" role=""/>
    <member type="way" ref="11524879" role=""/>
    <member type="way" ref="971478914" role=""/>
    <member type="way" ref="50080953" role=""/>
    <member type="way" ref="1034227651" role=""/>
    <member type="way" ref="50080947" role=""/>
    <member type="way" ref="955647903" role=""/>
    <member type="way" ref="955647904" role=""/>
    <member type="way" ref="50080948" role=""/>
    <member type="way" ref="922482307" role=""/>
    <member type="way" ref="171960756" role=""/>
    <member type="way" ref="11524889" role=""/>
    <member type="way" ref="131830257" role=""/>
    <member type="way" ref="963013310" role=""/>
    <member type="way" ref="50080954" role=""/>
    <member type="way" ref="1034227652" role=""/>
    <member type="way" ref="50080946" role=""/>
    <member type="way" ref="11412709" role=""/>
    <member type="way" ref="655287953" role=""/>
    <member type="way" ref="11525940" role=""/>
    <member type="way" ref="131818295" role=""/>
    <member type="way" ref="531410797" role=""/>
    <member type="way" ref="11514230" role=""/>
    <member type="way" ref="531410798" role=""/>
    <member type="way" ref="131818319" role=""/>
    <member type="way" ref="11514967" role=""/>
    <member type="way" ref="11527310" role=""/>
    <member type="way" ref="131830258" role=""/>
    <member type="way" ref="1302318675" role=""/>
    <member type="way" ref="11523535" role=""/>
    <member type="way" ref="11504896" role=""/>
    <member type="way" ref="11531803" role=""/>
    <member type="way" ref="531410799" role=""/>
    <member type="way" ref="531410802" role=""/>
    <member type="way" ref="180160820" role=""/>
    <member type="way" ref="1089758299" role=""/>
    <member type="way" ref="1089758298" role=""/>
    <member type="way" ref="1089758297" role=""/>
    <member type="way" ref="182532003" role=""/>
    <member type="way" ref="511329809" role=""/>
    <member type="way" ref="511329811" role=""/>
    <member type="way" ref="11532641" role=""/>
    <member type="way" ref="511329805" role=""/>
    <member type="way" ref="1025547294" role=""/>
    <member type="way" ref="303437602" role=""/>
    <member type="way" ref="303437601" role=""/>
    <member type="way" ref="511329804" role=""/>
    <member type="way" ref="131818262" role=""/>
    <member type="way" ref="42694948" role=""/>
    <member type="way" ref="971804528" role=""/>
    <member type="way" ref="326183375" role=""/>
    <member type="way" ref="971490615" role=""/>
    <member type="way" ref="971490614" role=""/>
    <member type="way" ref="971490616" role=""/>
    <member type="way" ref="343885819" role=""/>
    <member type="way" ref="50080950" role=""/>
    <member type="way" ref="971482164" role=""/>
    <member type="way" ref="955647907" role=""/>
    <member type="way" ref="971482165" role=""/>
    <member type="way" ref="955647906" role=""/>
    <member type="way" ref="971482166" role=""/>
    <member type="way" ref="922482306" role=""/>
    <member type="way" ref="924683377" role=""/>
    <member type="way" ref="971490623" role=""/>
    <member type="way" ref="971490621" role=""/>
    <member type="way" ref="50080951" role=""/>
    <member type="way" ref="971490620" role=""/>
    <member type="way" ref="971490618" role=""/>
    <member type="way" ref="11526860" role=""/>
    <member type="way" ref="971490619" role=""/>
    <member type="way" ref="971490622" role=""/>
    <member type="way" ref="326184586" role=""/>
    <member type="way" ref="397364657" role=""/>
    <member type="way" ref="922362583" role=""/>
    <member type="way" ref="1047868059" role=""/>
    <member type="way" ref="1047868062" role=""/>
    <tag k="from" v="Saco Transportation Center"/>
    <tag k="name" v="Green Line"/>
    <tag k="operator" v="Biddeford Saco Old Orchard Beach Transit"/>
    <tag k="ref" v="Green"/>
    <tag k="route" v="bus"/>
    <tag k="to" v="GREY-HOUND"/>
    <tag k="type" v="route"/>
  </relation>
  <relation id="12494744">
    <member type="way" ref="922354319" role=""/>
    <member type="way" ref="922482305" role=""/>
    <member type="way" ref="922354321" role=""/>
    <member type="way" ref="922354320" role=""/>
    <member type="way" ref="62121928" role=""/>
    <member type="way" ref="62121929" role=""/>
    <member type="way" ref="511334031" role=""/>
    <member type="way" ref="511329800" role=""/>
    <member type="way" ref="972395343" role=""/>
    <member type="way" ref="326183385" role=""/>
    <member type="way" ref="122208902" role=""/>
    <member type="way" ref="922354311" role=""/>
    <member type="way" ref="511329799" role=""/>
    <member type="way" ref="180186851" role=""/>
    <member type="way" ref="922482308" role=""/>
    <member type="way" ref="11504172" role=""/>
    <member type="way" ref="89927868" role=""/>
    <member type="way" ref="43126824" role=""/>
    <member type="way" ref="43126823" role=""/>
    <member type="way" ref="511329809" role=""/>
    <member type="way" ref="511329809" role=""/>
    <member type="way" ref="511329811" role=""/>
    <member type="way" ref="11532641" role=""/>
    <member type="way" ref="511329805" role=""/>
    <member type="way" ref="1025547294" role=""/>
    <member type="way" ref="303437602" role=""/>
    <member type="way" ref="303437601" role=""/>
    <member type="way" ref="511329804" role=""/>
    <member type="way" ref="131818262" role=""/>
    <member type="way" ref="42694948" role=""/>
    <member type="way" ref="971804528" role=""/>
    <member type="way" ref="326183375" role=""/>
    <member type="way" ref="971490615" role=""/>
    <member type="way" ref="971490614" role=""/>
    <member type="way" ref="971490616" role=""/>
    <member type="way" ref="50080951" role=""/>
    <member type="way" ref="971490621" role=""/>
    <member type="way" ref="971490623" role=""/>
    <member type="way" ref="43523688" role=""/>
    <member type="way" ref="11531810" role=""/>
    <member type="way" ref="11505522" role=""/>
    <member type="way" ref="43126827" role=""/>
    <member type="way" ref="827961317" role=""/>
    <member type="way" ref="827961316" role=""/>
    <member type="way" ref="827961321" role=""/>
    <member type="way" ref="827961322" role=""/>
    <member type="way" ref="123069087" role=""/>
    <member type="way" ref="62123823" role=""/>
    <member type="way" ref="62123814" role=""/>
    <member type="way" ref="62123815" role=""/>
    <member type="way" ref="62123817" role=""/>
    <member type="way" ref="492430260" role=""/>
    <member type="way" ref="60356123" role=""/>
    <member type="way" ref="60356124" role=""/>
    <member type="way" ref="89927852" role=""/>
    <member type="way" ref="11412575" role=""/>
    <member type="way" ref="1340543715" role=""/>
    <member type="way" ref="1340543716" role=""/>
    <member type="way" ref="32045462" role=""/>
    <member type="way" ref="732587376" role=""/>
    <member type="way" ref="1340661815" role=""/>
    <member type="way" ref="732587375" role=""/>
    <member type="way" ref="50083420" role=""/>
    <member type="way" ref="32045465" role=""/>
    <member type="way" ref="30158618" role=""/>
    <member type="way" ref="732585762" role=""/>
    <member type="way" ref="101821882" role=""/>
    <member type="way" ref="101821948" role=""/>
    <member type="way" ref="65377967" role=""/>
    <member type="way" ref="65377966" role=""/>
    <member type="way" ref="65377947" role=""/>
    <member type="way" ref="732492433" role=""/>
    <member type="way" ref="65377944" role=""/>
    <member type="way" ref="732492434" role=""/>
    <member type="way" ref="67282749" role=""/>
    <member type="way" ref="67282750" role=""/>
    <member type="way" ref="65377917" role=""/>
    <member type="way" ref="65377900" role=""/>
    <member type="way" ref="65377873" role=""/>
    <member type="way" ref="65377877" role=""/>
    <member type="way" ref="732491811" role=""/>
    <member type="way" ref="65377814" role=""/>
    <member type="way" ref="732316874" role=""/>
    <member type="way" ref="11385402" role=""/>
    <member type="way" ref="922482317" role=""/>
    <member type="way" ref="11417314" role=""/>
    <member type="way" ref="50089255" role=""/>
    <member type="way" ref="11417302" role=""/>
    <member type="way" ref="460920079" role=""/>
    <member type="way" ref="460920081" role=""/>
    <member type="way" ref="11405035" role=""/>
    <member type="way" ref="30766490" role=""/>
    <member type="way" ref="460920080" role=""/>
    <member type="way" ref="461497668" role=""/>
    <member type="way" ref="1223602189" role=""/>
    <member type="way" ref="815870331" role=""/>
    <member type="way" ref="1222664562" role=""/>
    <member type="way" ref="730684766" role=""/>
    <member type="way" ref="553103438" role=""/>
    <member type="way" ref="511333559" role=""/>
    <member type="way" ref="461497698" role=""/>
    <member type="way" ref="461495920" role=""/>
    <member type="way" ref="11408179" role=""/>
    <member type="way" ref="730422617" role=""/>
    <member type="way" ref="511333566" role=""/>
    <member type="way" ref="730422616" role=""/>
    <member type="way" ref="1020622022" role=""/>
    <member type="way" ref="511333565" role=""/>
    <member type="way" ref="1125237009" role=""/>
    <member type="way" ref="939384528" role=""/>
    <member type="way" ref="511350575" role=""/>
    <member type="way" ref="461497701" role=""/>
    <member type="way" ref="1362460189" role=""/>
    <member type="way" ref="176587154" role=""/>
    <member type="way" ref="32705115" role=""/>
    <member type="way" ref="32787857" role=""/>
    <member type="way" ref="511350574" role=""/>
    <member type="way" ref="458180973" role=""/>
    <member type="way" ref="28786063" role=""/>
    <member type="way" ref="458180969" role=""/>
    <member type="way" ref="700356990" role=""/>
    <member type="way" ref="458180972" role=""/>
    <member type="way" ref="143028267" role=""/>
    <member type="way" ref="174936410" role=""/>
    <member type="way" ref="1273884291" role=""/>
    <member type="way" ref="174936407" role=""/>
    <member type="way" ref="174936405" role=""/>
    <member type="way" ref="174936403" role=""/>
    <member type="way" ref="174936401" role=""/>
    <member type="way" ref="28785772" role=""/>
    <member type="way" ref="939128989" role=""/>
    <member type="way" ref="939128990" role=""/>
    <member type="way" ref="177425471" role=""/>
    <member type="way" ref="177425465" role=""/>
    <member type="way" ref="700383884" role=""/>
    <member type="way" ref="177425466" role=""/>
    <member type="way" ref="177417775" role=""/>
    <member type="way" ref="177420502" role=""/>
    <member type="way" ref="11386423" role=""/>
    <member type="way" ref="924683368" role=""/>
    <member type="way" ref="922482315" role=""/>
    <member type="way" ref="32045454" role=""/>
    <member type="way" ref="182594694" role=""/>
    <member type="way" ref="89927792" role=""/>
    <member type="way" ref="60356115" role=""/>
    <member type="way" ref="62123818" role=""/>
    <member type="way" ref="492430269" role=""/>
    <member type="way" ref="62123816" role=""/>
    <member type="way" ref="11412590" role=""/>
    <member type="way" ref="1298536431" role=""/>
    <member type="way" ref="1222661189" role=""/>
    <member type="way" ref="511333747" role=""/>
    <member type="way" ref="62121910" role=""/>
    <member type="way" ref="43126822" role=""/>
    <member type="way" ref="43126821" role=""/>
    <member type="way" ref="511333746" role=""/>
    <member type="way" ref="511333743" role=""/>
    <member type="way" ref="922482313" role=""/>
    <member type="way" ref="1034449690" role=""/>
    <member type="way" ref="1034449689" role=""/>
    <member type="way" ref="511333745" role=""/>
    <member type="way" ref="131818261" role=""/>
    <member type="way" ref="11526926" role=""/>
    <member type="way" ref="131818267" role=""/>
    <member type="way" ref="334624749" role=""/>
    <member type="way" ref="334624748" role=""/>
    <member type="way" ref="922482312" role=""/>
    <member type="way" ref="175093399" role=""/>
    <member type="way" ref="11506445" role=""/>
    <member type="way" ref="43126829" role=""/>
    <member type="way" ref="43126828" role=""/>
    <member type="way" ref="11502802" role=""/>
    <member type="way" ref="922482307" role=""/>
    <member type="way" ref="922362583" role=""/>
    <member type="way" ref="971490622" role=""/>
    <member type="way" ref="971490619" role=""/>
    <member type="way" ref="11526860" role=""/>
    <member type="way" ref="971490618" role=""/>
    <member type="way" ref="971490620" role=""/>
    <tag k="from" v="Exit 32 Park &amp; Ride"/>
    <tag k="name" v="ZOOM Express Biddeford"/>
    <tag k="operator" v="Biddeford Saco Old Orchard Beach Transit"/>
    <tag k="ref" v="ZOOM Express Biddeford"/>
    <tag k="route" v="bus"/>
    <tag k="to" v="BEDFORD AND FOREST"/>
    <tag k="type" v="route"/>
  </relation>
  <relation id="12668693">
    <member type="way" ref="461904685" role=""/>
    <member type="way" ref="11396444" role=""/>
    <member type="way" ref="11411323" role=""/>
    <member type="way" ref="11411570" role=""/>
    <member type="way" ref="660608295" role=""/>
    <member type="way" ref="821216514" role=""/>
    <member type="way" ref="1094207755" role=""/>
    <member type="way" ref="458180974" role=""/>
    <member type="way" ref="182594771" role=""/>
    <member type="way" ref="143028267" role=""/>
    <member type="way" ref="174936410" role=""/>
    <member type="way" ref="1273884291" role=""/>
    <member type="way" ref="174936407" role=""/>
    <member type="way" ref="174936405" role=""/>
    <member type="way" ref="174936403" role=""/>
    <member type="way" ref="174936401" role=""/>
    <member type="way" ref="28785772" role=""/>
    <member type="way" ref="176573111" role=""/>
    <member type="way" ref="176573112" role=""/>
    <member type="way" ref="177424078" role=""/>
    <member type="way" ref="939128990" role=""/>
    <member type="way" ref="177425467" role=""/>
    <member type="way" ref="922381334" role=""/>
    <member type="way" ref="177424985" role=""/>
    <member type="way" ref="176573098" role=""/>
    <member type="way" ref="700383883" role=""/>
    <member type="way" ref="939244529" role=""/>
    <member type="way" ref="940385676" role=""/>
    <member type="way" ref="28785774" role=""/>
    <member type="way" ref="1233342832" role=""/>
    <member type="way" ref="922381335" role=""/>
    <member type="way" ref="32787857" role=""/>
    <member type="way" ref="511350574" role=""/>
    <member type="way" ref="458180973" role=""/>
    <member type="way" ref="28786063" role=""/>
    <member type="way" ref="458180969" role=""/>
    <member type="way" ref="700356990" role=""/>
    <member type="way" ref="458180972" role=""/>
    <member type="way" ref="32705425" role=""/>
    <member type="way" ref="32705427" role=""/>
    <member type="way" ref="461497702" role=""/>
    <member type="way" ref="1221610599" role=""/>
    <member type="way" ref="50090001" role=""/>
    <member type="way" ref="730052917" role=""/>
    <member type="way" ref="939244526" role=""/>
    <member type="way" ref="1221610598" role=""/>
    <member type="way" ref="1221610600" role=""/>
    <member type="way" ref="32705291" role=""/>
    <member type="way" ref="651775317" role=""/>
    <member type="way" ref="11420229" role=""/>
    <member type="way" ref="511333565" role=""/>
    <member type="way" ref="1125237009" role=""/>
    <member type="way" ref="939384528" role=""/>
    <member type="way" ref="32705115" role=""/>
    <member type="way" ref="176587154" role=""/>
    <member type="way" ref="1362460189" role=""/>
    <member type="way" ref="461497696" role=""/>
    <member type="way" ref="730422619" role=""/>
    <member type="way" ref="730422618" role=""/>
    <member type="way" ref="730422617" role=""/>
    <member type="way" ref="511333566" role=""/>
    <member type="way" ref="730422616" role=""/>
    <member type="way" ref="1020622022" role=""/>
    <member type="way" ref="511350575" role=""/>
    <member type="way" ref="461497701" role=""/>
    <member type="way" ref="730052921" role=""/>
    <tag k="from" v="Portland Transportation Center"/>
    <tag k="name" v="Congress Street"/>
    <tag k="operator" v="Greater Portland Metro Bus"/>
    <tag k="ref" v="1"/>
    <tag k="route" v="bus"/>
    <tag k="to" v="East End School"/>
    <tag k="type" v="route"/>
  </relation>
  <relation id="12668706">
    <member type="way" ref="11417284" role=""/>
    <member type="way" ref="11415298" role=""/>
    <member type="way" ref="32567311" role=""/>
    <member type="way" ref="511333562" role=""/>
    <member type="way" ref="179554159" role=""/>
    <member type="way" ref="179554170" role=""/>
    <member type="way" ref="32567286" role=""/>
    <member type="way" ref="820422242" role=""/>
    <member type="way" ref="820422244" role=""/>
    <member type="way" ref="820422243" role=""/>
    <member type="way" ref="651614294" role=""/>
    <member type="way" ref="121865063" role=""/>
    <member type="way" ref="121865065" role=""/>
    <member type="way" ref="30767648" role=""/>
    <member type="way" ref="1168316358" role=""/>
    <member type="way" ref="397397061" role=""/>
    <member type="way" ref="240745368" role=""/>
    <member type="way" ref="813428214" role=""/>
    <member type="way" ref="930439549" role=""/>
    <member type="way" ref="651775319" role=""/>
    <member type="way" ref="32704606" role=""/>
    <member type="way" ref="32704605" role=""/>
    <member type="way" ref="800617952" role=""/>
    <member type="way" ref="800617953" role=""/>
    <member type="way" ref="50093244" role=""/>
    <member type="way" ref="32787912" role=""/>
    <member type="way" ref="50093251" role=""/>
    <member type="way" ref="11406766" role=""/>
    <member type="way" ref="511333564" role=""/>
    <member type="way" ref="50093277" role=""/>
    <member type="way" ref="50089251" role=""/>
    <member type="way" ref="11417302" role=""/>
    <member type="way" ref="922482318" role=""/>
    <member type="way" ref="50089255" role=""/>
    <member type="way" ref="1132939573" role=""/>
    <member type="way" ref="50089194" role=""/>
    <member type="way" ref="731223620" role=""/>
    <member type="way" ref="120619291" role=""/>
    <member type="way" ref="730921853" role=""/>
    <member type="way" ref="30809669" role=""/>
    <member type="way" ref="700356985" role=""/>
    <member type="way" ref="700356981" role=""/>
    <member type="way" ref="30809670" role=""/>
    <member type="way" ref="700356983" role=""/>
    <member type="way" ref="713430004" role=""/>
    <member type="way" ref="120619292" role=""/>
    <member type="way" ref="50089185" role=""/>
    <member type="way" ref="922482317" role=""/>
    <member type="way" ref="11417314" role=""/>
    <member type="way" ref="700356979" role=""/>
    <member type="way" ref="700356980" role=""/>
    <member type="way" ref="121865062" role=""/>
    <member type="way" ref="50089201" role=""/>
    <member type="way" ref="240745369" role=""/>
    <member type="way" ref="30809668" role=""/>
    <member type="way" ref="511333565" role=""/>
    <member type="way" ref="1020622022" role=""/>
    <member type="way" ref="730422616" role=""/>
    <member type="way" ref="511333566" role=""/>
    <member type="way" ref="730422617" role=""/>
    <member type="way" ref="11408179" role=""/>
    <member type="way" ref="461495920" role=""/>
    <member type="way" ref="461497698" role=""/>
    <member type="way" ref="30195670" role=""/>
    <member type="way" ref="30195673" role=""/>
    <member type="way" ref="30195590" role=""/>
    <member type="way" ref="511333561" role=""/>
    <tag k="from" v="Prides Church"/>
    <tag k="name" v="Riverton Forest Avenue"/>
    <tag k="operator" v="Greater Portland Metro Bus"/>
    <tag k="ref" v="2"/>
    <tag k="route" v="bus"/>
    <tag k="to" v="Pulse"/>
    <tag k="type" v="route"/>
  </relation>
  <relation id="12668745">
    <member type="way" ref="511333561" role=""/>
    <member type="way" ref="30195590" role=""/>
    <member type="way" ref="30195673" role=""/>
    <member type="way" ref="30195670" role=""/>
    <member type="way" ref="461497698" role=""/>
    <member type="way" ref="461495920" role=""/>
    <member type="way" ref="11408179" role=""/>
    <member type="way" ref="730422617" role=""/>
    <member type="way" ref="511333566" role=""/>
    <member type="way" ref="730422616" role=""/>
    <member type="way" ref="1020622022" role=""/>
    <member type="way" ref="511333565" role=""/>
    <member type="way" ref="30809668" role=""/>
    <member type="way" ref="240745369" role=""/>
    <member type="way" ref="50089201" role=""/>
    <member type="way" ref="121865062" role=""/>
    <member type="way" ref="700356980" role=""/>
    <member type="way" ref="700356979" role=""/>
    <member type="way" ref="30809670" role=""/>
    <member type="way" ref="700356981" role=""/>
    <member type="way" ref="700356985" role=""/>
    <member type="way" ref="30809669" role=""/>
    <member type="way" ref="730921853" role=""/>
    <member type="way" ref="120619291" role=""/>
    <member type="way" ref="731223620" role=""/>
    <member type="way" ref="11419801" role=""/>
    <member type="way" ref="922482317" role=""/>
    <member type="way" ref="50089185" role=""/>
    <member type="way" ref="120619292" role=""/>
    <member type="way" ref="713430004" role=""/>
    <member type="way" ref="700356983" role=""/>
    <member type="way" ref="11418931" role=""/>
    <member type="way" ref="175093376" role=""/>
    <member type="way" ref="821260341" role=""/>
    <member type="way" ref="32729034" role=""/>
    <member type="way" ref="821260340" role=""/>
    <member type="way" ref="11416129" role=""/>
    <member type="way" ref="371639475" role=""/>
    <member type="way" ref="11416128" role=""/>
    <member type="way" ref="1223686111" role=""/>
    <member type="way" ref="821260342" role=""/>
    <member type="way" ref="371639474" role=""/>
    <member type="way" ref="11407246" role=""/>
    <member type="way" ref="821260606" role=""/>
    <member type="way" ref="821260605" role=""/>
    <member type="way" ref="821682307" role=""/>
    <member type="way" ref="740303248" role=""/>
    <member type="way" ref="821682303" role=""/>
    <member type="way" ref="821682304" role=""/>
    <member type="way" ref="821682305" role=""/>
    <member type="way" ref="821682306" role=""/>
    <member type="way" ref="651614299" role=""/>
    <member type="way" ref="11404305" role=""/>
    <member type="way" ref="651614300" role=""/>
    <member type="way" ref="651640920" role=""/>
    <member type="way" ref="940164737" role=""/>
    <member type="way" ref="699780247" role=""/>
    <member type="way" ref="939137219" role=""/>
    <member type="way" ref="939137220" role=""/>
    <member type="way" ref="845841754" role=""/>
    <member type="way" ref="743445180" role=""/>
    <member type="way" ref="939137221" role=""/>
    <member type="way" ref="754967211" role=""/>
    <member type="way" ref="821260607" role=""/>
    <member type="way" ref="462315049" role=""/>
    <member type="way" ref="122209008" role=""/>
    <member type="way" ref="821683501" role=""/>
    <member type="way" ref="462312760" role=""/>
    <member type="way" ref="939137216" role=""/>
    <member type="way" ref="845841755" role=""/>
    <member type="way" ref="939137218" role=""/>
    <member type="way" ref="122209025" role=""/>
    <member type="way" ref="462312759" role=""/>
    <member type="way" ref="743445178" role=""/>
    <member type="way" ref="11398403" role=""/>
    <member type="way" ref="11386704" role=""/>
    <member type="way" ref="462310435" role=""/>
    <member type="way" ref="939137217" role=""/>
    <member type="way" ref="643894143" role=""/>
    <member type="way" ref="845841757" role=""/>
    <member type="way" ref="845841756" role=""/>
    <member type="way" ref="30766453" role=""/>
    <member type="way" ref="822062770" role=""/>
    <member type="way" ref="822062771" role=""/>
    <member type="way" ref="822062772" role=""/>
    <member type="way" ref="822062773" role=""/>
    <member type="way" ref="822062774" role=""/>
    <member type="way" ref="822062775" role=""/>
    <member type="way" ref="822062777" role=""/>
    <member type="way" ref="175093349" role=""/>
    <member type="way" ref="180340449" role=""/>
    <member type="way" ref="744509102" role=""/>
    <member type="way" ref="463597567" role=""/>
    <member type="way" ref="11415974" role=""/>
    <member type="way" ref="11415997" role=""/>
    <member type="way" ref="463597566" role=""/>
    <member type="way" ref="11411900" role=""/>
    <member type="way" ref="1227220240" role=""/>
    <member type="way" ref="180340450" role=""/>
    <member type="way" ref="822062776" role=""/>
    <member type="way" ref="945152554" role=""/>
    <member type="way" ref="945152563" role=""/>
    <member type="way" ref="945152562" role=""/>
    <tag k="from" v="Pulse"/>
    <tag k="name" v="Westbrook Brighton Avenue"/>
    <tag k="operator" v="Greater Portland Metro Bus"/>
    <tag k="ref" v="4"/>
    <tag k="route" v="bus"/>
    <tag k="to" v="Idexx"/>
    <tag k="type" v="route"/>
  </relation>
  <relation id="12668775">
    <member type="way" ref="31176774" role=""/>
    <member type="way" ref="31176764" role=""/>
    <member type="way" ref="922381330" role=""/>
    <member type="way" ref="651614308" role=""/>
    <member type="way" ref="45845046" role=""/>
    <member type="way" ref="651614310" role=""/>
    <member type="way" ref="939411897" role=""/>
    <member type="way" ref="31176841" role=""/>
    <member type="way" ref="651622393" role=""/>
    <member type="way" ref="651622395" role=""/>
    <member type="way" ref="60850903" role=""/>
    <member type="way" ref="11409303" role=""/>
    <member type="way" ref="11395051" role=""/>
    <member type="way" ref="651622402" role=""/>
    <member type="way" ref="50093225" role=""/>
    <member type="way" ref="939411890" role=""/>
    <member type="way" ref="1273889851" role=""/>
    <member type="way" ref="50093226" role=""/>
    <member type="way" ref="11399093" role=""/>
    <member type="way" ref="11409302" role=""/>
    <member type="way" ref="11399050" role=""/>
    <member type="way" ref="50093233" role=""/>
    <member type="way" ref="827759027" role=""/>
    <member type="way" ref="11392773" role=""/>
    <member type="way" ref="11419568" role=""/>
    <member type="way" ref="459557516" role=""/>
    <member type="way" ref="651622400" role=""/>
    <member type="way" ref="459560063" role=""/>
    <member type="way" ref="651622398" role=""/>
    <member type="way" ref="940164735" role=""/>
    <member type="way" ref="45845049" role=""/>
    <member type="way" ref="50093236" role=""/>
    <member type="way" ref="50093235" role=""/>
    <member type="way" ref="11392781" role=""/>
    <member type="way" ref="50093230" role=""/>
    <member type="way" ref="32705630" role=""/>
    <member type="way" ref="50093237" role=""/>
    <member type="way" ref="62133398" role=""/>
    <member type="way" ref="62133385" role=""/>
    <member type="way" ref="827759032" role=""/>
    <member type="way" ref="11415563" role=""/>
    <member type="way" ref="827759033" role=""/>
    <member type="way" ref="827759034" role=""/>
    <member type="way" ref="827759035" role=""/>
    <member type="way" ref="50093234" role=""/>
    <member type="way" ref="827759036" role=""/>
    <member type="way" ref="62132918" role=""/>
    <member type="way" ref="827759030" role=""/>
    <member type="way" ref="827759031" role=""/>
    <member type="way" ref="827759029" role=""/>
    <member type="way" ref="827759028" role=""/>
    <member type="way" ref="62132916" role=""/>
    <member type="way" ref="11392775" role=""/>
    <member type="way" ref="50093232" role=""/>
    <member type="way" ref="11409345" role=""/>
    <member type="way" ref="11393096" role=""/>
    <member type="way" ref="11393097" role=""/>
    <member type="way" ref="462043483" role=""/>
    <member type="way" ref="939139844" role=""/>
    <member type="way" ref="462043484" role=""/>
    <member type="way" ref="700385810" role=""/>
    <member type="way" ref="462041215" role=""/>
    <member type="way" ref="462041214" role=""/>
    <member type="way" ref="50093240" role=""/>
    <member type="way" ref="700384299" role=""/>
    <member type="way" ref="11420227" role=""/>
    <member type="way" ref="462050054" role=""/>
    <member type="way" ref="50093238" role=""/>
    <member type="way" ref="32705109" role=""/>
    <member type="way" ref="28786090" role=""/>
    <member type="way" ref="700356989" role=""/>
    <member type="way" ref="32787896" role=""/>
    <member type="way" ref="30195764" role=""/>
    <member type="way" ref="50088474" role=""/>
    <member type="way" ref="50088469" role=""/>
    <member type="way" ref="511350574" role=""/>
    <member type="way" ref="458180973" role=""/>
    <member type="way" ref="30782249" role=""/>
    <member type="way" ref="316861758" role=""/>
    <member type="way" ref="459097123" role=""/>
    <member type="way" ref="32787857" role=""/>
    <member type="way" ref="401870934" role=""/>
    <member type="way" ref="11419574" role=""/>
    <member type="way" ref="953887734" role=""/>
    <member type="way" ref="953887733" role=""/>
    <member type="way" ref="953887732" role=""/>
    <member type="way" ref="953887731" role=""/>
    <member type="way" ref="953887730" role=""/>
    <member type="way" ref="953887729" role=""/>
    <member type="way" ref="11392878" role=""/>
    <member type="way" ref="953890432" role=""/>
    <member type="way" ref="11415715" role=""/>
    <member type="way" ref="50088064" role=""/>
    <member type="way" ref="180340453" role=""/>
    <member type="way" ref="1362460190" role=""/>
    <member type="way" ref="50090011" role=""/>
    <member type="way" ref="11412764" role=""/>
    <member type="way" ref="1227220238" role=""/>
    <member type="way" ref="240745369" role=""/>
    <member type="way" ref="30809668" role=""/>
    <member type="way" ref="511333565" role=""/>
    <member type="way" ref="1020622022" role=""/>
    <member type="way" ref="730422616" role=""/>
    <member type="way" ref="511333566" role=""/>
    <member type="way" ref="730422617" role=""/>
    <member type="way" ref="11408179" role=""/>
    <member type="way" ref="461495920" role=""/>
    <member type="way" ref="461497698" role=""/>
    <member type="way" ref="30195670" role=""/>
    <member type="way" ref="30195673" role=""/>
    <member type="way" ref="30195590" role=""/>
    <member type="way" ref="511333561" role=""/>
    <member type="way" ref="939139845" role=""/>
    <member type="way" ref="462050053" role=""/>
    <member type="way" ref="700384298" role=""/>
    <member type="way" ref="50093231" role=""/>
    <member type="way" ref="459560059" role=""/>
    <tag k="from" v="Maine Mall Jc Penney"/>
    <tag k="name" v="Maine Mall"/>
    <tag k="operator" v="Greater Portland Metro Bus"/>
    <tag k="ref" v="5"/>
    <tag k="route" v="bus"/>
    <tag k="to" v="Pulse"/>
    <tag k="type" v="route"/>
  </relation>
  <relation id="12669067">
    <member type="way" ref="511333566" role=""/>
    <member type="way" ref="730422616" role=""/>
    <member type="way" ref="176587158" role=""/>
    <member type="way" ref="492216100" role=""/>
    <member type="way" ref="461495920" role=""/>
    <member type="way" ref="11408179" role=""/>
    <member type="way" ref="730422617" role=""/>
    <member type="way" ref="730422618" role=""/>
    <member type="way" ref="730422619" role=""/>
    <member type="way" ref="461497696" role=""/>
    <member type="way" ref="11420229" role=""/>
    <member type="way" ref="730052921" role=""/>
    <member type="way" ref="651775317" role=""/>
    <member type="way" ref="32705291" role=""/>
    <member type="way" ref="1221610600" role=""/>
    <member type="way" ref="1221610598" role=""/>
    <member type="way" ref="939244526" role=""/>
    <member type="way" ref="730052917" role=""/>
    <member type="way" ref="50090001" role=""/>
    <member type="way" ref="1221610599" role=""/>
    <member type="way" ref="461497702" role=""/>
    <member type="way" ref="32705427" role=""/>
    <member type="way" ref="11416517" role=""/>
    <member type="way" ref="180342579" role=""/>
    <member type="way" ref="1234667949" role=""/>
    <member type="way" ref="924932960" role=""/>
    <member type="way" ref="11390116" role=""/>
    <member type="way" ref="32565924" role=""/>
    <member type="way" ref="32565925" role=""/>
    <member type="way" ref="50090004" role=""/>
    <member type="way" ref="32565931" role=""/>
    <member type="way" ref="11416524" role=""/>
    <member type="way" ref="11416531" role=""/>
    <member type="way" ref="32565951" role=""/>
    <member type="way" ref="32565930" role=""/>
    <member type="way" ref="30158610" role=""/>
    <member type="way" ref="11385808" role=""/>
    <member type="way" ref="32565913" role=""/>
    <member type="way" ref="32565911" role=""/>
    <member type="way" ref="11415790" role=""/>
    <member type="way" ref="176819651" role=""/>
    <member type="way" ref="176819649" role=""/>
    <member type="way" ref="1133294465" role=""/>
    <member type="way" ref="1234632190" role=""/>
    <member type="way" ref="30809746" role=""/>
    <member type="way" ref="11410642" role=""/>
    <member type="way" ref="11412715" role=""/>
    <member type="way" ref="30767938" role=""/>
    <member type="way" ref="461975696" role=""/>
    <member type="way" ref="461975695" role=""/>
    <member type="way" ref="461975693" role=""/>
    <member type="way" ref="43671590" role=""/>
    <member type="way" ref="11412731" role=""/>
    <member type="way" ref="1210190481" role=""/>
    <member type="way" ref="1316269538" role=""/>
    <member type="way" ref="933016108" role=""/>
    <member type="way" ref="172237790" role=""/>
    <member type="way" ref="939214822" role=""/>
    <member type="way" ref="11413638" role=""/>
    <member type="way" ref="939214824" role=""/>
    <member type="way" ref="939214825" role=""/>
    <member type="way" ref="461988030" role=""/>
    <member type="way" ref="754437010" role=""/>
    <member type="way" ref="973096871" role=""/>
    <member type="way" ref="164500894" role=""/>
    <member type="way" ref="736812829" role=""/>
    <member type="way" ref="437093172" role=""/>
    <member type="way" ref="844831111" role=""/>
    <member type="way" ref="844831108" role=""/>
    <member type="way" ref="844831109" role=""/>
    <member type="way" ref="736812828" role=""/>
    <member type="way" ref="299389984" role=""/>
    <member type="way" ref="736812827" role=""/>
    <member type="way" ref="939214826" role=""/>
    <member type="way" ref="65381656" role=""/>
    <member type="way" ref="939214828" role=""/>
    <member type="way" ref="11411819" role=""/>
    <member type="way" ref="461988045" role=""/>
    <member type="way" ref="164518381" role=""/>
    <member type="way" ref="11404653" role=""/>
    <member type="way" ref="754437007" role=""/>
    <member type="way" ref="164500892" role=""/>
    <member type="way" ref="754437006" role=""/>
    <member type="way" ref="164500891" role=""/>
    <member type="way" ref="736813755" role=""/>
    <member type="way" ref="736813756" role=""/>
    <member type="way" ref="65381665" role=""/>
    <member type="way" ref="736813753" role=""/>
    <member type="way" ref="724012458" role=""/>
    <member type="way" ref="736813752" role=""/>
    <member type="way" ref="65381669" role=""/>
    <member type="way" ref="724013059" role=""/>
    <member type="way" ref="284924083" role=""/>
    <member type="way" ref="723760688" role=""/>
    <member type="way" ref="723760691" role=""/>
    <member type="way" ref="723760687" role=""/>
    <member type="way" ref="11410289" role=""/>
    <member type="way" ref="939214835" role=""/>
    <member type="way" ref="11412105" role=""/>
    <member type="way" ref="103187410" role=""/>
    <member type="way" ref="723760689" role=""/>
    <member type="way" ref="11404655" role=""/>
    <tag k="from" v="Pulse"/>
    <tag k="name" v="Falmouth"/>
    <tag k="network" v="Metro Bus"/>
    <tag k="operator" v="Greater Portland Metro Bus"/>
    <tag k="ref" v="7"/>
    <tag k="route" v="bus"/>
    <tag k="to" v="Falmouth Shaws"/>
    <tag k="type" v="route"/>
  </relation>
  <relation id="12669112">
    <member type="way" ref="728627940" role=""/>
    <member type="way" ref="726121728" role=""/>
    <member type="way" ref="726121727" role=""/>
    <member type="way" ref="11418245" role=""/>
    <member type="way" ref="295128304" role=""/>
    <member type="way" ref="11407743" role=""/>
    <member type="way" ref="32705349" role=""/>
    <member type="way" ref="461497702" role=""/>
    <member type="way" ref="1221610599" role=""/>
    <member type="way" ref="461497669" role=""/>
    <member type="way" ref="724451496" role=""/>
    <member type="way" ref="724555346" role=""/>
    <member type="way" ref="461497706" role=""/>
    <member type="way" ref="724555345" role=""/>
    <member type="way" ref="461497698" role=""/>
    <member type="way" ref="511333559" role=""/>
    <member type="way" ref="553103438" role=""/>
    <member type="way" ref="730684766" role=""/>
    <member type="way" ref="1222664562" role=""/>
    <member type="way" ref="815870331" role=""/>
    <member type="way" ref="1223602189" role=""/>
    <member type="way" ref="1223602191" role=""/>
    <member type="way" ref="182594766" role=""/>
    <member type="way" ref="1223602186" role=""/>
    <member type="way" ref="1223602190" role=""/>
    <member type="way" ref="1223602185" role=""/>
    <member type="way" ref="30766488" role=""/>
    <member type="way" ref="176587158" role=""/>
    <member type="way" ref="730422616" role=""/>
    <member type="way" ref="511333566" role=""/>
    <member type="way" ref="730422617" role=""/>
    <member type="way" ref="730422618" role=""/>
    <member type="way" ref="730422619" role=""/>
    <member type="way" ref="461497696" role=""/>
    <member type="way" ref="570070583" role=""/>
    <member type="way" ref="461497671" role=""/>
    <member type="way" ref="11414488" role=""/>
    <member type="way" ref="461497682" role=""/>
    <member type="way" ref="461497707" role=""/>
    <member type="way" ref="221648937" role=""/>
    <member type="way" ref="11416572" role=""/>
    <member type="way" ref="724425114" role=""/>
    <member type="way" ref="724425113" role=""/>
    <member type="way" ref="461497692" role=""/>
    <member type="way" ref="724425115" role=""/>
    <member type="way" ref="11409505" role=""/>
    <member type="way" ref="182594757" role=""/>
    <member type="way" ref="461497694" role=""/>
    <member type="way" ref="461497668" role=""/>
    <member type="way" ref="461568823" role=""/>
    <member type="way" ref="28798002" role=""/>
    <member type="way" ref="461497697" role=""/>
    <member type="way" ref="461496382" role=""/>
    <member type="way" ref="461496381" role=""/>
    <member type="way" ref="461496380" role=""/>
    <member type="way" ref="461497684" role=""/>
    <member type="way" ref="461497691" role=""/>
    <member type="way" ref="461497670" role=""/>
    <member type="way" ref="461497690" role=""/>
    <member type="way" ref="461497700" role=""/>
    <member type="way" ref="11409636" role=""/>
    <member type="way" ref="461768166" role=""/>
    <member type="way" ref="28797552" role=""/>
    <member type="way" ref="461497701" role=""/>
    <member type="way" ref="511350575" role=""/>
    <member type="way" ref="939384528" role=""/>
    <member type="way" ref="1125237009" role=""/>
    <member type="way" ref="511333565" role=""/>
    <member type="way" ref="1020622022" role=""/>
    <member type="way" ref="461497708" role=""/>
    <member type="way" ref="461497686" role=""/>
    <member type="way" ref="461497705" role=""/>
    <tag k="from" v="Franklin Towers"/>
    <tag k="name" v="Peninsula Loop"/>
    <tag k="operator" v="Greater Portland Metro Bus"/>
    <tag k="ref" v="8"/>
    <tag k="route" v="bus"/>
    <tag k="to" v="Maine Medical Center"/>
    <tag k="type" v="route"/>
  </relation>
  <relation id="12669215">
    <member type="way" ref="1125237009" role=""/>
    <member type="way" ref="511333565" role=""/>
    <member type="way" ref="1020622022" role=""/>
    <member type="way" ref="730422616" role=""/>
    <member type="way" ref="511333566" role=""/>
    <member type="way" ref="730422617" role=""/>
    <member type="way" ref="730422618" role=""/>
    <member type="way" ref="730422619" role=""/>
    <member type="way" ref="461497696" role=""/>
    <member type="way" ref="11420229" role=""/>
    <member type="way" ref="730052921" role=""/>
    <member type="way" ref="32705291" role=""/>
    <member type="way" ref="1221610600" role=""/>
    <member type="way" ref="1221610598" role=""/>
    <member type="way" ref="939244526" role=""/>
    <member type="way" ref="730052917" role=""/>
    <member type="way" ref="50090001" role=""/>
    <member type="way" ref="1221610599" role=""/>
    <member type="way" ref="461497702" role=""/>
    <member type="way" ref="32705427" role=""/>
    <member type="way" ref="11416517" role=""/>
    <member type="way" ref="180342579" role=""/>
    <member type="way" ref="1234667949" role=""/>
    <member type="way" ref="924932960" role=""/>
    <member type="way" ref="32565911" role=""/>
    <member type="way" ref="32565913" role=""/>
    <member type="way" ref="11385808" role=""/>
    <member type="way" ref="30158610" role=""/>
    <member type="way" ref="32565930" role=""/>
    <member type="way" ref="32565951" role=""/>
    <member type="way" ref="11416531" role=""/>
    <member type="way" ref="964025361" role=""/>
    <member type="way" ref="30809850" role=""/>
    <member type="way" ref="964025360" role=""/>
    <member type="way" ref="826013427" role=""/>
    <member type="way" ref="826013426" role=""/>
    <member type="way" ref="1234632194" role=""/>
    <member type="way" ref="826013425" role=""/>
    <member type="way" ref="921048443" role=""/>
    <member type="way" ref="921048444" role=""/>
    <member type="way" ref="572505484" role=""/>
    <member type="way" ref="933557754" role=""/>
    <member type="way" ref="933557753" role=""/>
    <member type="way" ref="284700130" role=""/>
    <member type="way" ref="11389659" role=""/>
    <member type="way" ref="930439549" role=""/>
    <member type="way" ref="651775319" role=""/>
    <member type="way" ref="11405009" role=""/>
    <member type="way" ref="1234673210" role=""/>
    <member type="way" ref="1234673209" role=""/>
    <member type="way" ref="560330933" role=""/>
    <member type="way" ref="50093242" role=""/>
    <member type="way" ref="516664215" role=""/>
    <member type="way" ref="11405006" role=""/>
    <member type="way" ref="32705109" role=""/>
    <member type="way" ref="459097123" role=""/>
    <member type="way" ref="316861758" role=""/>
    <member type="way" ref="30782249" role=""/>
    <member type="way" ref="32787896" role=""/>
    <member type="way" ref="30195764" role=""/>
    <member type="way" ref="939384528" role=""/>
    <member type="way" ref="511350575" role=""/>
    <member type="way" ref="461497701" role=""/>
    <member type="way" ref="1362460189" role=""/>
    <member type="way" ref="176587154" role=""/>
    <member type="way" ref="50088474" role=""/>
    <member type="way" ref="50088469" role=""/>
    <member type="way" ref="32705115" role=""/>
    <member type="way" ref="826015094" role=""/>
    <member type="way" ref="826015095" role=""/>
    <member type="way" ref="826496943" role=""/>
    <member type="way" ref="826496944" role=""/>
    <member type="way" ref="826785272" role=""/>
    <member type="way" ref="30767727" role=""/>
    <member type="way" ref="826496942" role=""/>
    <member type="way" ref="820302333" role=""/>
    <member type="way" ref="11416519" role=""/>
    <member type="way" ref="902889596" role=""/>
    <member type="way" ref="820302724" role=""/>
    <member type="way" ref="820302722" role=""/>
    <member type="way" ref="820302723" role=""/>
    <member type="way" ref="820304232" role=""/>
    <member type="way" ref="651775320" role=""/>
    <member type="way" ref="921027285" role=""/>
    <member type="way" ref="921027284" role=""/>
    <member type="way" ref="11387548" role=""/>
    <member type="way" ref="11389123" role=""/>
    <member type="way" ref="180342570" role=""/>
    <member type="way" ref="11415764" role=""/>
    <member type="way" ref="240745370" role=""/>
    <member type="way" ref="11415763" role=""/>
    <member type="way" ref="826015097" role=""/>
    <member type="way" ref="826015096" role=""/>
    <member type="way" ref="940385676" role=""/>
    <member type="way" ref="939244529" role=""/>
    <member type="way" ref="700383883" role=""/>
    <member type="way" ref="11407740" role=""/>
    <member type="way" ref="765304883" role=""/>
    <member type="way" ref="765304882" role=""/>
    <member type="way" ref="746020118" role=""/>
    <member type="way" ref="746020119" role=""/>
    <member type="way" ref="177424987" role=""/>
    <member type="way" ref="28786055" role=""/>
    <member type="way" ref="939296702" role=""/>
    <member type="way" ref="907589699" role=""/>
    <member type="way" ref="907589700" role=""/>
    <member type="way" ref="939296704" role=""/>
    <member type="way" ref="939296706" role=""/>
    <member type="way" ref="11392016" role=""/>
    <member type="way" ref="11415464" role=""/>
    <member type="way" ref="818297507" role=""/>
    <member type="way" ref="50090002" role=""/>
    <member type="way" ref="30764165" role=""/>
    <member type="way" ref="1227220235" role=""/>
    <member type="way" ref="11413758" role=""/>
    <member type="way" ref="826238480" role=""/>
    <member type="way" ref="11392599" role=""/>
    <tag k="from" v="Portland City Hall"/>
    <tag k="name" v="North Deering via Stevens Ave"/>
    <tag k="operator" v="Greater Portland Metro Bus"/>
    <tag k="ref" v="9A"/>
    <tag k="route" v="bus"/>
    <tag k="to" v="Washington Ave + Auburn St"/>
    <tag k="type" v="route"/>
  </relation>
  <relation id="12669868">
    <member type="way" ref="516664215" role=""/>
    <member type="way" ref="458180973" role=""/>
    <member type="way" ref="511350574" role=""/>
    <member type="way" ref="700356989" role=""/>
    <member type="way" ref="28786090" role=""/>
    <member type="way" ref="32705109" role=""/>
    <member type="way" ref="11405006" role=""/>
    <member type="way" ref="11416517" role=""/>
    <member type="way" ref="180342579" role=""/>
    <member type="way" ref="1234667949" role=""/>
    <member type="way" ref="924932960" role=""/>
    <member type="way" ref="11390116" role=""/>
    <member type="way" ref="32565924" role=""/>
    <member type="way" ref="32565925" role=""/>
    <member type="way" ref="50090004" role=""/>
    <member type="way" ref="32565931" role=""/>
    <member type="way" ref="11416524" role=""/>
    <member type="way" ref="964025361" role=""/>
    <member type="way" ref="30809850" role=""/>
    <member type="way" ref="964025360" role=""/>
    <member type="way" ref="826013427" role=""/>
    <member type="way" ref="826013426" role=""/>
    <member type="way" ref="1234632194" role=""/>
    <member type="way" ref="826013425" role=""/>
    <member type="way" ref="921048443" role=""/>
    <member type="way" ref="921048444" role=""/>
    <member type="way" ref="572505484" role=""/>
    <member type="way" ref="933557754" role=""/>
    <member type="way" ref="933557753" role=""/>
    <member type="way" ref="284700131" role=""/>
    <member type="way" ref="813428214" role=""/>
    <member type="way" ref="930439549" role=""/>
    <member type="way" ref="284591510" role=""/>
    <member type="way" ref="1234673210" role=""/>
    <member type="way" ref="1234673209" role=""/>
    <member type="way" ref="560330933" role=""/>
    <member type="way" ref="50093242" role=""/>
    <member type="way" ref="32705427" role=""/>
    <member type="way" ref="461497702" role=""/>
    <member type="way" ref="1221610599" role=""/>
    <member type="way" ref="50090001" role=""/>
    <member type="way" ref="730052917" role=""/>
    <member type="way" ref="939244526" role=""/>
    <member type="way" ref="1221610598" role=""/>
    <member type="way" ref="1221610600" role=""/>
    <member type="way" ref="32705291" role=""/>
    <member type="way" ref="651775317" role=""/>
    <member type="way" ref="11420229" role=""/>
    <member type="way" ref="461497696" role=""/>
    <member type="way" ref="730422619" role=""/>
    <member type="way" ref="730422618" role=""/>
    <member type="way" ref="730422617" role=""/>
    <member type="way" ref="511333566" role=""/>
    <member type="way" ref="730422616" role=""/>
    <member type="way" ref="1020622022" role=""/>
    <member type="way" ref="511333565" role=""/>
    <member type="way" ref="1125237009" role=""/>
    <member type="way" ref="939384528" role=""/>
    <member type="way" ref="511350575" role=""/>
    <member type="way" ref="461497701" role=""/>
    <member type="way" ref="1362460189" role=""/>
    <member type="way" ref="176587154" role=""/>
    <member type="way" ref="32787857" role=""/>
    <member type="way" ref="32705115" role=""/>
    <member type="way" ref="826496944" role=""/>
    <member type="way" ref="826785272" role=""/>
    <member type="way" ref="30767727" role=""/>
    <member type="way" ref="826496942" role=""/>
    <member type="way" ref="820302333" role=""/>
    <member type="way" ref="11416519" role=""/>
    <member type="way" ref="820302722" role=""/>
    <member type="way" ref="921027285" role=""/>
    <member type="way" ref="820164308" role=""/>
    <member type="way" ref="11412400" role=""/>
    <member type="way" ref="902889596" role=""/>
    <member type="way" ref="651775320" role=""/>
    <member type="way" ref="820304232" role=""/>
    <member type="way" ref="820302723" role=""/>
    <member type="way" ref="820302724" role=""/>
    <member type="way" ref="826015096" role=""/>
    <member type="way" ref="826015097" role=""/>
    <member type="way" ref="940385675" role=""/>
    <member type="way" ref="180342570" role=""/>
    <member type="way" ref="11415764" role=""/>
    <member type="way" ref="180342580" role=""/>
    <member type="way" ref="826015099" role=""/>
    <member type="way" ref="921027284" role=""/>
    <member type="way" ref="826015094" role=""/>
    <member type="way" ref="826015095" role=""/>
    <member type="way" ref="826496943" role=""/>
    <member type="way" ref="1362460188" role=""/>
    <member type="way" ref="11412405" role=""/>
    <member type="way" ref="820164309" role=""/>
    <member type="way" ref="820164307" role=""/>
    <member type="way" ref="161733457" role=""/>
    <member type="way" ref="11384382" role=""/>
    <member type="way" ref="652143137" role=""/>
    <member type="way" ref="652143143" role=""/>
    <member type="way" ref="652143142" role=""/>
    <member type="way" ref="652143141" role=""/>
    <member type="way" ref="240745370" role=""/>
    <member type="way" ref="11392599" role=""/>
    <member type="way" ref="939296702" role=""/>
    <member type="way" ref="907589699" role=""/>
    <member type="way" ref="907589700" role=""/>
    <member type="way" ref="939296704" role=""/>
    <member type="way" ref="939296706" role=""/>
    <member type="way" ref="11407526" role=""/>
    <member type="way" ref="11387921" role=""/>
    <member type="way" ref="161733453" role=""/>
    <member type="way" ref="820164306" role=""/>
    <member type="way" ref="820164305" role=""/>
    <member type="way" ref="161733456" role=""/>
    <member type="way" ref="179554169" role=""/>
    <member type="way" ref="179554152" role=""/>
    <member type="way" ref="820166542" role=""/>
    <member type="way" ref="43520160" role=""/>
    <member type="way" ref="30767760" role=""/>
    <member type="way" ref="820302334" role=""/>
    <member type="way" ref="902889597" role=""/>
    <member type="way" ref="820164317" role=""/>
    <member type="way" ref="820164312" role=""/>
    <member type="way" ref="820164316" role=""/>
    <member type="way" ref="820164313" role=""/>
    <member type="way" ref="820164315" role=""/>
    <member type="way" ref="827483202" role=""/>
    <member type="way" ref="778760481" role=""/>
    <member type="way" ref="778760480" role=""/>
    <tag k="from" v="Washington Ave + Lambert St"/>
    <tag k="name" v="North Deering via Washington Ave"/>
    <tag k="operator" v="Greater Portland Metro Bus"/>
    <tag k="ref" v="9B"/>
    <tag k="route" v="bus"/>
    <tag k="to" v="Congress St + Valley St"/>
    <tag k="type" v="route"/>
  </relation>
  <relation id="12670782">
    <member type="way" ref="660608295" role=""/>
    <member type="way" ref="821216514" role=""/>
    <member type="way" ref="1094207755" role=""/>
    <member type="way" ref="458180974" role=""/>
    <member type="way" ref="50088061" role=""/>
    <member type="way" ref="700356990" role=""/>
    <member type="way" ref="458180969" role=""/>
    <member type="way" ref="700356988" role=""/>
    <member type="way" ref="11385110" role=""/>
    <member type="way" ref="316861758" role=""/>
    <member type="way" ref="30782249" role=""/>
    <member type="way" ref="32787896" role=""/>
    <member type="way" ref="30195764" role=""/>
    <member type="way" ref="50088474" role=""/>
    <member type="way" ref="50088469" role=""/>
    <member type="way" ref="32787857" role=""/>
    <member type="way" ref="511350574" role=""/>
    <member type="way" ref="458180973" role=""/>
    <member type="way" ref="28786063" role=""/>
    <member type="way" ref="458180972" role=""/>
    <member type="way" ref="182594771" role=""/>
    <member type="way" ref="32705115" role=""/>
    <member type="way" ref="176587154" role=""/>
    <member type="way" ref="1362460189" role=""/>
    <member type="way" ref="461497701" role=""/>
    <member type="way" ref="511350575" role=""/>
    <member type="way" ref="939384528" role=""/>
    <member type="way" ref="1125237009" role=""/>
    <member type="way" ref="511333565" role=""/>
    <member type="way" ref="1020622022" role=""/>
    <member type="way" ref="730422616" role=""/>
    <member type="way" ref="511333566" role=""/>
    <member type="way" ref="730422617" role=""/>
    <member type="way" ref="730422618" role=""/>
    <member type="way" ref="730422619" role=""/>
    <member type="way" ref="461497696" role=""/>
    <member type="way" ref="11420229" role=""/>
    <member type="way" ref="651775317" role=""/>
    <member type="way" ref="730052921" role=""/>
    <member type="way" ref="32705291" role=""/>
    <member type="way" ref="1221610600" role=""/>
    <member type="way" ref="1221610598" role=""/>
    <member type="way" ref="939244526" role=""/>
    <member type="way" ref="730052917" role=""/>
    <member type="way" ref="50090001" role=""/>
    <member type="way" ref="1221610599" role=""/>
    <member type="way" ref="461497702" role=""/>
    <member type="way" ref="32705427" role=""/>
    <member type="way" ref="11416517" role=""/>
    <member type="way" ref="180342579" role=""/>
    <member type="way" ref="1234667949" role=""/>
    <member type="way" ref="924932960" role=""/>
    <member type="way" ref="11390116" role=""/>
    <member type="way" ref="32565924" role=""/>
    <member type="way" ref="32565925" role=""/>
    <member type="way" ref="50090004" role=""/>
    <member type="way" ref="32565931" role=""/>
    <member type="way" ref="32565943" role=""/>
    <member type="way" ref="32566006" role=""/>
    <member type="way" ref="32566007" role=""/>
    <member type="way" ref="65381678" role=""/>
    <member type="way" ref="65381680" role=""/>
    <member type="way" ref="65381675" role=""/>
    <member type="way" ref="65381682" role=""/>
    <member type="way" ref="103187413" role=""/>
    <member type="way" ref="103187415" role=""/>
    <member type="way" ref="50083401" role=""/>
    <member type="way" ref="1133294463" role=""/>
    <member type="way" ref="65381671" role=""/>
    <member type="way" ref="103187416" role=""/>
    <member type="way" ref="1182798675" role=""/>
    <member type="way" ref="1182798676" role=""/>
    <member type="way" ref="103187396" role=""/>
    <member type="way" ref="1182798756" role=""/>
    <member type="way" ref="11389099" role=""/>
    <member type="way" ref="11389101" role=""/>
    <member type="way" ref="67285220" role=""/>
    <member type="way" ref="67285221" role=""/>
    <member type="way" ref="459097125" role=""/>
    <member type="way" ref="182594809" role=""/>
    <member type="way" ref="1182798723" role=""/>
    <member type="way" ref="1182798724" role=""/>
    <member type="way" ref="459097124" role=""/>
    <member type="way" ref="724013631" role=""/>
    <member type="way" ref="724181215" role=""/>
    <member type="way" ref="299492793" role=""/>
    <member type="way" ref="103187405" role=""/>
    <member type="way" ref="103187392" role=""/>
    <member type="way" ref="724184160" role=""/>
    <member type="way" ref="1133294464" role=""/>
    <member type="way" ref="65381672" role=""/>
    <member type="way" ref="50083417" role=""/>
    <member type="way" ref="103187399" role=""/>
    <member type="way" ref="103187404" role=""/>
    <member type="way" ref="65381673" role=""/>
    <member type="way" ref="65381674" role=""/>
    <member type="way" ref="65381679" role=""/>
    <member type="way" ref="65381681" role=""/>
    <member type="way" ref="32566009" role=""/>
    <member type="way" ref="30158599" role=""/>
    <member type="way" ref="32565951" role=""/>
    <member type="way" ref="32565930" role=""/>
    <member type="way" ref="30158610" role=""/>
    <member type="way" ref="11385808" role=""/>
    <member type="way" ref="32565913" role=""/>
    <member type="way" ref="32565911" role=""/>
    <member type="way" ref="458180975" role=""/>
    <member type="way" ref="457553901" role=""/>
    <member type="way" ref="30768054" role=""/>
    <member type="way" ref="11412725" role=""/>
    <member type="way" ref="30768047" role=""/>
    <member type="way" ref="11412707" role=""/>
    <member type="way" ref="30768046" role=""/>
    <member type="way" ref="43671591" role=""/>
    <member type="way" ref="299389983" role=""/>
    <member type="way" ref="67285208" role=""/>
    <member type="way" ref="459097127" role=""/>
    <member type="way" ref="166551849" role=""/>
    <member type="way" ref="11387539" role=""/>
    <member type="way" ref="458181552" role=""/>
    <member type="way" ref="131818254" role=""/>
    <member type="way" ref="829696060" role=""/>
    <member type="way" ref="101821635" role=""/>
    <member type="way" ref="101821756" role=""/>
    <member type="way" ref="865192993" role=""/>
    <member type="way" ref="950165411" role=""/>
    <member type="way" ref="950165410" role=""/>
    <member type="way" ref="700362740" role=""/>
    <member type="way" ref="645628912" role=""/>
    <member type="way" ref="645628913" role=""/>
    <member type="way" ref="131818347" role=""/>
    <member type="way" ref="121865144" role=""/>
    <member type="way" ref="67285204" role=""/>
    <member type="way" ref="67285205" role=""/>
    <member type="way" ref="458189751" role=""/>
    <member type="way" ref="458189752" role=""/>
    <member type="way" ref="459097126" role=""/>
    <member type="way" ref="11412746" role=""/>
    <member type="way" ref="458189754" role=""/>
    <member type="way" ref="67285206" role=""/>
    <member type="way" ref="67285207" role=""/>
    <member type="way" ref="67285203" role=""/>
    <member type="way" ref="131818351" role=""/>
    <member type="way" ref="645628914" role=""/>
    <member type="way" ref="121865135" role=""/>
    <member type="way" ref="700362741" role=""/>
    <member type="way" ref="700362738" role=""/>
    <member type="way" ref="950165412" role=""/>
    <member type="way" ref="950165417" role=""/>
    <member type="way" ref="950165408" role=""/>
    <member type="way" ref="950165414" role=""/>
    <member type="way" ref="865192992" role=""/>
    <member type="way" ref="950165418" role=""/>
    <member type="way" ref="950165419" role=""/>
    <member type="way" ref="101822073" role=""/>
    <member type="way" ref="101821678" role=""/>
    <member type="way" ref="970703997" role=""/>
    <member type="way" ref="121865148" role=""/>
    <member type="way" ref="11387540" role=""/>
    <member type="way" ref="11414836" role=""/>
    <member type="way" ref="131830263" role=""/>
    <member type="way" ref="458000046" role=""/>
    <member type="way" ref="131818351" role=""/>
    <member type="way" ref="50080957" role=""/>
    <member type="way" ref="101821913" role=""/>
    <member type="way" ref="101821641" role=""/>
    <member type="way" ref="131818346" role=""/>
    <member type="way" ref="50083999" role=""/>
    <member type="way" ref="11416013" role=""/>
    <member type="way" ref="11416014" role=""/>
    <member type="way" ref="349674948" role=""/>
    <member type="way" ref="349674947" role=""/>
    <member type="way" ref="121865117" role=""/>
    <member type="way" ref="121865116" role=""/>
    <member type="way" ref="50083998" role=""/>
    <member type="way" ref="11415982" role=""/>
    <member type="way" ref="270508589" role=""/>
    <member type="way" ref="270508592" role=""/>
    <member type="way" ref="270508591" role=""/>
    <member type="way" ref="458189750" role=""/>
    <member type="way" ref="1091488220" role=""/>
    <member type="way" ref="270508590" role=""/>
    <member type="way" ref="959609764" role=""/>
    <member type="way" ref="11414494" role=""/>
    <member type="way" ref="547089871" role=""/>
    <member type="way" ref="67285863" role=""/>
    <member type="way" ref="643468171" role=""/>
    <member type="way" ref="11388107" role=""/>
    <member type="way" ref="1182798914" role=""/>
    <member type="way" ref="103187400" role=""/>
    <member type="way" ref="67285963" role=""/>
    <member type="way" ref="67285956" role=""/>
    <member type="way" ref="11387809" role=""/>
    <member type="way" ref="95344831" role=""/>
    <member type="way" ref="39889614" role=""/>
    <member type="way" ref="11416015" role=""/>
    <member type="way" ref="11391052" role=""/>
    <member type="way" ref="95344832" role=""/>
    <member type="way" ref="138006380" role=""/>
    <member type="way" ref="11390139" role=""/>
    <member type="way" ref="1344480415" role=""/>
    <member type="way" ref="67285260" role=""/>
    <member type="way" ref="1182798913" role=""/>
    <member type="way" ref="1182798912" role=""/>
    <member type="way" ref="1182798910" role=""/>
    <member type="way" ref="11384437" role=""/>
    <member type="way" ref="11414498" role=""/>
    <member type="way" ref="11393594" role=""/>
    <member type="way" ref="754303817" role=""/>
    <member type="way" ref="1049746705" role=""/>
    <member type="way" ref="39723197" role=""/>
    <member type="way" ref="1134845146" role=""/>
    <member type="way" ref="643437535" role=""/>
    <member type="way" ref="11407863" role=""/>
    <member type="way" ref="95344829" role=""/>
    <member type="way" ref="95344827" role=""/>
    <member type="way" ref="276275860" role=""/>
    <member type="way" ref="101821682" role=""/>
    <member type="way" ref="1068583074" role=""/>
    <member type="way" ref="11385714" role=""/>
    <member type="way" ref="957356189" role=""/>
    <member type="way" ref="39889769" role=""/>
    <member type="way" ref="11387065" role=""/>
    <member type="way" ref="643434515" role=""/>
    <member type="way" ref="180339280" role=""/>
    <member type="way" ref="761875847" role=""/>
    <member type="way" ref="1223207943" role=""/>
    <member type="way" ref="95344826" role=""/>
    <member type="way" ref="39864673" role=""/>
    <member type="way" ref="11407864" role=""/>
    <member type="way" ref="1222719131" role=""/>
    <member type="way" ref="107737655" role=""/>
    <member type="way" ref="643434513" role=""/>
    <member type="way" ref="643439332" role=""/>
    <tag k="from" v="Portland Transportation Center"/>
    <tag k="name" v="Metro Breez"/>
    <tag k="operator" v="Greater Portland Metro Bus"/>
    <tag k="ref" v="BRZ"/>
    <tag k="route" v="bus"/>
    <tag k="to" v="Brunswick Train Station I/B"/>
    <tag k="type" v="route"/>
  </relation>
  <relation id="12671004">
    <member type="way" ref="30766490" role=""/>
    <member type="way" ref="643894139" role=""/>
    <member type="way" ref="11405028" role=""/>
    <member type="way" ref="460920080" role=""/>
    <member type="way" ref="461497668" role=""/>
    <member type="way" ref="1223602189" role=""/>
    <member type="way" ref="815870331" role=""/>
    <member type="way" ref="1222664562" role=""/>
    <member type="way" ref="730684766" role=""/>
    <member type="way" ref="553103438" role=""/>
    <member type="way" ref="511333559" role=""/>
    <member type="way" ref="461497698" role=""/>
    <member type="way" ref="461495920" role=""/>
    <member type="way" ref="11408179" role=""/>
    <member type="way" ref="730422617" role=""/>
    <member type="way" ref="511333566" role=""/>
    <member type="way" ref="730422616" role=""/>
    <member type="way" ref="176587158" role=""/>
    <member type="way" ref="30766488" role=""/>
    <member type="way" ref="1223602185" role=""/>
    <member type="way" ref="1223602190" role=""/>
    <member type="way" ref="1223602186" role=""/>
    <member type="way" ref="182594766" role=""/>
    <member type="way" ref="1223602191" role=""/>
    <member type="way" ref="700356987" role=""/>
    <member type="way" ref="11419801" role=""/>
    <member type="way" ref="11418931" role=""/>
    <member type="way" ref="822062773" role=""/>
    <member type="way" ref="822062774" role=""/>
    <member type="way" ref="822062775" role=""/>
    <member type="way" ref="822062777" role=""/>
    <member type="way" ref="175093349" role=""/>
    <member type="way" ref="11412672" role=""/>
    <member type="way" ref="11412674" role=""/>
    <member type="way" ref="175093386" role=""/>
    <member type="way" ref="11387421" role=""/>
    <member type="way" ref="180340450" role=""/>
    <member type="way" ref="822062776" role=""/>
    <member type="way" ref="821692165" role=""/>
    <member type="way" ref="175093385" role=""/>
    <member type="way" ref="175093384" role=""/>
    <member type="way" ref="11412676" role=""/>
    <member type="way" ref="821684428" role=""/>
    <member type="way" ref="821684427" role=""/>
    <member type="way" ref="175093383" role=""/>
    <member type="way" ref="821684429" role=""/>
    <member type="way" ref="821684430" role=""/>
    <member type="way" ref="821684431" role=""/>
    <member type="way" ref="821684432" role=""/>
    <member type="way" ref="821684434" role=""/>
    <member type="way" ref="60322540" role=""/>
    <member type="way" ref="821684433" role=""/>
    <member type="way" ref="60322542" role=""/>
    <member type="way" ref="60322541" role=""/>
    <member type="way" ref="821684436" role=""/>
    <member type="way" ref="11408829" role=""/>
    <member type="way" ref="118714418" role=""/>
    <member type="way" ref="122209005" role=""/>
    <member type="way" ref="122209025" role=""/>
    <member type="way" ref="743445180" role=""/>
    <member type="way" ref="939137216" role=""/>
    <member type="way" ref="462312757" role=""/>
    <member type="way" ref="743445181" role=""/>
    <member type="way" ref="743596462" role=""/>
    <member type="way" ref="462312758" role=""/>
    <member type="way" ref="651614301" role=""/>
    <member type="way" ref="743597831" role=""/>
    <member type="way" ref="743598917" role=""/>
    <member type="way" ref="743598916" role=""/>
    <member type="way" ref="743598913" role=""/>
    <member type="way" ref="700385813" role=""/>
    <member type="way" ref="651640919" role=""/>
    <member type="way" ref="743742766" role=""/>
    <member type="way" ref="743742762" role=""/>
    <member type="way" ref="743742760" role=""/>
    <member type="way" ref="122209018" role=""/>
    <member type="way" ref="743742761" role=""/>
    <member type="way" ref="743742759" role=""/>
    <member type="way" ref="743742749" role=""/>
    <member type="way" ref="122209014" role=""/>
    <member type="way" ref="743742750" role=""/>
    <member type="way" ref="743742751" role=""/>
    <member type="way" ref="743742763" role=""/>
    <member type="way" ref="643894141" role=""/>
    <member type="way" ref="463210806" role=""/>
    <member type="way" ref="743598915" role=""/>
    <member type="way" ref="643894145" role=""/>
    <member type="way" ref="700385812" role=""/>
    <member type="way" ref="743596464" role=""/>
    <member type="way" ref="743596469" role=""/>
    <member type="way" ref="743596466" role=""/>
    <member type="way" ref="171300055" role=""/>
    <member type="way" ref="743445176" role=""/>
    <member type="way" ref="743445177" role=""/>
    <member type="way" ref="743445178" role=""/>
    <member type="way" ref="462315049" role=""/>
    <member type="way" ref="462315053" role=""/>
    <member type="way" ref="821683500" role=""/>
    <member type="way" ref="122209004" role=""/>
    <member type="way" ref="118714336" role=""/>
    <member type="way" ref="11405390" role=""/>
    <member type="way" ref="11419429" role=""/>
    <member type="way" ref="744797263" role=""/>
    <member type="way" ref="744797261" role=""/>
    <member type="way" ref="746142736" role=""/>
    <member type="way" ref="746143353" role=""/>
    <member type="way" ref="746143352" role=""/>
    <member type="way" ref="746628603" role=""/>
    <member type="way" ref="746628936" role=""/>
    <member type="way" ref="746820071" role=""/>
    <member type="way" ref="746820070" role=""/>
    <member type="way" ref="746820069" role=""/>
    <member type="way" ref="744797260" role=""/>
    <member type="way" ref="746820393" role=""/>
    <member type="way" ref="746820392" role=""/>
    <member type="way" ref="11415988" role=""/>
    <member type="way" ref="1309032396" role=""/>
    <member type="way" ref="904113708" role=""/>
    <member type="way" ref="51715121" role=""/>
    <member type="way" ref="872031690" role=""/>
    <member type="way" ref="872031689" role=""/>
    <member type="way" ref="1072064925" role=""/>
    <member type="way" ref="643894149" role=""/>
    <member type="way" ref="11411696" role=""/>
    <member type="way" ref="995664189" role=""/>
    <member type="way" ref="643894154" role=""/>
    <member type="way" ref="995664177" role=""/>
    <member type="way" ref="643894155" role=""/>
    <member type="way" ref="995664179" role=""/>
    <member type="way" ref="995664182" role=""/>
    <member type="way" ref="11386302" role=""/>
    <member type="way" ref="643894152" role=""/>
    <member type="way" ref="995664191" role=""/>
    <member type="way" ref="743742757" role=""/>
    <member type="way" ref="371639478" role=""/>
    <member type="way" ref="743742754" role=""/>
    <member type="way" ref="11410925" role=""/>
    <member type="way" ref="643894147" role=""/>
    <member type="way" ref="11404305" role=""/>
    <member type="way" ref="651614300" role=""/>
    <member type="way" ref="651640920" role=""/>
    <member type="way" ref="30766453" role=""/>
    <member type="way" ref="822062770" role=""/>
    <member type="way" ref="822062771" role=""/>
    <member type="way" ref="822062772" role=""/>
    <member type="way" ref="945152554" role=""/>
    <member type="way" ref="945152563" role=""/>
    <member type="way" ref="945152562" role=""/>
    <tag k="from" v="Pulse"/>
    <tag k="name" v="Husky Line"/>
    <tag k="operator" v="Greater Portland Metro Bus"/>
    <tag k="ref" v="HSK"/>
    <tag k="route" v="bus"/>
    <tag k="to" v="Usm Campus Gorham"/>
    <tag k="type" v="route"/>
  </relation>
  <relation id="12671151">
    <member type="way" ref="50090244" role=""/>
    <member type="way" ref="131818386" role=""/>
    <member type="way" ref="50090242" role=""/>
    <member type="way" ref="50090243" role=""/>
    <member type="way" ref="630595810" role=""/>
    <member type="way" ref="30767304" role=""/>
    <member type="way" ref="50090240" role=""/>
    <member type="way" ref="1020622022" role=""/>
    <member type="way" ref="730422616" role=""/>
    <member type="way" ref="511333566" role=""/>
    <member type="way" ref="730422617" role=""/>
    <member type="way" ref="730422618" role=""/>
    <member type="way" ref="730422619" role=""/>
    <member type="way" ref="461497696" role=""/>
    <member type="way" ref="570070583" role=""/>
    <member type="way" ref="461497671" role=""/>
    <member type="way" ref="11415243" role=""/>
    <member type="way" ref="32705279" role=""/>
    <member type="way" ref="11409205" role=""/>
    <member type="way" ref="50090245" role=""/>
    <member type="way" ref="461497708" role=""/>
    <member type="way" ref="939384528" role=""/>
    <member type="way" ref="1125237009" role=""/>
    <member type="way" ref="511333565" role=""/>
    <member type="way" ref="50090246" role=""/>
    <member type="way" ref="1227220237" role=""/>
    <member type="way" ref="841784855" role=""/>
    <member type="way" ref="32707109" role=""/>
    <member type="way" ref="32707106" role=""/>
    <member type="way" ref="11410195" role=""/>
    <member type="way" ref="183668187" role=""/>
    <member type="way" ref="928473725" role=""/>
    <member type="way" ref="800948804" role=""/>
    <member type="way" ref="11411059" role=""/>
    <member type="way" ref="11411066" role=""/>
    <member type="way" ref="11411058" role=""/>
    <member type="way" ref="326473530" role=""/>
    <member type="way" ref="11409578" role=""/>
    <member type="way" ref="1315069690" role=""/>
    <member type="way" ref="50090239" role=""/>
    <member type="way" ref="1046109571" role=""/>
    <member type="way" ref="1046109570" role=""/>
    <member type="way" ref="281887065" role=""/>
    <member type="way" ref="50090238" role=""/>
    <member type="way" ref="1046109569" role=""/>
    <member type="way" ref="11400232" role=""/>
    <member type="way" ref="939384535" role=""/>
    <member type="way" ref="939384536" role=""/>
    <member type="way" ref="11391784" role=""/>
    <member type="way" ref="11405026" role=""/>
    <member type="way" ref="11413083" role=""/>
    <member type="way" ref="11406430" role=""/>
    <member type="way" ref="939384541" role=""/>
    <member type="way" ref="1303589314" role=""/>
    <member type="way" ref="939384540" role=""/>
    <member type="way" ref="1227225497" role=""/>
    <member type="way" ref="11420246" role=""/>
    <member type="way" ref="939384534" role=""/>
    <member type="way" ref="11406902" role=""/>
    <member type="way" ref="11405017" role=""/>
    <member type="way" ref="11392012" role=""/>
    <member type="way" ref="1314976743" role=""/>
    <member type="way" ref="466622378" role=""/>
    <member type="way" ref="939384531" role=""/>
    <member type="way" ref="281887059" role=""/>
    <member type="way" ref="939426820" role=""/>
    <member type="way" ref="11402348" role=""/>
    <member type="way" ref="939411908" role=""/>
    <member type="way" ref="939384530" role=""/>
    <tag k="from" v="Congress St + Forest Ave"/>
    <tag k="name" v="Willard Square"/>
    <tag k="operator" v="Greater Portland Metro Bus"/>
    <tag k="ref" v="21"/>
    <tag k="route" v="bus"/>
    <tag k="to" v="Fort Rd + Smcc"/>
    <tag k="type" v="route"/>
  </relation>
  <relation id="12671387">
    <member type="way" ref="1020622022" role=""/>
    <member type="way" ref="730422616" role=""/>
    <member type="way" ref="511333566" role=""/>
    <member type="way" ref="730422617" role=""/>
    <member type="way" ref="730422618" role=""/>
    <member type="way" ref="730422619" role=""/>
    <member type="way" ref="461497696" role=""/>
    <member type="way" ref="570070583" role=""/>
    <member type="way" ref="461497671" role=""/>
    <member type="way" ref="11415243" role=""/>
    <member type="way" ref="32705279" role=""/>
    <member type="way" ref="11409205" role=""/>
    <member type="way" ref="50090245" role=""/>
    <member type="way" ref="461497708" role=""/>
    <member type="way" ref="939384528" role=""/>
    <member type="way" ref="1125237009" role=""/>
    <member type="way" ref="511333565" role=""/>
    <member type="way" ref="50090246" role=""/>
    <member type="way" ref="1227220237" role=""/>
    <member type="way" ref="50090244" role=""/>
    <member type="way" ref="50090240" role=""/>
    <member type="way" ref="30767304" role=""/>
    <member type="way" ref="841784855" role=""/>
    <member type="way" ref="32707109" role=""/>
    <member type="way" ref="32707100" role=""/>
    <member type="way" ref="939384531" role=""/>
    <member type="way" ref="939384530" role=""/>
    <member type="way" ref="11411066" role=""/>
    <member type="way" ref="11411058" role=""/>
    <member type="way" ref="326473530" role=""/>
    <member type="way" ref="50090233" role=""/>
    <member type="way" ref="50090236" role=""/>
    <member type="way" ref="11401031" role=""/>
    <member type="way" ref="11403715" role=""/>
    <member type="way" ref="11391986" role=""/>
    <member type="way" ref="50090234" role=""/>
    <member type="way" ref="281887051" role=""/>
    <member type="way" ref="281887061" role=""/>
    <member type="way" ref="939411880" role=""/>
    <member type="way" ref="1314976743" role=""/>
    <member type="way" ref="466622378" role=""/>
    <member type="way" ref="50090237" role=""/>
    <member type="way" ref="11391995" role=""/>
    <member type="way" ref="1300155380" role=""/>
    <member type="way" ref="50090231" role=""/>
    <member type="way" ref="50090232" role=""/>
    <member type="way" ref="939426818" role=""/>
    <member type="way" ref="939426816" role=""/>
    <member type="way" ref="11392007" role=""/>
    <member type="way" ref="50090235" role=""/>
    <member type="way" ref="32706796" role=""/>
    <member type="way" ref="11391982" role=""/>
    <member type="way" ref="939411883" role=""/>
    <member type="way" ref="182594740" role=""/>
    <member type="way" ref="177360221" role=""/>
    <member type="way" ref="32730834" role=""/>
    <member type="way" ref="177410337" role=""/>
    <member type="way" ref="32730840" role=""/>
    <member type="way" ref="700399728" role=""/>
    <member type="way" ref="842838036" role=""/>
    <member type="way" ref="121865121" role=""/>
    <member type="way" ref="842838034" role=""/>
    <member type="way" ref="121865113" role=""/>
    <member type="way" ref="250436506" role=""/>
    <member type="way" ref="430594320" role=""/>
    <member type="way" ref="430594319" role=""/>
    <member type="way" ref="250436505" role=""/>
    <member type="way" ref="121865119" role=""/>
    <member type="way" ref="430594318" role=""/>
    <member type="way" ref="430594490" role=""/>
    <member type="way" ref="177706377" role=""/>
    <member type="way" ref="32788046" role=""/>
    <member type="way" ref="1227225498" role=""/>
    <member type="way" ref="732589113" role=""/>
    <member type="way" ref="732793355" role=""/>
    <member type="way" ref="732793356" role=""/>
    <member type="way" ref="177706380" role=""/>
    <member type="way" ref="922381333" role=""/>
    <member type="way" ref="177706381" role=""/>
    <member type="way" ref="939411906" role=""/>
    <member type="way" ref="177706379" role=""/>
    <member type="way" ref="131818386" role=""/>
    <member type="way" ref="50090242" role=""/>
    <member type="way" ref="50090243" role=""/>
    <member type="way" ref="630595810" role=""/>
    <member type="way" ref="11392875" role=""/>
    <member type="way" ref="11387700" role=""/>
    <member type="way" ref="939411888" role=""/>
    <member type="way" ref="11399081" role=""/>
    <member type="way" ref="1150312978" role=""/>
    <member type="way" ref="50093223" role=""/>
    <member type="way" ref="11399063" role=""/>
    <member type="way" ref="11385475" role=""/>
    <member type="way" ref="939411889" role=""/>
    <member type="way" ref="939411887" role=""/>
    <member type="way" ref="939411884" role=""/>
    <member type="way" ref="11387608" role=""/>
    <member type="way" ref="939411885" role=""/>
    <member type="way" ref="939411886" role=""/>
    <member type="way" ref="11394285" role=""/>
    <member type="way" ref="922381332" role=""/>
    <member type="way" ref="651622402" role=""/>
    <member type="way" ref="11395051" role=""/>
    <member type="way" ref="11409303" role=""/>
    <member type="way" ref="50093225" role=""/>
    <member type="way" ref="939411890" role=""/>
    <member type="way" ref="1273889851" role=""/>
    <member type="way" ref="939411891" role=""/>
    <member type="way" ref="460739475" role=""/>
    <member type="way" ref="11394289" role=""/>
    <member type="way" ref="939411893" role=""/>
    <member type="way" ref="11416512" role=""/>
    <member type="way" ref="31176971" role=""/>
    <member type="way" ref="939411897" role=""/>
    <member type="way" ref="31176841" role=""/>
    <member type="way" ref="651622393" role=""/>
    <member type="way" ref="31176774" role=""/>
    <member type="way" ref="31176764" role=""/>
    <member type="way" ref="922381330" role=""/>
    <member type="way" ref="651614308" role=""/>
    <member type="way" ref="651622395" role=""/>
    <member type="way" ref="45845049" role=""/>
    <member type="way" ref="940164735" role=""/>
    <member type="way" ref="459560059" role=""/>
    <member type="way" ref="651622398" role=""/>
    <member type="way" ref="459560063" role=""/>
    <member type="way" ref="651622400" role=""/>
    <member type="way" ref="459557516" role=""/>
    <member type="way" ref="651641333" role=""/>
    <member type="way" ref="822580986" role=""/>
    <member type="way" ref="60356114" role=""/>
    <member type="way" ref="60356111" role=""/>
    <member type="way" ref="922381328" role=""/>
    <member type="way" ref="11418998" role=""/>
    <member type="way" ref="746038467" role=""/>
    <member type="way" ref="746038468" role=""/>
    <member type="way" ref="737051855" role=""/>
    <member type="way" ref="737051854" role=""/>
    <member type="way" ref="178182118" role=""/>
    <member type="way" ref="734800127" role=""/>
    <member type="way" ref="734800128" role=""/>
    <member type="way" ref="734800131" role=""/>
    <member type="way" ref="734799017" role=""/>
    <member type="way" ref="734435468" role=""/>
    <member type="way" ref="734435470" role=""/>
    <member type="way" ref="734435471" role=""/>
    <member type="way" ref="734435474" role=""/>
    <member type="way" ref="734140064" role=""/>
    <member type="way" ref="734435475" role=""/>
    <member type="way" ref="655289081" role=""/>
    <member type="way" ref="735726645" role=""/>
    <member type="way" ref="735726644" role=""/>
    <member type="way" ref="736387942" role=""/>
    <member type="way" ref="736513792" role=""/>
    <member type="way" ref="178166972" role=""/>
    <member type="way" ref="178182117" role=""/>
    <member type="way" ref="939411899" role=""/>
    <member type="way" ref="746038466" role=""/>
    <member type="way" ref="939411898" role=""/>
    <member type="way" ref="11414851" role=""/>
    <member type="way" ref="62123846" role=""/>
    <member type="way" ref="62123847" role=""/>
    <member type="way" ref="1070385293" role=""/>
    <member type="way" ref="651614303" role=""/>
    <member type="way" ref="939411903" role=""/>
    <member type="way" ref="11414847" role=""/>
    <member type="way" ref="893851707" role=""/>
    <member type="way" ref="11402035" role=""/>
    <member type="way" ref="739067132" role=""/>
    <member type="way" ref="651614306" role=""/>
    <member type="way" ref="60851520" role=""/>
    <member type="way" ref="60851525" role=""/>
    <member type="way" ref="939411892" role=""/>
    <member type="way" ref="732793352" role=""/>
    <member type="way" ref="755812062" role=""/>
    <member type="way" ref="755812060" role=""/>
    <member type="way" ref="177704444" role=""/>
    <member type="way" ref="842838035" role=""/>
    <member type="way" ref="842838037" role=""/>
    <member type="way" ref="939411908" role=""/>
    <member type="way" ref="842842117" role=""/>
    <member type="way" ref="842842118" role=""/>
    <tag k="from" v="Congress St + Forest Ave"/>
    <tag k="name" v="Maine Mall via Main Street"/>
    <tag k="operator" v="Greater Portland Metro Bus"/>
    <tag k="ref" v="24A"/>
    <tag k="route" v="bus"/>
    <tag k="to" v="295 Gannett Dr"/>
    <tag k="type" v="route"/>
  </relation>
  <relation id="12671476">
    <member type="way" ref="730422616" role=""/>
    <member type="way" ref="511333566" role=""/>
    <member type="way" ref="730422617" role=""/>
    <member type="way" ref="730422618" role=""/>
    <member type="way" ref="730422619" role=""/>
    <member type="way" ref="461497696" role=""/>
    <member type="way" ref="570070583" role=""/>
    <member type="way" ref="461497671" role=""/>
    <member type="way" ref="11415243" role=""/>
    <member type="way" ref="32705279" role=""/>
    <member type="way" ref="11409205" role=""/>
    <member type="way" ref="50090245" role=""/>
    <member type="way" ref="461497708" role=""/>
    <member type="way" ref="939384528" role=""/>
    <member type="way" ref="1125237009" role=""/>
    <member type="way" ref="511333565" role=""/>
    <member type="way" ref="1020622022" role=""/>
    <member type="way" ref="50090246" role=""/>
    <member type="way" ref="1227220237" role=""/>
    <member type="way" ref="50090244" role=""/>
    <member type="way" ref="50090240" role=""/>
    <member type="way" ref="30767304" role=""/>
    <member type="way" ref="630595810" role=""/>
    <member type="way" ref="50090243" role=""/>
    <member type="way" ref="50090242" role=""/>
    <member type="way" ref="131818386" role=""/>
    <member type="way" ref="841784855" role=""/>
    <member type="way" ref="32707109" role=""/>
    <member type="way" ref="32707100" role=""/>
    <member type="way" ref="11411066" role=""/>
    <member type="way" ref="939384531" role=""/>
    <member type="way" ref="939384530" role=""/>
    <member type="way" ref="11411058" role=""/>
    <member type="way" ref="326473530" role=""/>
    <member type="way" ref="50090233" role=""/>
    <member type="way" ref="50090236" role=""/>
    <member type="way" ref="11401031" role=""/>
    <member type="way" ref="11403715" role=""/>
    <member type="way" ref="11391986" role=""/>
    <member type="way" ref="50090234" role=""/>
    <member type="way" ref="281887051" role=""/>
    <member type="way" ref="281887061" role=""/>
    <member type="way" ref="939411880" role=""/>
    <member type="way" ref="1314976743" role=""/>
    <member type="way" ref="466622378" role=""/>
    <member type="way" ref="50090237" role=""/>
    <member type="way" ref="11391995" role=""/>
    <member type="way" ref="1300155380" role=""/>
    <member type="way" ref="50090231" role=""/>
    <member type="way" ref="50090232" role=""/>
    <member type="way" ref="939426817" role=""/>
    <member type="way" ref="11415858" role=""/>
    <member type="way" ref="939426820" role=""/>
    <member type="way" ref="842842117" role=""/>
    <member type="way" ref="842842118" role=""/>
    <member type="way" ref="939411883" role=""/>
    <member type="way" ref="842838037" role=""/>
    <member type="way" ref="842838035" role=""/>
    <member type="way" ref="177704444" role=""/>
    <member type="way" ref="755812060" role=""/>
    <member type="way" ref="755812062" role=""/>
    <member type="way" ref="732793352" role=""/>
    <member type="way" ref="177706381" role=""/>
    <member type="way" ref="922381333" role=""/>
    <member type="way" ref="177706380" role=""/>
    <member type="way" ref="732793356" role=""/>
    <member type="way" ref="732793355" role=""/>
    <member type="way" ref="732589113" role=""/>
    <member type="way" ref="1227225498" role=""/>
    <member type="way" ref="939426821" role=""/>
    <member type="way" ref="939411908" role=""/>
    <member type="way" ref="11387607" role=""/>
    <member type="way" ref="11390677" role=""/>
    <member type="way" ref="50090235" role=""/>
    <member type="way" ref="11392007" role=""/>
    <member type="way" ref="32706798" role=""/>
    <member type="way" ref="755812061" role=""/>
    <member type="way" ref="11392875" role=""/>
    <member type="way" ref="11399063" role=""/>
    <member type="way" ref="11399081" role=""/>
    <member type="way" ref="1150312978" role=""/>
    <member type="way" ref="922381332" role=""/>
    <member type="way" ref="50093225" role=""/>
    <member type="way" ref="939411890" role=""/>
    <member type="way" ref="1273889851" role=""/>
    <member type="way" ref="939411891" role=""/>
    <member type="way" ref="460739475" role=""/>
    <member type="way" ref="11394289" role=""/>
    <member type="way" ref="11394285" role=""/>
    <member type="way" ref="939411893" role=""/>
    <member type="way" ref="11416512" role=""/>
    <member type="way" ref="31176971" role=""/>
    <member type="way" ref="939411897" role=""/>
    <member type="way" ref="31176841" role=""/>
    <member type="way" ref="651622393" role=""/>
    <member type="way" ref="31176774" role=""/>
    <member type="way" ref="31176764" role=""/>
    <member type="way" ref="922381330" role=""/>
    <member type="way" ref="651614308" role=""/>
    <member type="way" ref="651622395" role=""/>
    <member type="way" ref="45845049" role=""/>
    <member type="way" ref="940164735" role=""/>
    <member type="way" ref="459560059" role=""/>
    <member type="way" ref="651622398" role=""/>
    <member type="way" ref="459560063" role=""/>
    <member type="way" ref="651622400" role=""/>
    <member type="way" ref="459557516" role=""/>
    <member type="way" ref="11387700" role=""/>
    <member type="way" ref="939411888" role=""/>
    <member type="way" ref="939411887" role=""/>
    <member type="way" ref="939411884" role=""/>
    <member type="way" ref="11387608" role=""/>
    <member type="way" ref="939411885" role=""/>
    <member type="way" ref="939411886" role=""/>
    <member type="way" ref="939411889" role=""/>
    <member type="way" ref="11385475" role=""/>
    <member type="way" ref="50093223" role=""/>
    <member type="way" ref="651622402" role=""/>
    <member type="way" ref="11395051" role=""/>
    <member type="way" ref="822580986" role=""/>
    <member type="way" ref="60356114" role=""/>
    <member type="way" ref="60356111" role=""/>
    <member type="way" ref="922381328" role=""/>
    <member type="way" ref="11418998" role=""/>
    <member type="way" ref="746038467" role=""/>
    <member type="way" ref="746038468" role=""/>
    <member type="way" ref="737051855" role=""/>
    <member type="way" ref="737051854" role=""/>
    <member type="way" ref="178182118" role=""/>
    <member type="way" ref="734800127" role=""/>
    <member type="way" ref="734800128" role=""/>
    <member type="way" ref="734800131" role=""/>
    <member type="way" ref="734799017" role=""/>
    <member type="way" ref="734435468" role=""/>
    <member type="way" ref="734435470" role=""/>
    <member type="way" ref="734435471" role=""/>
    <member type="way" ref="734435474" role=""/>
    <member type="way" ref="734140064" role=""/>
    <member type="way" ref="734435475" role=""/>
    <member type="way" ref="655289081" role=""/>
    <member type="way" ref="735726645" role=""/>
    <member type="way" ref="735726644" role=""/>
    <member type="way" ref="736387942" role=""/>
    <member type="way" ref="736513792" role=""/>
    <member type="way" ref="178166972" role=""/>
    <member type="way" ref="178182117" role=""/>
    <member type="way" ref="939411899" role=""/>
    <member type="way" ref="746038466" role=""/>
    <member type="way" ref="939411898" role=""/>
    <member type="way" ref="11414851" role=""/>
    <member type="way" ref="62123846" role=""/>
    <member type="way" ref="62123847" role=""/>
    <member type="way" ref="1070385293" role=""/>
    <member type="way" ref="651614303" role=""/>
    <member type="way" ref="939411903" role=""/>
    <member type="way" ref="11414847" role=""/>
    <member type="way" ref="893851707" role=""/>
    <member type="way" ref="11402035" role=""/>
    <member type="way" ref="11409303" role=""/>
    <member type="way" ref="651641333" role=""/>
    <member type="way" ref="739067132" role=""/>
    <member type="way" ref="651614306" role=""/>
    <member type="way" ref="60851520" role=""/>
    <member type="way" ref="60851525" role=""/>
    <member type="way" ref="939411892" role=""/>
    <member type="way" ref="939426822" role=""/>
    <member type="way" ref="634140988" role=""/>
    <member type="way" ref="32731213" role=""/>
    <member type="way" ref="32731484" role=""/>
    <member type="way" ref="32731486" role=""/>
    <member type="way" ref="939426823" role=""/>
    <member type="way" ref="939426825" role=""/>
    <tag k="from" v="Congress St + Forest Ave"/>
    <tag k="name" v="Maine Mall via Community Center"/>
    <tag k="operator" v="Greater Portland Metro Bus"/>
    <tag k="ref" v="24B"/>
    <tag k="route" v="bus"/>
    <tag k="to" v="Gallery Blvd + Gallery Road Walmart"/>
    <tag k="type" v="route"/>
  </relation>
  <relation id="13666022">
    <member type="way" ref="30195075" role="from"/>
    <member type="node" ref="101582256" role="via"/>
    <member type="way" ref="511333565" role="to"/>
    <tag k="restriction" v="no_left_turn"/>
    <tag k="type" v="restriction"/>
  </relation>
  <relation id="15328392">
    <member type="node" ref="10562999076" role="platform"/>
    <member type="node" ref="10562999078" role="platform"/>
    <member type="node" ref="1933880235" role="platform"/>
    <member type="node" ref="10562999080" role="platform"/>
    <member type="node" ref="10562999081" role="platform"/>
    <member type="node" ref="10562999082" role="platform"/>
    <member type="node" ref="10562999084" role="platform"/>
    <member type="node" ref="10562999085" role="platform"/>
    <member type="node" ref="10562999087" role="platform"/>
    <member type="node" ref="10562999088" role="platform"/>
    <member type="node" ref="10562999090" role="platform"/>
    <member type="node" ref="10562999092" role="platform"/>
    <member type="node" ref="10562999093" role="platform"/>
    <member type="node" ref="10562999094" role="platform"/>
    <member type="way" ref="461495920" role=""/>
    <member type="way" ref="461497698" role=""/>
    <member type="way" ref="30195670" role=""/>
    <member type="way" ref="30195673" role=""/>
    <member type="way" ref="30195590" role=""/>
    <member type="way" ref="511333561" role=""/>
    <member type="way" ref="50089201" role=""/>
    <member type="way" ref="121865062" role=""/>
    <member type="way" ref="700356980" role=""/>
    <member type="way" ref="700356979" role=""/>
    <member type="way" ref="30809670" role=""/>
    <member type="way" ref="700356981" role=""/>
    <member type="way" ref="700356985" role=""/>
    <member type="way" ref="30809669" role=""/>
    <member type="way" ref="730921853" role=""/>
    <member type="way" ref="120619291" role=""/>
    <member type="way" ref="731223620" role=""/>
    <member type="way" ref="50089194" role=""/>
    <member type="way" ref="1132939573" role=""/>
    <member type="way" ref="50089255" role=""/>
    <member type="way" ref="50089251" role=""/>
    <member type="way" ref="50093277" role=""/>
    <member type="way" ref="32787912" role=""/>
    <member type="way" ref="50093244" role=""/>
    <member type="way" ref="800617953" role=""/>
    <member type="way" ref="800617952" role=""/>
    <member type="way" ref="32704605" role=""/>
    <member type="way" ref="32704606" role=""/>
    <member type="way" ref="651775319" role=""/>
    <member type="way" ref="930439549" role=""/>
    <member type="way" ref="813428214" role=""/>
    <member type="way" ref="240745368" role=""/>
    <member type="way" ref="397397061" role=""/>
    <member type="way" ref="1168316358" role=""/>
    <member type="way" ref="30767648" role=""/>
    <member type="way" ref="121865065" role=""/>
    <member type="way" ref="121865063" role=""/>
    <member type="way" ref="651614294" role=""/>
    <member type="way" ref="820422243" role=""/>
    <member type="way" ref="820422244" role=""/>
    <member type="way" ref="820422242" role=""/>
    <member type="way" ref="32567286" role=""/>
    <member type="way" ref="179554170" role=""/>
    <member type="way" ref="179554159" role=""/>
    <member type="way" ref="32567311" role=""/>
    <member type="way" ref="1132939574" role=""/>
    <member type="way" ref="1132939575" role=""/>
    <member type="way" ref="541978433" role=""/>
    <member type="way" ref="1132939576" role=""/>
    <member type="way" ref="1132939577" role=""/>
    <member type="way" ref="1132939575" role=""/>
    <member type="way" ref="963277463" role=""/>
    <member type="way" ref="11403393" role=""/>
    <member type="way" ref="32567061" role=""/>
    <member type="way" ref="52406420" role=""/>
    <member type="way" ref="11394000" role=""/>
    <member type="way" ref="51715131" role=""/>
    <member type="way" ref="11393985" role=""/>
    <member type="way" ref="52406419" role=""/>
    <member type="way" ref="1132948106" role=""/>
    <member type="way" ref="1132939580" role=""/>
    <member type="way" ref="239831232" role=""/>
    <member type="way" ref="955513482" role=""/>
    <member type="way" ref="955515185" role=""/>
    <member type="way" ref="1132939583" role=""/>
    <member type="way" ref="994980893" role=""/>
    <member type="way" ref="994980894" role=""/>
    <member type="way" ref="1132939584" role=""/>
    <member type="way" ref="1132939585" role=""/>
    <member type="way" ref="1132939585" role=""/>
    <member type="way" ref="1132948104" role=""/>
    <member type="way" ref="474257815" role=""/>
    <member type="way" ref="1132939586" role=""/>
    <member type="way" ref="330873891" role=""/>
    <member type="way" ref="330873892" role=""/>
    <member type="way" ref="1132939587" role=""/>
    <member type="way" ref="1132939587" role=""/>
    <member type="way" ref="180192324" role=""/>
    <member type="way" ref="239831231" role=""/>
    <member type="way" ref="367476661" role=""/>
    <member type="way" ref="367476662" role=""/>
    <member type="way" ref="1132939588" role=""/>
    <member type="way" ref="180192320" role=""/>
    <member type="way" ref="625802299" role=""/>
    <member type="way" ref="1132939590" role=""/>
    <member type="way" ref="11416056" role=""/>
    <member type="way" ref="1132939589" role=""/>
    <member type="way" ref="11403220" role=""/>
    <member type="way" ref="11418545" role=""/>
    <member type="way" ref="1234759277" role=""/>
    <member type="way" ref="1132948103" role=""/>
    <member type="way" ref="1064751259" role=""/>
    <member type="way" ref="1191265274" role=""/>
    <member type="way" ref="993757214" role=""/>
    <member type="way" ref="993757213" role=""/>
    <member type="way" ref="1132939592" role=""/>
    <member type="way" ref="993757211" role=""/>
    <member type="way" ref="993757212" role=""/>
    <member type="way" ref="11411192" role=""/>
    <member type="way" ref="239831231" role=""/>
    <member type="way" ref="711552929" role=""/>
    <member type="way" ref="710676517" role=""/>
    <member type="way" ref="710676520" role=""/>
    <member type="way" ref="710773638" role=""/>
    <member type="way" ref="711305868" role=""/>
    <member type="way" ref="711305869" role=""/>
    <member type="way" ref="1132939581" role=""/>
    <member type="way" ref="11385203" role=""/>
    <member type="way" ref="955513480" role=""/>
    <member type="way" ref="11385204" role=""/>
    <member type="way" ref="955513478" role=""/>
    <member type="way" ref="30768748" role=""/>
    <member type="way" ref="30768748" role=""/>
    <member type="way" ref="955513483" role=""/>
    <member type="way" ref="955515189" role=""/>
    <member type="way" ref="955515188" role=""/>
    <member type="way" ref="1132939582" role=""/>
    <member type="way" ref="955515187" role=""/>
    <member type="way" ref="1132948105" role=""/>
    <tag k="charge" v="3.00"/>
    <tag k="duration" v="1:45"/>
    <tag k="fee" v="yes"/>
    <tag k="name" v="Lakes Region Explorer"/>
    <tag k="operator" v="Regional Transportation Program"/>
    <tag k="ref" v="Northbound"/>
    <tag k="route" v="bus"/>
    <tag k="type" v="route"/>
  </relation>
  <relation id="15328393">
    <member type="node" ref="10562999094" role="platform"/>
    <member type="node" ref="10562999093" role="platform"/>
    <member type="node" ref="10562999091" role="platform"/>
    <member type="node" ref="10562999086" role="platform"/>
    <member type="node" ref="10562999095" role=""/>
    <member type="node" ref="10562999090" role=""/>
    <member type="node" ref="10562999089" role=""/>
    <member type="node" ref="10562999085" role=""/>
    <member type="node" ref="10562999084" role=""/>
    <member type="node" ref="10562999083" role=""/>
    <member type="node" ref="10562999081" role=""/>
    <member type="node" ref="10562999079" role=""/>
    <member type="node" ref="1933880235" role=""/>
    <member type="node" ref="10562999077" role=""/>
    <member type="node" ref="10562999076" role=""/>
    <member type="way" ref="1132939593" role=""/>
    <member type="way" ref="1132948097" role=""/>
    <member type="way" ref="11405063" role=""/>
    <member type="way" ref="1234750522" role=""/>
    <member type="way" ref="1132948099" role=""/>
    <member type="way" ref="443233577" role=""/>
    <member type="way" ref="443233578" role=""/>
    <member type="way" ref="1132948102" role=""/>
    <member type="way" ref="453680848" role=""/>
    <member type="way" ref="453680849" role=""/>
    <member type="way" ref="11419408" role=""/>
    <member type="way" ref="1234759277" role=""/>
    <member type="way" ref="11418545" role=""/>
    <member type="way" ref="11403220" role=""/>
    <member type="way" ref="1132939589" role=""/>
    <member type="way" ref="1132939591" role=""/>
    <member type="way" ref="1132939590" role=""/>
    <member type="way" ref="11416056" role=""/>
    <member type="way" ref="1132939591" role=""/>
    <member type="way" ref="625802299" role=""/>
    <member type="way" ref="180192320" role=""/>
    <member type="way" ref="1132939588" role=""/>
    <member type="way" ref="367476662" role=""/>
    <member type="way" ref="367476661" role=""/>
    <member type="way" ref="180192324" role=""/>
    <member type="way" ref="1132939587" role=""/>
    <member type="way" ref="1132939587" role=""/>
    <member type="way" ref="330873892" role=""/>
    <member type="way" ref="330873891" role=""/>
    <member type="way" ref="1132939586" role=""/>
    <member type="way" ref="474257815" role=""/>
    <member type="way" ref="1132948104" role=""/>
    <member type="way" ref="1132948104" role=""/>
    <member type="way" ref="474257815" role=""/>
    <member type="way" ref="1132939585" role=""/>
    <member type="way" ref="1132939585" role=""/>
    <member type="way" ref="1132939584" role=""/>
    <member type="way" ref="994980894" role=""/>
    <member type="way" ref="994980893" role=""/>
    <member type="way" ref="1132939583" role=""/>
    <member type="way" ref="955515185" role=""/>
    <member type="way" ref="955515186" role=""/>
    <member type="way" ref="955515187" role=""/>
    <member type="way" ref="1132939582" role=""/>
    <member type="way" ref="955515188" role=""/>
    <member type="way" ref="955515189" role=""/>
    <member type="way" ref="955513483" role=""/>
    <member type="way" ref="955513482" role=""/>
    <member type="way" ref="239831232" role=""/>
    <member type="way" ref="1132948105" role=""/>
    <member type="way" ref="11385203" role=""/>
    <member type="way" ref="955513480" role=""/>
    <member type="way" ref="11385204" role=""/>
    <member type="way" ref="955513478" role=""/>
    <member type="way" ref="1132948105" role=""/>
    <member type="way" ref="1132939581" role=""/>
    <member type="way" ref="711305869" role=""/>
    <member type="way" ref="711305868" role=""/>
    <member type="way" ref="710773638" role=""/>
    <member type="way" ref="710676520" role=""/>
    <member type="way" ref="710676517" role=""/>
    <member type="way" ref="711552929" role=""/>
    <member type="way" ref="1132939580" role=""/>
    <member type="way" ref="1132948106" role=""/>
    <member type="way" ref="52406419" role=""/>
    <member type="way" ref="11393999" role=""/>
    <member type="way" ref="1132948108" role=""/>
    <member type="way" ref="1132939578" role=""/>
    <member type="way" ref="1132948109" role=""/>
    <member type="way" ref="11393997" role=""/>
    <member type="way" ref="52406420" role=""/>
    <member type="way" ref="32567061" role=""/>
    <member type="way" ref="11403393" role=""/>
    <member type="way" ref="963277463" role=""/>
    <member type="way" ref="1132939575" role=""/>
    <member type="way" ref="541978433" role=""/>
    <member type="way" ref="1132939576" role=""/>
    <member type="way" ref="1132939577" role=""/>
    <member type="way" ref="1132939575" role=""/>
    <member type="way" ref="1132939574" role=""/>
    <member type="way" ref="32567311" role=""/>
    <member type="way" ref="179554159" role=""/>
    <member type="way" ref="179554170" role=""/>
    <member type="way" ref="32567286" role=""/>
    <member type="way" ref="820422242" role=""/>
    <member type="way" ref="820422244" role=""/>
    <member type="way" ref="820422243" role=""/>
    <member type="way" ref="651614294" role=""/>
    <member type="way" ref="121865063" role=""/>
    <member type="way" ref="121865065" role=""/>
    <member type="way" ref="30767648" role=""/>
    <member type="way" ref="1168316358" role=""/>
    <member type="way" ref="397397061" role=""/>
    <member type="way" ref="240745368" role=""/>
    <member type="way" ref="813428214" role=""/>
    <member type="way" ref="930439549" role=""/>
    <member type="way" ref="651775319" role=""/>
    <member type="way" ref="32704606" role=""/>
    <member type="way" ref="32704605" role=""/>
    <member type="way" ref="800617952" role=""/>
    <member type="way" ref="800617953" role=""/>
    <member type="way" ref="50093244" role=""/>
    <member type="way" ref="32787912" role=""/>
    <member type="way" ref="50093277" role=""/>
    <member type="way" ref="922482318" role=""/>
    <member type="way" ref="11417302" role=""/>
    <member type="way" ref="50089255" role=""/>
    <member type="way" ref="11417314" role=""/>
    <member type="way" ref="922482317" role=""/>
    <member type="way" ref="50089185" role=""/>
    <member type="way" ref="713430004" role=""/>
    <member type="way" ref="700356983" role=""/>
    <member type="way" ref="700356979" role=""/>
    <member type="way" ref="700356980" role=""/>
    <member type="way" ref="121865062" role=""/>
    <member type="way" ref="50089201" role=""/>
    <member type="way" ref="240745369" role=""/>
    <member type="way" ref="30809668" role=""/>
    <member type="way" ref="511333565" role=""/>
    <member type="way" ref="1020622022" role=""/>
    <member type="way" ref="730422616" role=""/>
    <member type="way" ref="511333566" role=""/>
    <member type="way" ref="730422617" role=""/>
    <member type="way" ref="11408179" role=""/>
    <tag k="name" v="Lakes Region Explorer"/>
    <tag k="operator" v="Regional Transportation Program"/>
    <tag k="ref" v="Southbound"/>
    <tag k="route" v="bus"/>
    <tag k="type" v="route"/>
  </relation>
  <relation id="18619605">
    <member type="way" ref="1354769154" role="outer"/>
    <member type="way" ref="1354769155" role="inner"/>
    <tag k="building" v="school"/>
    <tag k="name" v="Portland High School"/>
    <tag k="type" v="multipolygon"/>
  </relation>
  <relation id="18746930">
    <member type="node" ref="12614368470" role=""/>
    <member type="node" ref="6311465558" role=""/>
    <member type="node" ref="6311576536" role=""/>
    <member type="node" ref="12614368494" role=""/>
    <member type="node" ref="12614368495" role=""/>
    <member type="node" ref="340240211" role=""/>
    <member type="way" ref="10221442" role=""/>
    <member type="way" ref="131818018" role=""/>
    <member type="way" ref="676313191" role=""/>
    <member type="way" ref="676313192" role=""/>
    <member type="way" ref="673960093" role=""/>
    <member type="way" ref="10219403" role=""/>
    <member type="way" ref="10220055" role=""/>
    <member type="way" ref="120619309" role="forward"/>
    <member type="way" ref="820103959" role="forward"/>
    <member type="way" ref="820103958" role="forward"/>
    <member type="way" ref="820103960" role=""/>
    <member type="way" ref="516915247" role="forward"/>
    <member type="way" ref="673960091" role=""/>
    <member type="way" ref="944501857" role=""/>
    <member type="way" ref="10218527" role=""/>
    <member type="way" ref="10220472" role="forward"/>
    <member type="way" ref="819315842" role="forward"/>
    <member type="way" ref="819315843" role="forward"/>
    <member type="way" ref="674709285" role=""/>
    <member type="way" ref="238029968" role=""/>
    <member type="way" ref="674709288" role=""/>
    <member type="way" ref="820103963" role=""/>
    <member type="way" ref="1362473197" role=""/>
    <member type="way" ref="1362473196" role="forward"/>
    <member type="way" ref="1231994000" role="forward"/>
    <member type="way" ref="10218094" role="forward"/>
    <member type="way" ref="509518921" role=""/>
    <member type="way" ref="509518930" role=""/>
    <member type="way" ref="784809152" role=""/>
    <member type="way" ref="1362460177" role=""/>
    <member type="way" ref="784809151" role=""/>
    <member type="way" ref="509518929" role=""/>
    <member type="way" ref="673967444" role=""/>
    <member type="way" ref="10222475" role=""/>
    <member type="way" ref="944231754" role=""/>
    <member type="way" ref="10217250" role=""/>
    <member type="way" ref="673967447" role=""/>
    <member type="way" ref="673983837" role=""/>
    <member type="way" ref="51715136" role="forward"/>
    <member type="way" ref="10223447" role=""/>
    <member type="way" ref="180192326" role=""/>
    <member type="way" ref="180192325" role="forward"/>
    <member type="way" ref="10223808" role="forward"/>
    <member type="way" ref="10217800" role="forward"/>
    <member type="way" ref="59677356" role="forward"/>
    <member type="way" ref="59677357" role="forward"/>
    <member type="way" ref="10223803" role="forward"/>
    <member type="way" ref="1362460179" role="forward"/>
    <member type="way" ref="59677307" role="forward"/>
    <member type="way" ref="1362460186" role="forward"/>
    <member type="way" ref="465178113" role=""/>
    <member type="way" ref="120619340" role="forward"/>
    <member type="way" ref="10217694" role="forward"/>
    <member type="way" ref="59677354" role="forward"/>
    <member type="way" ref="59677355" role="forward"/>
    <member type="way" ref="10223805" role="forward"/>
    <member type="way" ref="180192346" role="forward"/>
    <member type="way" ref="1362460180" role=""/>
    <member type="way" ref="1362460181" role=""/>
    <member type="way" ref="1362460183" role=""/>
    <member type="way" ref="1159851384" role="forward"/>
    <member type="way" ref="1362460182" role="forward"/>
    <member type="way" ref="509518904" role="forward"/>
    <member type="way" ref="10219574" role=""/>
    <member type="way" ref="1362473195" role=""/>
    <member type="way" ref="511350575" role=""/>
    <member type="way" ref="461497701" role=""/>
    <member type="way" ref="1362460189" role=""/>
    <member type="way" ref="11409392" role=""/>
    <member type="way" ref="180340453" role=""/>
    <member type="way" ref="50088064" role=""/>
    <member type="way" ref="30195764" role="forward"/>
    <member type="way" ref="32787896" role="forward"/>
    <member type="way" ref="30782249" role="forward"/>
    <member type="way" ref="316861758" role="forward"/>
    <member type="way" ref="11385110" role=""/>
    <member type="way" ref="700356988" role=""/>
    <member type="way" ref="458180969" role=""/>
    <member type="way" ref="700356990" role=""/>
    <member type="way" ref="50088061" role="forward"/>
    <member type="way" ref="458180974" role=""/>
    <member type="way" ref="1094207755" role=""/>
    <member type="way" ref="821216514" role=""/>
    <member type="way" ref="660608295" role="forward"/>
    <member type="way" ref="182594771" role=""/>
    <member type="way" ref="458180972" role="forward"/>
    <member type="way" ref="28786063" role="forward"/>
    <member type="way" ref="458180973" role="forward"/>
    <member type="way" ref="511350574" role="forward"/>
    <member type="way" ref="32787857" role="forward"/>
    <member type="way" ref="32705115" role="forward"/>
    <member type="way" ref="176587154" role="forward"/>
    <member type="way" ref="820164308" role="forward"/>
    <member type="way" ref="11412400" role="forward"/>
    <member type="way" ref="820164307" role="forward"/>
    <member type="way" ref="161733453" role=""/>
    <member type="way" ref="820165660" role="forward"/>
    <member type="way" ref="62134099" role="forward"/>
    <member type="way" ref="827483199" role="forward"/>
    <member type="way" ref="11390325" role="forward"/>
    <member type="way" ref="984420157" role="forward"/>
    <member type="way" ref="984420158" role="forward"/>
    <member type="way" ref="984420163" role="forward"/>
    <member type="way" ref="984420164" role="forward"/>
    <member type="way" ref="43520136" role="forward"/>
    <member type="way" ref="62152580" role="forward"/>
    <member type="way" ref="62152589" role="forward"/>
    <member type="way" ref="62152579" role="forward"/>
    <member type="way" ref="62152583" role="forward"/>
    <member type="way" ref="822673884" role="forward"/>
    <member type="way" ref="822673885" role="forward"/>
    <member type="way" ref="1097375713" role="forward"/>
    <member type="way" ref="1097375712" role="forward"/>
    <member type="way" ref="62152925" role="forward"/>
    <member type="way" ref="62152922" role="forward"/>
    <member type="way" ref="10219850" role="forward"/>
    <member type="way" ref="62153053" role="forward"/>
    <member type="way" ref="62153052" role="forward"/>
    <member type="way" ref="1362472596" role="forward"/>
    <member type="way" ref="10215118" role="forward"/>
    <member type="way" ref="180342570" role="forward"/>
    <member type="way" ref="940385675" role="forward"/>
    <member type="way" ref="11415763" role="forward"/>
    <member type="way" ref="11415764" role=""/>
    <member type="way" ref="240745370" role=""/>
    <member type="way" ref="964025360" role=""/>
    <member type="way" ref="30809850" role=""/>
    <member type="way" ref="964025361" role=""/>
    <member type="way" ref="11416531" role="forward"/>
    <member type="way" ref="32565951" role="forward"/>
    <member type="way" ref="32565930" role="forward"/>
    <member type="way" ref="30158610" role=""/>
    <member type="way" ref="724419077" role="forward"/>
    <member type="way" ref="50090003" role="forward"/>
    <member type="way" ref="121865088" role="forward"/>
    <member type="way" ref="11384403" role="forward"/>
    <member type="way" ref="724420188" role="forward"/>
    <member type="way" ref="724419792" role="forward"/>
    <member type="way" ref="11409599" role="forward"/>
    <member type="way" ref="724425115" role="forward"/>
    <member type="way" ref="461497692" role="forward"/>
    <member type="way" ref="724425113" role="forward"/>
    <member type="way" ref="724425114" role="forward"/>
    <member type="way" ref="461497693" role="forward"/>
    <member type="way" ref="827471188" role="forward"/>
    <member type="way" ref="922381338" role="forward"/>
    <member type="way" ref="50090001" role=""/>
    <member type="way" ref="461497669" role="forward"/>
    <member type="way" ref="461497674" role="forward"/>
    <member type="way" ref="827471190" role="forward"/>
    <member type="way" ref="1053338495" role="forward"/>
    <member type="way" ref="1053338494" role="forward"/>
    <member type="way" ref="1273884235" role="forward"/>
    <member type="way" ref="11387742" role="forward"/>
    <member type="way" ref="121865075" role="forward"/>
    <member type="way" ref="50090004" role="forward"/>
    <member type="way" ref="32565931" role="forward"/>
    <member type="way" ref="11416524" role="forward"/>
    <member type="way" ref="826015097" role=""/>
    <member type="way" ref="826015096" role=""/>
    <member type="way" ref="826015094" role=""/>
    <member type="way" ref="826015095" role=""/>
    <member type="way" ref="826496943" role=""/>
    <member type="way" ref="826496944" role=""/>
    <member type="way" ref="826785272" role=""/>
    <member type="way" ref="30767727" role=""/>
    <member type="way" ref="826496942" role=""/>
    <member type="way" ref="902889597" role=""/>
    <member type="way" ref="820302334" role=""/>
    <member type="way" ref="30767760" role=""/>
    <member type="way" ref="43520160" role=""/>
    <member type="way" ref="820166542" role=""/>
    <member type="way" ref="179554152" role=""/>
    <member type="way" ref="179554169" role=""/>
    <member type="way" ref="161733456" role=""/>
    <member type="way" ref="820164305" role="forward"/>
    <member type="way" ref="11412405" role="forward"/>
    <member type="way" ref="11389629" role="forward"/>
    <member type="way" ref="820164310" role="forward"/>
    <member type="way" ref="62134098" role="forward"/>
    <member type="way" ref="62134095" role="forward"/>
    <member type="way" ref="820165661" role="forward"/>
    <member type="way" ref="101831381" role="forward"/>
    <member type="way" ref="11391221" role="forward"/>
    <member type="way" ref="827483196" role="forward"/>
    <member type="way" ref="984420155" role="forward"/>
    <member type="way" ref="984420156" role="forward"/>
    <member type="way" ref="984420161" role="forward"/>
    <member type="way" ref="984420162" role="forward"/>
    <member type="way" ref="62152581" role="forward"/>
    <member type="way" ref="827483197" role="forward"/>
    <member type="way" ref="827483198" role="forward"/>
    <member type="way" ref="62152582" role="forward"/>
    <member type="way" ref="62152578" role="forward"/>
    <member type="way" ref="62152584" role="forward"/>
    <member type="way" ref="822673888" role="forward"/>
    <member type="way" ref="822673886" role="forward"/>
    <member type="way" ref="62152924" role="forward"/>
    <member type="way" ref="1097375710" role="forward"/>
    <member type="way" ref="1097375711" role="forward"/>
    <member type="way" ref="62152923" role="forward"/>
    <member type="way" ref="11409087" role="forward"/>
    <member type="way" ref="62153055" role="forward"/>
    <member type="way" ref="62153054" role="forward"/>
    <member type="way" ref="89927869" role="forward"/>
    <member type="way" ref="59708382" role="forward"/>
    <member type="way" ref="59677334" role=""/>
    <member type="way" ref="1362460186" role=""/>
    <member type="way" ref="730052917" role=""/>
    <member type="way" ref="939244526" role=""/>
    <member type="way" ref="1221610598" role=""/>
    <member type="way" ref="1221610600" role=""/>
    <member type="way" ref="32705291" role=""/>
    <member type="way" ref="730052921" role=""/>
    <member type="way" ref="11420229" role=""/>
    <member type="way" ref="461497696" role=""/>
    <member type="way" ref="730422619" role=""/>
    <member type="way" ref="730422618" role=""/>
    <member type="way" ref="730422617" role=""/>
    <member type="way" ref="511333566" role=""/>
    <member type="way" ref="730422616" role=""/>
    <member type="way" ref="1020622022" role=""/>
    <member type="way" ref="511333565" role=""/>
    <member type="way" ref="1125237009" role=""/>
    <tag k="name" v="The LAP"/>
    <tag k="operator" v="State of Maine"/>
    <tag k="route" v="bus"/>
    <tag k="type" v="route"/>
  </relation>

</osm>
